[
    { "avg_assist": "5.33", "avg_ban_seq": "3.6", "avg_bekill": "1.77", "avg_kill": "1.40", "avg_pick_seq": "0.0", "ban_cnt": "14", "gpm": "544", "hero_id": "135", "hero_name": "项羽", "kda": "4.56", "pick_cnt": "57", "played": "57", "win_rate": "0.4561" },
    { "avg_assist": "3.84", "avg_ban_seq": "4.6", "avg_bekill": "1.76", "avg_kill": "3.09", "avg_pick_seq": "0.0", "ban_cnt": "12", "gpm": "631", "hero_id": "132", "hero_name": "马可波罗", "kda": "4.84", "pick_cnt": "55", "played": "55", "win_rate": "0.4182" },
    { "avg_assist": "3.76", "avg_ban_seq": "4.9", "avg_bekill": "2.76", "avg_kill": "2.24", "avg_pick_seq": "0.0", "ban_cnt": "24", "gpm": "633", "hero_id": "154", "hero_name": "花木兰", "kda": "3.32", "pick_cnt": "42", "played": "42", "win_rate": "0.5476" },
    { "avg_assist": "3.64", "avg_ban_seq": "2.1", "avg_bekill": "1.64", "avg_kill": "3.13", "avg_pick_seq": "0.0", "ban_cnt": "38", "gpm": "651", "hero_id": "502", "hero_name": "裴擒虎", "kda": "4.94", "pick_cnt": "39", "played": "39", "win_rate": "0.5897" },
    { "avg_assist": "3.58", "avg_ban_seq": "5.0", "avg_bekill": "1.84", "avg_kill": "3.26", "avg_pick_seq": "0.0", "ban_cnt": "8", "gpm": "643", "hero_id": "199", "hero_name": "公孙离", "kda": "4.70", "pick_cnt": "38", "played": "38", "win_rate": "0.5263" },
    { "avg_assist": "4.82", "avg_ban_seq": "6.3", "avg_bekill": "1.58", "avg_kill": "0.64", "avg_pick_seq": "0.0", "ban_cnt": "22", "gpm": "479", "hero_id": "171", "hero_name": "张飞", "kda": "4.15", "pick_cnt": "33", "played": "33", "win_rate": "0.4545" },
    { "avg_assist": "8.26", "avg_ban_seq": "4.6", "avg_bekill": "2.71", "avg_kill": "0.74", "avg_pick_seq": "0.0", "ban_cnt": "32", "gpm": "415", "hero_id": "189", "hero_name": "鬼谷子", "kda": "4.66", "pick_cnt": "31", "played": "31", "win_rate": "0.4839" },
    { "avg_assist": "4.42", "avg_ban_seq": "2.4", "avg_bekill": "1.32", "avg_kill": "4.03", "avg_pick_seq": "0.0", "ban_cnt": "40", "gpm": "595", "hero_id": "125", "hero_name": "元歌", "kda": "6.69", "pick_cnt": "31", "played": "31", "win_rate": "0.5806" },
    { "avg_assist": "5.11", "avg_ban_seq": "3.5", "avg_bekill": "2.68", "avg_kill": "1.75", "avg_pick_seq": "0.0", "ban_cnt": "36", "gpm": "600", "hero_id": "139", "hero_name": "老夫子", "kda": "3.83", "pick_cnt": "28", "played": "28", "win_rate": "0.5714" },
    { "avg_assist": "7.81", "avg_ban_seq": "2.5", "avg_bekill": "1.92", "avg_kill": "0.81", "avg_pick_seq": "0.0", "ban_cnt": "49", "gpm": "493", "hero_id": "191", "hero_name": "大乔", "kda": "6.32", "pick_cnt": "26", "played": "26", "win_rate": "0.6923" },
    { "avg_assist": "5.31", "avg_ban_seq": "6.6", "avg_bekill": "2.23", "avg_kill": "1.65", "avg_pick_seq": "0.0", "ban_cnt": "27", "gpm": "560", "hero_id": "120", "hero_name": "白起", "kda": "4.22", "pick_cnt": "26", "played": "26", "win_rate": "0.6538" },
    { "avg_assist": "3.08", "avg_ban_seq": "6.5", "avg_bekill": "2.76", "avg_kill": "2.64", "avg_pick_seq": "0.0", "ban_cnt": "25", "gpm": "610", "hero_id": "134", "hero_name": "达摩", "kda": "3.16", "pick_cnt": "25", "played": "25", "win_rate": "0.5200" },
    { "avg_assist": "3.40", "avg_ban_seq": "3.6", "avg_bekill": "1.88", "avg_kill": "2.20", "avg_pick_seq": "0.0", "ban_cnt": "31", "gpm": "620", "hero_id": "140", "hero_name": "关羽", "kda": "3.52", "pick_cnt": "25", "played": "25", "win_rate": "0.4400" },
    { "avg_assist": "6.73", "avg_ban_seq": "5.7", "avg_bekill": "2.05", "avg_kill": "1.00", "avg_pick_seq": "0.0", "ban_cnt": "22", "gpm": "442", "hero_id": "118", "hero_name": "孙膑", "kda": "4.93", "pick_cnt": "22", "played": "22", "win_rate": "0.5909" },
    { "avg_assist": "3.32", "avg_ban_seq": "6.2", "avg_bekill": "2.41", "avg_kill": "1.68", "avg_pick_seq": "0.0", "ban_cnt": "30", "gpm": "639", "hero_id": "144", "hero_name": "程咬金", "kda": "3.24", "pick_cnt": "22", "played": "22", "win_rate": "0.5455" },
    { "avg_assist": "5.10", "avg_ban_seq": "6.2", "avg_bekill": "3.38", "avg_kill": "1.90", "avg_pick_seq": "0.0", "ban_cnt": "11", "gpm": "413", "hero_id": "187", "hero_name": "东皇太一", "kda": "3.28", "pick_cnt": "21", "played": "21", "win_rate": "0.3333" },
    { "avg_assist": "5.94", "avg_ban_seq": "2.5", "avg_bekill": "1.31", "avg_kill": "1.88", "avg_pick_seq": "0.0", "ban_cnt": "61", "gpm": "511", "hero_id": "148", "hero_name": "姜子牙", "kda": "6.06", "pick_cnt": "16", "played": "16", "win_rate": "0.5000" },
    { "avg_assist": "5.38", "avg_ban_seq": "8.3", "avg_bekill": "1.56", "avg_kill": "1.25", "avg_pick_seq": "0.0", "ban_cnt": "0", "gpm": "535", "hero_id": "194", "hero_name": "苏烈", "kda": "4.58", "pick_cnt": "16", "played": "16", "win_rate": "0.5625" },
    { "avg_assist": "3.07", "avg_ban_seq": "7.8", "avg_bekill": "2.20", "avg_kill": "1.07", "avg_pick_seq": "0.0", "ban_cnt": "5", "gpm": "578", "hero_id": "149", "hero_name": "刘邦", "kda": "2.06", "pick_cnt": "15", "played": "15", "win_rate": "0.2667" },
    { "avg_assist": "4.50", "avg_ban_seq": "6.0", "avg_bekill": "2.07", "avg_kill": "3.21", "avg_pick_seq": "0.0", "ban_cnt": "6", "gpm": "578", "hero_id": "173", "hero_name": "李元芳", "kda": "4.50", "pick_cnt": "14", "played": "14", "win_rate": "0.3571" },
    { "avg_assist": "4.00", "avg_ban_seq": "5.7", "avg_bekill": "1.57", "avg_kill": "2.14", "avg_pick_seq": "0.0", "ban_cnt": "15", "gpm": "591", "hero_id": "176", "hero_name": "杨玉环", "kda": "4.75", "pick_cnt": "14", "played": "14", "win_rate": "0.5714" },
    { "avg_assist": "4.15", "avg_ban_seq": "7.7", "avg_bekill": "0.85", "avg_kill": "3.08", "avg_pick_seq": "0.0", "ban_cnt": "16", "gpm": "658", "hero_id": "110", "hero_name": "嬴政", "kda": "5.65", "pick_cnt": "13", "played": "13", "win_rate": "0.4615" },
    { "avg_assist": "4.17", "avg_ban_seq": "8.4", "avg_bekill": "1.83", "avg_kill": "2.25", "avg_pick_seq": "0.0", "ban_cnt": "3", "gpm": "579", "hero_id": "106", "hero_name": "小乔", "kda": "4.25", "pick_cnt": "12", "played": "12", "win_rate": "0.4167" },
    { "avg_assist": "3.75", "avg_ban_seq": "6.5", "avg_bekill": "2.00", "avg_kill": "1.33", "avg_pick_seq": "0.0", "ban_cnt": "10", "gpm": "579", "hero_id": "182", "hero_name": "干将莫邪", "kda": "3.47", "pick_cnt": "12", "played": "12", "win_rate": "0.3333" },
    { "avg_assist": "4.83", "avg_ban_seq": "7.2", "avg_bekill": "1.67", "avg_kill": "2.58", "avg_pick_seq": "0.0", "ban_cnt": "10", "gpm": "641", "hero_id": "129", "hero_name": "典韦", "kda": "5.38", "pick_cnt": "12", "played": "12", "win_rate": "0.6667" },
    { "avg_assist": "4.50", "avg_ban_seq": "8.5", "avg_bekill": "2.33", "avg_kill": "0.75", "avg_pick_seq": "0.0", "ban_cnt": "0", "gpm": "410", "hero_id": "168", "hero_name": "牛魔", "kda": "3.51", "pick_cnt": "12", "played": "12", "win_rate": "0.4167" },
    { "avg_assist": "3.08", "avg_ban_seq": "8.3", "avg_bekill": "1.83", "avg_kill": "1.25", "avg_pick_seq": "0.0", "ban_cnt": "1", "gpm": "622", "hero_id": "123", "hero_name": "吕布", "kda": "3.29", "pick_cnt": "12", "played": "12", "win_rate": "0.4167" },
    { "avg_assist": "3.50", "avg_ban_seq": "8.1", "avg_bekill": "3.33", "avg_kill": "2.17", "avg_pick_seq": "0.0", "ban_cnt": "3", "gpm": "566", "hero_id": "178", "hero_name": "杨戬", "kda": "3.20", "pick_cnt": "12", "played": "12", "win_rate": "0.3333" },
    { "avg_assist": "5.44", "avg_ban_seq": "7.5", "avg_bekill": "1.56", "avg_kill": "1.78", "avg_pick_seq": "0.0", "ban_cnt": "1", "gpm": "557", "hero_id": "179", "hero_name": "女娲", "kda": "5.25", "pick_cnt": "9", "played": "9", "win_rate": "0.6667" },
    { "avg_assist": "3.78", "avg_ban_seq": "8.5", "avg_bekill": "2.44", "avg_kill": "0.78", "avg_pick_seq": "0.0", "ban_cnt": "1", "gpm": "490", "hero_id": "126", "hero_name": "夏侯惇", "kda": "2.46", "pick_cnt": "9", "played": "9", "win_rate": "0.3333" },
    { "avg_assist": "4.22", "avg_ban_seq": "7.9", "avg_bekill": "2.33", "avg_kill": "0.56", "avg_pick_seq": "0.0", "ban_cnt": "1", "gpm": "453", "hero_id": "186", "hero_name": "太乙真人", "kda": "3.11", "pick_cnt": "9", "played": "9", "win_rate": "0.3333" },
    { "avg_assist": "6.33", "avg_ban_seq": "7.6", "avg_bekill": "1.67", "avg_kill": "2.44", "avg_pick_seq": "0.0", "ban_cnt": "9", "gpm": "559", "hero_id": "136", "hero_name": "武则天", "kda": "5.50", "pick_cnt": "9", "played": "9", "win_rate": "0.4444" },
    { "avg_assist": "8.50", "avg_ban_seq": "8.5", "avg_bekill": "2.00", "avg_kill": "1.00", "avg_pick_seq": "0.0", "ban_cnt": "3", "gpm": "500", "hero_id": "113", "hero_name": "庄周", "kda": "5.70", "pick_cnt": "8", "played": "8", "win_rate": "0.6250" },
    { "avg_assist": "4.25", "avg_ban_seq": "9.0", "avg_bekill": "2.00", "avg_kill": "3.88", "avg_pick_seq": "0.0", "ban_cnt": "0", "gpm": "609", "hero_id": "190", "hero_name": "诸葛亮", "kda": "4.82", "pick_cnt": "8", "played": "8", "win_rate": "0.6250" },
    { "avg_assist": "4.75", "avg_ban_seq": "6.8", "avg_bekill": "1.62", "avg_kill": "3.25", "avg_pick_seq": "0.0", "ban_cnt": "4", "gpm": "576", "hero_id": "196", "hero_name": "百里守约", "kda": "6.03", "pick_cnt": "8", "played": "8", "win_rate": "0.6250" },
    { "avg_assist": "6.00", "avg_ban_seq": "5.2", "avg_bekill": "2.71", "avg_kill": "3.43", "avg_pick_seq": "0.0", "ban_cnt": "15", "gpm": "616", "hero_id": "141", "hero_name": "貂蝉", "kda": "5.42", "pick_cnt": "7", "played": "7", "win_rate": "0.7143" },
    { "avg_assist": "4.00", "avg_ban_seq": "8.2", "avg_bekill": "3.50", "avg_kill": "2.75", "avg_pick_seq": "0.0", "ban_cnt": "0", "gpm": "562", "hero_id": "510", "hero_name": "孙策", "kda": "3.75", "pick_cnt": "4", "played": "4", "win_rate": "0.5000" },
    { "avg_assist": "4.33", "avg_ban_seq": "6.8", "avg_bekill": "3.33", "avg_kill": "1.67", "avg_pick_seq": "0.0", "ban_cnt": "20", "gpm": "500", "hero_id": "156", "hero_name": "张良", "kda": "1.50", "pick_cnt": "3", "played": "3", "win_rate": "0.0000" },
    { "avg_assist": "3.67", "avg_ban_seq": "6.8", "avg_bekill": "2.67", "avg_kill": "1.00", "avg_pick_seq": "0.0", "ban_cnt": "3", "gpm": "553", "hero_id": "119", "hero_name": "扁鹊", "kda": "4.00", "pick_cnt": "3", "played": "3", "win_rate": "0.3333" },
    { "avg_assist": "7.50", "avg_ban_seq": "10.0", "avg_bekill": "2.50", "avg_kill": "2.50", "avg_pick_seq": "0.0", "ban_cnt": "0", "gpm": "519", "hero_id": "108", "hero_name": "墨子", "kda": "4.25", "pick_cnt": "2", "played": "2", "win_rate": "0.0000" },
    { "avg_assist": "1.50", "avg_ban_seq": "6.8", "avg_bekill": "0.50", "avg_kill": "1.00", "avg_pick_seq": "0.0", "ban_cnt": "3", "gpm": "585", "hero_id": "504", "hero_name": "米莱狄", "kda": "2.50", "pick_cnt": "2", "played": "2", "win_rate": "0.5000" },
    { "avg_assist": "6.00", "avg_ban_seq": "10.0", "avg_bekill": "2.00", "avg_kill": "3.00", "avg_pick_seq": "0.0", "ban_cnt": "0", "gpm": "612", "hero_id": "197", "hero_name": "弈星", "kda": "7.00", "pick_cnt": "2", "played": "2", "win_rate": "0.5000" },
    { "avg_assist": "0.00", "avg_ban_seq": "8.0", "avg_bekill": "3.00", "avg_kill": "0.00", "avg_pick_seq": "0.0", "ban_cnt": "0", "gpm": "470", "hero_id": "107", "hero_name": "赵云", "kda": "0.00", "pick_cnt": "1", "played": "1", "win_rate": "0.0000" },
    { "avg_assist": "7.00", "avg_ban_seq": "8.0", "avg_bekill": "3.00", "avg_kill": "4.00", "avg_pick_seq": "0.0", "ban_cnt": "1", "gpm": "606", "hero_id": "183", "hero_name": "雅典娜", "kda": "3.67", "pick_cnt": "1", "played": "1", "win_rate": "1.0000" },
    { "avg_assist": "1.00", "avg_ban_seq": "8.0", "avg_bekill": "7.00", "avg_kill": "5.00", "avg_pick_seq": "0.0", "ban_cnt": "0", "gpm": "611", "hero_id": "503", "hero_name": "狂铁", "kda": "0.86", "pick_cnt": "1", "played": "1", "win_rate": "0.0000" },
    { "avg_assist": "7.00", "avg_ban_seq": "10.0", "avg_bekill": "0.00", "avg_kill": "4.00", "avg_pick_seq": "0.0", "ban_cnt": "0", "gpm": "734", "hero_id": "162", "hero_name": "娜可露露", "kda": "11.00", "pick_cnt": "1", "played": "1", "win_rate": "1.0000" },
    { "avg_assist": "6.00", "avg_ban_seq": "8.0", "avg_bekill": "3.00", "avg_kill": "2.00", "avg_pick_seq": "0.0", "ban_cnt": "0", "gpm": "585", "hero_id": "117", "hero_name": "钟无艳", "kda": "2.67", "pick_cnt": "1", "played": "1", "win_rate": "0.0000" },
    { "avg_assist": "9.00", "avg_ban_seq": "10.0", "avg_bekill": "3.00", "avg_kill": "4.00", "avg_pick_seq": "0.0", "ban_cnt": "0", "gpm": "576", "hero_id": "142", "hero_name": "安琪拉", "kda": "4.33", "pick_cnt": "1", "played": "1", "win_rate": "1.0000" }
]