[
    { "avg_assist": "8.35", "avg_bekill": "1.35", "avg_kill": "1.17", "gpm": "438", "kda": "7.28", "name": "QGhappy.Snow", "openid": "9C0EBC8C5FDAB2B947FE66D477F1F683", "played": "23", "rating": "5.60", "total_kill": "27", "win_rate": "0.6957", "xpm": "696" },
    { "avg_assist": "5.00", "avg_bekill": "2.00", "avg_kill": "2.65", "gpm": "616", "kda": "4.23", "name": "QGhappy.Fly", "openid": "81AEA3A32BA205D61F400FA612808490", "played": "23", "rating": "5.60", "total_kill": "61", "win_rate": "0.6957", "xpm": "727" },
    { "avg_assist": "4.52", "avg_bekill": "1.43", "avg_kill": "4.61", "gpm": "679", "kda": "6.72", "name": "QGhappy.Hurt", "openid": "B8982198AC67B048D317C07DE73F4962", "played": "23", "rating": "5.60", "total_kill": "106", "win_rate": "0.6957", "xpm": "750" },
    { "avg_assist": "6.39", "avg_bekill": "1.87", "avg_kill": "1.65", "gpm": "608", "kda": "5.24", "name": "QGhappy.Song", "openid": "72AC547EDBDD6A0E0D6FE07DBB816D59", "played": "23", "rating": "5.60", "total_kill": "38", "win_rate": "0.6957", "xpm": "730" },
    { "avg_assist": "6.74", "avg_bekill": "2.52", "avg_kill": "2.65", "gpm": "574", "kda": "5.12", "name": "QGhappy.Cat", "openid": "A25A35A18EE5DC93117789871D929E83", "played": "23", "rating": "5.60", "total_kill": "61", "win_rate": "0.6957", "xpm": "728" },
    { "avg_assist": "5.43", "avg_bekill": "1.48", "avg_kill": "1.86", "gpm": "598", "kda": "5.45", "name": "eStarPro.橘子", "openid": "0821DA9D795FCD36B7EDA6E78EAAC2B0", "played": "21", "rating": "5.60", "total_kill": "39", "win_rate": "0.6667", "xpm": "774" },
    { "avg_assist": "7.86", "avg_bekill": "1.52", "avg_kill": "1.00", "gpm": "459", "kda": "6.78", "name": "eStar.TiGer", "openid": "44519BEABF41B3C9C5BAB0AC33E3F6B7", "played": "21", "rating": "5.60", "total_kill": "21", "win_rate": "0.6667", "xpm": "727" },
    { "avg_assist": "4.29", "avg_bekill": "1.43", "avg_kill": "3.57", "gpm": "620", "kda": "5.52", "name": "eStar.星辰", "openid": "32DA367C8FB2A46F7E532BCF690AA352", "played": "21", "rating": "5.60", "total_kill": "75", "win_rate": "0.6667", "xpm": "826" },
    { "avg_assist": "5.71", "avg_bekill": "1.14", "avg_kill": "3.81", "gpm": "628", "kda": "7.73", "name": "eStarPro.伪装", "openid": "1C7EBF05DC5EA980A259A34290DE7430", "played": "21", "rating": "5.60", "total_kill": "80", "win_rate": "0.6667", "xpm": "798" },
    { "avg_assist": "4.90", "avg_bekill": "2.10", "avg_kill": "1.71", "gpm": "604", "kda": "4.42", "name": "eStarPro.诺言", "openid": "CFD5FB9589587760CD3C44425C336E21", "played": "21", "rating": "5.60", "total_kill": "36", "win_rate": "0.6667", "xpm": "765" },
    { "avg_assist": "4.29", "avg_bekill": "1.53", "avg_kill": "2.00", "gpm": "673", "kda": "4.51", "name": "BA黑凤梨.一诺", "openid": "924F7C93F262FC99443B7C27E9A3D6AA", "played": "17", "rating": "5.60", "total_kill": "34", "win_rate": "0.6471", "xpm": "774" },
    { "avg_assist": "4.00", "avg_bekill": "1.47", "avg_kill": "3.71", "gpm": "657", "kda": "6.28", "name": "BA黑凤梨.小兽", "openid": "F3E08E1AC058EC52B27CFD04D7FD24A1", "played": "17", "rating": "5.60", "total_kill": "63", "win_rate": "0.6471", "xpm": "806" },
    { "avg_assist": "6.88", "avg_bekill": "1.59", "avg_kill": "0.59", "gpm": "472", "kda": "5.72", "name": "BA黑凤梨.770", "openid": "646CAD1B629DD3DE2569986E43CA132E", "played": "17", "rating": "5.60", "total_kill": "10", "win_rate": "0.6471", "xpm": "729" },
    { "avg_assist": "5.71", "avg_bekill": "1.53", "avg_kill": "1.24", "gpm": "554", "kda": "5.33", "name": "BA黑凤梨.六点六", "openid": "38A1A5401569451A53BCA340154E5B3B", "played": "17", "rating": "5.60", "total_kill": "21", "win_rate": "0.6471", "xpm": "752" },
    { "avg_assist": "4.08", "avg_bekill": "1.08", "avg_kill": "2.77", "gpm": "562", "kda": "6.23", "name": "BA黑凤梨.小剑", "openid": "AE1143A24050713B348441573E740EC8", "played": "13", "rating": "5.60", "total_kill": "36", "win_rate": "0.5385", "xpm": "706" },
    { "avg_assist": "4.75", "avg_bekill": "1.83", "avg_kill": "2.00", "gpm": "592", "kda": "5.03", "name": "KZ.JY", "openid": "AA60587C5DD214D999AB2FDA7AEAF923", "played": "12", "rating": "5.60", "total_kill": "24", "win_rate": "0.6667", "xpm": "890" },
    { "avg_assist": "5.00", "avg_bekill": "2.42", "avg_kill": "1.50", "gpm": "572", "kda": "3.34", "name": "RNGM.凉晨", "openid": "5BD6D8E9DEB9362CC60A568244A18625", "played": "12", "rating": "5.60", "total_kill": "18", "win_rate": "0.4167", "xpm": "760" },
    { "avg_assist": "4.33", "avg_bekill": "2.17", "avg_kill": "1.58", "gpm": "640", "kda": "4.19", "name": "KZ.Horror", "openid": "5A72F860F03B7B8C7B78D2BC76D99D47", "played": "12", "rating": "5.60", "total_kill": "19", "win_rate": "0.6667", "xpm": "885" },
    { "avg_assist": "4.67", "avg_bekill": "1.08", "avg_kill": "3.42", "gpm": "664", "kda": "7.33", "name": "KZ.Sweet", "openid": "E8FC931D70DA1033BA5BA2ACA1BA2798", "played": "12", "rating": "5.60", "total_kill": "41", "win_rate": "0.6667", "xpm": "938" },
    { "avg_assist": "4.42", "avg_bekill": "3.42", "avg_kill": "2.42", "gpm": "569", "kda": "3.17", "name": "RNGM.Zero", "openid": "558B8536033B16FEC1FF02F3E02FC1D1", "played": "12", "rating": "5.60", "total_kill": "29", "win_rate": "0.4167", "xpm": "769" },
    { "avg_assist": "3.42", "avg_bekill": "2.33", "avg_kill": "4.42", "gpm": "662", "kda": "4.59", "name": "RNGM.虔诚", "openid": "F1BCCA006C3701F765FD5D8AE9DC349F", "played": "12", "rating": "5.60", "total_kill": "53", "win_rate": "0.4167", "xpm": "808" },
    { "avg_assist": "5.00", "avg_bekill": "1.33", "avg_kill": "3.00", "gpm": "623", "kda": "6.07", "name": "KZ.Core", "openid": "0CF8FF32F624D8087A31B331D8241288", "played": "12", "rating": "5.60", "total_kill": "36", "win_rate": "0.6667", "xpm": "895" },
    { "avg_assist": "6.67", "avg_bekill": "2.42", "avg_kill": "0.67", "gpm": "403", "kda": "4.34", "name": "KZ.YK", "openid": "B95243035DBBE1AD9CD3417597199D3B", "played": "12", "rating": "5.60", "total_kill": "8", "win_rate": "0.6667", "xpm": "794" },
    { "avg_assist": "7.08", "avg_bekill": "2.67", "avg_kill": "0.67", "gpm": "436", "kda": "3.37", "name": "RNGM.伊恩", "openid": "1ADE7C65DFA7373C8DEC4B7477E636A1", "played": "12", "rating": "5.60", "total_kill": "8", "win_rate": "0.4167", "xpm": "721" },
    { "avg_assist": "5.08", "avg_bekill": "1.75", "avg_kill": "2.42", "gpm": "602", "kda": "4.41", "name": "RNGM.暴风锐", "openid": "C33F4D32C03321DF09F884E61C01394E", "played": "12", "rating": "5.60", "total_kill": "29", "win_rate": "0.4167", "xpm": "778" },
    { "avg_assist": "4.70", "avg_bekill": "1.60", "avg_kill": "2.00", "gpm": "639", "kda": "5.06", "name": "EDGM.初晨", "openid": "65907C634614595853DF76D9708F0E04", "played": "10", "rating": "5.60", "total_kill": "20", "win_rate": "0.6000", "xpm": "826" },
    { "avg_assist": "4.40", "avg_bekill": "2.10", "avg_kill": "2.00", "gpm": "610", "kda": "4.26", "name": "EDGM.阿澈", "openid": "BDA5D3D8B600DC8ACD800F77FFE41BE0", "played": "10", "rating": "5.60", "total_kill": "20", "win_rate": "0.6000", "xpm": "783" },
    { "avg_assist": "4.10", "avg_bekill": "1.90", "avg_kill": "1.90", "gpm": "602", "kda": "3.91", "name": "EDGM.无痕", "openid": "48042210647B57C4BC3D6867F1934705", "played": "10", "rating": "5.60", "total_kill": "19", "win_rate": "0.6000", "xpm": "808" },
    { "avg_assist": "5.00", "avg_bekill": "1.90", "avg_kill": "2.90", "gpm": "583", "kda": "6.39", "name": "EDGM.浪浪", "openid": "B58E5BEB1CAC18ADF1300F9877348CA4", "played": "10", "rating": "5.60", "total_kill": "29", "win_rate": "0.6000", "xpm": "797" },
    { "avg_assist": "5.70", "avg_bekill": "2.30", "avg_kill": "1.80", "gpm": "453", "kda": "4.16", "name": "EDGM.koko", "openid": "91C65C11C1BA16F63A59C4E571394E18", "played": "10", "rating": "5.60", "total_kill": "18", "win_rate": "0.6000", "xpm": "756" },
    { "avg_assist": "1.89", "avg_bekill": "4.56", "avg_kill": "2.67", "gpm": "636", "kda": "1.06", "name": "EMC.Aolin", "openid": "0AA7F781C7D181A9072C32A3CD5B2F80", "played": "9", "rating": "5.60", "total_kill": "24", "win_rate": "0.4444", "xpm": "768" },
    { "avg_assist": "2.78", "avg_bekill": "2.22", "avg_kill": "1.44", "gpm": "522", "kda": "3.03", "name": "EMC.ROY", "openid": "DD560E31A169A990E06324ACD5BDCEE3", "played": "9", "rating": "5.60", "total_kill": "13", "win_rate": "0.4444", "xpm": "719" },
    { "avg_assist": "3.78", "avg_bekill": "1.89", "avg_kill": "2.44", "gpm": "613", "kda": "5.14", "name": "Go.Do", "openid": "1B68BD882E343D6008DB116555016A4B", "played": "9", "rating": "5.60", "total_kill": "22", "win_rate": "0.4444", "xpm": "877" },
    { "avg_assist": "4.44", "avg_bekill": "1.56", "avg_kill": "2.00", "gpm": "558", "kda": "4.57", "name": "Go.Noth", "openid": "D3520640D35F38D1AE5A108795CE0FA3", "played": "9", "rating": "5.60", "total_kill": "18", "win_rate": "0.4444", "xpm": "838" },
    { "avg_assist": "5.22", "avg_bekill": "2.67", "avg_kill": "1.11", "gpm": "420", "kda": "3.69", "name": "EMC.LuiS", "openid": "BE7D85D56717EB986621A2DC1C023D92", "played": "9", "rating": "5.60", "total_kill": "10", "win_rate": "0.4444", "xpm": "678" },
    { "avg_assist": "4.67", "avg_bekill": "1.67", "avg_kill": "2.22", "gpm": "540", "kda": "4.50", "name": "EMC.CHU", "openid": "8D594C38125641BF2C455BB7C7A437E7", "played": "9", "rating": "5.60", "total_kill": "20", "win_rate": "0.4444", "xpm": "745" },
    { "avg_assist": "3.78", "avg_bekill": "2.00", "avg_kill": "2.22", "gpm": "583", "kda": "2.94", "name": "EMC.Lan9", "openid": "F832459C90A7D25A78122DEBC2033FF5", "played": "9", "rating": "5.60", "total_kill": "20", "win_rate": "0.4444", "xpm": "790" },
    { "avg_assist": "3.33", "avg_bekill": "1.33", "avg_kill": "2.56", "gpm": "598", "kda": "4.97", "name": "Go.Chan", "openid": "AD799D1A2B454CC3074FBC92B351EA91", "played": "9", "rating": "5.60", "total_kill": "23", "win_rate": "0.4444", "xpm": "847" },
    { "avg_assist": "6.67", "avg_bekill": "2.11", "avg_kill": "0.56", "gpm": "399", "kda": "4.74", "name": "Go.Rabbit", "openid": "E0746F0AD5864E7244A527BECB5343A6", "played": "9", "rating": "5.60", "total_kill": "5", "win_rate": "0.4444", "xpm": "774" },
    { "avg_assist": "4.25", "avg_bekill": "2.25", "avg_kill": "2.25", "gpm": "606", "kda": "3.66", "name": "Go.D", "openid": "CDC44FD5B99951C2ACFF9D369FAB0D97", "played": "8", "rating": "5.60", "total_kill": "18", "win_rate": "0.5000", "xpm": "865" },
    { "avg_assist": "3.14", "avg_bekill": "1.71", "avg_kill": "2.57", "gpm": "617", "kda": "3.01", "name": "XQ丶清风", "openid": "12ED93A3618081BF263DFB9643CD4825", "played": "7", "rating": "5.60", "total_kill": "18", "win_rate": "0.4286", "xpm": "764" },
    { "avg_assist": "4.14", "avg_bekill": "2.00", "avg_kill": "0.86", "gpm": "565", "kda": "3.11", "name": "XQ丶Knight", "openid": "F1879E53B94BDF4D6FBD03A70DA53E53", "played": "7", "rating": "5.60", "total_kill": "6", "win_rate": "0.4286", "xpm": "715" },
    { "avg_assist": "3.14", "avg_bekill": "2.71", "avg_kill": "2.29", "gpm": "579", "kda": "1.92", "name": "Hero.兮兮", "openid": "68346659D82EE54099EA1A1FAD4F6B9A", "played": "7", "rating": "5.60", "total_kill": "16", "win_rate": "0.4286", "xpm": "740" },
    { "avg_assist": "3.00", "avg_bekill": "1.86", "avg_kill": "2.29", "gpm": "598", "kda": "3.19", "name": "Hero.柠栀", "openid": "A7AAD11E26643813D72EFEBD3B0EBD28", "played": "7", "rating": "5.60", "total_kill": "16", "win_rate": "0.4286", "xpm": "741" },
    { "avg_assist": "4.86", "avg_bekill": "2.14", "avg_kill": "1.14", "gpm": "456", "kda": "3.02", "name": "XQ丶随风", "openid": "01EA6EBFA6DA9AC7B8F43892C670038A", "played": "7", "rating": "5.60", "total_kill": "8", "win_rate": "0.4286", "xpm": "674" },
    { "avg_assist": "3.29", "avg_bekill": "3.71", "avg_kill": "1.43", "gpm": "595", "kda": "1.79", "name": "XQ丶7Kill", "openid": "7FE605FBDCC926A0693240C7F397E6EA", "played": "7", "rating": "5.60", "total_kill": "10", "win_rate": "0.4286", "xpm": "724" },
    { "avg_assist": "4.29", "avg_bekill": "2.00", "avg_kill": "2.71", "gpm": "629", "kda": "5.55", "name": "Hero.久诚", "openid": "919D5E5E2A9039A5E7393859C9B4E012", "played": "7", "rating": "5.60", "total_kill": "19", "win_rate": "0.4286", "xpm": "754" },
    { "avg_assist": "4.14", "avg_bekill": "1.86", "avg_kill": "2.71", "gpm": "563", "kda": "4.86", "name": "XQ丶情浪", "openid": "377C1E9811441F58A97515258E041572", "played": "7", "rating": "5.60", "total_kill": "19", "win_rate": "0.4286", "xpm": "705" },
    { "avg_assist": "6.14", "avg_bekill": "3.57", "avg_kill": "0.86", "gpm": "406", "kda": "2.88", "name": "Hero.最初", "openid": "75A0E028EC2BF9D41710669411CD19F8", "played": "7", "rating": "5.60", "total_kill": "6", "win_rate": "0.4286", "xpm": "697" },
    { "avg_assist": "5.14", "avg_bekill": "2.29", "avg_kill": "1.71", "gpm": "592", "kda": "4.57", "name": "Hero.尘夏", "openid": "DBB1AA4588256E9DF8DEA01D8286A0CE", "played": "7", "rating": "5.60", "total_kill": "12", "win_rate": "0.4286", "xpm": "761" },
    { "avg_assist": "2.80", "avg_bekill": "4.00", "avg_kill": "0.80", "gpm": "516", "kda": "1.02", "name": "YTK.RG", "openid": "7F9B61EAB5804A7A8EB45183200A285E", "played": "5", "rating": "5.60", "total_kill": "4", "win_rate": "0.2000", "xpm": "791" },
    { "avg_assist": "6.40", "avg_bekill": "3.60", "avg_kill": "1.20", "gpm": "409", "kda": "2.92", "name": "ahq.Rain", "openid": "21496F30E2D84D2551B1B75748567FDF", "played": "5", "rating": "5.60", "total_kill": "6", "win_rate": "0.2000", "xpm": "625" },
    { "avg_assist": "4.40", "avg_bekill": "2.60", "avg_kill": "1.20", "gpm": "554", "kda": "2.93", "name": "ahq.Blade", "openid": "DB1D5CA7D44094086C86791804D76678", "played": "5", "rating": "5.60", "total_kill": "6", "win_rate": "0.2000", "xpm": "684" },
    { "avg_assist": "3.00", "avg_bekill": "3.60", "avg_kill": "1.20", "gpm": "513", "kda": "1.35", "name": "Jc丶怼怼", "openid": "09059D196CF06A3C755C2E0393E899B6", "played": "5", "rating": "5.60", "total_kill": "6", "win_rate": "0.2000", "xpm": "758" },
    { "avg_assist": "2.80", "avg_bekill": "2.20", "avg_kill": "0.80", "gpm": "539", "kda": "1.95", "name": "Jc丶青浪", "openid": "6EF57E102F9A23CC825DDC1ED5D55F3B", "played": "5", "rating": "5.60", "total_kill": "4", "win_rate": "0.2000", "xpm": "794" },
    { "avg_assist": "2.00", "avg_bekill": "2.00", "avg_kill": "2.20", "gpm": "489", "kda": "2.04", "name": "YTK.HIM", "openid": "35FF465DAE69783E3C9CC1B466C535D0", "played": "5", "rating": "5.60", "total_kill": "11", "win_rate": "0.2000", "xpm": "747" },
    { "avg_assist": "1.80", "avg_bekill": "2.60", "avg_kill": "1.20", "gpm": "586", "kda": "1.04", "name": "YTK.KC", "openid": "A71DD0F7E0AA5DFFAA7E763A95577B29", "played": "5", "rating": "5.60", "total_kill": "6", "win_rate": "0.2000", "xpm": "834" },
    { "avg_assist": "5.80", "avg_bekill": "2.40", "avg_kill": "3.40", "gpm": "553", "kda": "4.10", "name": "ahq.UXen", "openid": "5FEAADF0516C5F41EB3E86D613941AD7", "played": "5", "rating": "5.60", "total_kill": "17", "win_rate": "0.2000", "xpm": "677" },
    { "avg_assist": "2.80", "avg_bekill": "2.60", "avg_kill": "2.80", "gpm": "618", "kda": "1.83", "name": "Jc丶纵情", "openid": "253E4A1FC4BABC9E6563A23D93070F4C", "played": "5", "rating": "5.60", "total_kill": "14", "win_rate": "0.2000", "xpm": "854" },
    { "avg_assist": "2.40", "avg_bekill": "3.60", "avg_kill": "0.40", "gpm": "527", "kda": "2.02", "name": "YTK.WY", "openid": "2E7A80158C4AAADDF934F44B4C5FA09E", "played": "5", "rating": "5.60", "total_kill": "2", "win_rate": "0.2000", "xpm": "797" },
    { "avg_assist": "4.00", "avg_bekill": "2.60", "avg_kill": "2.60", "gpm": "605", "kda": "3.09", "name": "ahq.DS", "openid": "41E81E6ADD028526B44CD573F7D4F5CA", "played": "5", "rating": "5.60", "total_kill": "13", "win_rate": "0.2000", "xpm": "733" },
    { "avg_assist": "2.80", "avg_bekill": "2.40", "avg_kill": "3.00", "gpm": "618", "kda": "3.25", "name": "ahq.Gus", "openid": "DB3A36373D64A11FD3C32587A6035ADB", "played": "5", "rating": "5.60", "total_kill": "15", "win_rate": "0.2000", "xpm": "682" },
    { "avg_assist": "4.40", "avg_bekill": "3.40", "avg_kill": "0.60", "gpm": "412", "kda": "1.55", "name": "Jc丶老王", "openid": "1C794E7920EBA8B92C81BC5FA9E4C864", "played": "5", "rating": "5.60", "total_kill": "3", "win_rate": "0.2000", "xpm": "746" },
    { "avg_assist": "3.00", "avg_bekill": "2.80", "avg_kill": "2.80", "gpm": "614", "kda": "2.65", "name": "Jc丶倾城", "openid": "C9370DD54FF93F6FC7FFB078FDC7CD17", "played": "5", "rating": "5.60", "total_kill": "14", "win_rate": "0.2000", "xpm": "815" },
    { "avg_assist": "4.50", "avg_bekill": "3.75", "avg_kill": "0.75", "gpm": "403", "kda": "1.51", "name": "IMT.xTears", "openid": "7449B9B8DE1E17D17C99F52C2A3421AD", "played": "4", "rating": "5.60", "total_kill": "3", "win_rate": "0.0000", "xpm": "764" },
    { "avg_assist": "3.75", "avg_bekill": "3.00", "avg_kill": "1.00", "gpm": "534", "kda": "2.95", "name": "GK.梦客", "openid": "8760EAB0DEA16584E45793BD4E4D601C", "played": "4", "rating": "5.60", "total_kill": "4", "win_rate": "0.0000", "xpm": "810" },
    { "avg_assist": "0.25", "avg_bekill": "2.25", "avg_kill": "0.00", "gpm": "455", "kda": "0.12", "name": "M8H.MM", "openid": "5BC8F55DAA2B9C3B09A97B4DA24B30E0", "played": "4", "rating": "5.60", "total_kill": "0", "win_rate": "0.0000", "xpm": "701" },
    { "avg_assist": "0.25", "avg_bekill": "4.00", "avg_kill": "0.00", "gpm": "359", "kda": "0.08", "name": "M8H.Ray", "openid": "E0A487715E8643B439047B690B7CE446", "played": "4", "rating": "5.60", "total_kill": "0", "win_rate": "0.0000", "xpm": "588" },
    { "avg_assist": "3.00", "avg_bekill": "2.00", "avg_kill": "3.25", "gpm": "645", "kda": "3.08", "name": "IMT.BoBo", "openid": "3A09F9FFEE8E4E1B2FFE785DC0011DAB", "played": "4", "rating": "5.60", "total_kill": "13", "win_rate": "0.0000", "xpm": "887" },
    { "avg_assist": "2.25", "avg_bekill": "4.50", "avg_kill": "2.25", "gpm": "525", "kda": "1.00", "name": "IMT.NEO", "openid": "CBF5C7ED9F4411D4225946CB3BD6E2B7", "played": "4", "rating": "5.60", "total_kill": "9", "win_rate": "0.0000", "xpm": "804" },
    { "avg_assist": "3.00", "avg_bekill": "2.00", "avg_kill": "2.00", "gpm": "562", "kda": "2.46", "name": "GK.青枫", "openid": "5E31B5644BB92B93CAE202FDBF8CCD5B", "played": "4", "rating": "5.60", "total_kill": "8", "win_rate": "0.0000", "xpm": "835" },
    { "avg_assist": "3.25", "avg_bekill": "3.50", "avg_kill": "0.25", "gpm": "403", "kda": "0.96", "name": "GK.胖墩", "openid": "D524EC63CD87275ED44EFB2C898E0360", "played": "4", "rating": "5.60", "total_kill": "1", "win_rate": "0.0000", "xpm": "712" },
    { "avg_assist": "0.00", "avg_bekill": "2.50", "avg_kill": "0.25", "gpm": "448", "kda": "0.08", "name": "M8H.LZY", "openid": "105C8172AE4972538AD4C2B52E6F9662", "played": "4", "rating": "5.60", "total_kill": "1", "win_rate": "0.0000", "xpm": "735" },
    { "avg_assist": "0.25", "avg_bekill": "1.50", "avg_kill": "0.00", "gpm": "485", "kda": "0.12", "name": "M8H.Miracle", "openid": "653BE02D3E98A9FED626472D09570D23", "played": "4", "rating": "5.60", "total_kill": "0", "win_rate": "0.0000", "xpm": "715" },
    { "avg_assist": "4.50", "avg_bekill": "1.25", "avg_kill": "0.75", "gpm": "453", "kda": "3.62", "name": "IMT.kzfox", "openid": "18CE1D39AE068812AA7D938F7280A426", "played": "4", "rating": "5.60", "total_kill": "3", "win_rate": "0.0000", "xpm": "794" },
    { "avg_assist": "5.25", "avg_bekill": "0.00", "avg_kill": "4.00", "gpm": "702", "kda": "9.25", "name": "BA黑凤梨.居居", "openid": "9EF5FFA1B24C530E143325B3058D16C1", "played": "4", "rating": "5.60", "total_kill": "16", "win_rate": "1.0000", "xpm": "1111" },
    { "avg_assist": "2.25", "avg_bekill": "1.50", "avg_kill": "0.50", "gpm": "528", "kda": "1.62", "name": "IMT.Dave", "openid": "C9CDE887F2D5110C9705E43A77C41BA7", "played": "4", "rating": "5.60", "total_kill": "2", "win_rate": "0.0000", "xpm": "841" },
    { "avg_assist": "1.75", "avg_bekill": "3.00", "avg_kill": "2.50", "gpm": "579", "kda": "1.88", "name": "GK.迷神", "openid": "5023AD9F6841811669BD74413DDD8A60", "played": "4", "rating": "5.60", "total_kill": "10", "win_rate": "0.0000", "xpm": "835" },
    { "avg_assist": "3.00", "avg_bekill": "2.00", "avg_kill": "1.50", "gpm": "583", "kda": "2.38", "name": "GK.黄大仙", "openid": "AAF56DF8B57DDF439561DE5FA824035C", "played": "4", "rating": "5.60", "total_kill": "6", "win_rate": "0.0000", "xpm": "933" },
    { "avg_assist": "0.25", "avg_bekill": "3.00", "avg_kill": "0.00", "gpm": "498", "kda": "0.12", "name": "M8H.XP", "openid": "623C3D4B2D59E1010FD129D766B3E22B", "played": "4", "rating": "5.60", "total_kill": "0", "win_rate": "0.0000", "xpm": "753" },
    { "avg_assist": "4.75", "avg_bekill": "2.25", "avg_kill": "1.00", "gpm": "521", "kda": "2.54", "name": "YTK.BEE", "openid": "196BD9C38743EAA0B8F9288C15C27F29", "played": "4", "rating": "5.60", "total_kill": "4", "win_rate": "0.2500", "xpm": "780" },
    { "avg_assist": "2.00", "avg_bekill": "1.00", "avg_kill": "2.00", "gpm": "604", "kda": "4.00", "name": "Go.PoPo", "openid": "0BBE4931A8E635223D1C303A8559F668", "played": "1", "rating": "5.60", "total_kill": "2", "win_rate": "0.0000", "xpm": "882" },
    { "avg_assist": "1.00", "avg_bekill": "6.00", "avg_kill": "2.00", "gpm": "384", "kda": "0.50", "name": "YTK.KIK", "openid": "83A072CA53A5208E8656338D677B8F05", "played": "1", "rating": "5.60", "total_kill": "2", "win_rate": "0.0000", "xpm": "756" }
]