[
    { "ban_heros": "148|502|173|118", "camp": "2", "game_label": "118360", "game_time": "2018-08-01 15:35:44", "is_win": "0", "kill_cnt": "11", "pick_heros": "139|135|132|189|182", "team_id": "55", "team_name": "Go" },
    { "ban_heros": "140|120|504|171", "camp": "1", "game_label": "118360", "game_time": "2018-08-01 15:35:44", "is_win": "1", "kill_cnt": "14", "pick_heros": "176|178|144|183|191", "team_id": "59", "team_name": "YTK" },
    { "ban_heros": "191|139|118|171", "camp": "1", "game_label": "118360", "game_time": "2018-08-01 16:13:58", "is_win": "1", "kill_cnt": "11", "pick_heros": "502|135|189|144|106", "team_id": "55", "team_name": "Go" },
    { "ban_heros": "148|120|504|156", "camp": "2", "game_label": "118360", "game_time": "2018-08-01 16:13:58", "is_win": "0", "kill_cnt": "1", "pick_heros": "140|176|199|149|186", "team_id": "59", "team_name": "YTK" },
    { "ban_heros": "191|139|173|154", "camp": "2", "game_label": "118360", "game_time": "2018-08-01 16:40:39", "is_win": "1", "kill_cnt": "9", "pick_heros": "140|502|504|194|149", "team_id": "55", "team_name": "Go" },
    { "ban_heros": "120|148|189|144", "camp": "1", "game_label": "118360", "game_time": "2018-08-01 16:40:39", "is_win": "0", "kill_cnt": "1", "pick_heros": "176|135|187|107|178", "team_id": "59", "team_name": "YTK" },
    { "ban_heros": "191|139|173|183", "camp": "1", "game_label": "118360", "game_time": "2018-08-01 17:16:37", "is_win": "1", "kill_cnt": "24", "pick_heros": "502|189|135|136|178", "team_id": "55", "team_name": "Go" },
    { "ban_heros": "120|144|149|134", "camp": "2", "game_label": "118360", "game_time": "2018-08-01 17:16:37", "is_win": "0", "kill_cnt": "9", "pick_heros": "140|148|187|510|132", "team_id": "59", "team_name": "YTK" },
    { "ban_heros": "191|139|136|156", "camp": "2", "game_label": "118360", "game_time": "2018-08-01 17:50:52", "is_win": "1", "kill_cnt": "21", "pick_heros": "135|189|173|134|106", "team_id": "55", "team_name": "Go" },
    { "ban_heros": "140|148|144|182", "camp": "1", "game_label": "118360", "game_time": "2018-08-01 17:50:52", "is_win": "0", "kill_cnt": "4", "pick_heros": "502|120|118|154|190", "team_id": "59", "team_name": "YTK" },
    { "ban_heros": "141|502|118|134", "camp": "2", "game_label": "118361", "game_time": "2018-08-01 18:45:21", "is_win": "0", "kill_cnt": "9", "pick_heros": "189|132|135|144|182", "team_id": "25", "team_name": "QGhappy" },
    { "ban_heros": "125|191|140|139", "camp": "1", "game_label": "118361", "game_time": "2018-08-01 18:45:21", "is_win": "1", "kill_cnt": "13", "pick_heros": "148|199|154|120|171", "team_id": "28", "team_name": "JC" },
    { "ban_heros": "141|154|120|171", "camp": "1", "game_label": "118361", "game_time": "2018-08-01 19:19:10", "is_win": "1", "kill_cnt": "25", "pick_heros": "502|189|140|182|135", "team_id": "25", "team_name": "QGhappy" },
    { "ban_heros": "125|191|156|106", "camp": "2", "game_label": "118361", "game_time": "2018-08-01 19:19:10", "is_win": "0", "kill_cnt": "18", "pick_heros": "148|139|132|134|168", "team_id": "28", "team_name": "JC" },
    { "ban_heros": "141|154|156|134", "camp": "2", "game_label": "118361", "game_time": "2018-08-01 19:52:51", "is_win": "1", "kill_cnt": "20", "pick_heros": "140|148|132|171|144", "team_id": "25", "team_name": "QGhappy" },
    { "ban_heros": "125|191|139|120", "camp": "1", "game_label": "118361", "game_time": "2018-08-01 19:52:51", "is_win": "0", "kill_cnt": "6", "pick_heros": "502|189|135|182|510", "team_id": "28", "team_name": "JC" },
    { "ban_heros": "125|191|144|139", "camp": "2", "game_label": "118361", "game_time": "2018-08-01 20:26:40", "is_win": "0", "kill_cnt": "0", "pick_heros": "154|140|156|186|132", "team_id": "28", "team_name": "JC" },
    { "ban_heros": "141|148|189|187", "camp": "1", "game_label": "118361", "game_time": "2018-08-01 20:26:41", "is_win": "1", "kill_cnt": "6", "pick_heros": "502|118|171|179|134", "team_id": "25", "team_name": "QGhappy" },
    { "ban_heros": "141|502|189|156", "camp": "2", "game_label": "118361", "game_time": "2018-08-01 20:51:02", "is_win": "1", "kill_cnt": "13", "pick_heros": "139|191|199|194|110", "team_id": "25", "team_name": "QGhappy" },
    { "ban_heros": "125|148|144|140", "camp": "1", "game_label": "118361", "game_time": "2018-08-01 20:51:02", "is_win": "0", "kill_cnt": "4", "pick_heros": "154|171|132|135|106", "team_id": "28", "team_name": "JC" },
    { "ban_heros": "148|125|140|154", "camp": "2", "game_label": "118362", "game_time": "2018-08-03 15:20:00", "is_win": "1", "kill_cnt": "16", "pick_heros": "139|135|132|120|136", "team_id": "53", "team_name": "KZ" },
    { "ban_heros": "189|176|182|156", "camp": "1", "game_label": "118362", "game_time": "2018-08-03 15:20:00", "is_win": "0", "kill_cnt": "6", "pick_heros": "502|191|187|178|171", "team_id": "56", "team_name": "IMT" },
    { "ban_heros": "125|140|134|189", "camp": "1", "game_label": "118362", "game_time": "2018-08-03 15:54:05", "is_win": "1", "kill_cnt": "5", "pick_heros": "502|191|135|123|110", "team_id": "53", "team_name": "KZ" },
    { "ban_heros": "176|139|156|136", "camp": "2", "game_label": "118362", "game_time": "2018-08-03 15:54:05", "is_win": "0", "kill_cnt": "1", "pick_heros": "154|148|132|149|171", "team_id": "56", "team_name": "IMT" },
    { "ban_heros": "125|140|154|144", "camp": "2", "game_label": "118362", "game_time": "2018-08-03 16:22:19", "is_win": "1", "kill_cnt": "16", "pick_heros": "189|502|139|120|106", "team_id": "53", "team_name": "KZ" },
    { "ban_heros": "191|176|156|136", "camp": "1", "game_label": "118362", "game_time": "2018-08-03 16:22:19", "is_win": "0", "kill_cnt": "11", "pick_heros": "148|132|135|134|187", "team_id": "56", "team_name": "IMT" },
    { "ban_heros": "191|176|136|156", "camp": "2", "game_label": "118362", "game_time": "2018-08-03 16:57:31", "is_win": "0", "kill_cnt": "12", "pick_heros": "148|154|173|126|187", "team_id": "56", "team_name": "IMT" },
    { "ban_heros": "140|125|171|134", "camp": "1", "game_label": "118362", "game_time": "2018-08-03 16:57:32", "is_win": "1", "kill_cnt": "15", "pick_heros": "502|189|135|106|123", "team_id": "53", "team_name": "KZ" },
    { "ban_heros": "502|148|118|120", "camp": "2", "game_label": "118363", "game_time": "2018-08-03 18:30:20", "is_win": "1", "kill_cnt": "11", "pick_heros": "139|191|199|126|113", "team_id": "26", "team_name": "EDG.M" },
    { "ban_heros": "140|135|171|178", "camp": "1", "game_label": "118363", "game_time": "2018-08-03 18:30:20", "is_win": "0", "kill_cnt": "5", "pick_heros": "125|132|154|168|134", "team_id": "27", "team_name": "GK" },
    { "ban_heros": "502|148|113|118", "camp": "2", "game_label": "118363", "game_time": "2018-08-03 19:02:14", "is_win": "0", "kill_cnt": "14", "pick_heros": "140|171|134|199|108", "team_id": "27", "team_name": "GK" },
    { "ban_heros": "139|135|196|119", "camp": "1", "game_label": "118363", "game_time": "2018-08-03 19:02:15", "is_win": "1", "kill_cnt": "12", "pick_heros": "125|132|154|178|189", "team_id": "26", "team_name": "EDG.M" },
    { "ban_heros": "140|148|119|144", "camp": "2", "game_label": "118363", "game_time": "2018-08-03 19:39:27", "is_win": "1", "kill_cnt": "19", "pick_heros": "135|125|187|129|196", "team_id": "26", "team_name": "EDG.M" },
    { "ban_heros": "139|502|134|178", "camp": "1", "game_label": "118363", "game_time": "2018-08-03 19:39:27", "is_win": "0", "kill_cnt": "7", "pick_heros": "154|132|171|182|126", "team_id": "27", "team_name": "GK" },
    { "ban_heros": "148|189|132|173", "camp": "2", "game_label": "118364", "game_time": "2018-08-04 15:17:08", "is_win": "0", "kill_cnt": "16", "pick_heros": "502|154|120|171|110", "team_id": "54", "team_name": "ahq" },
    { "ban_heros": "191|182|136|156", "camp": "1", "game_label": "118364", "game_time": "2018-08-04 15:17:08", "is_win": "1", "kill_cnt": "19", "pick_heros": "125|134|135|199|126", "team_id": "57", "team_name": "EMC" },
    { "ban_heros": "191|189|144|156", "camp": "1", "game_label": "118364", "game_time": "2018-08-04 16:00:01", "is_win": "0", "kill_cnt": "7", "pick_heros": "135|173|187|136|123", "team_id": "54", "team_name": "ahq" },
    { "ban_heros": "125|148|134|139", "camp": "2", "game_label": "118364", "game_time": "2018-08-04 16:00:01", "is_win": "1", "kill_cnt": "8", "pick_heros": "502|154|171|182|118", "team_id": "57", "team_name": "EMC" },
    { "ban_heros": "148|125|144|120", "camp": "2", "game_label": "118364", "game_time": "2018-08-04 16:27:26", "is_win": "1", "kill_cnt": "15", "pick_heros": "189|135|132|134|136", "team_id": "54", "team_name": "ahq" },
    { "ban_heros": "191|182|106|176", "camp": "1", "game_label": "118364", "game_time": "2018-08-04 16:27:26", "is_win": "0", "kill_cnt": "12", "pick_heros": "502|154|171|110|126", "team_id": "57", "team_name": "EMC" },
    { "ban_heros": "191|189|144|120", "camp": "1", "game_label": "118364", "game_time": "2018-08-04 17:12:24", "is_win": "0", "kill_cnt": "7", "pick_heros": "135|173|187|123|136", "team_id": "54", "team_name": "ahq" },
    { "ban_heros": "125|148|134|176", "camp": "2", "game_label": "118364", "game_time": "2018-08-04 17:12:24", "is_win": "1", "kill_cnt": "9", "pick_heros": "502|154|171|182|118", "team_id": "57", "team_name": "EMC" },
    { "ban_heros": "148|125|144|132", "camp": "2", "game_label": "118364", "game_time": "2018-08-04 17:34:35", "is_win": "0", "kill_cnt": "12", "pick_heros": "502|189|154|120|108", "team_id": "54", "team_name": "ahq" },
    { "ban_heros": "191|182|110|106", "camp": "1", "game_label": "118364", "game_time": "2018-08-04 17:34:35", "is_win": "1", "kill_cnt": "20", "pick_heros": "135|136|134|173|187", "team_id": "57", "team_name": "EMC" },
    { "ban_heros": "139|148|191|187", "camp": "1", "game_label": "118365", "game_time": "2018-08-04 18:25:39", "is_win": "0", "kill_cnt": "7", "pick_heros": "125|171|132|149|154", "team_id": "13", "team_name": "eStar" },
    { "ban_heros": "502|189|118|144", "camp": "2", "game_label": "118365", "game_time": "2018-08-04 18:25:39", "is_win": "1", "kill_cnt": "13", "pick_heros": "135|140|199|176|129", "team_id": "15", "team_name": "XQ" },
    { "ban_heros": "502|148|171|118", "camp": "2", "game_label": "118365", "game_time": "2018-08-04 18:52:58", "is_win": "1", "kill_cnt": "24", "pick_heros": "139|135|173|189|190", "team_id": "13", "team_name": "eStar" },
    { "ban_heros": "140|199|191|136", "camp": "1", "game_label": "118365", "game_time": "2018-08-04 18:52:58", "is_win": "0", "kill_cnt": "19", "pick_heros": "132|125|154|187|194", "team_id": "15", "team_name": "XQ" },
    { "ban_heros": "135|148|154|129", "camp": "1", "game_label": "118365", "game_time": "2018-08-04 19:38:36", "is_win": "0", "kill_cnt": "2", "pick_heros": "139|171|132|106|134", "team_id": "13", "team_name": "eStar" },
    { "ban_heros": "502|189|125|191", "camp": "2", "game_label": "118365", "game_time": "2018-08-04 19:38:36", "is_win": "1", "kill_cnt": "6", "pick_heros": "199|140|118|176|120", "team_id": "15", "team_name": "XQ" },
    { "ban_heros": "148|502|176|129", "camp": "2", "game_label": "118365", "game_time": "2018-08-04 20:16:20", "is_win": "1", "kill_cnt": "12", "pick_heros": "125|191|132|135|120", "team_id": "13", "team_name": "eStar" },
    { "ban_heros": "189|140|154|134", "camp": "1", "game_label": "118365", "game_time": "2018-08-04 20:16:20", "is_win": "0", "kill_cnt": "1", "pick_heros": "139|199|171|149|119", "team_id": "15", "team_name": "XQ" },
    { "ban_heros": "140|148|187|118", "camp": "1", "game_label": "118365", "game_time": "2018-08-04 20:42:43", "is_win": "1", "kill_cnt": "14", "pick_heros": "191|135|120|196|190", "team_id": "13", "team_name": "eStar" },
    { "ban_heros": "502|189|199|173", "camp": "2", "game_label": "118365", "game_time": "2018-08-04 20:42:43", "is_win": "0", "kill_cnt": "8", "pick_heros": "125|139|132|144|171", "team_id": "15", "team_name": "XQ" },
    { "ban_heros": "148|140|187|176", "camp": "2", "game_label": "118365", "game_time": "2018-08-04 21:23:47", "is_win": "0", "kill_cnt": "10", "pick_heros": "118|125|132|135|144", "team_id": "13", "team_name": "eStar" },
    { "ban_heros": "189|191|134|154", "camp": "1", "game_label": "118365", "game_time": "2018-08-04 21:23:47", "is_win": "1", "kill_cnt": "8", "pick_heros": "502|120|139|190|168", "team_id": "15", "team_name": "XQ" },
    { "ban_heros": "140|148|144|120", "camp": "1", "game_label": "118365", "game_time": "2018-08-04 21:48:09", "is_win": "1", "kill_cnt": "11", "pick_heros": "125|135|132|154|186", "team_id": "13", "team_name": "eStar" },
    { "ban_heros": "502|191|118|187", "camp": "2", "game_label": "118365", "game_time": "2018-08-04 21:48:09", "is_win": "0", "kill_cnt": "6", "pick_heros": "189|199|129|171|194", "team_id": "15", "team_name": "XQ" },
    { "ban_heros": "148|125|129|134", "camp": "2", "game_label": "118366", "game_time": "2018-08-06 15:21:53", "is_win": "1", "kill_cnt": "23", "pick_heros": "139|135|199|118|113", "team_id": "38", "team_name": "RNG.M" },
    { "ban_heros": "502|191|110|171", "camp": "1", "game_label": "118366", "game_time": "2018-08-06 15:21:53", "is_win": "0", "kill_cnt": "15", "pick_heros": "140|132|176|120|186", "team_id": "45", "team_name": "Hero久竞" },
    { "ban_heros": "139|148|120|110", "camp": "1", "game_label": "118366", "game_time": "2018-08-06 15:58:59", "is_win": "0", "kill_cnt": "8", "pick_heros": "135|199|154|140|106", "team_id": "38", "team_name": "RNG.M" },
    { "ban_heros": "502|125|182|118", "camp": "2", "game_label": "118366", "game_time": "2018-08-06 15:58:59", "is_win": "1", "kill_cnt": "12", "pick_heros": "191|132|129|176|134", "team_id": "45", "team_name": "Hero久竞" },
    { "ban_heros": "148|125|140|154", "camp": "2", "game_label": "118366", "game_time": "2018-08-06 16:30:05", "is_win": "0", "kill_cnt": "12", "pick_heros": "132|135|110|134|118", "team_id": "38", "team_name": "RNG.M" },
    { "ban_heros": "502|191|171|144", "camp": "1", "game_label": "118366", "game_time": "2018-08-06 16:30:05", "is_win": "1", "kill_cnt": "19", "pick_heros": "139|182|187|129|196", "team_id": "45", "team_name": "Hero久竞" },
    { "ban_heros": "148|125|182|110", "camp": "1", "game_label": "118366", "game_time": "2018-08-06 17:16:01", "is_win": "1", "kill_cnt": "12", "pick_heros": "191|199|154|120|176", "team_id": "38", "team_name": "RNG.M" },
    { "ban_heros": "502|132|171|189", "camp": "2", "game_label": "118366", "game_time": "2018-08-06 17:16:01", "is_win": "0", "kill_cnt": "6", "pick_heros": "135|139|196|118|197", "team_id": "45", "team_name": "Hero久竞" },
    { "ban_heros": "140|139|134|196", "camp": "2", "game_label": "118366", "game_time": "2018-08-06 17:43:52", "is_win": "1", "kill_cnt": "10", "pick_heros": "148|125|144|132|178", "team_id": "38", "team_name": "RNG.M" },
    { "ban_heros": "502|135|199|120", "camp": "1", "game_label": "118366", "game_time": "2018-08-06 17:43:52", "is_win": "0", "kill_cnt": "3", "pick_heros": "191|154|182|129|173", "team_id": "45", "team_name": "Hero久竞" },
    { "ban_heros": "140|139|120|187", "camp": "1", "game_label": "118366", "game_time": "2018-08-06 18:09:26", "is_win": "0", "kill_cnt": "9", "pick_heros": "148|199|171|178|149", "team_id": "38", "team_name": "RNG.M" },
    { "ban_heros": "502|191|144|154", "camp": "2", "game_label": "118366", "game_time": "2018-08-06 18:09:26", "is_win": "1", "kill_cnt": "12", "pick_heros": "125|132|134|135|189", "team_id": "45", "team_name": "Hero久竞" },
    { "ban_heros": "148|125|120|129", "camp": "2", "game_label": "118366", "game_time": "2018-08-06 18:42:01", "is_win": "1", "kill_cnt": "13", "pick_heros": "154|135|199|187|176", "team_id": "38", "team_name": "RNG.M" },
    { "ban_heros": "502|191|171|118", "camp": "1", "game_label": "118366", "game_time": "2018-08-06 18:42:01", "is_win": "0", "kill_cnt": "2", "pick_heros": "139|132|182|149|186", "team_id": "45", "team_name": "Hero久竞" },
    { "ban_heros": "148|187|154|139", "camp": "2", "game_label": "118367", "game_time": "2018-08-06 19:26:02", "is_win": "1", "kill_cnt": "12", "pick_heros": "199|125|140|171|194", "team_id": "32", "team_name": "BA黑凤梨" },
    { "ban_heros": "502|132|189|120", "camp": "1", "game_label": "118367", "game_time": "2018-08-06 19:26:02", "is_win": "0", "kill_cnt": "1", "pick_heros": "191|135|173|123|176", "team_id": "58", "team_name": "M8H" },
    { "ban_heros": "187|191|129|134", "camp": "1", "game_label": "118367", "game_time": "2018-08-06 19:45:33", "is_win": "1", "kill_cnt": "12", "pick_heros": "148|144|154|168|199", "team_id": "32", "team_name": "BA黑凤梨" },
    { "ban_heros": "125|189|132|171", "camp": "2", "game_label": "118367", "game_time": "2018-08-06 19:45:33", "is_win": "0", "kill_cnt": "0", "pick_heros": "135|502|110|139|120", "team_id": "58", "team_name": "M8H" },
    { "ban_heros": "148|191|156|182", "camp": "2", "game_label": "118367", "game_time": "2018-08-06 20:13:55", "is_win": "1", "kill_cnt": "16", "pick_heros": "135|186|199|176|140", "team_id": "32", "team_name": "BA黑凤梨" },
    { "ban_heros": "125|502|154|139", "camp": "1", "game_label": "118367", "game_time": "2018-08-06 20:13:55", "is_win": "0", "kill_cnt": "0", "pick_heros": "132|187|144|120|504", "team_id": "58", "team_name": "M8H" },
    { "ban_heros": "187|191|154|144", "camp": "1", "game_label": "118367", "game_time": "2018-08-06 20:38:57", "is_win": "1", "kill_cnt": "13", "pick_heros": "125|199|140|186|126", "team_id": "32", "team_name": "BA黑凤梨" },
    { "ban_heros": "148|502|189|120", "camp": "2", "game_label": "118367", "game_time": "2018-08-06 20:38:57", "is_win": "0", "kill_cnt": "0", "pick_heros": "135|132|171|139|136", "team_id": "58", "team_name": "M8H" },
    { "ban_heros": "148|125|134|154", "camp": "2", "game_label": "118368", "game_time": "2018-08-07 15:19:55", "is_win": "1", "kill_cnt": "15", "pick_heros": "139|502|118|123|110", "team_id": "53", "team_name": "KZ" },
    { "ban_heros": "191|176|141|136", "camp": "1", "game_label": "118368", "game_time": "2018-08-07 15:19:56", "is_win": "0", "kill_cnt": "6", "pick_heros": "135|173|189|503|106", "team_id": "57", "team_name": "EMC" },
    { "ban_heros": "154|135|171|136", "camp": "1", "game_label": "118368", "game_time": "2018-08-07 15:49:48", "is_win": "1", "kill_cnt": "15", "pick_heros": "125|132|139|113|168", "team_id": "53", "team_name": "KZ" },
    { "ban_heros": "191|148|141|149", "camp": "2", "game_label": "118368", "game_time": "2018-08-07 15:49:48", "is_win": "0", "kill_cnt": "4", "pick_heros": "502|189|134|120|182", "team_id": "57", "team_name": "EMC" },
    { "ban_heros": "148|125|132|173", "camp": "2", "game_label": "118368", "game_time": "2018-08-07 16:16:55", "is_win": "1", "kill_cnt": "9", "pick_heros": "139|502|171|106|123", "team_id": "53", "team_name": "KZ" },
    { "ban_heros": "191|176|120|110", "camp": "1", "game_label": "118368", "game_time": "2018-08-07 16:16:55", "is_win": "0", "kill_cnt": "2", "pick_heros": "135|189|134|136|199", "team_id": "57", "team_name": "EMC" },
    { "ban_heros": "135|125|118|504", "camp": "1", "game_label": "118368", "game_time": "2018-08-07 16:44:50", "is_win": "1", "kill_cnt": "22", "pick_heros": "502|139|189|176|123", "team_id": "53", "team_name": "KZ" },
    { "ban_heros": "191|148|136|110", "camp": "2", "game_label": "118368", "game_time": "2018-08-07 16:44:50", "is_win": "0", "kill_cnt": "7", "pick_heros": "154|171|173|187|156", "team_id": "57", "team_name": "EMC" },
    { "ban_heros": "139|191|156|110", "camp": "1", "game_label": "118369", "game_time": "2018-08-07 17:35:15", "is_win": "1", "kill_cnt": "13", "pick_heros": "502|118|144|141|149", "team_id": "25", "team_name": "QGhappy" },
    { "ban_heros": "148|125|140|134", "camp": "2", "game_label": "118369", "game_time": "2018-08-07 17:35:15", "is_win": "0", "kill_cnt": "8", "pick_heros": "154|135|132|189|136", "team_id": "38", "team_name": "RNG.M" },
    { "ban_heros": "148|191|176|144", "camp": "2", "game_label": "118369", "game_time": "2018-08-07 18:06:49", "is_win": "0", "kill_cnt": "20", "pick_heros": "140|135|132|189|106", "team_id": "25", "team_name": "QGhappy" },
    { "ban_heros": "139|125|110|156", "camp": "1", "game_label": "118369", "game_time": "2018-08-07 18:06:49", "is_win": "1", "kill_cnt": "14", "pick_heros": "502|118|154|149|141", "team_id": "38", "team_name": "RNG.M" },
    { "ban_heros": "139|148|144|134", "camp": "1", "game_label": "118369", "game_time": "2018-08-07 18:51:04", "is_win": "1", "kill_cnt": "24", "pick_heros": "191|132|154|194|120", "team_id": "25", "team_name": "QGhappy" },
    { "ban_heros": "140|135|141|171", "camp": "2", "game_label": "118369", "game_time": "2018-08-07 18:51:04", "is_win": "0", "kill_cnt": "17", "pick_heros": "502|125|189|178|113", "team_id": "38", "team_name": "RNG.M" },
    { "ban_heros": "118|154|110|156", "camp": "2", "game_label": "118369", "game_time": "2018-08-07 19:34:27", "is_win": "1", "kill_cnt": "12", "pick_heros": "148|502|140|141|149", "team_id": "25", "team_name": "QGhappy" },
    { "ban_heros": "139|125|144|135", "camp": "1", "game_label": "118369", "game_time": "2018-08-07 19:34:27", "is_win": "0", "kill_cnt": "5", "pick_heros": "191|132|194|178|187", "team_id": "38", "team_name": "RNG.M" },
    { "ban_heros": "139|191|189|171", "camp": "1", "game_label": "118369", "game_time": "2018-08-07 20:04:34", "is_win": "1", "kill_cnt": "13", "pick_heros": "502|118|144|179|510", "team_id": "25", "team_name": "QGhappy" },
    { "ban_heros": "148|141|140|154", "camp": "2", "game_label": "118369", "game_time": "2018-08-07 20:04:34", "is_win": "0", "kill_cnt": "6", "pick_heros": "135|125|199|134|110", "team_id": "38", "team_name": "RNG.M" },
    { "ban_heros": "189|132|148|149", "camp": "2", "game_label": "118370", "game_time": "2018-08-08 15:24:04", "is_win": "1", "kill_cnt": "8", "pick_heros": "140|135|187|173|110", "team_id": "13", "team_name": "eStar" },
    { "ban_heros": "191|125|196|199", "camp": "1", "game_label": "118370", "game_time": "2018-08-08 15:24:04", "is_win": "0", "kill_cnt": "0", "pick_heros": "502|171|154|176|118", "team_id": "55", "team_name": "Go" },
    { "ban_heros": "189|135|132|199", "camp": "1", "game_label": "118370", "game_time": "2018-08-08 15:53:23", "is_win": "1", "kill_cnt": "15", "pick_heros": "502|187|140|510|141", "team_id": "13", "team_name": "eStar" },
    { "ban_heros": "191|125|110|182", "camp": "2", "game_label": "118370", "game_time": "2018-08-08 15:53:23", "is_win": "0", "kill_cnt": "6", "pick_heros": "134|148|149|173|194", "team_id": "55", "team_name": "Go" },
    { "ban_heros": "189|191|182|156", "camp": "2", "game_label": "118370", "game_time": "2018-08-08 16:17:59", "is_win": "1", "kill_cnt": "15", "pick_heros": "148|139|132|144|171", "team_id": "13", "team_name": "eStar" },
    { "ban_heros": "125|140|134|149", "camp": "1", "game_label": "118370", "game_time": "2018-08-08 16:17:59", "is_win": "0", "kill_cnt": "1", "pick_heros": "502|187|135|190|123", "team_id": "55", "team_name": "Go" },
    { "ban_heros": "189|135|149|139", "camp": "1", "game_label": "118370", "game_time": "2018-08-08 16:42:03", "is_win": "1", "kill_cnt": "14", "pick_heros": "125|132|154|120|194", "team_id": "13", "team_name": "eStar" },
    { "ban_heros": "191|502|171|186", "camp": "2", "game_label": "118370", "game_time": "2018-08-08 16:42:03", "is_win": "0", "kill_cnt": "5", "pick_heros": "140|148|199|187|178", "team_id": "55", "team_name": "Go" },
    { "ban_heros": "191|189|119|134", "camp": "2", "game_label": "118371", "game_time": "2018-08-08 18:18:50", "is_win": "0", "kill_cnt": "10", "pick_heros": "125|135|132|118|123", "team_id": "26", "team_name": "EDG.M" },
    { "ban_heros": "140|148|129|113", "camp": "1", "game_label": "118371", "game_time": "2018-08-08 18:18:50", "is_win": "1", "kill_cnt": "12", "pick_heros": "502|171|120|144|179", "team_id": "32", "team_name": "BA黑凤梨" },
    { "ban_heros": "132|199|139|144", "camp": "1", "game_label": "118371", "game_time": "2018-08-08 18:59:45", "is_win": "0", "kill_cnt": "9", "pick_heros": "125|173|140|129|187", "team_id": "26", "team_name": "EDG.M" },
    { "ban_heros": "148|502|189|134", "camp": "2", "game_label": "118371", "game_time": "2018-08-08 18:59:45", "is_win": "1", "kill_cnt": "16", "pick_heros": "191|135|196|154|162", "team_id": "32", "team_name": "BA黑凤梨" },
    { "ban_heros": "191|502|196|144", "camp": "2", "game_label": "118371", "game_time": "2018-08-08 19:42:48", "is_win": "1", "kill_cnt": "7", "pick_heros": "125|134|132|118|154", "team_id": "26", "team_name": "EDG.M" },
    { "ban_heros": "140|148|187|189", "camp": "1", "game_label": "118371", "game_time": "2018-08-08 19:42:48", "is_win": "0", "kill_cnt": "2", "pick_heros": "135|199|171|179|139", "team_id": "32", "team_name": "BA黑凤梨" },
    { "ban_heros": "191|140|144|154", "camp": "1", "game_label": "118371", "game_time": "2018-08-08 20:15:26", "is_win": "1", "kill_cnt": "11", "pick_heros": "125|132|134|118|120", "team_id": "26", "team_name": "EDG.M" },
    { "ban_heros": "148|502|129|171", "camp": "2", "game_label": "118371", "game_time": "2018-08-08 20:15:26", "is_win": "0", "kill_cnt": "8", "pick_heros": "135|196|199|168|126", "team_id": "32", "team_name": "BA黑凤梨" },
    { "ban_heros": "191|502|118|144", "camp": "2", "game_label": "118371", "game_time": "2018-08-08 20:52:42", "is_win": "0", "kill_cnt": "4", "pick_heros": "135|132|119|154|126", "team_id": "26", "team_name": "EDG.M" },
    { "ban_heros": "140|148|171|134", "camp": "1", "game_label": "118371", "game_time": "2018-08-08 20:52:42", "is_win": "1", "kill_cnt": "18", "pick_heros": "125|199|120|113|129", "team_id": "32", "team_name": "BA黑凤梨" },
    { "ban_heros": "139|148|123|110", "camp": "1", "game_label": "118372", "game_time": "2018-08-09 15:25:17", "is_win": "1", "kill_cnt": "16", "pick_heros": "502|189|134|129|190", "team_id": "13", "team_name": "eStar" },
    { "ban_heros": "125|140|120|154", "camp": "2", "game_label": "118372", "game_time": "2018-08-09 15:25:17", "is_win": "0", "kill_cnt": "1", "pick_heros": "191|135|132|144|176", "team_id": "53", "team_name": "KZ" },
    { "ban_heros": "189|118|171|110", "camp": "2", "game_label": "118372", "game_time": "2018-08-09 15:48:38", "is_win": "1", "kill_cnt": "19", "pick_heros": "135|191|154|196|141", "team_id": "13", "team_name": "eStar" },
    { "ban_heros": "125|148|132|199", "camp": "1", "game_label": "118372", "game_time": "2018-08-09 15:48:38", "is_win": "0", "kill_cnt": "5", "pick_heros": "502|139|123|106|168", "team_id": "53", "team_name": "KZ" },
    { "ban_heros": "139|148|120|176", "camp": "1", "game_label": "118372", "game_time": "2018-08-09 16:14:56", "is_win": "1", "kill_cnt": "9", "pick_heros": "191|154|199|144|110", "team_id": "13", "team_name": "eStar" },
    { "ban_heros": "125|189|135|156", "camp": "2", "game_label": "118372", "game_time": "2018-08-09 16:14:56", "is_win": "0", "kill_cnt": "7", "pick_heros": "502|140|118|141|149", "team_id": "53", "team_name": "KZ" },
    { "ban_heros": "502|148|118|176", "camp": "2", "game_label": "118372", "game_time": "2018-08-09 16:49:41", "is_win": "1", "kill_cnt": "13", "pick_heros": "139|191|132|135|197", "team_id": "13", "team_name": "eStar" },
    { "ban_heros": "125|189|154|126", "camp": "1", "game_label": "118372", "game_time": "2018-08-09 16:49:41", "is_win": "0", "kill_cnt": "2", "pick_heros": "140|199|120|186|110", "team_id": "53", "team_name": "KZ" },
    { "ban_heros": "191|118|139|129", "camp": "1", "game_label": "118373", "game_time": "2018-08-09 18:25:37", "is_win": "0", "kill_cnt": "6", "pick_heros": "132|141|149|134|189", "team_id": "25", "team_name": "QGhappy" },
    { "ban_heros": "148|502|120|144", "camp": "2", "game_label": "118373", "game_time": "2018-08-09 18:25:37", "is_win": "1", "kill_cnt": "16", "pick_heros": "135|199|179|154|113", "team_id": "32", "team_name": "BA黑凤梨" },
    { "ban_heros": "118|135|179|120", "camp": "2", "game_label": "118373", "game_time": "2018-08-09 19:03:45", "is_win": "1", "kill_cnt": "18", "pick_heros": "125|148|132|154|171", "team_id": "25", "team_name": "QGhappy" },
    { "ban_heros": "141|502|134|140", "camp": "1", "game_label": "118373", "game_time": "2018-08-09 19:03:46", "is_win": "0", "kill_cnt": "5", "pick_heros": "191|144|199|194|196", "team_id": "32", "team_name": "BA黑凤梨" },
    { "ban_heros": "118|148|139|154", "camp": "1", "game_label": "118373", "game_time": "2018-08-09 19:47:29", "is_win": "1", "kill_cnt": "13", "pick_heros": "125|199|144|194|168", "team_id": "25", "team_name": "QGhappy" },
    { "ban_heros": "502|191|120|171", "camp": "2", "game_label": "118373", "game_time": "2018-08-09 19:47:29", "is_win": "0", "kill_cnt": "6", "pick_heros": "135|132|179|140|113", "team_id": "32", "team_name": "BA黑凤梨" },
    { "ban_heros": "191|118|139|113", "camp": "2", "game_label": "118373", "game_time": "2018-08-09 20:37:59", "is_win": "0", "kill_cnt": "0", "pick_heros": "132|144|179|135|168", "team_id": "25", "team_name": "QGhappy" },
    { "ban_heros": "502|148|171|120", "camp": "1", "game_label": "118373", "game_time": "2018-08-09 20:37:59", "is_win": "1", "kill_cnt": "10", "pick_heros": "125|199|134|194|189", "team_id": "32", "team_name": "BA黑凤梨" },
    { "ban_heros": "144|148|134|120", "camp": "1", "game_label": "118373", "game_time": "2018-08-09 21:08:23", "is_win": "1", "kill_cnt": "12", "pick_heros": "191|154|132|168|171", "team_id": "25", "team_name": "QGhappy" },
    { "ban_heros": "502|139|141|135", "camp": "2", "game_label": "118373", "game_time": "2018-08-09 21:08:23", "is_win": "0", "kill_cnt": "6", "pick_heros": "199|125|189|194|129", "team_id": "32", "team_name": "BA黑凤梨" },
    { "ban_heros": "191|502|176|110", "camp": "2", "game_label": "118373", "game_time": "2018-08-09 21:35:20", "is_win": "1", "kill_cnt": "11", "pick_heros": "154|132|189|120|190", "team_id": "25", "team_name": "QGhappy" },
    { "ban_heros": "148|125|134|141", "camp": "1", "game_label": "118373", "game_time": "2018-08-09 21:35:20", "is_win": "0", "kill_cnt": "3", "pick_heros": "118|144|199|113|182", "team_id": "32", "team_name": "BA黑凤梨" },
    { "ban_heros": "502|125|171|134", "camp": "2", "game_label": "118374", "game_time": "2018-08-11 17:59:00", "is_win": "1", "kill_cnt": "14", "pick_heros": "154|199|129|187|110", "team_id": "13", "team_name": "eStar" },
    { "ban_heros": "148|139|189|118", "camp": "1", "game_label": "118374", "game_time": "2018-08-11 17:59:00", "is_win": "0", "kill_cnt": "7", "pick_heros": "191|132|144|168|194", "team_id": "25", "team_name": "QGhappy" },
    { "ban_heros": "148|125|144|141", "camp": "1", "game_label": "118374", "game_time": "2018-08-11 18:29:54", "is_win": "0", "kill_cnt": "13", "pick_heros": "154|120|199|156|186", "team_id": "13", "team_name": "eStar" },
    { "ban_heros": "191|502|189|110", "camp": "2", "game_label": "118374", "game_time": "2018-08-11 18:29:54", "is_win": "1", "kill_cnt": "22", "pick_heros": "132|139|118|171|179", "team_id": "25", "team_name": "QGhappy" },
    { "ban_heros": "502|125|171|144", "camp": "2", "game_label": "118374", "game_time": "2018-08-11 19:23:23", "is_win": "0", "kill_cnt": "5", "pick_heros": "135|199|110|134|123", "team_id": "13", "team_name": "eStar" },
    { "ban_heros": "148|154|189|187", "camp": "1", "game_label": "118374", "game_time": "2018-08-11 19:23:23", "is_win": "1", "kill_cnt": "16", "pick_heros": "191|132|139|194|120", "team_id": "25", "team_name": "QGhappy" },
    { "ban_heros": "148|191|141|110", "camp": "1", "game_label": "118374", "game_time": "2018-08-11 20:07:59", "is_win": "0", "kill_cnt": "12", "pick_heros": "125|132|189|178|149", "team_id": "13", "team_name": "eStar" },
    { "ban_heros": "139|144|129|140", "camp": "2", "game_label": "118374", "game_time": "2018-08-11 20:07:59", "is_win": "1", "kill_cnt": "17", "pick_heros": "502|154|171|120|142", "team_id": "25", "team_name": "QGhappy" },
    { "ban_heros": "139|125|141|120", "camp": "2", "game_label": "118374", "game_time": "2018-08-11 20:43:32", "is_win": "1", "kill_cnt": "15", "pick_heros": "154|189|132|118|129", "team_id": "13", "team_name": "eStar" },
    { "ban_heros": "148|191|110|156", "camp": "1", "game_label": "118374", "game_time": "2018-08-11 20:43:32", "is_win": "0", "kill_cnt": "2", "pick_heros": "502|171|144|106|149", "team_id": "25", "team_name": "QGhappy" },
    { "ban_heros": "125|176|134|144", "camp": "1", "game_label": "118374", "game_time": "2018-08-11 21:14:05", "is_win": "0", "kill_cnt": "3", "pick_heros": "502|118|189|135|178", "team_id": "13", "team_name": "eStar" },
    { "ban_heros": "139|154|129|140", "camp": "2", "game_label": "118374", "game_time": "2018-08-11 21:14:05", "is_win": "1", "kill_cnt": "9", "pick_heros": "191|148|132|120|171", "team_id": "25", "team_name": "QGhappy" }
]