[
    { "hero1_id": "134", "hero1_name": "达摩", "hero2_id": "190", "hero2_name": "诸葛亮", "played": "75", "win_rate": "0.4933" },
    { "hero1_id": "178", "hero1_name": "杨戬", "hero2_id": "190", "hero2_name": "诸葛亮", "played": "64", "win_rate": "0.4844" },
    { "hero1_id": "128", "hero1_name": "曹操", "hero2_id": "171", "hero2_name": "张飞", "played": "61", "win_rate": "0.6066" },
    { "hero1_id": "134", "hero1_name": "达摩", "hero2_id": "178", "hero2_name": "杨戬", "played": "60", "win_rate": "0.6333" },
    { "hero1_id": "128", "hero1_name": "曹操", "hero2_id": "190", "hero2_name": "诸葛亮", "played": "60", "win_rate": "0.4333" },
    { "hero1_id": "157", "hero1_name": "不知火舞", "hero2_id": "171", "hero2_name": "张飞", "played": "58", "win_rate": "0.6379" },
    { "hero1_id": "157", "hero1_name": "不知火舞", "hero2_id": "178", "hero2_name": "杨戬", "played": "58", "win_rate": "0.4828" },
    { "hero1_id": "128", "hero1_name": "曹操", "hero2_id": "174", "hero2_name": "虞姬", "played": "56", "win_rate": "0.4464" },
    { "hero1_id": "171", "hero1_name": "张飞", "hero2_id": "178", "hero2_name": "杨戬", "played": "56", "win_rate": "0.4821" },
    { "hero1_id": "128", "hero1_name": "曹操", "hero2_id": "134", "hero2_name": "达摩", "played": "52", "win_rate": "0.3462" },
    { "hero1_id": "171", "hero1_name": "张飞", "hero2_id": "190", "hero2_name": "诸葛亮", "played": "52", "win_rate": "0.5769" },
    { "hero1_id": "132", "hero1_name": "马可波罗", "hero2_id": "178", "hero2_name": "杨戬", "played": "48", "win_rate": "0.4583" },
    { "hero1_id": "132", "hero1_name": "马可波罗", "hero2_id": "134", "hero2_name": "达摩", "played": "48", "win_rate": "0.5208" },
    { "hero1_id": "128", "hero1_name": "曹操", "hero2_id": "157", "hero2_name": "不知火舞", "played": "47", "win_rate": "0.6170" },
    { "hero1_id": "128", "hero1_name": "曹操", "hero2_id": "178", "hero2_name": "杨戬", "played": "46", "win_rate": "0.4783" },
    { "hero1_id": "134", "hero1_name": "达摩", "hero2_id": "171", "hero2_name": "张飞", "played": "45", "win_rate": "0.4222" },
    { "hero1_id": "174", "hero1_name": "虞姬", "hero2_id": "178", "hero2_name": "杨戬", "played": "45", "win_rate": "0.4000" },
    { "hero1_id": "128", "hero1_name": "曹操", "hero2_id": "168", "hero2_name": "牛魔", "played": "45", "win_rate": "0.4889" },
    { "hero1_id": "132", "hero1_name": "马可波罗", "hero2_id": "157", "hero2_name": "不知火舞", "played": "45", "win_rate": "0.5333" },
    { "hero1_id": "134", "hero1_name": "达摩", "hero2_id": "174", "hero2_name": "虞姬", "played": "44", "win_rate": "0.3636" },
    { "hero1_id": "134", "hero1_name": "达摩", "hero2_id": "157", "hero2_name": "不知火舞", "played": "41", "win_rate": "0.5854" },
    { "hero1_id": "115", "hero1_name": "高渐离", "hero2_id": "128", "hero2_name": "曹操", "played": "40", "win_rate": "0.5750" },
    { "hero1_id": "157", "hero1_name": "不知火舞", "hero2_id": "174", "hero2_name": "虞姬", "played": "39", "win_rate": "0.5385" },
    { "hero1_id": "154", "hero1_name": "花木兰", "hero2_id": "171", "hero2_name": "张飞", "played": "39", "win_rate": "0.6923" },
    { "hero1_id": "132", "hero1_name": "马可波罗", "hero2_id": "190", "hero2_name": "诸葛亮", "played": "38", "win_rate": "0.3421" },
    { "hero1_id": "187", "hero1_name": "东皇太一", "hero2_id": "190", "hero2_name": "诸葛亮", "played": "38", "win_rate": "0.5789" },
    { "hero1_id": "132", "hero1_name": "马可波罗", "hero2_id": "171", "hero2_name": "张飞", "played": "38", "win_rate": "0.5000" },
    { "hero1_id": "171", "hero1_name": "张飞", "hero2_id": "174", "hero2_name": "虞姬", "played": "38", "win_rate": "0.5789" },
    { "hero1_id": "107", "hero1_name": "赵云", "hero2_id": "157", "hero2_name": "不知火舞", "played": "38", "win_rate": "0.6579" },
    { "hero1_id": "115", "hero1_name": "高渐离", "hero2_id": "134", "hero2_name": "达摩", "played": "37", "win_rate": "0.4865" },
    { "hero1_id": "168", "hero1_name": "牛魔", "hero2_id": "178", "hero2_name": "杨戬", "played": "37", "win_rate": "0.3243" },
    { "hero1_id": "154", "hero1_name": "花木兰", "hero2_id": "157", "hero2_name": "不知火舞", "played": "36", "win_rate": "0.5833" },
    { "hero1_id": "115", "hero1_name": "高渐离", "hero2_id": "178", "hero2_name": "杨戬", "played": "36", "win_rate": "0.5000" },
    { "hero1_id": "134", "hero1_name": "达摩", "hero2_id": "154", "hero2_name": "花木兰", "played": "35", "win_rate": "0.6286" },
    { "hero1_id": "174", "hero1_name": "虞姬", "hero2_id": "190", "hero2_name": "诸葛亮", "played": "35", "win_rate": "0.4857" },
    { "hero1_id": "107", "hero1_name": "赵云", "hero2_id": "132", "hero2_name": "马可波罗", "played": "35", "win_rate": "0.4857" },
    { "hero1_id": "154", "hero1_name": "花木兰", "hero2_id": "190", "hero2_name": "诸葛亮", "played": "35", "win_rate": "0.6571" },
    { "hero1_id": "141", "hero1_name": "貂蝉", "hero2_id": "178", "hero2_name": "杨戬", "played": "34", "win_rate": "0.5294" },
    { "hero1_id": "132", "hero1_name": "马可波罗", "hero2_id": "168", "hero2_name": "牛魔", "played": "34", "win_rate": "0.4412" },
    { "hero1_id": "168", "hero1_name": "牛魔", "hero2_id": "190", "hero2_name": "诸葛亮", "played": "34", "win_rate": "0.3529" },
    { "hero1_id": "107", "hero1_name": "赵云", "hero2_id": "178", "hero2_name": "杨戬", "played": "33", "win_rate": "0.3333" },
    { "hero1_id": "128", "hero1_name": "曹操", "hero2_id": "132", "hero2_name": "马可波罗", "played": "33", "win_rate": "0.3939" },
    { "hero1_id": "107", "hero1_name": "赵云", "hero2_id": "190", "hero2_name": "诸葛亮", "played": "31", "win_rate": "0.4839" },
    { "hero1_id": "169", "hero1_name": "后羿", "hero2_id": "190", "hero2_name": "诸葛亮", "played": "31", "win_rate": "0.5161" },
    { "hero1_id": "178", "hero1_name": "杨戬", "hero2_id": "186", "hero2_name": "太乙真人", "played": "30", "win_rate": "0.5667" },
    { "hero1_id": "107", "hero1_name": "赵云", "hero2_id": "174", "hero2_name": "虞姬", "played": "29", "win_rate": "0.4483" },
    { "hero1_id": "128", "hero1_name": "曹操", "hero2_id": "187", "hero2_name": "东皇太一", "played": "28", "win_rate": "0.5357" },
    { "hero1_id": "163", "hero1_name": "橘右京", "hero2_id": "190", "hero2_name": "诸葛亮", "played": "28", "win_rate": "0.4286" },
    { "hero1_id": "132", "hero1_name": "马可波罗", "hero2_id": "141", "hero2_name": "貂蝉", "played": "27", "win_rate": "0.6667" },
    { "hero1_id": "132", "hero1_name": "马可波罗", "hero2_id": "180", "hero2_name": "哪吒", "played": "27", "win_rate": "0.5556" },
    { "hero1_id": "107", "hero1_name": "赵云", "hero2_id": "168", "hero2_name": "牛魔", "played": "27", "win_rate": "0.4444" },
    { "hero1_id": "115", "hero1_name": "高渐离", "hero2_id": "171", "hero2_name": "张飞", "played": "27", "win_rate": "0.5556" },
    { "hero1_id": "134", "hero1_name": "达摩", "hero2_id": "187", "hero2_name": "东皇太一", "played": "27", "win_rate": "0.5185" },
    { "hero1_id": "140", "hero1_name": "关羽", "hero2_id": "171", "hero2_name": "张飞", "played": "26", "win_rate": "0.6154" },
    { "hero1_id": "134", "hero1_name": "达摩", "hero2_id": "186", "hero2_name": "太乙真人", "played": "26", "win_rate": "0.6154" },
    { "hero1_id": "115", "hero1_name": "高渐离", "hero2_id": "132", "hero2_name": "马可波罗", "played": "26", "win_rate": "0.4615" },
    { "hero1_id": "157", "hero1_name": "不知火舞", "hero2_id": "168", "hero2_name": "牛魔", "played": "26", "win_rate": "0.4615" },
    { "hero1_id": "178", "hero1_name": "杨戬", "hero2_id": "187", "hero2_name": "东皇太一", "played": "26", "win_rate": "0.5385" },
    { "hero1_id": "154", "hero1_name": "花木兰", "hero2_id": "168", "hero2_name": "牛魔", "played": "26", "win_rate": "0.5385" },
    { "hero1_id": "134", "hero1_name": "达摩", "hero2_id": "169", "hero2_name": "后羿", "played": "25", "win_rate": "0.4800" },
    { "hero1_id": "132", "hero1_name": "马可波罗", "hero2_id": "163", "hero2_name": "橘右京", "played": "25", "win_rate": "0.3200" },
    { "hero1_id": "115", "hero1_name": "高渐离", "hero2_id": "174", "hero2_name": "虞姬", "played": "25", "win_rate": "0.5600" },
    { "hero1_id": "154", "hero1_name": "花木兰", "hero2_id": "187", "hero2_name": "东皇太一", "played": "25", "win_rate": "0.6400" },
    { "hero1_id": "130", "hero1_name": "宫本武藏", "hero2_id": "190", "hero2_name": "诸葛亮", "played": "25", "win_rate": "0.6400" },
    { "hero1_id": "134", "hero1_name": "达摩", "hero2_id": "168", "hero2_name": "牛魔", "played": "25", "win_rate": "0.4800" },
    { "hero1_id": "132", "hero1_name": "马可波罗", "hero2_id": "186", "hero2_name": "太乙真人", "played": "25", "win_rate": "0.6000" },
    { "hero1_id": "132", "hero1_name": "马可波罗", "hero2_id": "149", "hero2_name": "刘邦", "played": "25", "win_rate": "0.4800" },
    { "hero1_id": "128", "hero1_name": "曹操", "hero2_id": "154", "hero2_name": "花木兰", "played": "25", "win_rate": "0.8400" },
    { "hero1_id": "146", "hero1_name": "露娜", "hero2_id": "190", "hero2_name": "诸葛亮", "played": "24", "win_rate": "0.3750" },
    { "hero1_id": "157", "hero1_name": "不知火舞", "hero2_id": "187", "hero2_name": "东皇太一", "played": "24", "win_rate": "0.5833" },
    { "hero1_id": "186", "hero1_name": "太乙真人", "hero2_id": "190", "hero2_name": "诸葛亮", "played": "24", "win_rate": "0.4167" },
    { "hero1_id": "128", "hero1_name": "曹操", "hero2_id": "141", "hero2_name": "貂蝉", "played": "24", "win_rate": "0.6667" },
    { "hero1_id": "134", "hero1_name": "达摩", "hero2_id": "141", "hero2_name": "貂蝉", "played": "24", "win_rate": "0.6667" },
    { "hero1_id": "118", "hero1_name": "孙膑", "hero2_id": "178", "hero2_name": "杨戬", "played": "23", "win_rate": "0.4783" },
    { "hero1_id": "154", "hero1_name": "花木兰", "hero2_id": "174", "hero2_name": "虞姬", "played": "23", "win_rate": "0.5217" },
    { "hero1_id": "168", "hero1_name": "牛魔", "hero2_id": "174", "hero2_name": "虞姬", "played": "23", "win_rate": "0.3478" },
    { "hero1_id": "115", "hero1_name": "高渐离", "hero2_id": "154", "hero2_name": "花木兰", "played": "23", "win_rate": "0.6087" },
    { "hero1_id": "130", "hero1_name": "宫本武藏", "hero2_id": "171", "hero2_name": "张飞", "played": "23", "win_rate": "0.7391" },
    { "hero1_id": "163", "hero1_name": "橘右京", "hero2_id": "178", "hero2_name": "杨戬", "played": "22", "win_rate": "0.2273" },
    { "hero1_id": "134", "hero1_name": "达摩", "hero2_id": "146", "hero2_name": "露娜", "played": "22", "win_rate": "0.3636" },
    { "hero1_id": "140", "hero1_name": "关羽", "hero2_id": "157", "hero2_name": "不知火舞", "played": "22", "win_rate": "0.6818" },
    { "hero1_id": "180", "hero1_name": "哪吒", "hero2_id": "190", "hero2_name": "诸葛亮", "played": "21", "win_rate": "0.2857" },
    { "hero1_id": "107", "hero1_name": "赵云", "hero2_id": "128", "hero2_name": "曹操", "played": "21", "win_rate": "0.4762" },
    { "hero1_id": "174", "hero1_name": "虞姬", "hero2_id": "187", "hero2_name": "东皇太一", "played": "21", "win_rate": "0.4762" },
    { "hero1_id": "131", "hero1_name": "李白", "hero2_id": "190", "hero2_name": "诸葛亮", "played": "20", "win_rate": "0.6000" },
    { "hero1_id": "134", "hero1_name": "达摩", "hero2_id": "180", "hero2_name": "哪吒", "played": "20", "win_rate": "0.3500" },
    { "hero1_id": "107", "hero1_name": "赵云", "hero2_id": "171", "hero2_name": "张飞", "played": "20", "win_rate": "0.6000" },
    { "hero1_id": "130", "hero1_name": "宫本武藏", "hero2_id": "132", "hero2_name": "马可波罗", "played": "20", "win_rate": "0.5000" },
    { "hero1_id": "108", "hero1_name": "墨子", "hero2_id": "128", "hero2_name": "曹操", "played": "20", "win_rate": "0.4500" },
    { "hero1_id": "154", "hero1_name": "花木兰", "hero2_id": "178", "hero2_name": "杨戬", "played": "20", "win_rate": "0.6500" },
    { "hero1_id": "131", "hero1_name": "李白", "hero2_id": "157", "hero2_name": "不知火舞", "played": "20", "win_rate": "0.7000" },
    { "hero1_id": "157", "hero1_name": "不知火舞", "hero2_id": "186", "hero2_name": "太乙真人", "played": "20", "win_rate": "0.6500" },
    { "hero1_id": "171", "hero1_name": "张飞", "hero2_id": "173", "hero2_name": "李元芳", "played": "20", "win_rate": "0.6000" },
    { "hero1_id": "163", "hero1_name": "橘右京", "hero2_id": "171", "hero2_name": "张飞", "played": "20", "win_rate": "0.4500" },
    { "hero1_id": "132", "hero1_name": "马可波罗", "hero2_id": "154", "hero2_name": "花木兰", "played": "20", "win_rate": "0.6000" },
    { "hero1_id": "141", "hero1_name": "貂蝉", "hero2_id": "154", "hero2_name": "花木兰", "played": "19", "win_rate": "0.7895" },
    { "hero1_id": "134", "hero1_name": "达摩", "hero2_id": "140", "hero2_name": "关羽", "played": "19", "win_rate": "0.5789" },
    { "hero1_id": "128", "hero1_name": "曹操", "hero2_id": "169", "hero2_name": "后羿", "played": "19", "win_rate": "0.6842" },
    { "hero1_id": "157", "hero1_name": "不知火舞", "hero2_id": "173", "hero2_name": "李元芳", "played": "19", "win_rate": "0.7368" },
    { "hero1_id": "108", "hero1_name": "墨子", "hero2_id": "171", "hero2_name": "张飞", "played": "19", "win_rate": "0.3158" },
    { "hero1_id": "128", "hero1_name": "曹操", "hero2_id": "186", "hero2_name": "太乙真人", "played": "19", "win_rate": "0.5789" },
    { "hero1_id": "111", "hero1_name": "孙尚香", "hero2_id": "178", "hero2_name": "杨戬", "played": "19", "win_rate": "0.4737" },
    { "hero1_id": "108", "hero1_name": "墨子", "hero2_id": "178", "hero2_name": "杨戬", "played": "19", "win_rate": "0.3158" },
    { "hero1_id": "169", "hero1_name": "后羿", "hero2_id": "171", "hero2_name": "张飞", "played": "19", "win_rate": "0.6316" },
    { "hero1_id": "157", "hero1_name": "不知火舞", "hero2_id": "163", "hero2_name": "橘右京", "played": "19", "win_rate": "0.2105" },
    { "hero1_id": "128", "hero1_name": "曹操", "hero2_id": "131", "hero2_name": "李白", "played": "19", "win_rate": "0.6316" },
    { "hero1_id": "140", "hero1_name": "关羽", "hero2_id": "190", "hero2_name": "诸葛亮", "played": "19", "win_rate": "0.6842" },
    { "hero1_id": "131", "hero1_name": "李白", "hero2_id": "174", "hero2_name": "虞姬", "played": "19", "win_rate": "0.7368" },
    { "hero1_id": "141", "hero1_name": "貂蝉", "hero2_id": "171", "hero2_name": "张飞", "played": "18", "win_rate": "0.6667" },
    { "hero1_id": "131", "hero1_name": "李白", "hero2_id": "187", "hero2_name": "东皇太一", "played": "18", "win_rate": "0.6111" },
    { "hero1_id": "118", "hero1_name": "孙膑", "hero2_id": "134", "hero2_name": "达摩", "played": "18", "win_rate": "0.6111" },
    { "hero1_id": "132", "hero1_name": "马可波罗", "hero2_id": "187", "hero2_name": "东皇太一", "played": "18", "win_rate": "0.3333" },
    { "hero1_id": "131", "hero1_name": "李白", "hero2_id": "178", "hero2_name": "杨戬", "played": "18", "win_rate": "0.4444" },
    { "hero1_id": "169", "hero1_name": "后羿", "hero2_id": "178", "hero2_name": "杨戬", "played": "18", "win_rate": "0.5556" },
    { "hero1_id": "128", "hero1_name": "曹操", "hero2_id": "173", "hero2_name": "李元芳", "played": "18", "win_rate": "0.7778" },
    { "hero1_id": "107", "hero1_name": "赵云", "hero2_id": "134", "hero2_name": "达摩", "played": "18", "win_rate": "0.7222" },
    { "hero1_id": "108", "hero1_name": "墨子", "hero2_id": "174", "hero2_name": "虞姬", "played": "18", "win_rate": "0.3889" },
    { "hero1_id": "107", "hero1_name": "赵云", "hero2_id": "154", "hero2_name": "花木兰", "played": "17", "win_rate": "0.6471" },
    { "hero1_id": "123", "hero1_name": "吕布", "hero2_id": "190", "hero2_name": "诸葛亮", "played": "17", "win_rate": "0.3529" },
    { "hero1_id": "146", "hero1_name": "露娜", "hero2_id": "187", "hero2_name": "东皇太一", "played": "17", "win_rate": "0.5294" },
    { "hero1_id": "140", "hero1_name": "关羽", "hero2_id": "174", "hero2_name": "虞姬", "played": "17", "win_rate": "0.6471" },
    { "hero1_id": "118", "hero1_name": "孙膑", "hero2_id": "128", "hero2_name": "曹操", "played": "17", "win_rate": "0.5294" },
    { "hero1_id": "139", "hero1_name": "老夫子", "hero2_id": "190", "hero2_name": "诸葛亮", "played": "17", "win_rate": "0.5294" },
    { "hero1_id": "115", "hero1_name": "高渐离", "hero2_id": "186", "hero2_name": "太乙真人", "played": "17", "win_rate": "0.5882" },
    { "hero1_id": "146", "hero1_name": "露娜", "hero2_id": "157", "hero2_name": "不知火舞", "played": "17", "win_rate": "0.5882" },
    { "hero1_id": "123", "hero1_name": "吕布", "hero2_id": "157", "hero2_name": "不知火舞", "played": "17", "win_rate": "0.7059" },
    { "hero1_id": "128", "hero1_name": "曹操", "hero2_id": "163", "hero2_name": "橘右京", "played": "17", "win_rate": "0.3529" },
    { "hero1_id": "128", "hero1_name": "曹操", "hero2_id": "140", "hero2_name": "关羽", "played": "17", "win_rate": "0.4706" },
    { "hero1_id": "130", "hero1_name": "宫本武藏", "hero2_id": "178", "hero2_name": "杨戬", "played": "17", "win_rate": "0.5294" },
    { "hero1_id": "123", "hero1_name": "吕布", "hero2_id": "171", "hero2_name": "张飞", "played": "16", "win_rate": "0.5000" },
    { "hero1_id": "131", "hero1_name": "李白", "hero2_id": "154", "hero2_name": "花木兰", "played": "16", "win_rate": "0.7500" },
    { "hero1_id": "107", "hero1_name": "赵云", "hero2_id": "141", "hero2_name": "貂蝉", "played": "16", "win_rate": "0.3750" },
    { "hero1_id": "131", "hero1_name": "李白", "hero2_id": "171", "hero2_name": "张飞", "played": "16", "win_rate": "0.6250" },
    { "hero1_id": "139", "hero1_name": "老夫子", "hero2_id": "171", "hero2_name": "张飞", "played": "16", "win_rate": "0.6875" },
    { "hero1_id": "163", "hero1_name": "橘右京", "hero2_id": "174", "hero2_name": "虞姬", "played": "16", "win_rate": "0.5625" },
    { "hero1_id": "173", "hero1_name": "李元芳", "hero2_id": "178", "hero2_name": "杨戬", "played": "16", "win_rate": "0.6875" },
    { "hero1_id": "111", "hero1_name": "孙尚香", "hero2_id": "190", "hero2_name": "诸葛亮", "played": "16", "win_rate": "0.3750" },
    { "hero1_id": "141", "hero1_name": "貂蝉", "hero2_id": "174", "hero2_name": "虞姬", "played": "16", "win_rate": "0.6250" },
    { "hero1_id": "107", "hero1_name": "赵云", "hero2_id": "140", "hero2_name": "关羽", "played": "16", "win_rate": "0.6250" },
    { "hero1_id": "157", "hero1_name": "不知火舞", "hero2_id": "180", "hero2_name": "哪吒", "played": "16", "win_rate": "0.3750" },
    { "hero1_id": "115", "hero1_name": "高渐离", "hero2_id": "168", "hero2_name": "牛魔", "played": "16", "win_rate": "0.4375" },
    { "hero1_id": "107", "hero1_name": "赵云", "hero2_id": "187", "hero2_name": "东皇太一", "played": "16", "win_rate": "0.4375" },
    { "hero1_id": "141", "hero1_name": "貂蝉", "hero2_id": "168", "hero2_name": "牛魔", "played": "16", "win_rate": "0.7500" },
    { "hero1_id": "107", "hero1_name": "赵云", "hero2_id": "186", "hero2_name": "太乙真人", "played": "16", "win_rate": "0.5000" },
    { "hero1_id": "174", "hero1_name": "虞姬", "hero2_id": "186", "hero2_name": "太乙真人", "played": "15", "win_rate": "0.4667" },
    { "hero1_id": "107", "hero1_name": "赵云", "hero2_id": "115", "hero2_name": "高渐离", "played": "15", "win_rate": "0.4000" },
    { "hero1_id": "128", "hero1_name": "曹操", "hero2_id": "139", "hero2_name": "老夫子", "played": "15", "win_rate": "0.4667" },
    { "hero1_id": "149", "hero1_name": "刘邦", "hero2_id": "190", "hero2_name": "诸葛亮", "played": "15", "win_rate": "0.3333" },
    { "hero1_id": "115", "hero1_name": "高渐离", "hero2_id": "187", "hero2_name": "东皇太一", "played": "15", "win_rate": "0.4667" },
    { "hero1_id": "111", "hero1_name": "孙尚香", "hero2_id": "134", "hero2_name": "达摩", "played": "15", "win_rate": "0.6667" },
    { "hero1_id": "146", "hero1_name": "露娜", "hero2_id": "171", "hero2_name": "张飞", "played": "15", "win_rate": "0.4000" },
    { "hero1_id": "128", "hero1_name": "曹操", "hero2_id": "146", "hero2_name": "露娜", "played": "14", "win_rate": "0.5714" },
    { "hero1_id": "111", "hero1_name": "孙尚香", "hero2_id": "128", "hero2_name": "曹操", "played": "14", "win_rate": "0.3571" },
    { "hero1_id": "141", "hero1_name": "貂蝉", "hero2_id": "149", "hero2_name": "刘邦", "played": "14", "win_rate": "0.3571" },
    { "hero1_id": "139", "hero1_name": "老夫子", "hero2_id": "157", "hero2_name": "不知火舞", "played": "14", "win_rate": "0.5714" },
    { "hero1_id": "140", "hero1_name": "关羽", "hero2_id": "168", "hero2_name": "牛魔", "played": "14", "win_rate": "0.6429" },
    { "hero1_id": "154", "hero1_name": "花木兰", "hero2_id": "163", "hero2_name": "橘右京", "played": "14", "win_rate": "0.5000" },
    { "hero1_id": "139", "hero1_name": "老夫子", "hero2_id": "187", "hero2_name": "东皇太一", "played": "13", "win_rate": "0.3077" },
    { "hero1_id": "169", "hero1_name": "后羿", "hero2_id": "187", "hero2_name": "东皇太一", "played": "13", "win_rate": "0.7692" },
    { "hero1_id": "130", "hero1_name": "宫本武藏", "hero2_id": "157", "hero2_name": "不知火舞", "played": "13", "win_rate": "0.7692" },
    { "hero1_id": "174", "hero1_name": "虞姬", "hero2_id": "180", "hero2_name": "哪吒", "played": "13", "win_rate": "0.3846" },
    { "hero1_id": "139", "hero1_name": "老夫子", "hero2_id": "178", "hero2_name": "杨戬", "played": "13", "win_rate": "0.3846" },
    { "hero1_id": "132", "hero1_name": "马可波罗", "hero2_id": "140", "hero2_name": "关羽", "played": "13", "win_rate": "0.6154" },
    { "hero1_id": "107", "hero1_name": "赵云", "hero2_id": "149", "hero2_name": "刘邦", "played": "13", "win_rate": "0.4615" },
    { "hero1_id": "118", "hero1_name": "孙膑", "hero2_id": "157", "hero2_name": "不知火舞", "played": "13", "win_rate": "0.5385" },
    { "hero1_id": "116", "hero1_name": "阿轲", "hero2_id": "171", "hero2_name": "张飞", "played": "13", "win_rate": "0.6154" },
    { "hero1_id": "112", "hero1_name": "鲁班七号", "hero2_id": "134", "hero2_name": "达摩", "played": "12", "win_rate": "0.6667" },
    { "hero1_id": "139", "hero1_name": "老夫子", "hero2_id": "168", "hero2_name": "牛魔", "played": "12", "win_rate": "0.5000" },
    { "hero1_id": "123", "hero1_name": "吕布", "hero2_id": "134", "hero2_name": "达摩", "played": "12", "win_rate": "0.5000" },
    { "hero1_id": "128", "hero1_name": "曹操", "hero2_id": "130", "hero2_name": "宫本武藏", "played": "12", "win_rate": "0.6667" },
    { "hero1_id": "110", "hero1_name": "嬴政", "hero2_id": "128", "hero2_name": "曹操", "played": "12", "win_rate": "0.2500" },
    { "hero1_id": "146", "hero1_name": "露娜", "hero2_id": "174", "hero2_name": "虞姬", "played": "12", "win_rate": "0.4167" },
    { "hero1_id": "154", "hero1_name": "花木兰", "hero2_id": "169", "hero2_name": "后羿", "played": "12", "win_rate": "0.7500" },
    { "hero1_id": "116", "hero1_name": "阿轲", "hero2_id": "190", "hero2_name": "诸葛亮", "played": "12", "win_rate": "0.5833" },
    { "hero1_id": "128", "hero1_name": "曹操", "hero2_id": "180", "hero2_name": "哪吒", "played": "12", "win_rate": "0.4167" },
    { "hero1_id": "140", "hero1_name": "关羽", "hero2_id": "178", "hero2_name": "杨戬", "played": "12", "win_rate": "0.4167" },
    { "hero1_id": "141", "hero1_name": "貂蝉", "hero2_id": "169", "hero2_name": "后羿", "played": "12", "win_rate": "0.5833" },
    { "hero1_id": "134", "hero1_name": "达摩", "hero2_id": "139", "hero2_name": "老夫子", "played": "12", "win_rate": "0.4167" },
    { "hero1_id": "113", "hero1_name": "庄周", "hero2_id": "178", "hero2_name": "杨戬", "played": "12", "win_rate": "0.3333" },
    { "hero1_id": "154", "hero1_name": "花木兰", "hero2_id": "173", "hero2_name": "李元芳", "played": "12", "win_rate": "0.8333" },
    { "hero1_id": "116", "hero1_name": "阿轲", "hero2_id": "128", "hero2_name": "曹操", "played": "12", "win_rate": "0.7500" },
    { "hero1_id": "123", "hero1_name": "吕布", "hero2_id": "128", "hero2_name": "曹操", "played": "12", "win_rate": "0.5000" },
    { "hero1_id": "150", "hero1_name": "韩信", "hero2_id": "190", "hero2_name": "诸葛亮", "played": "12", "win_rate": "0.5833" },
    { "hero1_id": "149", "hero1_name": "刘邦", "hero2_id": "157", "hero2_name": "不知火舞", "played": "11", "win_rate": "0.5455" },
    { "hero1_id": "146", "hero1_name": "露娜", "hero2_id": "154", "hero2_name": "花木兰", "played": "11", "win_rate": "0.3636" },
    { "hero1_id": "111", "hero1_name": "孙尚香", "hero2_id": "168", "hero2_name": "牛魔", "played": "11", "win_rate": "0.4545" },
    { "hero1_id": "112", "hero1_name": "鲁班七号", "hero2_id": "186", "hero2_name": "太乙真人", "played": "11", "win_rate": "0.7273" },
    { "hero1_id": "178", "hero1_name": "杨戬", "hero2_id": "184", "hero2_name": "蔡文姬", "played": "11", "win_rate": "0.2727" },
    { "hero1_id": "141", "hero1_name": "貂蝉", "hero2_id": "163", "hero2_name": "橘右京", "played": "11", "win_rate": "0.5455" },
    { "hero1_id": "111", "hero1_name": "孙尚香", "hero2_id": "154", "hero2_name": "花木兰", "played": "11", "win_rate": "0.6364" },
    { "hero1_id": "115", "hero1_name": "高渐离", "hero2_id": "180", "hero2_name": "哪吒", "played": "11", "win_rate": "0.4545" },
    { "hero1_id": "162", "hero1_name": "娜可露露", "hero2_id": "174", "hero2_name": "虞姬", "played": "11", "win_rate": "0.4545" },
    { "hero1_id": "162", "hero1_name": "娜可露露", "hero2_id": "190", "hero2_name": "诸葛亮", "played": "11", "win_rate": "0.3636" },
    { "hero1_id": "130", "hero1_name": "宫本武藏", "hero2_id": "174", "hero2_name": "虞姬", "played": "11", "win_rate": "0.6364" },
    { "hero1_id": "131", "hero1_name": "李白", "hero2_id": "141", "hero2_name": "貂蝉", "played": "11", "win_rate": "0.4545" },
    { "hero1_id": "110", "hero1_name": "嬴政", "hero2_id": "132", "hero2_name": "马可波罗", "played": "11", "win_rate": "0.4545" },
    { "hero1_id": "118", "hero1_name": "孙膑", "hero2_id": "190", "hero2_name": "诸葛亮", "played": "11", "win_rate": "0.7273" },
    { "hero1_id": "113", "hero1_name": "庄周", "hero2_id": "134", "hero2_name": "达摩", "played": "11", "win_rate": "0.2727" },
    { "hero1_id": "163", "hero1_name": "橘右京", "hero2_id": "186", "hero2_name": "太乙真人", "played": "11", "win_rate": "0.4545" },
    { "hero1_id": "146", "hero1_name": "露娜", "hero2_id": "178", "hero2_name": "杨戬", "played": "11", "win_rate": "0.4545" },
    { "hero1_id": "140", "hero1_name": "关羽", "hero2_id": "163", "hero2_name": "橘右京", "played": "10", "win_rate": "0.6000" },
    { "hero1_id": "180", "hero1_name": "哪吒", "hero2_id": "186", "hero2_name": "太乙真人", "played": "10", "win_rate": "0.3000" },
    { "hero1_id": "118", "hero1_name": "孙膑", "hero2_id": "154", "hero2_name": "花木兰", "played": "10", "win_rate": "0.8000" },
    { "hero1_id": "149", "hero1_name": "刘邦", "hero2_id": "174", "hero2_name": "虞姬", "played": "10", "win_rate": "0.5000" },
    { "hero1_id": "123", "hero1_name": "吕布", "hero2_id": "154", "hero2_name": "花木兰", "played": "10", "win_rate": "0.6000" },
    { "hero1_id": "131", "hero1_name": "李白", "hero2_id": "180", "hero2_name": "哪吒", "played": "10", "win_rate": "0.4000" },
    { "hero1_id": "134", "hero1_name": "达摩", "hero2_id": "173", "hero2_name": "李元芳", "played": "10", "win_rate": "0.5000" },
    { "hero1_id": "157", "hero1_name": "不知火舞", "hero2_id": "169", "hero2_name": "后羿", "played": "10", "win_rate": "0.6000" },
    { "hero1_id": "140", "hero1_name": "关羽", "hero2_id": "141", "hero2_name": "貂蝉", "played": "10", "win_rate": "0.6000" },
    { "hero1_id": "123", "hero1_name": "吕布", "hero2_id": "178", "hero2_name": "杨戬", "played": "10", "win_rate": "0.4000" },
    { "hero1_id": "118", "hero1_name": "孙膑", "hero2_id": "174", "hero2_name": "虞姬", "played": "10", "win_rate": "0.5000" },
    { "hero1_id": "141", "hero1_name": "貂蝉", "hero2_id": "186", "hero2_name": "太乙真人", "played": "10", "win_rate": "0.6000" },
    { "hero1_id": "110", "hero1_name": "嬴政", "hero2_id": "134", "hero2_name": "达摩", "played": "10", "win_rate": "0.3000" },
    { "hero1_id": "113", "hero1_name": "庄周", "hero2_id": "132", "hero2_name": "马可波罗", "played": "10", "win_rate": "0.4000" },
    { "hero1_id": "154", "hero1_name": "花木兰", "hero2_id": "186", "hero2_name": "太乙真人", "played": "10", "win_rate": "0.8000" },
    { "hero1_id": "115", "hero1_name": "高渐离", "hero2_id": "131", "hero2_name": "李白", "played": "10", "win_rate": "0.6000" },
    { "hero1_id": "128", "hero1_name": "曹操", "hero2_id": "150", "hero2_name": "韩信", "played": "10", "win_rate": "0.7000" },
    { "hero1_id": "130", "hero1_name": "宫本武藏", "hero2_id": "134", "hero2_name": "达摩", "played": "10", "win_rate": "0.7000" },
    { "hero1_id": "113", "hero1_name": "庄周", "hero2_id": "190", "hero2_name": "诸葛亮", "played": "10", "win_rate": "0.3000" },
    { "hero1_id": "149", "hero1_name": "刘邦", "hero2_id": "171", "hero2_name": "张飞", "played": "10", "win_rate": "0.4000" },
    { "hero1_id": "139", "hero1_name": "老夫子", "hero2_id": "141", "hero2_name": "貂蝉", "played": "10", "win_rate": "0.5000" },
    { "hero1_id": "110", "hero1_name": "嬴政", "hero2_id": "178", "hero2_name": "杨戬", "played": "10", "win_rate": "0.4000" },
    { "hero1_id": "116", "hero1_name": "阿轲", "hero2_id": "178", "hero2_name": "杨戬", "played": "10", "win_rate": "0.5000" },
    { "hero1_id": "128", "hero1_name": "曹操", "hero2_id": "184", "hero2_name": "蔡文姬", "played": "10", "win_rate": "0.4000" },
    { "hero1_id": "131", "hero1_name": "李白", "hero2_id": "134", "hero2_name": "达摩", "played": "10", "win_rate": "0.7000" },
    { "hero1_id": "163", "hero1_name": "橘右京", "hero2_id": "180", "hero2_name": "哪吒", "played": "10", "win_rate": "0.4000" },
    { "hero1_id": "115", "hero1_name": "高渐离", "hero2_id": "140", "hero2_name": "关羽", "played": "10", "win_rate": "0.4000" },
    { "hero1_id": "107", "hero1_name": "赵云", "hero2_id": "118", "hero2_name": "孙膑", "played": "10", "win_rate": "0.7000" },
    { "hero1_id": "149", "hero1_name": "刘邦", "hero2_id": "186", "hero2_name": "太乙真人", "played": "10", "win_rate": "0.5000" },
    { "hero1_id": "130", "hero1_name": "宫本武藏", "hero2_id": "169", "hero2_name": "后羿", "played": "9", "win_rate": "0.7778" },
    { "hero1_id": "111", "hero1_name": "孙尚香", "hero2_id": "141", "hero2_name": "貂蝉", "played": "9", "win_rate": "0.5556" },
    { "hero1_id": "132", "hero1_name": "马可波罗", "hero2_id": "146", "hero2_name": "露娜", "played": "9", "win_rate": "0.6667" },
    { "hero1_id": "171", "hero1_name": "张飞", "hero2_id": "192", "hero2_name": "黄忠", "played": "9", "win_rate": "0.5556" },
    { "hero1_id": "108", "hero1_name": "墨子", "hero2_id": "154", "hero2_name": "花木兰", "played": "9", "win_rate": "0.5556" },
    { "hero1_id": "135", "hero1_name": "项羽", "hero2_id": "190", "hero2_name": "诸葛亮", "played": "9", "win_rate": "0.3333" },
    { "hero1_id": "163", "hero1_name": "橘右京", "hero2_id": "169", "hero2_name": "后羿", "played": "9", "win_rate": "0.4444" },
    { "hero1_id": "131", "hero1_name": "李白", "hero2_id": "139", "hero2_name": "老夫子", "played": "9", "win_rate": "0.5556" },
    { "hero1_id": "116", "hero1_name": "阿轲", "hero2_id": "154", "hero2_name": "花木兰", "played": "9", "win_rate": "0.6667" },
    { "hero1_id": "134", "hero1_name": "达摩", "hero2_id": "149", "hero2_name": "刘邦", "played": "9", "win_rate": "0.5556" },
    { "hero1_id": "115", "hero1_name": "高渐离", "hero2_id": "149", "hero2_name": "刘邦", "played": "9", "win_rate": "0.5556" },
    { "hero1_id": "131", "hero1_name": "李白", "hero2_id": "132", "hero2_name": "马可波罗", "played": "9", "win_rate": "0.7778" },
    { "hero1_id": "113", "hero1_name": "庄周", "hero2_id": "157", "hero2_name": "不知火舞", "played": "9", "win_rate": "0.4444" },
    { "hero1_id": "132", "hero1_name": "马可波罗", "hero2_id": "162", "hero2_name": "娜可露露", "played": "9", "win_rate": "0.6667" },
    { "hero1_id": "150", "hero1_name": "韩信", "hero2_id": "178", "hero2_name": "杨戬", "played": "9", "win_rate": "0.6667" },
    { "hero1_id": "123", "hero1_name": "吕布", "hero2_id": "146", "hero2_name": "露娜", "played": "9", "win_rate": "0.3333" },
    { "hero1_id": "168", "hero1_name": "牛魔", "hero2_id": "180", "hero2_name": "哪吒", "played": "9", "win_rate": "0.5556" },
    { "hero1_id": "107", "hero1_name": "赵云", "hero2_id": "108", "hero2_name": "墨子", "played": "9", "win_rate": "0.4444" },
    { "hero1_id": "163", "hero1_name": "橘右京", "hero2_id": "187", "hero2_name": "东皇太一", "played": "9", "win_rate": "0.4444" },
    { "hero1_id": "173", "hero1_name": "李元芳", "hero2_id": "190", "hero2_name": "诸葛亮", "played": "9", "win_rate": "0.6667" },
    { "hero1_id": "139", "hero1_name": "老夫子", "hero2_id": "174", "hero2_name": "虞姬", "played": "9", "win_rate": "0.6667" },
    { "hero1_id": "168", "hero1_name": "牛魔", "hero2_id": "173", "hero2_name": "李元芳", "played": "9", "win_rate": "0.8889" },
    { "hero1_id": "115", "hero1_name": "高渐离", "hero2_id": "116", "hero2_name": "阿轲", "played": "9", "win_rate": "0.4444" },
    { "hero1_id": "123", "hero1_name": "吕布", "hero2_id": "173", "hero2_name": "李元芳", "played": "9", "win_rate": "0.4444" },
    { "hero1_id": "132", "hero1_name": "马可波罗", "hero2_id": "139", "hero2_name": "老夫子", "played": "9", "win_rate": "0.4444" },
    { "hero1_id": "171", "hero1_name": "张飞", "hero2_id": "180", "hero2_name": "哪吒", "played": "9", "win_rate": "0.2222" },
    { "hero1_id": "168", "hero1_name": "牛魔", "hero2_id": "169", "hero2_name": "后羿", "played": "9", "win_rate": "0.4444" },
    { "hero1_id": "112", "hero1_name": "鲁班七号", "hero2_id": "178", "hero2_name": "杨戬", "played": "9", "win_rate": "0.3333" },
    { "hero1_id": "178", "hero1_name": "杨戬", "hero2_id": "180", "hero2_name": "哪吒", "played": "9", "win_rate": "0.3333" },
    { "hero1_id": "107", "hero1_name": "赵云", "hero2_id": "111", "hero2_name": "孙尚香", "played": "8", "win_rate": "0.5000" },
    { "hero1_id": "108", "hero1_name": "墨子", "hero2_id": "168", "hero2_name": "牛魔", "played": "8", "win_rate": "0.5000" },
    { "hero1_id": "150", "hero1_name": "韩信", "hero2_id": "174", "hero2_name": "虞姬", "played": "8", "win_rate": "0.6250" },
    { "hero1_id": "141", "hero1_name": "貂蝉", "hero2_id": "187", "hero2_name": "东皇太一", "played": "8", "win_rate": "0.3750" },
    { "hero1_id": "157", "hero1_name": "不知火舞", "hero2_id": "162", "hero2_name": "娜可露露", "played": "8", "win_rate": "0.6250" },
    { "hero1_id": "118", "hero1_name": "孙膑", "hero2_id": "131", "hero2_name": "李白", "played": "8", "win_rate": "0.3750" },
    { "hero1_id": "126", "hero1_name": "夏侯惇", "hero2_id": "162", "hero2_name": "娜可露露", "played": "8", "win_rate": "0.5000" },
    { "hero1_id": "112", "hero1_name": "鲁班七号", "hero2_id": "171", "hero2_name": "张飞", "played": "8", "win_rate": "0.6250" },
    { "hero1_id": "169", "hero1_name": "后羿", "hero2_id": "186", "hero2_name": "太乙真人", "played": "8", "win_rate": "0.3750" },
    { "hero1_id": "135", "hero1_name": "项羽", "hero2_id": "178", "hero2_name": "杨戬", "played": "8", "win_rate": "0.2500" },
    { "hero1_id": "130", "hero1_name": "宫本武藏", "hero2_id": "168", "hero2_name": "牛魔", "played": "8", "win_rate": "0.2500" },
    { "hero1_id": "130", "hero1_name": "宫本武藏", "hero2_id": "141", "hero2_name": "貂蝉", "played": "8", "win_rate": "0.5000" },
    { "hero1_id": "115", "hero1_name": "高渐离", "hero2_id": "173", "hero2_name": "李元芳", "played": "8", "win_rate": "0.7500" },
    { "hero1_id": "140", "hero1_name": "关羽", "hero2_id": "186", "hero2_name": "太乙真人", "played": "8", "win_rate": "0.6250" },
    { "hero1_id": "135", "hero1_name": "项羽", "hero2_id": "174", "hero2_name": "虞姬", "played": "8", "win_rate": "0.3750" },
    { "hero1_id": "149", "hero1_name": "刘邦", "hero2_id": "187", "hero2_name": "东皇太一", "played": "8", "win_rate": "0.0000" },
    { "hero1_id": "113", "hero1_name": "庄周", "hero2_id": "154", "hero2_name": "花木兰", "played": "8", "win_rate": "0.5000" },
    { "hero1_id": "149", "hero1_name": "刘邦", "hero2_id": "162", "hero2_name": "娜可露露", "played": "8", "win_rate": "0.3750" },
    { "hero1_id": "180", "hero1_name": "哪吒", "hero2_id": "187", "hero2_name": "东皇太一", "played": "8", "win_rate": "0.3750" },
    { "hero1_id": "131", "hero1_name": "李白", "hero2_id": "168", "hero2_name": "牛魔", "played": "8", "win_rate": "0.6250" },
    { "hero1_id": "128", "hero1_name": "曹操", "hero2_id": "149", "hero2_name": "刘邦", "played": "8", "win_rate": "0.1250" },
    { "hero1_id": "123", "hero1_name": "吕布", "hero2_id": "187", "hero2_name": "东皇太一", "played": "8", "win_rate": "0.6250" },
    { "hero1_id": "118", "hero1_name": "孙膑", "hero2_id": "132", "hero2_name": "马可波罗", "played": "8", "win_rate": "0.5000" },
    { "hero1_id": "112", "hero1_name": "鲁班七号", "hero2_id": "190", "hero2_name": "诸葛亮", "played": "8", "win_rate": "0.3750" },
    { "hero1_id": "162", "hero1_name": "娜可露露", "hero2_id": "178", "hero2_name": "杨戬", "played": "8", "win_rate": "0.3750" },
    { "hero1_id": "173", "hero1_name": "李元芳", "hero2_id": "187", "hero2_name": "东皇太一", "played": "8", "win_rate": "0.7500" },
    { "hero1_id": "111", "hero1_name": "孙尚香", "hero2_id": "157", "hero2_name": "不知火舞", "played": "8", "win_rate": "0.5000" },
    { "hero1_id": "139", "hero1_name": "老夫子", "hero2_id": "173", "hero2_name": "李元芳", "played": "8", "win_rate": "0.7500" },
    { "hero1_id": "162", "hero1_name": "娜可露露", "hero2_id": "186", "hero2_name": "太乙真人", "played": "7", "win_rate": "0.1429" },
    { "hero1_id": "112", "hero1_name": "鲁班七号", "hero2_id": "157", "hero2_name": "不知火舞", "played": "7", "win_rate": "0.7143" },
    { "hero1_id": "108", "hero1_name": "墨子", "hero2_id": "134", "hero2_name": "达摩", "played": "7", "win_rate": "0.2857" },
    { "hero1_id": "169", "hero1_name": "后羿", "hero2_id": "180", "hero2_name": "哪吒", "played": "7", "win_rate": "0.4286" },
    { "hero1_id": "116", "hero1_name": "阿轲", "hero2_id": "174", "hero2_name": "虞姬", "played": "7", "win_rate": "0.4286" },
    { "hero1_id": "139", "hero1_name": "老夫子", "hero2_id": "186", "hero2_name": "太乙真人", "played": "7", "win_rate": "0.5714" },
    { "hero1_id": "115", "hero1_name": "高渐离", "hero2_id": "169", "hero2_name": "后羿", "played": "7", "win_rate": "0.7143" },
    { "hero1_id": "107", "hero1_name": "赵云", "hero2_id": "123", "hero2_name": "吕布", "played": "7", "win_rate": "0.4286" },
    { "hero1_id": "113", "hero1_name": "庄周", "hero2_id": "128", "hero2_name": "曹操", "played": "7", "win_rate": "0.4286" },
    { "hero1_id": "130", "hero1_name": "宫本武藏", "hero2_id": "149", "hero2_name": "刘邦", "played": "7", "win_rate": "0.2857" },
    { "hero1_id": "108", "hero1_name": "墨子", "hero2_id": "180", "hero2_name": "哪吒", "played": "7", "win_rate": "0.2857" },
    { "hero1_id": "112", "hero1_name": "鲁班七号", "hero2_id": "154", "hero2_name": "花木兰", "played": "7", "win_rate": "0.7143" },
    { "hero1_id": "108", "hero1_name": "墨子", "hero2_id": "132", "hero2_name": "马可波罗", "played": "7", "win_rate": "0.4286" },
    { "hero1_id": "118", "hero1_name": "孙膑", "hero2_id": "141", "hero2_name": "貂蝉", "played": "7", "win_rate": "0.1429" },
    { "hero1_id": "163", "hero1_name": "橘右京", "hero2_id": "168", "hero2_name": "牛魔", "played": "7", "win_rate": "0.4286" },
    { "hero1_id": "130", "hero1_name": "宫本武藏", "hero2_id": "187", "hero2_name": "东皇太一", "played": "7", "win_rate": "0.5714" },
    { "hero1_id": "131", "hero1_name": "李白", "hero2_id": "186", "hero2_name": "太乙真人", "played": "7", "win_rate": "0.5714" },
    { "hero1_id": "134", "hero1_name": "达摩", "hero2_id": "163", "hero2_name": "橘右京", "played": "7", "win_rate": "0.4286" },
    { "hero1_id": "116", "hero1_name": "阿轲", "hero2_id": "187", "hero2_name": "东皇太一", "played": "7", "win_rate": "0.5714" },
    { "hero1_id": "131", "hero1_name": "李白", "hero2_id": "149", "hero2_name": "刘邦", "played": "7", "win_rate": "0.4286" },
    { "hero1_id": "115", "hero1_name": "高渐离", "hero2_id": "130", "hero2_name": "宫本武藏", "played": "7", "win_rate": "0.2857" },
    { "hero1_id": "146", "hero1_name": "露娜", "hero2_id": "186", "hero2_name": "太乙真人", "played": "7", "win_rate": "0.2857" },
    { "hero1_id": "111", "hero1_name": "孙尚香", "hero2_id": "171", "hero2_name": "张飞", "played": "7", "win_rate": "0.7143" },
    { "hero1_id": "115", "hero1_name": "高渐离", "hero2_id": "163", "hero2_name": "橘右京", "played": "7", "win_rate": "0.5714" },
    { "hero1_id": "130", "hero1_name": "宫本武藏", "hero2_id": "162", "hero2_name": "娜可露露", "played": "7", "win_rate": "0.5714" },
    { "hero1_id": "131", "hero1_name": "李白", "hero2_id": "140", "hero2_name": "关羽", "played": "7", "win_rate": "0.5714" },
    { "hero1_id": "107", "hero1_name": "赵云", "hero2_id": "146", "hero2_name": "露娜", "played": "7", "win_rate": "0.5714" },
    { "hero1_id": "126", "hero1_name": "夏侯惇", "hero2_id": "190", "hero2_name": "诸葛亮", "played": "7", "win_rate": "0.4286" },
    { "hero1_id": "110", "hero1_name": "嬴政", "hero2_id": "174", "hero2_name": "虞姬", "played": "6", "win_rate": "0.3333" },
    { "hero1_id": "107", "hero1_name": "赵云", "hero2_id": "180", "hero2_name": "哪吒", "played": "6", "win_rate": "0.3333" },
    { "hero1_id": "123", "hero1_name": "吕布", "hero2_id": "131", "hero2_name": "李白", "played": "6", "win_rate": "0.1667" },
    { "hero1_id": "115", "hero1_name": "高渐离", "hero2_id": "184", "hero2_name": "蔡文姬", "played": "6", "win_rate": "0.1667" },
    { "hero1_id": "112", "hero1_name": "鲁班七号", "hero2_id": "115", "hero2_name": "高渐离", "played": "6", "win_rate": "0.6667" },
    { "hero1_id": "150", "hero1_name": "韩信", "hero2_id": "187", "hero2_name": "东皇太一", "played": "6", "win_rate": "0.6667" },
    { "hero1_id": "134", "hero1_name": "达摩", "hero2_id": "192", "hero2_name": "黄忠", "played": "6", "win_rate": "0.5000" },
    { "hero1_id": "115", "hero1_name": "高渐离", "hero2_id": "139", "hero2_name": "老夫子", "played": "6", "win_rate": "0.6667" },
    { "hero1_id": "126", "hero1_name": "夏侯惇", "hero2_id": "134", "hero2_name": "达摩", "played": "6", "win_rate": "0.6667" },
    { "hero1_id": "115", "hero1_name": "高渐离", "hero2_id": "118", "hero2_name": "孙膑", "played": "6", "win_rate": "0.8333" },
    { "hero1_id": "107", "hero1_name": "赵云", "hero2_id": "110", "hero2_name": "嬴政", "played": "6", "win_rate": "0.1667" },
    { "hero1_id": "128", "hero1_name": "曹操", "hero2_id": "192", "hero2_name": "黄忠", "played": "6", "win_rate": "0.6667" },
    { "hero1_id": "116", "hero1_name": "阿轲", "hero2_id": "168", "hero2_name": "牛魔", "played": "6", "win_rate": "0.5000" },
    { "hero1_id": "140", "hero1_name": "关羽", "hero2_id": "169", "hero2_name": "后羿", "played": "6", "win_rate": "0.8333" },
    { "hero1_id": "150", "hero1_name": "韩信", "hero2_id": "157", "hero2_name": "不知火舞", "played": "6", "win_rate": "0.6667" },
    { "hero1_id": "134", "hero1_name": "达摩", "hero2_id": "184", "hero2_name": "蔡文姬", "played": "6", "win_rate": "0.3333" },
    { "hero1_id": "126", "hero1_name": "夏侯惇", "hero2_id": "157", "hero2_name": "不知火舞", "played": "6", "win_rate": "0.8333" },
    { "hero1_id": "116", "hero1_name": "阿轲", "hero2_id": "146", "hero2_name": "露娜", "played": "6", "win_rate": "0.6667" },
    { "hero1_id": "126", "hero1_name": "夏侯惇", "hero2_id": "180", "hero2_name": "哪吒", "played": "6", "win_rate": "0.5000" },
    { "hero1_id": "146", "hero1_name": "露娜", "hero2_id": "173", "hero2_name": "李元芳", "played": "6", "win_rate": "0.5000" },
    { "hero1_id": "128", "hero1_name": "曹操", "hero2_id": "191", "hero2_name": "大乔", "played": "6", "win_rate": "0.6667" },
    { "hero1_id": "146", "hero1_name": "露娜", "hero2_id": "168", "hero2_name": "牛魔", "played": "6", "win_rate": "0.5000" },
    { "hero1_id": "130", "hero1_name": "宫本武藏", "hero2_id": "180", "hero2_name": "哪吒", "played": "6", "win_rate": "0.1667" },
    { "hero1_id": "113", "hero1_name": "庄周", "hero2_id": "174", "hero2_name": "虞姬", "played": "6", "win_rate": "0.5000" },
    { "hero1_id": "178", "hero1_name": "杨戬", "hero2_id": "182", "hero2_name": "干将莫邪", "played": "6", "win_rate": "0.1667" },
    { "hero1_id": "113", "hero1_name": "庄周", "hero2_id": "115", "hero2_name": "高渐离", "played": "6", "win_rate": "0.5000" },
    { "hero1_id": "134", "hero1_name": "达摩", "hero2_id": "182", "hero2_name": "干将莫邪", "played": "6", "win_rate": "0.3333" },
    { "hero1_id": "123", "hero1_name": "吕布", "hero2_id": "141", "hero2_name": "貂蝉", "played": "6", "win_rate": "0.3333" },
    { "hero1_id": "118", "hero1_name": "孙膑", "hero2_id": "180", "hero2_name": "哪吒", "played": "6", "win_rate": "0.5000" },
    { "hero1_id": "107", "hero1_name": "赵云", "hero2_id": "139", "hero2_name": "老夫子", "played": "6", "win_rate": "0.6667" },
    { "hero1_id": "139", "hero1_name": "老夫子", "hero2_id": "169", "hero2_name": "后羿", "played": "6", "win_rate": "0.6667" },
    { "hero1_id": "184", "hero1_name": "蔡文姬", "hero2_id": "190", "hero2_name": "诸葛亮", "played": "6", "win_rate": "0.3333" },
    { "hero1_id": "141", "hero1_name": "貂蝉", "hero2_id": "180", "hero2_name": "哪吒", "played": "6", "win_rate": "0.5000" },
    { "hero1_id": "108", "hero1_name": "墨子", "hero2_id": "130", "hero2_name": "宫本武藏", "played": "6", "win_rate": "0.5000" },
    { "hero1_id": "116", "hero1_name": "阿轲", "hero2_id": "157", "hero2_name": "不知火舞", "played": "6", "win_rate": "0.6667" },
    { "hero1_id": "134", "hero1_name": "达摩", "hero2_id": "150", "hero2_name": "韩信", "played": "6", "win_rate": "0.5000" },
    { "hero1_id": "111", "hero1_name": "孙尚香", "hero2_id": "186", "hero2_name": "太乙真人", "played": "5", "win_rate": "0.4000" },
    { "hero1_id": "135", "hero1_name": "项羽", "hero2_id": "180", "hero2_name": "哪吒", "played": "5", "win_rate": "0.4000" },
    { "hero1_id": "123", "hero1_name": "吕布", "hero2_id": "186", "hero2_name": "太乙真人", "played": "5", "win_rate": "0.2000" },
    { "hero1_id": "128", "hero1_name": "曹操", "hero2_id": "162", "hero2_name": "娜可露露", "played": "5", "win_rate": "0.6000" },
    { "hero1_id": "149", "hero1_name": "刘邦", "hero2_id": "168", "hero2_name": "牛魔", "played": "5", "win_rate": "0.4000" },
    { "hero1_id": "150", "hero1_name": "韩信", "hero2_id": "180", "hero2_name": "哪吒", "played": "5", "win_rate": "0.0000" },
    { "hero1_id": "146", "hero1_name": "露娜", "hero2_id": "163", "hero2_name": "橘右京", "played": "5", "win_rate": "0.2000" },
    { "hero1_id": "173", "hero1_name": "李元芳", "hero2_id": "186", "hero2_name": "太乙真人", "played": "5", "win_rate": "0.6000" },
    { "hero1_id": "139", "hero1_name": "老夫子", "hero2_id": "154", "hero2_name": "花木兰", "played": "5", "win_rate": "0.4000" },
    { "hero1_id": "128", "hero1_name": "曹操", "hero2_id": "153", "hero2_name": "兰陵王", "played": "5", "win_rate": "0.6000" },
    { "hero1_id": "174", "hero1_name": "虞姬", "hero2_id": "191", "hero2_name": "大乔", "played": "5", "win_rate": "0.8000" },
    { "hero1_id": "131", "hero1_name": "李白", "hero2_id": "146", "hero2_name": "露娜", "played": "5", "win_rate": "0.6000" },
    { "hero1_id": "139", "hero1_name": "老夫子", "hero2_id": "163", "hero2_name": "橘右京", "played": "5", "win_rate": "0.6000" },
    { "hero1_id": "126", "hero1_name": "夏侯惇", "hero2_id": "174", "hero2_name": "虞姬", "played": "5", "win_rate": "0.8000" },
    { "hero1_id": "174", "hero1_name": "虞姬", "hero2_id": "184", "hero2_name": "蔡文姬", "played": "5", "win_rate": "0.6000" },
    { "hero1_id": "107", "hero1_name": "赵云", "hero2_id": "169", "hero2_name": "后羿", "played": "5", "win_rate": "0.8000" },
    { "hero1_id": "141", "hero1_name": "貂蝉", "hero2_id": "162", "hero2_name": "娜可露露", "played": "5", "win_rate": "0.4000" },
    { "hero1_id": "130", "hero1_name": "宫本武藏", "hero2_id": "154", "hero2_name": "花木兰", "played": "5", "win_rate": "1.0000" },
    { "hero1_id": "126", "hero1_name": "夏侯惇", "hero2_id": "132", "hero2_name": "马可波罗", "played": "5", "win_rate": "0.8000" },
    { "hero1_id": "132", "hero1_name": "马可波罗", "hero2_id": "135", "hero2_name": "项羽", "played": "5", "win_rate": "0.6000" },
    { "hero1_id": "108", "hero1_name": "墨子", "hero2_id": "140", "hero2_name": "关羽", "played": "5", "win_rate": "0.2000" },
    { "hero1_id": "110", "hero1_name": "嬴政", "hero2_id": "168", "hero2_name": "牛魔", "played": "5", "win_rate": "0.4000" },
    { "hero1_id": "162", "hero1_name": "娜可露露", "hero2_id": "180", "hero2_name": "哪吒", "played": "5", "win_rate": "0.4000" },
    { "hero1_id": "153", "hero1_name": "兰陵王", "hero2_id": "190", "hero2_name": "诸葛亮", "played": "5", "win_rate": "0.0000" },
    { "hero1_id": "112", "hero1_name": "鲁班七号", "hero2_id": "180", "hero2_name": "哪吒", "played": "5", "win_rate": "0.0000" },
    { "hero1_id": "118", "hero1_name": "孙膑", "hero2_id": "140", "hero2_name": "关羽", "played": "5", "win_rate": "0.6000" },
    { "hero1_id": "130", "hero1_name": "宫本武藏", "hero2_id": "140", "hero2_name": "关羽", "played": "5", "win_rate": "0.6000" },
    { "hero1_id": "162", "hero1_name": "娜可露露", "hero2_id": "171", "hero2_name": "张飞", "played": "5", "win_rate": "0.6000" },
    { "hero1_id": "123", "hero1_name": "吕布", "hero2_id": "132", "hero2_name": "马可波罗", "played": "5", "win_rate": "0.2000" },
    { "hero1_id": "107", "hero1_name": "赵云", "hero2_id": "192", "hero2_name": "黄忠", "played": "5", "win_rate": "0.4000" },
    { "hero1_id": "108", "hero1_name": "墨子", "hero2_id": "187", "hero2_name": "东皇太一", "played": "5", "win_rate": "0.2000" },
    { "hero1_id": "116", "hero1_name": "阿轲", "hero2_id": "123", "hero2_name": "吕布", "played": "5", "win_rate": "0.8000" },
    { "hero1_id": "108", "hero1_name": "墨子", "hero2_id": "139", "hero2_name": "老夫子", "played": "5", "win_rate": "0.6000" },
    { "hero1_id": "132", "hero1_name": "马可波罗", "hero2_id": "184", "hero2_name": "蔡文姬", "played": "5", "win_rate": "0.0000" },
    { "hero1_id": "190", "hero1_name": "诸葛亮", "hero2_id": "192", "hero2_name": "黄忠", "played": "5", "win_rate": "0.8000" },
    { "hero1_id": "157", "hero1_name": "不知火舞", "hero2_id": "191", "hero2_name": "大乔", "played": "5", "win_rate": "0.6000" },
    { "hero1_id": "118", "hero1_name": "孙膑", "hero2_id": "169", "hero2_name": "后羿", "played": "5", "win_rate": "0.8000" },
    { "hero1_id": "115", "hero1_name": "高渐离", "hero2_id": "192", "hero2_name": "黄忠", "played": "5", "win_rate": "0.2000" },
    { "hero1_id": "111", "hero1_name": "孙尚香", "hero2_id": "115", "hero2_name": "高渐离", "played": "5", "win_rate": "0.4000" },
    { "hero1_id": "115", "hero1_name": "高渐离", "hero2_id": "150", "hero2_name": "韩信", "played": "5", "win_rate": "1.0000" },
    { "hero1_id": "118", "hero1_name": "孙膑", "hero2_id": "139", "hero2_name": "老夫子", "played": "4", "win_rate": "0.5000" },
    { "hero1_id": "135", "hero1_name": "项羽", "hero2_id": "157", "hero2_name": "不知火舞", "played": "4", "win_rate": "0.5000" },
    { "hero1_id": "113", "hero1_name": "庄周", "hero2_id": "130", "hero2_name": "宫本武藏", "played": "4", "win_rate": "0.2500" },
    { "hero1_id": "130", "hero1_name": "宫本武藏", "hero2_id": "150", "hero2_name": "韩信", "played": "4", "win_rate": "0.7500" },
    { "hero1_id": "126", "hero1_name": "夏侯惇", "hero2_id": "130", "hero2_name": "宫本武藏", "played": "4", "win_rate": "0.2500" },
    { "hero1_id": "113", "hero1_name": "庄周", "hero2_id": "163", "hero2_name": "橘右京", "played": "4", "win_rate": "0.2500" },
    { "hero1_id": "139", "hero1_name": "老夫子", "hero2_id": "180", "hero2_name": "哪吒", "played": "4", "win_rate": "0.0000" },
    { "hero1_id": "107", "hero1_name": "赵云", "hero2_id": "184", "hero2_name": "蔡文姬", "played": "4", "win_rate": "0.2500" },
    { "hero1_id": "111", "hero1_name": "孙尚香", "hero2_id": "113", "hero2_name": "庄周", "played": "4", "win_rate": "0.2500" },
    { "hero1_id": "106", "hero1_name": "小乔", "hero2_id": "178", "hero2_name": "杨戬", "played": "4", "win_rate": "0.5000" },
    { "hero1_id": "110", "hero1_name": "嬴政", "hero2_id": "171", "hero2_name": "张飞", "played": "4", "win_rate": "0.5000" },
    { "hero1_id": "149", "hero1_name": "刘邦", "hero2_id": "154", "hero2_name": "花木兰", "played": "4", "win_rate": "0.7500" },
    { "hero1_id": "126", "hero1_name": "夏侯惇", "hero2_id": "128", "hero2_name": "曹操", "played": "4", "win_rate": "0.5000" },
    { "hero1_id": "180", "hero1_name": "哪吒", "hero2_id": "184", "hero2_name": "蔡文姬", "played": "4", "win_rate": "0.0000" },
    { "hero1_id": "150", "hero1_name": "韩信", "hero2_id": "171", "hero2_name": "张飞", "played": "4", "win_rate": "0.7500" },
    { "hero1_id": "139", "hero1_name": "老夫子", "hero2_id": "146", "hero2_name": "露娜", "played": "4", "win_rate": "0.2500" },
    { "hero1_id": "113", "hero1_name": "庄周", "hero2_id": "140", "hero2_name": "关羽", "played": "4", "win_rate": "0.5000" },
    { "hero1_id": "111", "hero1_name": "孙尚香", "hero2_id": "140", "hero2_name": "关羽", "played": "4", "win_rate": "0.5000" },
    { "hero1_id": "110", "hero1_name": "嬴政", "hero2_id": "154", "hero2_name": "花木兰", "played": "4", "win_rate": "0.5000" },
    { "hero1_id": "110", "hero1_name": "嬴政", "hero2_id": "180", "hero2_name": "哪吒", "played": "4", "win_rate": "0.5000" },
    { "hero1_id": "149", "hero1_name": "刘邦", "hero2_id": "163", "hero2_name": "橘右京", "played": "4", "win_rate": "0.5000" },
    { "hero1_id": "135", "hero1_name": "项羽", "hero2_id": "163", "hero2_name": "橘右京", "played": "4", "win_rate": "0.2500" },
    { "hero1_id": "107", "hero1_name": "赵云", "hero2_id": "130", "hero2_name": "宫本武藏", "played": "4", "win_rate": "0.7500" },
    { "hero1_id": "131", "hero1_name": "李白", "hero2_id": "135", "hero2_name": "项羽", "played": "4", "win_rate": "0.7500" },
    { "hero1_id": "115", "hero1_name": "高渐离", "hero2_id": "146", "hero2_name": "露娜", "played": "4", "win_rate": "0.2500" },
    { "hero1_id": "123", "hero1_name": "吕布", "hero2_id": "174", "hero2_name": "虞姬", "played": "4", "win_rate": "0.2500" },
    { "hero1_id": "110", "hero1_name": "嬴政", "hero2_id": "187", "hero2_name": "东皇太一", "played": "4", "win_rate": "0.5000" },
    { "hero1_id": "113", "hero1_name": "庄周", "hero2_id": "123", "hero2_name": "吕布", "played": "4", "win_rate": "0.2500" },
    { "hero1_id": "115", "hero1_name": "高渐离", "hero2_id": "123", "hero2_name": "吕布", "played": "4", "win_rate": "0.2500" },
    { "hero1_id": "112", "hero1_name": "鲁班七号", "hero2_id": "149", "hero2_name": "刘邦", "played": "4", "win_rate": "1.0000" },
    { "hero1_id": "171", "hero1_name": "张飞", "hero2_id": "182", "hero2_name": "干将莫邪", "played": "4", "win_rate": "0.5000" },
    { "hero1_id": "108", "hero1_name": "墨子", "hero2_id": "150", "hero2_name": "韩信", "played": "4", "win_rate": "0.5000" },
    { "hero1_id": "111", "hero1_name": "孙尚香", "hero2_id": "187", "hero2_name": "东皇太一", "played": "4", "win_rate": "0.2500" },
    { "hero1_id": "178", "hero1_name": "杨戬", "hero2_id": "192", "hero2_name": "黄忠", "played": "4", "win_rate": "0.2500" },
    { "hero1_id": "135", "hero1_name": "项羽", "hero2_id": "162", "hero2_name": "娜可露露", "played": "4", "win_rate": "0.5000" },
    { "hero1_id": "149", "hero1_name": "刘邦", "hero2_id": "178", "hero2_name": "杨戬", "played": "4", "win_rate": "0.2500" },
    { "hero1_id": "141", "hero1_name": "貂蝉", "hero2_id": "173", "hero2_name": "李元芳", "played": "4", "win_rate": "1.0000" },
    { "hero1_id": "106", "hero1_name": "小乔", "hero2_id": "132", "hero2_name": "马可波罗", "played": "4", "win_rate": "0.2500" },
    { "hero1_id": "128", "hero1_name": "曹操", "hero2_id": "135", "hero2_name": "项羽", "played": "4", "win_rate": "0.2500" },
    { "hero1_id": "113", "hero1_name": "庄周", "hero2_id": "187", "hero2_name": "东皇太一", "played": "4", "win_rate": "0.5000" },
    { "hero1_id": "135", "hero1_name": "项羽", "hero2_id": "146", "hero2_name": "露娜", "played": "4", "win_rate": "0.5000" },
    { "hero1_id": "110", "hero1_name": "嬴政", "hero2_id": "186", "hero2_name": "太乙真人", "played": "4", "win_rate": "0.7500" },
    { "hero1_id": "130", "hero1_name": "宫本武藏", "hero2_id": "146", "hero2_name": "露娜", "played": "4", "win_rate": "0.7500" },
    { "hero1_id": "150", "hero1_name": "韩信", "hero2_id": "168", "hero2_name": "牛魔", "played": "4", "win_rate": "0.2500" },
    { "hero1_id": "111", "hero1_name": "孙尚香", "hero2_id": "131", "hero2_name": "李白", "played": "4", "win_rate": "0.5000" },
    { "hero1_id": "140", "hero1_name": "关羽", "hero2_id": "146", "hero2_name": "露娜", "played": "4", "win_rate": "0.5000" },
    { "hero1_id": "113", "hero1_name": "庄周", "hero2_id": "173", "hero2_name": "李元芳", "played": "4", "win_rate": "0.7500" },
    { "hero1_id": "128", "hero1_name": "曹操", "hero2_id": "170", "hero2_name": "刘备", "played": "3", "win_rate": "0.6667" },
    { "hero1_id": "154", "hero1_name": "花木兰", "hero2_id": "170", "hero2_name": "刘备", "played": "3", "win_rate": "0.6667" },
    { "hero1_id": "128", "hero1_name": "曹操", "hero2_id": "182", "hero2_name": "干将莫邪", "played": "3", "win_rate": "0.3333" },
    { "hero1_id": "140", "hero1_name": "关羽", "hero2_id": "180", "hero2_name": "哪吒", "played": "3", "win_rate": "0.0000" },
    { "hero1_id": "111", "hero1_name": "孙尚香", "hero2_id": "118", "hero2_name": "孙膑", "played": "3", "win_rate": "0.3333" },
    { "hero1_id": "154", "hero1_name": "花木兰", "hero2_id": "182", "hero2_name": "干将莫邪", "played": "3", "win_rate": "0.6667" },
    { "hero1_id": "149", "hero1_name": "刘邦", "hero2_id": "192", "hero2_name": "黄忠", "played": "3", "win_rate": "0.0000" },
    { "hero1_id": "113", "hero1_name": "庄周", "hero2_id": "141", "hero2_name": "貂蝉", "played": "3", "win_rate": "0.3333" },
    { "hero1_id": "121", "hero1_name": "芈月", "hero2_id": "140", "hero2_name": "关羽", "played": "3", "win_rate": "0.3333" },
    { "hero1_id": "163", "hero1_name": "橘右京", "hero2_id": "191", "hero2_name": "大乔", "played": "3", "win_rate": "0.3333" },
    { "hero1_id": "110", "hero1_name": "嬴政", "hero2_id": "162", "hero2_name": "娜可露露", "played": "3", "win_rate": "0.6667" },
    { "hero1_id": "113", "hero1_name": "庄周", "hero2_id": "182", "hero2_name": "干将莫邪", "played": "3", "win_rate": "0.0000" },
    { "hero1_id": "154", "hero1_name": "花木兰", "hero2_id": "162", "hero2_name": "娜可露露", "played": "3", "win_rate": "0.6667" },
    { "hero1_id": "182", "hero1_name": "干将莫邪", "hero2_id": "186", "hero2_name": "太乙真人", "played": "3", "win_rate": "0.3333" },
    { "hero1_id": "118", "hero1_name": "孙膑", "hero2_id": "146", "hero2_name": "露娜", "played": "3", "win_rate": "0.3333" },
    { "hero1_id": "113", "hero1_name": "庄周", "hero2_id": "118", "hero2_name": "孙膑", "played": "3", "win_rate": "0.3333" },
    { "hero1_id": "157", "hero1_name": "不知火舞", "hero2_id": "190", "hero2_name": "诸葛亮", "played": "3", "win_rate": "0.3333" },
    { "hero1_id": "108", "hero1_name": "墨子", "hero2_id": "173", "hero2_name": "李元芳", "played": "3", "win_rate": "0.3333" },
    { "hero1_id": "107", "hero1_name": "赵云", "hero2_id": "131", "hero2_name": "李白", "played": "3", "win_rate": "0.3333" },
    { "hero1_id": "140", "hero1_name": "关羽", "hero2_id": "187", "hero2_name": "东皇太一", "played": "3", "win_rate": "0.6667" },
    { "hero1_id": "108", "hero1_name": "墨子", "hero2_id": "191", "hero2_name": "大乔", "played": "3", "win_rate": "0.3333" },
    { "hero1_id": "106", "hero1_name": "小乔", "hero2_id": "140", "hero2_name": "关羽", "played": "3", "win_rate": "0.6667" },
    { "hero1_id": "121", "hero1_name": "芈月", "hero2_id": "168", "hero2_name": "牛魔", "played": "3", "win_rate": "0.6667" },
    { "hero1_id": "123", "hero1_name": "吕布", "hero2_id": "163", "hero2_name": "橘右京", "played": "3", "win_rate": "0.6667" },
    { "hero1_id": "133", "hero1_name": "狄仁杰", "hero2_id": "178", "hero2_name": "杨戬", "played": "3", "win_rate": "0.3333" },
    { "hero1_id": "107", "hero1_name": "赵云", "hero2_id": "163", "hero2_name": "橘右京", "played": "3", "win_rate": "0.3333" },
    { "hero1_id": "113", "hero1_name": "庄周", "hero2_id": "171", "hero2_name": "张飞", "played": "3", "win_rate": "0.0000" },
    { "hero1_id": "140", "hero1_name": "关羽", "hero2_id": "162", "hero2_name": "娜可露露", "played": "3", "win_rate": "0.6667" },
    { "hero1_id": "130", "hero1_name": "宫本武藏", "hero2_id": "135", "hero2_name": "项羽", "played": "3", "win_rate": "0.6667" },
    { "hero1_id": "123", "hero1_name": "吕布", "hero2_id": "139", "hero2_name": "老夫子", "played": "3", "win_rate": "1.0000" },
    { "hero1_id": "153", "hero1_name": "兰陵王", "hero2_id": "191", "hero2_name": "大乔", "played": "3", "win_rate": "1.0000" },
    { "hero1_id": "126", "hero1_name": "夏侯惇", "hero2_id": "149", "hero2_name": "刘邦", "played": "3", "win_rate": "0.6667" },
    { "hero1_id": "108", "hero1_name": "墨子", "hero2_id": "118", "hero2_name": "孙膑", "played": "3", "win_rate": "0.3333" },
    { "hero1_id": "116", "hero1_name": "阿轲", "hero2_id": "139", "hero2_name": "老夫子", "played": "3", "win_rate": "0.6667" },
    { "hero1_id": "115", "hero1_name": "高渐离", "hero2_id": "135", "hero2_name": "项羽", "played": "3", "win_rate": "0.0000" },
    { "hero1_id": "111", "hero1_name": "孙尚香", "hero2_id": "163", "hero2_name": "橘右京", "played": "3", "win_rate": "0.3333" },
    { "hero1_id": "112", "hero1_name": "鲁班七号", "hero2_id": "184", "hero2_name": "蔡文姬", "played": "3", "win_rate": "0.3333" },
    { "hero1_id": "115", "hero1_name": "高渐离", "hero2_id": "157", "hero2_name": "不知火舞", "played": "3", "win_rate": "0.6667" },
    { "hero1_id": "107", "hero1_name": "赵云", "hero2_id": "113", "hero2_name": "庄周", "played": "3", "win_rate": "0.6667" },
    { "hero1_id": "107", "hero1_name": "赵云", "hero2_id": "183", "hero2_name": "雅典娜", "played": "3", "win_rate": "0.0000" },
    { "hero1_id": "153", "hero1_name": "兰陵王", "hero2_id": "178", "hero2_name": "杨戬", "played": "3", "win_rate": "0.0000" },
    { "hero1_id": "149", "hero1_name": "刘邦", "hero2_id": "180", "hero2_name": "哪吒", "played": "3", "win_rate": "0.3333" },
    { "hero1_id": "150", "hero1_name": "韩信", "hero2_id": "191", "hero2_name": "大乔", "played": "3", "win_rate": "0.3333" },
    { "hero1_id": "131", "hero1_name": "李白", "hero2_id": "169", "hero2_name": "后羿", "played": "3", "win_rate": "1.0000" },
    { "hero1_id": "136", "hero1_name": "武则天", "hero2_id": "178", "hero2_name": "杨戬", "played": "3", "win_rate": "0.3333" },
    { "hero1_id": "132", "hero1_name": "马可波罗", "hero2_id": "150", "hero2_name": "韩信", "played": "3", "win_rate": "0.3333" },
    { "hero1_id": "106", "hero1_name": "小乔", "hero2_id": "174", "hero2_name": "虞姬", "played": "3", "win_rate": "0.3333" },
    { "hero1_id": "112", "hero1_name": "鲁班七号", "hero2_id": "163", "hero2_name": "橘右京", "played": "3", "win_rate": "0.3333" },
    { "hero1_id": "133", "hero1_name": "狄仁杰", "hero2_id": "171", "hero2_name": "张飞", "played": "3", "win_rate": "0.3333" },
    { "hero1_id": "169", "hero1_name": "后羿", "hero2_id": "184", "hero2_name": "蔡文姬", "played": "3", "win_rate": "0.3333" },
    { "hero1_id": "108", "hero1_name": "墨子", "hero2_id": "162", "hero2_name": "娜可露露", "played": "3", "win_rate": "0.0000" },
    { "hero1_id": "135", "hero1_name": "项羽", "hero2_id": "150", "hero2_name": "韩信", "played": "3", "win_rate": "0.3333" },
    { "hero1_id": "107", "hero1_name": "赵云", "hero2_id": "121", "hero2_name": "芈月", "played": "3", "win_rate": "0.6667" },
    { "hero1_id": "157", "hero1_name": "不知火舞", "hero2_id": "192", "hero2_name": "黄忠", "played": "3", "win_rate": "0.6667" },
    { "hero1_id": "140", "hero1_name": "关羽", "hero2_id": "192", "hero2_name": "黄忠", "played": "3", "win_rate": "1.0000" },
    { "hero1_id": "141", "hero1_name": "貂蝉", "hero2_id": "184", "hero2_name": "蔡文姬", "played": "3", "win_rate": "0.6667" },
    { "hero1_id": "123", "hero1_name": "吕布", "hero2_id": "168", "hero2_name": "牛魔", "played": "3", "win_rate": "0.3333" },
    { "hero1_id": "146", "hero1_name": "露娜", "hero2_id": "180", "hero2_name": "哪吒", "played": "3", "win_rate": "0.0000" },
    { "hero1_id": "106", "hero1_name": "小乔", "hero2_id": "186", "hero2_name": "太乙真人", "played": "3", "win_rate": "0.3333" },
    { "hero1_id": "107", "hero1_name": "赵云", "hero2_id": "112", "hero2_name": "鲁班七号", "played": "3", "win_rate": "0.6667" },
    { "hero1_id": "150", "hero1_name": "韩信", "hero2_id": "154", "hero2_name": "花木兰", "played": "3", "win_rate": "0.6667" },
    { "hero1_id": "153", "hero1_name": "兰陵王", "hero2_id": "174", "hero2_name": "虞姬", "played": "3", "win_rate": "1.0000" },
    { "hero1_id": "139", "hero1_name": "老夫子", "hero2_id": "149", "hero2_name": "刘邦", "played": "3", "win_rate": "0.3333" },
    { "hero1_id": "108", "hero1_name": "墨子", "hero2_id": "123", "hero2_name": "吕布", "played": "3", "win_rate": "0.3333" },
    { "hero1_id": "126", "hero1_name": "夏侯惇", "hero2_id": "178", "hero2_name": "杨戬", "played": "3", "win_rate": "0.6667" },
    { "hero1_id": "111", "hero1_name": "孙尚香", "hero2_id": "146", "hero2_name": "露娜", "played": "3", "win_rate": "0.6667" },
    { "hero1_id": "106", "hero1_name": "小乔", "hero2_id": "171", "hero2_name": "张飞", "played": "3", "win_rate": "0.6667" },
    { "hero1_id": "121", "hero1_name": "芈月", "hero2_id": "190", "hero2_name": "诸葛亮", "played": "3", "win_rate": "0.6667" },
    { "hero1_id": "130", "hero1_name": "宫本武藏", "hero2_id": "186", "hero2_name": "太乙真人", "played": "3", "win_rate": "0.6667" },
    { "hero1_id": "140", "hero1_name": "关羽", "hero2_id": "154", "hero2_name": "花木兰", "played": "3", "win_rate": "1.0000" },
    { "hero1_id": "182", "hero1_name": "干将莫邪", "hero2_id": "187", "hero2_name": "东皇太一", "played": "3", "win_rate": "0.3333" },
    { "hero1_id": "149", "hero1_name": "刘邦", "hero2_id": "169", "hero2_name": "后羿", "played": "3", "win_rate": "0.0000" },
    { "hero1_id": "120", "hero1_name": "白起", "hero2_id": "178", "hero2_name": "杨戬", "played": "3", "win_rate": "0.3333" },
    { "hero1_id": "112", "hero1_name": "鲁班七号", "hero2_id": "128", "hero2_name": "曹操", "played": "3", "win_rate": "0.6667" },
    { "hero1_id": "121", "hero1_name": "芈月", "hero2_id": "130", "hero2_name": "宫本武藏", "played": "3", "win_rate": "0.3333" },
    { "hero1_id": "123", "hero1_name": "吕布", "hero2_id": "150", "hero2_name": "韩信", "played": "3", "win_rate": "0.3333" },
    { "hero1_id": "134", "hero1_name": "达摩", "hero2_id": "135", "hero2_name": "项羽", "played": "3", "win_rate": "0.0000" },
    { "hero1_id": "121", "hero1_name": "芈月", "hero2_id": "171", "hero2_name": "张飞", "played": "3", "win_rate": "0.3333" },
    { "hero1_id": "118", "hero1_name": "孙膑", "hero2_id": "123", "hero2_name": "吕布", "played": "3", "win_rate": "0.3333" }
]