[
    { "avg_assist": "4.42", "avg_ban_seq": "3.5", "avg_bekill": "3.13", "avg_kill": "2.95", "avg_pick_seq": "0.0", "ban_cnt": "93", "gpm": "530", "hero_id": "178", "hero_name": "杨戬", "kda": "3.46", "pick_cnt": "233", "played": "233", "win_rate": "0.4549" },
    { "avg_assist": "5.03", "avg_ban_seq": "3.4", "avg_bekill": "2.71", "avg_kill": "2.15", "avg_pick_seq": "0.0", "ban_cnt": "64", "gpm": "536", "hero_id": "128", "hero_name": "曹操", "kda": "3.74", "pick_cnt": "224", "played": "224", "win_rate": "0.5179" },
    { "avg_assist": "6.21", "avg_ban_seq": "4.9", "avg_bekill": "2.79", "avg_kill": "2.03", "avg_pick_seq": "0.0", "ban_cnt": "53", "gpm": "433", "hero_id": "134", "hero_name": "达摩", "kda": "4.25", "pick_cnt": "214", "played": "214", "win_rate": "0.5093" },
    { "avg_assist": "4.63", "avg_ban_seq": "3.9", "avg_bekill": "2.00", "avg_kill": "4.74", "avg_pick_seq": "0.0", "ban_cnt": "77", "gpm": "560", "hero_id": "190", "hero_name": "诸葛亮", "kda": "5.97", "pick_cnt": "214", "played": "214", "win_rate": "0.4766" },
    { "avg_assist": "6.88", "avg_ban_seq": "5.8", "avg_bekill": "2.21", "avg_kill": "0.85", "avg_pick_seq": "0.0", "ban_cnt": "30", "gpm": "329", "hero_id": "171", "hero_name": "张飞", "kda": "4.86", "pick_cnt": "188", "played": "188", "win_rate": "0.5585" },
    { "avg_assist": "5.59", "avg_ban_seq": "5.1", "avg_bekill": "2.32", "avg_kill": "3.38", "avg_pick_seq": "0.0", "ban_cnt": "61", "gpm": "515", "hero_id": "157", "hero_name": "不知火舞", "kda": "5.16", "pick_cnt": "182", "played": "182", "win_rate": "0.5769" },
    { "avg_assist": "5.28", "avg_ban_seq": "3.7", "avg_bekill": "1.74", "avg_kill": "3.28", "avg_pick_seq": "0.0", "ban_cnt": "156", "gpm": "613", "hero_id": "132", "hero_name": "马可波罗", "kda": "5.69", "pick_cnt": "166", "played": "166", "win_rate": "0.4819" },
    { "avg_assist": "4.92", "avg_ban_seq": "5.0", "avg_bekill": "1.69", "avg_kill": "3.44", "avg_pick_seq": "0.0", "ban_cnt": "95", "gpm": "537", "hero_id": "174", "hero_name": "虞姬", "kda": "5.88", "pick_cnt": "160", "played": "160", "win_rate": "0.4875" },
    { "avg_assist": "5.30", "avg_ban_seq": "3.5", "avg_bekill": "2.58", "avg_kill": "2.93", "avg_pick_seq": "0.0", "ban_cnt": "175", "gpm": "560", "hero_id": "154", "hero_name": "花木兰", "kda": "4.32", "pick_cnt": "135", "played": "135", "win_rate": "0.6296" },
    { "avg_assist": "5.62", "avg_ban_seq": "6.1", "avg_bekill": "2.75", "avg_kill": "2.02", "avg_pick_seq": "0.0", "ban_cnt": "22", "gpm": "477", "hero_id": "107", "hero_name": "赵云", "kda": "4.01", "pick_cnt": "118", "played": "118", "win_rate": "0.4915" },
    { "avg_assist": "7.09", "avg_ban_seq": "6.5", "avg_bekill": "3.14", "avg_kill": "0.79", "avg_pick_seq": "0.0", "ban_cnt": "3", "gpm": "319", "hero_id": "168", "hero_name": "牛魔", "kda": "3.60", "pick_cnt": "112", "played": "112", "win_rate": "0.4643" },
    { "avg_assist": "5.40", "avg_ban_seq": "5.7", "avg_bekill": "2.73", "avg_kill": "3.42", "avg_pick_seq": "0.0", "ban_cnt": "30", "gpm": "531", "hero_id": "115", "hero_name": "高渐离", "kda": "4.60", "pick_cnt": "109", "played": "109", "win_rate": "0.5229" },
    { "avg_assist": "6.21", "avg_ban_seq": "4.1", "avg_bekill": "4.01", "avg_kill": "1.60", "avg_pick_seq": "0.0", "ban_cnt": "97", "gpm": "338", "hero_id": "187", "hero_name": "东皇太一", "kda": "3.01", "pick_cnt": "103", "played": "103", "win_rate": "0.5049" },
    { "avg_assist": "5.70", "avg_ban_seq": "5.8", "avg_bekill": "2.15", "avg_kill": "3.64", "avg_pick_seq": "0.0", "ban_cnt": "56", "gpm": "531", "hero_id": "141", "hero_name": "貂蝉", "kda": "5.71", "pick_cnt": "87", "played": "87", "win_rate": "0.5747" },
    { "avg_assist": "6.85", "avg_ban_seq": "4.8", "avg_bekill": "3.57", "avg_kill": "0.76", "avg_pick_seq": "0.0", "ban_cnt": "67", "gpm": "363", "hero_id": "186", "hero_name": "太乙真人", "kda": "3.32", "pick_cnt": "84", "played": "84", "win_rate": "0.5357" },
    { "avg_assist": "5.93", "avg_ban_seq": "7.1", "avg_bekill": "2.95", "avg_kill": "1.96", "avg_pick_seq": "0.0", "ban_cnt": "2", "gpm": "465", "hero_id": "163", "hero_name": "橘右京", "kda": "3.48", "pick_cnt": "76", "played": "76", "win_rate": "0.3947" },
    { "avg_assist": "4.53", "avg_ban_seq": "3.0", "avg_bekill": "2.35", "avg_kill": "3.15", "avg_pick_seq": "0.0", "ban_cnt": "268", "gpm": "555", "hero_id": "140", "hero_name": "关羽", "kda": "4.53", "pick_cnt": "74", "played": "74", "win_rate": "0.5811" },
    { "avg_assist": "5.64", "avg_ban_seq": "3.9", "avg_bekill": "2.41", "avg_kill": "2.67", "avg_pick_seq": "0.0", "ban_cnt": "137", "gpm": "538", "hero_id": "131", "hero_name": "李白", "kda": "5.08", "pick_cnt": "73", "played": "73", "win_rate": "0.5616" },
    { "avg_assist": "5.51", "avg_ban_seq": "4.8", "avg_bekill": "3.45", "avg_kill": "2.49", "avg_pick_seq": "0.0", "ban_cnt": "79", "gpm": "506", "hero_id": "180", "hero_name": "哪吒", "kda": "3.39", "pick_cnt": "71", "played": "71", "win_rate": "0.3521" },
    { "avg_assist": "3.89", "avg_ban_seq": "4.5", "avg_bekill": "2.67", "avg_kill": "2.53", "avg_pick_seq": "0.0", "ban_cnt": "82", "gpm": "592", "hero_id": "146", "hero_name": "露娜", "kda": "3.25", "pick_cnt": "66", "played": "66", "win_rate": "0.4242" },
    { "avg_assist": "6.17", "avg_ban_seq": "6.4", "avg_bekill": "2.69", "avg_kill": "1.94", "avg_pick_seq": "0.0", "ban_cnt": "23", "gpm": "467", "hero_id": "130", "hero_name": "宫本武藏", "kda": "4.42", "pick_cnt": "65", "played": "65", "win_rate": "0.5692" },
    { "avg_assist": "6.24", "avg_ban_seq": "7.2", "avg_bekill": "1.78", "avg_kill": "2.81", "avg_pick_seq": "0.0", "ban_cnt": "18", "gpm": "572", "hero_id": "169", "hero_name": "后羿", "kda": "6.00", "pick_cnt": "63", "played": "63", "win_rate": "0.5873" },
    { "avg_assist": "4.15", "avg_ban_seq": "3.6", "avg_bekill": "2.98", "avg_kill": "2.19", "avg_pick_seq": "0.0", "ban_cnt": "124", "gpm": "591", "hero_id": "139", "hero_name": "老夫子", "kda": "3.06", "pick_cnt": "59", "played": "59", "win_rate": "0.5085" },
    { "avg_assist": "6.05", "avg_ban_seq": "7.2", "avg_bekill": "2.45", "avg_kill": "1.55", "avg_pick_seq": "0.0", "ban_cnt": "3", "gpm": "473", "hero_id": "149", "hero_name": "刘邦", "kda": "4.57", "pick_cnt": "55", "played": "55", "win_rate": "0.4182" },
    { "avg_assist": "8.66", "avg_ban_seq": "6.9", "avg_bekill": "2.26", "avg_kill": "1.43", "avg_pick_seq": "0.0", "ban_cnt": "8", "gpm": "348", "hero_id": "118", "hero_name": "孙膑", "kda": "5.95", "pick_cnt": "53", "played": "53", "win_rate": "0.5283" },
    { "avg_assist": "4.98", "avg_ban_seq": "7.6", "avg_bekill": "2.47", "avg_kill": "2.45", "avg_pick_seq": "0.0", "ban_cnt": "0", "gpm": "489", "hero_id": "123", "hero_name": "吕布", "kda": "4.06", "pick_cnt": "51", "played": "51", "win_rate": "0.4314" },
    { "avg_assist": "6.98", "avg_ban_seq": "4.4", "avg_bekill": "2.00", "avg_kill": "3.04", "avg_pick_seq": "0.0", "ban_cnt": "39", "gpm": "569", "hero_id": "173", "hero_name": "李元芳", "kda": "6.47", "pick_cnt": "48", "played": "48", "win_rate": "0.6875" },
    { "avg_assist": "4.87", "avg_ban_seq": "8.6", "avg_bekill": "1.85", "avg_kill": "2.06", "avg_pick_seq": "0.0", "ban_cnt": "1", "gpm": "508", "hero_id": "108", "hero_name": "墨子", "kda": "4.82", "pick_cnt": "47", "played": "47", "win_rate": "0.3830" },
    { "avg_assist": "3.88", "avg_ban_seq": "8.2", "avg_bekill": "1.31", "avg_kill": "2.86", "avg_pick_seq": "0.0", "ban_cnt": "0", "gpm": "586", "hero_id": "111", "hero_name": "孙尚香", "kda": "5.29", "pick_cnt": "42", "played": "42", "win_rate": "0.4524" },
    { "avg_assist": "6.82", "avg_ban_seq": "5.6", "avg_bekill": "2.34", "avg_kill": "1.39", "avg_pick_seq": "0.0", "ban_cnt": "13", "gpm": "396", "hero_id": "113", "hero_name": "庄周", "kda": "4.11", "pick_cnt": "38", "played": "38", "win_rate": "0.4211" },
    { "avg_assist": "5.23", "avg_ban_seq": "3.3", "avg_bekill": "2.63", "avg_kill": "3.51", "avg_pick_seq": "0.0", "ban_cnt": "80", "gpm": "485", "hero_id": "162", "hero_name": "娜可露露", "kda": "4.74", "pick_cnt": "35", "played": "35", "win_rate": "0.4571" },
    { "avg_assist": "4.65", "avg_ban_seq": "4.9", "avg_bekill": "2.90", "avg_kill": "3.68", "avg_pick_seq": "0.0", "ban_cnt": "44", "gpm": "527", "hero_id": "116", "hero_name": "阿轲", "kda": "4.52", "pick_cnt": "31", "played": "31", "win_rate": "0.5806" },
    { "avg_assist": "4.13", "avg_ban_seq": "7.3", "avg_bekill": "3.37", "avg_kill": "2.67", "avg_pick_seq": "0.0", "ban_cnt": "7", "gpm": "581", "hero_id": "150", "hero_name": "韩信", "kda": "3.19", "pick_cnt": "30", "played": "30", "win_rate": "0.5333" },
    { "avg_assist": "5.11", "avg_ban_seq": "6.7", "avg_bekill": "1.81", "avg_kill": "2.67", "avg_pick_seq": "0.0", "ban_cnt": "16", "gpm": "574", "hero_id": "112", "hero_name": "鲁班七号", "kda": "5.12", "pick_cnt": "27", "played": "27", "win_rate": "0.5556" },
    { "avg_assist": "5.80", "avg_ban_seq": "8.5", "avg_bekill": "1.36", "avg_kill": "2.72", "avg_pick_seq": "0.0", "ban_cnt": "0", "gpm": "566", "hero_id": "110", "hero_name": "嬴政", "kda": "6.96", "pick_cnt": "25", "played": "25", "win_rate": "0.3600" },
    { "avg_assist": "6.09", "avg_ban_seq": "5.9", "avg_bekill": "2.48", "avg_kill": "0.61", "avg_pick_seq": "0.0", "ban_cnt": "12", "gpm": "330", "hero_id": "184", "hero_name": "蔡文姬", "kda": "3.38", "pick_cnt": "23", "played": "23", "win_rate": "0.3043" },
    { "avg_assist": "5.91", "avg_ban_seq": "8.1", "avg_bekill": "2.91", "avg_kill": "0.91", "avg_pick_seq": "0.0", "ban_cnt": "0", "gpm": "311", "hero_id": "135", "hero_name": "项羽", "kda": "3.63", "pick_cnt": "22", "played": "22", "win_rate": "0.3636" },
    { "avg_assist": "8.60", "avg_ban_seq": "7.4", "avg_bekill": "3.75", "avg_kill": "0.95", "avg_pick_seq": "0.0", "ban_cnt": "0", "gpm": "310", "hero_id": "126", "hero_name": "夏侯惇", "kda": "3.42", "pick_cnt": "20", "played": "20", "win_rate": "0.5000" },
    { "avg_assist": "5.53", "avg_ban_seq": "6.5", "avg_bekill": "1.53", "avg_kill": "3.73", "avg_pick_seq": "0.0", "ban_cnt": "7", "gpm": "610", "hero_id": "192", "hero_name": "黄忠", "kda": "6.51", "pick_cnt": "15", "played": "15", "win_rate": "0.4667" },
    { "avg_assist": "3.93", "avg_ban_seq": "3.8", "avg_bekill": "2.43", "avg_kill": "2.71", "avg_pick_seq": "0.0", "ban_cnt": "39", "gpm": "513", "hero_id": "182", "hero_name": "干将莫邪", "kda": "3.38", "pick_cnt": "14", "played": "14", "win_rate": "0.2857" },
    { "avg_assist": "8.50", "avg_ban_seq": "3.8", "avg_bekill": "2.25", "avg_kill": "1.00", "avg_pick_seq": "0.0", "ban_cnt": "36", "gpm": "330", "hero_id": "191", "hero_name": "大乔", "kda": "4.79", "pick_cnt": "12", "played": "12", "win_rate": "0.4167" },
    { "avg_assist": "6.55", "avg_ban_seq": "8.3", "avg_bekill": "2.18", "avg_kill": "3.64", "avg_pick_seq": "0.0", "ban_cnt": "0", "gpm": "444", "hero_id": "133", "hero_name": "狄仁杰", "kda": "4.89", "pick_cnt": "11", "played": "11", "win_rate": "0.3636" },
    { "avg_assist": "5.30", "avg_ban_seq": "8.8", "avg_bekill": "1.30", "avg_kill": "3.20", "avg_pick_seq": "0.0", "ban_cnt": "0", "gpm": "529", "hero_id": "106", "hero_name": "小乔", "kda": "5.20", "pick_cnt": "10", "played": "10", "win_rate": "0.5000" },
    { "avg_assist": "5.89", "avg_ban_seq": "8.6", "avg_bekill": "4.00", "avg_kill": "2.67", "avg_pick_seq": "0.0", "ban_cnt": "0", "gpm": "465", "hero_id": "153", "hero_name": "兰陵王", "kda": "2.54", "pick_cnt": "9", "played": "9", "win_rate": "0.3333" },
    { "avg_assist": "6.62", "avg_ban_seq": "8.2", "avg_bekill": "3.38", "avg_kill": "3.38", "avg_pick_seq": "0.0", "ban_cnt": "0", "gpm": "495", "hero_id": "121", "hero_name": "芈月", "kda": "4.11", "pick_cnt": "8", "played": "8", "win_rate": "0.3750" },
    { "avg_assist": "6.60", "avg_ban_seq": "9.2", "avg_bekill": "1.60", "avg_kill": "3.80", "avg_pick_seq": "0.0", "ban_cnt": "0", "gpm": "597", "hero_id": "170", "hero_name": "刘备", "kda": "8.56", "pick_cnt": "5", "played": "5", "win_rate": "0.6000" },
    { "avg_assist": "5.40", "avg_ban_seq": "9.4", "avg_bekill": "2.00", "avg_kill": "1.40", "avg_pick_seq": "0.0", "ban_cnt": "0", "gpm": "475", "hero_id": "136", "hero_name": "武则天", "kda": "3.77", "pick_cnt": "5", "played": "5", "win_rate": "0.2000" },
    { "avg_assist": "6.00", "avg_ban_seq": "9.2", "avg_bekill": "3.25", "avg_kill": "0.50", "avg_pick_seq": "0.0", "ban_cnt": "0", "gpm": "470", "hero_id": "183", "hero_name": "雅典娜", "kda": "1.83", "pick_cnt": "4", "played": "4", "win_rate": "0.2500" },
    { "avg_assist": "7.75", "avg_ban_seq": "7.2", "avg_bekill": "3.00", "avg_kill": "0.50", "avg_pick_seq": "0.0", "ban_cnt": "1", "gpm": "300", "hero_id": "120", "hero_name": "白起", "kda": "3.00", "pick_cnt": "4", "played": "4", "win_rate": "0.2500" },
    { "avg_assist": "7.33", "avg_ban_seq": "8.3", "avg_bekill": "6.00", "avg_kill": "0.67", "avg_pick_seq": "0.0", "ban_cnt": "0", "gpm": "279", "hero_id": "117", "hero_name": "钟无艳", "kda": "1.21", "pick_cnt": "3", "played": "3", "win_rate": "0.0000" },
    { "avg_assist": "7.67", "avg_ban_seq": "9.7", "avg_bekill": "4.00", "avg_kill": "2.33", "avg_pick_seq": "0.0", "ban_cnt": "0", "gpm": "422", "hero_id": "148", "hero_name": "姜子牙", "kda": "2.61", "pick_cnt": "3", "played": "3", "win_rate": "0.3333" },
    { "avg_assist": "5.00", "avg_ban_seq": "8.3", "avg_bekill": "2.67", "avg_kill": "3.33", "avg_pick_seq": "0.0", "ban_cnt": "0", "gpm": "599", "hero_id": "177", "hero_name": "成吉思汗", "kda": "3.58", "pick_cnt": "3", "played": "3", "win_rate": "0.3333" },
    { "avg_assist": "2.00", "avg_ban_seq": "8.0", "avg_bekill": "3.00", "avg_kill": "0.00", "avg_pick_seq": "0.0", "ban_cnt": "0", "gpm": "319", "hero_id": "105", "hero_name": "廉颇", "kda": "0.80", "pick_cnt": "2", "played": "2", "win_rate": "0.0000" },
    { "avg_assist": "8.00", "avg_ban_seq": "8.0", "avg_bekill": "1.50", "avg_kill": "2.50", "avg_pick_seq": "0.0", "ban_cnt": "1", "gpm": "511", "hero_id": "119", "hero_name": "扁鹊", "kda": "8.00", "pick_cnt": "2", "played": "2", "win_rate": "0.0000" },
    { "avg_assist": "3.00", "avg_ban_seq": "10.0", "avg_bekill": "6.00", "avg_kill": "2.00", "avg_pick_seq": "0.0", "ban_cnt": "0", "gpm": "301", "hero_id": "166", "hero_name": "亚瑟", "kda": "0.83", "pick_cnt": "1", "played": "1", "win_rate": "0.0000" },
    { "avg_assist": "0.00", "avg_ban_seq": "8.0", "avg_bekill": "4.00", "avg_kill": "0.00", "avg_pick_seq": "0.0", "ban_cnt": "0", "gpm": "376", "hero_id": "167", "hero_name": "孙悟空", "kda": "0.00", "pick_cnt": "1", "played": "1", "win_rate": "0.0000" },
    { "avg_assist": "6.00", "avg_ban_seq": "6.5", "avg_bekill": "3.00", "avg_kill": "2.00", "avg_pick_seq": "0.0", "ban_cnt": "1", "gpm": "374", "hero_id": "152", "hero_name": "王昭君", "kda": "2.67", "pick_cnt": "1", "played": "1", "win_rate": "0.0000" },
    { "avg_assist": "1.00", "avg_ban_seq": "6.0", "avg_bekill": "3.00", "avg_kill": "1.00", "avg_pick_seq": "0.0", "ban_cnt": "0", "gpm": "416", "hero_id": "156", "hero_name": "张良", "kda": "0.67", "pick_cnt": "1", "played": "1", "win_rate": "0.0000" },
    { "avg_assist": "2.00", "avg_ban_seq": "7.0", "avg_bekill": "2.00", "avg_kill": "0.00", "avg_pick_seq": "0.0", "ban_cnt": "0", "gpm": "370", "hero_id": "114", "hero_name": "刘禅", "kda": "1.00", "pick_cnt": "1", "played": "1", "win_rate": "0.0000" },
    { "avg_assist": "6.00", "avg_ban_seq": "10.0", "avg_bekill": "0.00", "avg_kill": "1.00", "avg_pick_seq": "0.0", "ban_cnt": "0", "gpm": "248", "hero_id": "175", "hero_name": "钟馗", "kda": "7.00", "pick_cnt": "1", "played": "1", "win_rate": "1.0000" },
    { "avg_assist": "4.00", "avg_ban_seq": "5.0", "avg_bekill": "3.00", "avg_kill": "6.00", "avg_pick_seq": "0.0", "ban_cnt": "1", "gpm": "590", "hero_id": "142", "hero_name": "安琪拉", "kda": "3.33", "pick_cnt": "1", "played": "1", "win_rate": "1.0000" },
    { "avg_assist": "0.00", "avg_ban_seq": "1.0", "avg_bekill": "0.00", "avg_kill": "0.00", "avg_pick_seq": "0.0", "ban_cnt": "1", "gpm": "0", "hero_id": "129", "hero_name": "典韦", "kda": "0.00", "pick_cnt": "0", "played": "0", "win_rate": "0.0000" },
    { "avg_assist": "0.00", "avg_ban_seq": "5.0", "avg_bekill": "0.00", "avg_kill": "0.00", "avg_pick_seq": "0.0", "ban_cnt": "1", "gpm": "0", "hero_id": "144", "hero_name": "程咬金", "kda": "0.00", "pick_cnt": "0", "played": "0", "win_rate": "0.0000" }
]