[
    { "hero_id": "109", "hero_name": "妲己" },
    { "hero_id": "124", "hero_name": "周瑜" },
    { "hero_id": "125", "hero_name": "元歌" },
    { "hero_id": "127", "hero_name": "甄姬" },
    { "hero_id": "137", "hero_name": "司马懿" },
    { "hero_id": "155", "hero_name": "艾琳" },
    { "hero_id": "176", "hero_name": "杨玉环" },
    { "hero_id": "179", "hero_name": "女娲" },
    { "hero_id": "189", "hero_name": "鬼谷子" },
    { "hero_id": "193", "hero_name": "铠" },
    { "hero_id": "194", "hero_name": "苏烈" },
    { "hero_id": "195", "hero_name": "百里玄策" },
    { "hero_id": "196", "hero_name": "百里守约" },
    { "hero_id": "197", "hero_name": "弈星" },
    { "hero_id": "198", "hero_name": "梦奇" },
    { "hero_id": "199", "hero_name": "公孙离" },
    { "hero_id": "312", "hero_name": "沈梦溪" },
    { "hero_id": "501", "hero_name": "明世隐" },
    { "hero_id": "502", "hero_name": "裴擒虎" },
    { "hero_id": "503", "hero_name": "狂铁" },
    { "hero_id": "504", "hero_name": "米莱狄" },
    { "hero_id": "505", "hero_name": "瑶" },
    { "hero_id": "506", "hero_name": "云中君" },
    { "hero_id": "507", "hero_name": "李信" },
    { "hero_id": "508", "hero_name": "伽罗" },
    { "hero_id": "509", "hero_name": "盾山" },
    { "hero_id": "510", "hero_name": "孙策" },
    { "hero_id": "511", "hero_name": "猪八戒" },
    { "hero_id": "513", "hero_name": "上官婉儿" },
    { "hero_id": "515", "hero_name": "嫦娥" },
    { "hero_id": "518", "hero_name": "马超" },
    { "hero_id": "522", "hero_name": "曜" },
    { "hero_id": "523", "hero_name": "西施" },
    { "hero_id": "525", "hero_name": "鲁班大师" },
    { "hero_id": "529", "hero_name": "盘古" }
]