[
    { "avg_assist": "6.12", "avg_bekill": "2.38", "avg_kill": "2.46", "gpm": "522", "kda": "4.92", "name": "QGhappy.Alan", "openid": "E5D1C89DE8A875B1187141E8BF55764B", "played": "68", "rating": "5.60", "total_kill": "167", "win_rate": "0.7794", "xpm": "355" },
    { "avg_assist": "7.97", "avg_bekill": "2.26", "avg_kill": "0.93", "gpm": "354", "kda": "5.58", "name": "QGhappy.YANG", "openid": "CC431042192DC2081E567A27B8FB5890", "played": "68", "rating": "5.60", "total_kill": "63", "win_rate": "0.7794", "xpm": "328" },
    { "avg_assist": "5.65", "avg_bekill": "1.89", "avg_kill": "2.79", "gpm": "599", "kda": "5.45", "name": "QGhappy.Fly", "openid": "81AEA3A32BA205D61F400FA612808490", "played": "66", "rating": "5.60", "total_kill": "184", "win_rate": "0.7879", "xpm": "360" },
    { "avg_assist": "6.38", "avg_bekill": "1.92", "avg_kill": "3.65", "gpm": "572", "kda": "6.95", "name": "eStar.小渝", "openid": "755218CD3791F15BCFD2EBBCA243E499", "played": "65", "rating": "5.60", "total_kill": "237", "win_rate": "0.5692", "xpm": "325" },
    { "avg_assist": "5.92", "avg_bekill": "2.57", "avg_kill": "3.23", "gpm": "540", "kda": "4.91", "name": "AG超玩会.梦泪", "openid": "43062C3D029AD48A789256BE11349345", "played": "61", "rating": "5.60", "total_kill": "197", "win_rate": "0.6885", "xpm": "327" },
    { "avg_assist": "5.03", "avg_bekill": "2.38", "avg_kill": "2.90", "gpm": "602", "kda": "4.67", "name": "AG超玩会.流苏", "openid": "3FFE05BEA4AD9D60F6FADB671B7C805F", "played": "61", "rating": "5.60", "total_kill": "177", "win_rate": "0.6885", "xpm": "328" },
    { "avg_assist": "6.30", "avg_bekill": "1.62", "avg_kill": "3.39", "gpm": "576", "kda": "6.68", "name": "AG超玩会.老帅", "openid": "B3291E44A69302A28C6D9343BDE8181A", "played": "61", "rating": "5.60", "total_kill": "207", "win_rate": "0.6885", "xpm": "316" },
    { "avg_assist": "5.95", "avg_bekill": "2.30", "avg_kill": "3.30", "gpm": "559", "kda": "5.44", "name": "AG超玩会.Vv", "openid": "30936661D0227A5A83DC27246BAE9AD6", "played": "61", "rating": "5.60", "total_kill": "201", "win_rate": "0.6885", "xpm": "319" },
    { "avg_assist": "5.72", "avg_bekill": "1.67", "avg_kill": "4.49", "gpm": "554", "kda": "7.06", "name": "eStarPro.伪装", "openid": "1C7EBF05DC5EA980A259A34290DE7430", "played": "61", "rating": "5.60", "total_kill": "274", "win_rate": "0.5902", "xpm": "324" },
    { "avg_assist": "6.83", "avg_bekill": "3.05", "avg_kill": "1.50", "gpm": "402", "kda": "4.02", "name": "eStar.奶茶", "openid": "1FF5F2D162029871F611BA54DCF53340", "played": "60", "rating": "5.60", "total_kill": "90", "win_rate": "0.5833", "xpm": "300" },
    { "avg_assist": "4.95", "avg_bekill": "2.30", "avg_kill": "3.40", "gpm": "505", "kda": "5.22", "name": "DVG.Shadow", "openid": "D4918DFE4F982F2FB6DA621E11DF3A67", "played": "60", "rating": "5.60", "total_kill": "204", "win_rate": "0.4167", "xpm": "294" },
    { "avg_assist": "5.82", "avg_bekill": "3.08", "avg_kill": "2.27", "gpm": "462", "kda": "4.01", "name": "DVG.几迟", "openid": "0F6759BF34B0FD288069B7C4E3AA7966", "played": "60", "rating": "5.60", "total_kill": "136", "win_rate": "0.4167", "xpm": "291" },
    { "avg_assist": "5.64", "avg_bekill": "2.00", "avg_kill": "3.44", "gpm": "552", "kda": "5.59", "name": "DVG.Evildoer", "openid": "372D6C9C98009EDA40C3965ED57B369E", "played": "59", "rating": "5.60", "total_kill": "203", "win_rate": "0.4237", "xpm": "295" },
    { "avg_assist": "5.49", "avg_bekill": "2.73", "avg_kill": "2.80", "gpm": "509", "kda": "4.08", "name": "sViper.笑煮", "openid": "BF9DFCA9A5F4DECD44E62AF037E1E527", "played": "59", "rating": "5.60", "total_kill": "165", "win_rate": "0.4068", "xpm": "309" },
    { "avg_assist": "6.34", "avg_bekill": "2.22", "avg_kill": "3.73", "gpm": "529", "kda": "5.98", "name": "XQ丶AT", "openid": "A552A28278B83C89BC2AB49D287CCF74", "played": "59", "rating": "5.60", "total_kill": "220", "win_rate": "0.6949", "xpm": "272" },
    { "avg_assist": "5.15", "avg_bekill": "2.71", "avg_kill": "3.95", "gpm": "522", "kda": "5.18", "name": "sViper.兰博", "openid": "0F2A0F2AA49BB736011577700791E3BA", "played": "59", "rating": "5.60", "total_kill": "233", "win_rate": "0.4068", "xpm": "300" },
    { "avg_assist": "5.02", "avg_bekill": "2.28", "avg_kill": "3.45", "gpm": "571", "kda": "4.77", "name": "Jc丶鬼迷", "openid": "6434A30A244B160C172DF4C6758754D5", "played": "58", "rating": "5.60", "total_kill": "200", "win_rate": "0.5690", "xpm": "275" },
    { "avg_assist": "4.41", "avg_bekill": "2.79", "avg_kill": "1.53", "gpm": "458", "kda": "2.97", "name": "DL丶悍匪", "openid": "97C9B63B7AEF7B49E377B245E9051A92", "played": "58", "rating": "5.60", "total_kill": "89", "win_rate": "0.3621", "xpm": "298" },
    { "avg_assist": "5.98", "avg_bekill": "2.81", "avg_kill": "2.71", "gpm": "491", "kda": "4.83", "name": "XQ丶7Kill", "openid": "7FE605FBDCC926A0693240C7F397E6EA", "played": "58", "rating": "5.60", "total_kill": "157", "win_rate": "0.6897", "xpm": "270" },
    { "avg_assist": "5.89", "avg_bekill": "3.11", "avg_kill": "2.60", "gpm": "504", "kda": "3.84", "name": "Jc丶怼怼", "openid": "09059D196CF06A3C755C2E0393E899B6", "played": "57", "rating": "5.60", "total_kill": "148", "win_rate": "0.5789", "xpm": "256" },
    { "avg_assist": "3.96", "avg_bekill": "2.54", "avg_kill": "3.04", "gpm": "515", "kda": "3.43", "name": "DL丶拖米", "openid": "95134D2101C0671BA9331B2491409E44", "played": "57", "rating": "5.60", "total_kill": "173", "win_rate": "0.3684", "xpm": "315" },
    { "avg_assist": "3.56", "avg_bekill": "2.61", "avg_kill": "2.95", "gpm": "598", "kda": "3.55", "name": "AS仙阁.无痕", "openid": "48042210647B57C4BC3D6867F1934705", "played": "57", "rating": "5.60", "total_kill": "168", "win_rate": "0.4386", "xpm": "248" },
    { "avg_assist": "5.81", "avg_bekill": "2.25", "avg_kill": "2.54", "gpm": "482", "kda": "5.12", "name": "Jc丶倾城", "openid": "C9370DD54FF93F6FC7FFB078FDC7CD17", "played": "57", "rating": "5.60", "total_kill": "145", "win_rate": "0.5614", "xpm": "259" },
    { "avg_assist": "7.44", "avg_bekill": "3.39", "avg_kill": "1.30", "gpm": "342", "kda": "3.49", "name": "YTG丶落幕", "openid": "9EABDFC2F259BCDBADECD4D3AFBAAB65", "played": "57", "rating": "5.60", "total_kill": "74", "win_rate": "0.4035", "xpm": "257" },
    { "avg_assist": "5.28", "avg_bekill": "2.04", "avg_kill": "3.67", "gpm": "551", "kda": "5.65", "name": "Jc丶青浪", "openid": "6EF57E102F9A23CC825DDC1ED5D55F3B", "played": "57", "rating": "5.60", "total_kill": "209", "win_rate": "0.5789", "xpm": "260" },
    { "avg_assist": "6.60", "avg_bekill": "2.79", "avg_kill": "2.60", "gpm": "490", "kda": "4.84", "name": "YTG丶夏天", "openid": "7F7B2244B823795821247DD45B7572FD", "played": "57", "rating": "5.60", "total_kill": "148", "win_rate": "0.4035", "xpm": "289" },
    { "avg_assist": "5.63", "avg_bekill": "1.18", "avg_kill": "3.91", "gpm": "562", "kda": "7.85", "name": "XQ丶Knight", "openid": "F1879E53B94BDF4D6FBD03A70DA53E53", "played": "57", "rating": "5.60", "total_kill": "223", "win_rate": "0.7018", "xpm": "285" },
    { "avg_assist": "5.43", "avg_bekill": "2.34", "avg_kill": "2.75", "gpm": "526", "kda": "5.24", "name": "eStarPro.橘子", "openid": "0821DA9D795FCD36B7EDA6E78EAAC2B0", "played": "56", "rating": "5.60", "total_kill": "154", "win_rate": "0.6071", "xpm": "343" },
    { "avg_assist": "5.45", "avg_bekill": "2.13", "avg_kill": "3.18", "gpm": "557", "kda": "5.16", "name": "YTG丶英噗", "openid": "BF2950D8020D9506029AE9DB9B103FF5", "played": "55", "rating": "5.60", "total_kill": "175", "win_rate": "0.4000", "xpm": "294" },
    { "avg_assist": "5.60", "avg_bekill": "2.18", "avg_kill": "2.16", "gpm": "470", "kda": "4.70", "name": "AS仙阁.屿秋", "openid": "6F61420EE48340F676FBC782FA5B1C5F", "played": "55", "rating": "5.60", "total_kill": "119", "win_rate": "0.4545", "xpm": "221" },
    { "avg_assist": "6.96", "avg_bekill": "3.52", "avg_kill": "1.44", "gpm": "382", "kda": "3.50", "name": "Jc丶老王", "openid": "1C794E7920EBA8B92C81BC5FA9E4C864", "played": "54", "rating": "5.60", "total_kill": "78", "win_rate": "0.6111", "xpm": "217" },
    { "avg_assist": "5.87", "avg_bekill": "3.39", "avg_kill": "1.37", "gpm": "391", "kda": "3.37", "name": "GK.胖墩", "openid": "D524EC63CD87275ED44EFB2C898E0360", "played": "54", "rating": "5.60", "total_kill": "74", "win_rate": "0.3704", "xpm": "244" },
    { "avg_assist": "5.09", "avg_bekill": "2.11", "avg_kill": "2.81", "gpm": "510", "kda": "5.06", "name": "AS仙阁.神男", "openid": "25ED3F5BF20F451D25316874FC6AD823", "played": "53", "rating": "5.60", "total_kill": "149", "win_rate": "0.4340", "xpm": "258" },
    { "avg_assist": "7.72", "avg_bekill": "2.55", "avg_kill": "1.26", "gpm": "351", "kda": "4.89", "name": "AG超玩会.兰息", "openid": "81E664DB03C0BABE43713DF96CC8E490", "played": "53", "rating": "5.60", "total_kill": "67", "win_rate": "0.7170", "xpm": "294" },
    { "avg_assist": "5.82", "avg_bekill": "2.69", "avg_kill": "3.75", "gpm": "521", "kda": "4.91", "name": "YTG丶天明", "openid": "058506C735A0DBD8A03F11380393C811", "played": "51", "rating": "5.60", "total_kill": "191", "win_rate": "0.4510", "xpm": "252" },
    { "avg_assist": "3.74", "avg_bekill": "2.92", "avg_kill": "1.82", "gpm": "479", "kda": "2.18", "name": "SC丶空山", "openid": "5FC09D335EEA9270BAE822AE149DFDCA", "played": "50", "rating": "5.60", "total_kill": "91", "win_rate": "0.2000", "xpm": "243" },
    { "avg_assist": "3.86", "avg_bekill": "2.26", "avg_kill": "2.68", "gpm": "529", "kda": "3.72", "name": "SC丶王子", "openid": "92CD9B43700546FF91CCE9B6F94519BC", "played": "50", "rating": "5.60", "total_kill": "134", "win_rate": "0.2000", "xpm": "250" },
    { "avg_assist": "7.67", "avg_bekill": "2.31", "avg_kill": "1.33", "gpm": "396", "kda": "5.36", "name": "XQ丶随风", "openid": "01EA6EBFA6DA9AC7B8F43892C670038A", "played": "49", "rating": "5.60", "total_kill": "65", "win_rate": "0.7347", "xpm": "249" },
    { "avg_assist": "6.86", "avg_bekill": "2.98", "avg_kill": "1.06", "gpm": "313", "kda": "3.84", "name": "DVG.Summer", "openid": "1401F3A9B627220039141B6588C8DFE1", "played": "49", "rating": "5.60", "total_kill": "52", "win_rate": "0.4286", "xpm": "287" },
    { "avg_assist": "5.08", "avg_bekill": "2.59", "avg_kill": "2.31", "gpm": "476", "kda": "3.76", "name": "DL丶江晓熊", "openid": "E5135D180A7849DB7A6685CDCD55718B", "played": "49", "rating": "5.60", "total_kill": "113", "win_rate": "0.4082", "xpm": "335" },
    { "avg_assist": "6.27", "avg_bekill": "4.02", "avg_kill": "1.88", "gpm": "421", "kda": "2.81", "name": "sViper.输出", "openid": "55AAFDD722B74557DB02A8E1639C5C88", "played": "48", "rating": "5.60", "total_kill": "90", "win_rate": "0.3958", "xpm": "320" },
    { "avg_assist": "5.56", "avg_bekill": "2.31", "avg_kill": "2.58", "gpm": "553", "kda": "5.19", "name": "eStarPro.诺言", "openid": "CFD5FB9589587760CD3C44425C336E21", "played": "48", "rating": "5.60", "total_kill": "124", "win_rate": "0.6042", "xpm": "370" },
    { "avg_assist": "5.12", "avg_bekill": "2.23", "avg_kill": "2.48", "gpm": "545", "kda": "4.57", "name": "GK.未央", "openid": "FF015A729A354D88C932FB379A94F347", "played": "48", "rating": "5.60", "total_kill": "119", "win_rate": "0.3958", "xpm": "275" },
    { "avg_assist": "4.88", "avg_bekill": "2.96", "avg_kill": "2.94", "gpm": "549", "kda": "3.76", "name": "YTG丶路西法", "openid": "B0CDF2F5F1199932608F6B65DC23DE54", "played": "48", "rating": "5.60", "total_kill": "141", "win_rate": "0.4375", "xpm": "265" },
    { "avg_assist": "5.60", "avg_bekill": "3.96", "avg_kill": "2.51", "gpm": "525", "kda": "2.99", "name": "sViper.杰斯", "openid": "17E69D85AC2E4E7F613EAD2F622E3C90", "played": "47", "rating": "5.60", "total_kill": "118", "win_rate": "0.3617", "xpm": "190" },
    { "avg_assist": "4.40", "avg_bekill": "2.49", "avg_kill": "2.43", "gpm": "497", "kda": "3.38", "name": "SC丶安然", "openid": "B1510934B4CEB391610D9B817C6C369C", "played": "47", "rating": "5.60", "total_kill": "114", "win_rate": "0.2128", "xpm": "245" },
    { "avg_assist": "5.09", "avg_bekill": "2.78", "avg_kill": "0.91", "gpm": "379", "kda": "3.34", "name": "DL丶花七", "openid": "C0B762E7F6AEB7072036901DBB4702CB", "played": "46", "rating": "5.60", "total_kill": "42", "win_rate": "0.2826", "xpm": "207" },
    { "avg_assist": "7.53", "avg_bekill": "2.56", "avg_kill": "1.76", "gpm": "403", "kda": "4.77", "name": "XQ丶Tattoo", "openid": "83B60300EB3FC2C163EA3A29611C139C", "played": "45", "rating": "5.60", "total_kill": "79", "win_rate": "0.6667", "xpm": "186" },
    { "avg_assist": "6.93", "avg_bekill": "2.33", "avg_kill": "1.31", "gpm": "410", "kda": "4.51", "name": "AS仙阁.小羽", "openid": "FC487397157DFEB11C3F282A1BAECADB", "played": "45", "rating": "5.60", "total_kill": "59", "win_rate": "0.4889", "xpm": "206" },
    { "avg_assist": "6.07", "avg_bekill": "1.31", "avg_kill": "3.67", "gpm": "605", "kda": "7.36", "name": "QGhappy.Hurt", "openid": "B8982198AC67B048D317C07DE73F4962", "played": "45", "rating": "5.60", "total_kill": "165", "win_rate": "0.8000", "xpm": "448" },
    { "avg_assist": "4.57", "avg_bekill": "1.91", "avg_kill": "2.73", "gpm": "526", "kda": "4.61", "name": "AS仙阁.辰鬼", "openid": "19E601CE35FD6E041F9A115B2306D38C", "played": "44", "rating": "5.60", "total_kill": "120", "win_rate": "0.4318", "xpm": "228" },
    { "avg_assist": "5.62", "avg_bekill": "2.00", "avg_kill": "4.31", "gpm": "557", "kda": "6.39", "name": "QGhappy.Cat", "openid": "A25A35A18EE5DC93117789871D929E83", "played": "42", "rating": "5.60", "total_kill": "181", "win_rate": "0.8095", "xpm": "436" },
    { "avg_assist": "3.93", "avg_bekill": "2.57", "avg_kill": "3.50", "gpm": "569", "kda": "4.11", "name": "GK.冬", "openid": "80C611FEFB910BB23EA8EA37A483E7D1", "played": "42", "rating": "5.60", "total_kill": "147", "win_rate": "0.3571", "xpm": "200" },
    { "avg_assist": "4.97", "avg_bekill": "3.37", "avg_kill": "2.24", "gpm": "468", "kda": "3.14", "name": "GK.黄大仙", "openid": "AAF56DF8B57DDF439561DE5FA824035C", "played": "38", "rating": "5.60", "total_kill": "85", "win_rate": "0.3947", "xpm": "278" },
    { "avg_assist": "6.16", "avg_bekill": "2.70", "avg_kill": "2.51", "gpm": "499", "kda": "4.51", "name": "sViper.百年", "openid": "B9D6764FA105D5EFBF130E0B57FA55DD", "played": "37", "rating": "5.60", "total_kill": "93", "win_rate": "0.3784", "xpm": "258" },
    { "avg_assist": "4.43", "avg_bekill": "2.11", "avg_kill": "2.89", "gpm": "566", "kda": "4.23", "name": "DL丶余生", "openid": "EA554825F3FA2A7D6D89AC91A3FCEA31", "played": "37", "rating": "5.60", "total_kill": "107", "win_rate": "0.4865", "xpm": "383" },
    { "avg_assist": "4.82", "avg_bekill": "3.18", "avg_kill": "0.67", "gpm": "278", "kda": "2.36", "name": "SC丶多情", "openid": "A14825E492492CBCED5892B5406EE7E5", "played": "33", "rating": "5.60", "total_kill": "22", "win_rate": "0.2121", "xpm": "238" },
    { "avg_assist": "3.31", "avg_bekill": "2.25", "avg_kill": "2.59", "gpm": "543", "kda": "3.61", "name": "DL丶彬哥", "openid": "308E9C4E73D5E73DB68FA4E0A352A92C", "played": "32", "rating": "5.60", "total_kill": "83", "win_rate": "0.3438", "xpm": "376" },
    { "avg_assist": "4.00", "avg_bekill": "3.10", "avg_kill": "1.68", "gpm": "550", "kda": "2.89", "name": "DVG.夏末", "openid": "3A62374ADF95874E0665E0CD5C20F3B1", "played": "31", "rating": "5.60", "total_kill": "52", "win_rate": "0.4839", "xpm": "294" },
    { "avg_assist": "5.32", "avg_bekill": "3.87", "avg_kill": "1.26", "gpm": "405", "kda": "2.07", "name": "GK.汐泽", "openid": "3DF6BA0DE4B16E66F90628447AE244B8", "played": "31", "rating": "5.60", "total_kill": "39", "win_rate": "0.3871", "xpm": "182" },
    { "avg_assist": "4.17", "avg_bekill": "2.34", "avg_kill": "2.03", "gpm": "486", "kda": "3.07", "name": "DVG.七罪", "openid": "C8E16253F577E213B1FB389FF96E2402", "played": "29", "rating": "5.60", "total_kill": "59", "win_rate": "0.3448", "xpm": "294" },
    { "avg_assist": "5.21", "avg_bekill": "2.55", "avg_kill": "2.52", "gpm": "488", "kda": "3.99", "name": "sViper.潇洒", "openid": "C71DB3548688A4A066DE5B7365FAC9E6", "played": "29", "rating": "5.60", "total_kill": "73", "win_rate": "0.5172", "xpm": "422" },
    { "avg_assist": "5.96", "avg_bekill": "1.92", "avg_kill": "4.12", "gpm": "554", "kda": "6.47", "name": "QGhappy.XX", "openid": "A12BC6CA65F630C0362A18C56C4AAB4A", "played": "26", "rating": "5.60", "total_kill": "107", "win_rate": "0.7308", "xpm": "216" },
    { "avg_assist": "5.87", "avg_bekill": "1.17", "avg_kill": "3.74", "gpm": "586", "kda": "7.78", "name": "QGhappy.Mc", "openid": "09532532EF6D94EC800C92CE68540CC5", "played": "23", "rating": "5.60", "total_kill": "86", "win_rate": "0.7391", "xpm": "204" },
    { "avg_assist": "6.55", "avg_bekill": "2.27", "avg_kill": "3.55", "gpm": "512", "kda": "6.18", "name": "XQ丶放纵", "openid": "1C57C0E4D7C8E2731335B8CAF5B6890F", "played": "22", "rating": "5.60", "total_kill": "78", "win_rate": "0.6818", "xpm": "393" },
    { "avg_assist": "4.14", "avg_bekill": "3.71", "avg_kill": "1.81", "gpm": "429", "kda": "1.83", "name": "SC丶凌斗", "openid": "BB703C83D02811F952CEDA140D17582F", "played": "21", "rating": "5.60", "total_kill": "38", "win_rate": "0.1429", "xpm": "336" },
    { "avg_assist": "4.14", "avg_bekill": "3.57", "avg_kill": "0.67", "gpm": "367", "kda": "1.39", "name": "SC丶翼神", "openid": "2EA551F262017BCAAE2DB6987F269664", "played": "21", "rating": "5.60", "total_kill": "14", "win_rate": "0.1429", "xpm": "157" },
    { "avg_assist": "8.63", "avg_bekill": "2.11", "avg_kill": "1.47", "gpm": "398", "kda": "5.75", "name": "eeStar.指尖", "openid": "B4B9294DD2441F8F5668CE6CEA925D73", "played": "19", "rating": "5.60", "total_kill": "28", "win_rate": "0.4737", "xpm": "167" },
    { "avg_assist": "5.00", "avg_bekill": "2.37", "avg_kill": "0.74", "gpm": "435", "kda": "2.71", "name": "AS仙阁.Roar", "openid": "2FC298FEA39BD69A8DD9E1766641047C", "played": "19", "rating": "5.60", "total_kill": "14", "win_rate": "0.4211", "xpm": "294" },
    { "avg_assist": "4.33", "avg_bekill": "3.50", "avg_kill": "2.33", "gpm": "478", "kda": "2.71", "name": "SC丶橙汁", "openid": "92BAD4D1F8FF42AC86E91BA64A2BECCE", "played": "18", "rating": "5.60", "total_kill": "42", "win_rate": "0.3889", "xpm": "177" },
    { "avg_assist": "3.94", "avg_bekill": "2.12", "avg_kill": "2.59", "gpm": "524", "kda": "3.66", "name": "GK.迷神", "openid": "5023AD9F6841811669BD74413DDD8A60", "played": "17", "rating": "5.60", "total_kill": "44", "win_rate": "0.3529", "xpm": "438" },
    { "avg_assist": "5.53", "avg_bekill": "3.76", "avg_kill": "4.00", "gpm": "482", "kda": "3.08", "name": "GK.淤青", "openid": "F74B10E1D290EF2213BFA2979238B3B2", "played": "17", "rating": "5.60", "total_kill": "68", "win_rate": "0.3529", "xpm": "401" },
    { "avg_assist": "6.12", "avg_bekill": "3.62", "avg_kill": "0.62", "gpm": "272", "kda": "2.20", "name": "sViper.荒年", "openid": "6C574D162086F6BCBADDA7A5C2F946D9", "played": "16", "rating": "5.60", "total_kill": "10", "win_rate": "0.4375", "xpm": "362" },
    { "avg_assist": "3.00", "avg_bekill": "2.29", "avg_kill": "1.86", "gpm": "577", "kda": "2.44", "name": "GK.梦子", "openid": "7736535155F68BC6FC198BCF447901A3", "played": "14", "rating": "5.60", "total_kill": "26", "win_rate": "0.2857", "xpm": "211" },
    { "avg_assist": "6.33", "avg_bekill": "3.83", "avg_kill": "0.83", "gpm": "354", "kda": "2.88", "name": "eStar.兔子", "openid": "D3A22583FBA6EE69A524290F51F1AFE1", "played": "12", "rating": "5.60", "total_kill": "10", "win_rate": "0.3333", "xpm": "169" },
    { "avg_assist": "7.27", "avg_bekill": "3.55", "avg_kill": "0.73", "gpm": "332", "kda": "4.36", "name": "DVG.超神哥", "openid": "4181EBAF0FDF49A77E2BD395D17E0D33", "played": "11", "rating": "5.60", "total_kill": "8", "win_rate": "0.3636", "xpm": "174" },
    { "avg_assist": "3.70", "avg_bekill": "3.70", "avg_kill": "1.10", "gpm": "369", "kda": "1.78", "name": "AS仙阁.二狗", "openid": "3173B46DB350E70EDF978720F3ADD35B", "played": "10", "rating": "5.60", "total_kill": "11", "win_rate": "0.1000", "xpm": "299" },
    { "avg_assist": "3.40", "avg_bekill": "3.50", "avg_kill": "0.60", "gpm": "390", "kda": "1.21", "name": "SC丶薄荷", "openid": "A975101801AB3A5196F2794CF7D1E711", "played": "10", "rating": "5.60", "total_kill": "6", "win_rate": "0.0000", "xpm": "178" },
    { "avg_assist": "4.33", "avg_bekill": "2.78", "avg_kill": "2.11", "gpm": "538", "kda": "3.79", "name": "GK.9527", "openid": "50CCAE8C0DDE9DD17BB485C9E3EDA963", "played": "9", "rating": "5.60", "total_kill": "19", "win_rate": "0.3333", "xpm": "194" },
    { "avg_assist": "3.00", "avg_bekill": "3.22", "avg_kill": "0.56", "gpm": "416", "kda": "1.45", "name": "DL丶田春雪", "openid": "739ABFFB5AC5B583D215AC1208608D3B", "played": "9", "rating": "5.60", "total_kill": "5", "win_rate": "0.1111", "xpm": "202" },
    { "avg_assist": "7.38", "avg_bekill": "1.75", "avg_kill": "0.88", "gpm": "338", "kda": "5.25", "name": "AG超玩会.月痕", "openid": "128CE25D8E57F245975656BC5218F16A", "played": "8", "rating": "5.60", "total_kill": "7", "win_rate": "0.5000", "xpm": "237" },
    { "avg_assist": "5.25", "avg_bekill": "2.38", "avg_kill": "1.25", "gpm": "410", "kda": "4.02", "name": "YTG丶纵横", "openid": "71F11308BDA12C29BA8E4ABCC3AE91B3", "played": "8", "rating": "5.60", "total_kill": "10", "win_rate": "0.2500", "xpm": "322" },
    { "avg_assist": "3.50", "avg_bekill": "2.75", "avg_kill": "2.00", "gpm": "490", "kda": "1.96", "name": "AS仙阁.雨雨", "openid": "F87C373893FEE91FC263955B00CA3D0B", "played": "8", "rating": "5.60", "total_kill": "16", "win_rate": "0.2500", "xpm": "494" },
    { "avg_assist": "4.33", "avg_bekill": "2.17", "avg_kill": "3.17", "gpm": "540", "kda": "3.78", "name": "YTG丶茶", "openid": "54079F360AAF7A740D4B8E3C87689841", "played": "6", "rating": "5.60", "total_kill": "19", "win_rate": "0.1667", "xpm": "668" },
    { "avg_assist": "2.75", "avg_bekill": "3.50", "avg_kill": "2.75", "gpm": "492", "kda": "2.56", "name": "Jc丶纵情", "openid": "253E4A1FC4BABC9E6563A23D93070F4C", "played": "4", "rating": "5.60", "total_kill": "11", "win_rate": "0.2500", "xpm": "624" },
    { "avg_assist": "4.75", "avg_bekill": "1.25", "avg_kill": "4.75", "gpm": "380", "kda": "9.00", "name": "XQ丶Master", "openid": "1AE2BEFFD05C2693A5AA958AA557E13A", "played": "4", "rating": "5.60", "total_kill": "19", "win_rate": "0.5000", "xpm": "270" },
    { "avg_assist": "4.00", "avg_bekill": "3.00", "avg_kill": "1.50", "gpm": "544", "kda": "2.09", "name": "eStar.耍赖", "openid": "8C4B2378FEE7EBA9E63F4CBBE4807262", "played": "4", "rating": "5.60", "total_kill": "6", "win_rate": "0.2500", "xpm": "208" },
    { "avg_assist": "3.33", "avg_bekill": "4.67", "avg_kill": "1.33", "gpm": "465", "kda": "1.12", "name": "Jc丶黎洛", "openid": "E59F574FB7DE402B601F978ECF7A5E30", "played": "3", "rating": "5.60", "total_kill": "4", "win_rate": "0.0000", "xpm": "732" },
    { "avg_assist": "5.00", "avg_bekill": "4.00", "avg_kill": "2.00", "gpm": "462", "kda": "1.72", "name": "YTG丶阿浩", "openid": "A1FAC32FE7114CF014B882EED39C84A7", "played": "3", "rating": "5.60", "total_kill": "6", "win_rate": "0.0000", "xpm": "179" },
    { "avg_assist": "3.00", "avg_bekill": "3.00", "avg_kill": "0.00", "gpm": "335", "kda": "1.00", "name": "仙阁丶一歌", "openid": "E4348736F17543694A2A2E9C9142B201", "played": "2", "rating": "5.60", "total_kill": "0", "win_rate": "0.0000", "xpm": "617" },
    { "avg_assist": "2.00", "avg_bekill": "3.50", "avg_kill": "2.00", "gpm": "317", "kda": "2.33", "name": "DL丶完美", "openid": "9A23916A6F850328F067172DAC21AFA3", "played": "2", "rating": "5.60", "total_kill": "4", "win_rate": "0.0000", "xpm": "112" },
    { "avg_assist": "2.00", "avg_bekill": "2.50", "avg_kill": "1.50", "gpm": "353", "kda": "1.50", "name": "AS仙阁.黑狗", "openid": "CD0D4A1B2C52D9EE20D837EE3C561FA5", "played": "2", "rating": "5.60", "total_kill": "3", "win_rate": "0.0000", "xpm": "653" },
    { "avg_assist": "1.50", "avg_bekill": "1.00", "avg_kill": "0.50", "gpm": "548", "kda": "1.75", "name": "QGhappy.Junz", "openid": "9285B6495616C56D9B4F7535C93F297E", "played": "2", "rating": "5.60", "total_kill": "1", "win_rate": "0.5000", "xpm": "211" },
    { "avg_assist": "4.00", "avg_bekill": "3.00", "avg_kill": "1.00", "gpm": "545", "kda": "1.67", "name": "XQ丶BKM", "openid": "601E87FADB619176E69764B9EAD955BC", "played": "1", "rating": "5.60", "total_kill": "1", "win_rate": "1.0000", "xpm": "239" },
    { "avg_assist": "0.00", "avg_bekill": "3.00", "avg_kill": "1.00", "gpm": "527", "kda": "0.33", "name": "DVG.天一", "openid": "2B22DF37705868ED5752EFE472790D8C", "played": "1", "rating": "5.60", "total_kill": "1", "win_rate": "0.0000", "xpm": "751" }
]