[
    { "hero1_id": "149", "hero1_name": "刘邦", "hero2_id": "531", "hero2_name": "镜", "played": "26", "win_rate": "0.4615" },
    { "hero1_id": "509", "hero1_name": "盾山", "hero2_id": "511", "hero2_name": "猪八戒", "played": "23", "win_rate": "0.6087" },
    { "hero1_id": "148", "hero1_name": "姜子牙", "hero2_id": "531", "hero2_name": "镜", "played": "21", "win_rate": "0.6190" },
    { "hero1_id": "118", "hero1_name": "孙膑", "hero2_id": "518", "hero2_name": "马超", "played": "21", "win_rate": "0.5238" },
    { "hero1_id": "199", "hero1_name": "公孙离", "hero2_id": "511", "hero2_name": "猪八戒", "played": "21", "win_rate": "0.6190" },
    { "hero1_id": "132", "hero1_name": "马可波罗", "hero2_id": "511", "hero2_name": "猪八戒", "played": "20", "win_rate": "0.6000" },
    { "hero1_id": "105", "hero1_name": "廉颇", "hero2_id": "132", "hero2_name": "马可波罗", "played": "20", "win_rate": "0.4000" },
    { "hero1_id": "107", "hero1_name": "赵云", "hero2_id": "132", "hero2_name": "马可波罗", "played": "18", "win_rate": "0.5556" },
    { "hero1_id": "148", "hero1_name": "姜子牙", "hero2_id": "171", "hero2_name": "张飞", "played": "17", "win_rate": "0.6471" },
    { "hero1_id": "111", "hero1_name": "孙尚香", "hero2_id": "186", "hero2_name": "太乙真人", "played": "17", "win_rate": "0.5294" },
    { "hero1_id": "132", "hero1_name": "马可波罗", "hero2_id": "509", "hero2_name": "盾山", "played": "16", "win_rate": "0.5000" },
    { "hero1_id": "171", "hero1_name": "张飞", "hero2_id": "511", "hero2_name": "猪八戒", "played": "16", "win_rate": "0.5000" },
    { "hero1_id": "132", "hero1_name": "马可波罗", "hero2_id": "149", "hero2_name": "刘邦", "played": "16", "win_rate": "0.5625" },
    { "hero1_id": "199", "hero1_name": "公孙离", "hero2_id": "312", "hero2_name": "沈梦溪", "played": "16", "win_rate": "0.5625" },
    { "hero1_id": "148", "hero1_name": "姜子牙", "hero2_id": "162", "hero2_name": "娜可露露", "played": "16", "win_rate": "0.6250" },
    { "hero1_id": "111", "hero1_name": "孙尚香", "hero2_id": "531", "hero2_name": "镜", "played": "15", "win_rate": "0.6000" },
    { "hero1_id": "149", "hero1_name": "刘邦", "hero2_id": "312", "hero2_name": "沈梦溪", "played": "15", "win_rate": "0.4667" },
    { "hero1_id": "139", "hero1_name": "老夫子", "hero2_id": "191", "hero2_name": "大乔", "played": "15", "win_rate": "0.5333" },
    { "hero1_id": "148", "hero1_name": "姜子牙", "hero2_id": "511", "hero2_name": "猪八戒", "played": "15", "win_rate": "0.5333" },
    { "hero1_id": "171", "hero1_name": "张飞", "hero2_id": "199", "hero2_name": "公孙离", "played": "15", "win_rate": "0.5333" },
    { "hero1_id": "191", "hero1_name": "大乔", "hero2_id": "199", "hero2_name": "公孙离", "played": "14", "win_rate": "0.6429" },
    { "hero1_id": "132", "hero1_name": "马可波罗", "hero2_id": "531", "hero2_name": "镜", "played": "14", "win_rate": "0.5714" },
    { "hero1_id": "148", "hero1_name": "姜子牙", "hero2_id": "149", "hero2_name": "刘邦", "played": "14", "win_rate": "0.6429" },
    { "hero1_id": "163", "hero1_name": "橘右京", "hero2_id": "518", "hero2_name": "马超", "played": "14", "win_rate": "0.2857" },
    { "hero1_id": "148", "hero1_name": "姜子牙", "hero2_id": "525", "hero2_name": "鲁班大师", "played": "14", "win_rate": "0.5714" },
    { "hero1_id": "111", "hero1_name": "孙尚香", "hero2_id": "511", "hero2_name": "猪八戒", "played": "14", "win_rate": "0.7143" },
    { "hero1_id": "162", "hero1_name": "娜可露露", "hero2_id": "171", "hero2_name": "张飞", "played": "13", "win_rate": "0.5385" },
    { "hero1_id": "162", "hero1_name": "娜可露露", "hero2_id": "511", "hero2_name": "猪八戒", "played": "13", "win_rate": "0.4615" },
    { "hero1_id": "107", "hero1_name": "赵云", "hero2_id": "171", "hero2_name": "张飞", "played": "13", "win_rate": "0.4615" },
    { "hero1_id": "163", "hero1_name": "橘右京", "hero2_id": "511", "hero2_name": "猪八戒", "played": "13", "win_rate": "0.4615" },
    { "hero1_id": "118", "hero1_name": "孙膑", "hero2_id": "163", "hero2_name": "橘右京", "played": "13", "win_rate": "0.3077" },
    { "hero1_id": "511", "hero1_name": "猪八戒", "hero2_id": "525", "hero2_name": "鲁班大师", "played": "13", "win_rate": "0.6154" },
    { "hero1_id": "312", "hero1_name": "沈梦溪", "hero2_id": "531", "hero2_name": "镜", "played": "13", "win_rate": "0.3077" },
    { "hero1_id": "132", "hero1_name": "马可波罗", "hero2_id": "312", "hero2_name": "沈梦溪", "played": "13", "win_rate": "0.4615" },
    { "hero1_id": "148", "hero1_name": "姜子牙", "hero2_id": "509", "hero2_name": "盾山", "played": "13", "win_rate": "0.4615" },
    { "hero1_id": "105", "hero1_name": "廉颇", "hero2_id": "518", "hero2_name": "马超", "played": "13", "win_rate": "0.7692" },
    { "hero1_id": "111", "hero1_name": "孙尚香", "hero2_id": "148", "hero2_name": "姜子牙", "played": "13", "win_rate": "0.6154" },
    { "hero1_id": "312", "hero1_name": "沈梦溪", "hero2_id": "518", "hero2_name": "马超", "played": "12", "win_rate": "0.6667" },
    { "hero1_id": "132", "hero1_name": "马可波罗", "hero2_id": "162", "hero2_name": "娜可露露", "played": "12", "win_rate": "0.4167" },
    { "hero1_id": "132", "hero1_name": "马可波罗", "hero2_id": "171", "hero2_name": "张飞", "played": "12", "win_rate": "0.5833" },
    { "hero1_id": "171", "hero1_name": "张飞", "hero2_id": "312", "hero2_name": "沈梦溪", "played": "12", "win_rate": "0.2500" },
    { "hero1_id": "157", "hero1_name": "不知火舞", "hero2_id": "511", "hero2_name": "猪八戒", "played": "12", "win_rate": "0.7500" },
    { "hero1_id": "312", "hero1_name": "沈梦溪", "hero2_id": "511", "hero2_name": "猪八戒", "played": "12", "win_rate": "0.2500" },
    { "hero1_id": "123", "hero1_name": "吕布", "hero2_id": "163", "hero2_name": "橘右京", "played": "12", "win_rate": "0.1667" },
    { "hero1_id": "111", "hero1_name": "孙尚香", "hero2_id": "171", "hero2_name": "张飞", "played": "12", "win_rate": "0.3333" },
    { "hero1_id": "502", "hero1_name": "裴擒虎", "hero2_id": "518", "hero2_name": "马超", "played": "12", "win_rate": "0.9167" },
    { "hero1_id": "525", "hero1_name": "鲁班大师", "hero2_id": "531", "hero2_name": "镜", "played": "12", "win_rate": "0.7500" },
    { "hero1_id": "162", "hero1_name": "娜可露露", "hero2_id": "199", "hero2_name": "公孙离", "played": "12", "win_rate": "0.5000" },
    { "hero1_id": "132", "hero1_name": "马可波罗", "hero2_id": "148", "hero2_name": "姜子牙", "played": "12", "win_rate": "0.5000" },
    { "hero1_id": "186", "hero1_name": "太乙真人", "hero2_id": "531", "hero2_name": "镜", "played": "12", "win_rate": "0.4167" },
    { "hero1_id": "509", "hero1_name": "盾山", "hero2_id": "531", "hero2_name": "镜", "played": "11", "win_rate": "0.5455" },
    { "hero1_id": "107", "hero1_name": "赵云", "hero2_id": "199", "hero2_name": "公孙离", "played": "11", "win_rate": "0.4545" },
    { "hero1_id": "132", "hero1_name": "马可波罗", "hero2_id": "140", "hero2_name": "关羽", "played": "11", "win_rate": "0.5455" },
    { "hero1_id": "156", "hero1_name": "张良", "hero2_id": "511", "hero2_name": "猪八戒", "played": "11", "win_rate": "0.5455" },
    { "hero1_id": "163", "hero1_name": "橘右京", "hero2_id": "525", "hero2_name": "鲁班大师", "played": "11", "win_rate": "0.6364" },
    { "hero1_id": "123", "hero1_name": "吕布", "hero2_id": "525", "hero2_name": "鲁班大师", "played": "11", "win_rate": "0.5455" },
    { "hero1_id": "156", "hero1_name": "张良", "hero2_id": "531", "hero2_name": "镜", "played": "11", "win_rate": "0.5455" },
    { "hero1_id": "118", "hero1_name": "孙膑", "hero2_id": "502", "hero2_name": "裴擒虎", "played": "11", "win_rate": "0.8182" },
    { "hero1_id": "132", "hero1_name": "马可波罗", "hero2_id": "156", "hero2_name": "张良", "played": "11", "win_rate": "0.6364" },
    { "hero1_id": "107", "hero1_name": "赵云", "hero2_id": "312", "hero2_name": "沈梦溪", "played": "11", "win_rate": "0.5455" },
    { "hero1_id": "111", "hero1_name": "孙尚香", "hero2_id": "525", "hero2_name": "鲁班大师", "played": "11", "win_rate": "0.7273" },
    { "hero1_id": "110", "hero1_name": "嬴政", "hero2_id": "509", "hero2_name": "盾山", "played": "10", "win_rate": "0.6000" },
    { "hero1_id": "105", "hero1_name": "廉颇", "hero2_id": "148", "hero2_name": "姜子牙", "played": "10", "win_rate": "0.3000" },
    { "hero1_id": "140", "hero1_name": "关羽", "hero2_id": "171", "hero2_name": "张飞", "played": "10", "win_rate": "0.7000" },
    { "hero1_id": "511", "hero1_name": "猪八戒", "hero2_id": "527", "hero2_name": "蒙恬", "played": "10", "win_rate": "0.6000" },
    { "hero1_id": "163", "hero1_name": "橘右京", "hero2_id": "171", "hero2_name": "张飞", "played": "10", "win_rate": "0.1000" },
    { "hero1_id": "148", "hero1_name": "姜子牙", "hero2_id": "527", "hero2_name": "蒙恬", "played": "10", "win_rate": "0.3000" },
    { "hero1_id": "191", "hero1_name": "大乔", "hero2_id": "511", "hero2_name": "猪八戒", "played": "10", "win_rate": "0.6000" },
    { "hero1_id": "163", "hero1_name": "橘右京", "hero2_id": "312", "hero2_name": "沈梦溪", "played": "10", "win_rate": "0.4000" },
    { "hero1_id": "502", "hero1_name": "裴擒虎", "hero2_id": "511", "hero2_name": "猪八戒", "played": "10", "win_rate": "0.5000" },
    { "hero1_id": "148", "hero1_name": "姜子牙", "hero2_id": "163", "hero2_name": "橘右京", "played": "10", "win_rate": "0.3000" },
    { "hero1_id": "156", "hero1_name": "张良", "hero2_id": "525", "hero2_name": "鲁班大师", "played": "10", "win_rate": "0.7000" },
    { "hero1_id": "162", "hero1_name": "娜可露露", "hero2_id": "525", "hero2_name": "鲁班大师", "played": "10", "win_rate": "0.5000" },
    { "hero1_id": "163", "hero1_name": "橘右京", "hero2_id": "199", "hero2_name": "公孙离", "played": "10", "win_rate": "0.6000" },
    { "hero1_id": "502", "hero1_name": "裴擒虎", "hero2_id": "509", "hero2_name": "盾山", "played": "10", "win_rate": "0.6000" },
    { "hero1_id": "107", "hero1_name": "赵云", "hero2_id": "511", "hero2_name": "猪八戒", "played": "10", "win_rate": "0.3000" },
    { "hero1_id": "171", "hero1_name": "张飞", "hero2_id": "531", "hero2_name": "镜", "played": "10", "win_rate": "0.6000" },
    { "hero1_id": "152", "hero1_name": "王昭君", "hero2_id": "171", "hero2_name": "张飞", "played": "9", "win_rate": "0.5556" },
    { "hero1_id": "140", "hero1_name": "关羽", "hero2_id": "509", "hero2_name": "盾山", "played": "9", "win_rate": "0.5556" },
    { "hero1_id": "149", "hero1_name": "刘邦", "hero2_id": "518", "hero2_name": "马超", "played": "9", "win_rate": "0.6667" },
    { "hero1_id": "105", "hero1_name": "廉颇", "hero2_id": "199", "hero2_name": "公孙离", "played": "9", "win_rate": "0.4444" },
    { "hero1_id": "140", "hero1_name": "关羽", "hero2_id": "531", "hero2_name": "镜", "played": "9", "win_rate": "0.4444" },
    { "hero1_id": "107", "hero1_name": "赵云", "hero2_id": "140", "hero2_name": "关羽", "played": "9", "win_rate": "0.4444" },
    { "hero1_id": "148", "hero1_name": "姜子牙", "hero2_id": "518", "hero2_name": "马超", "played": "9", "win_rate": "0.5556" },
    { "hero1_id": "149", "hero1_name": "刘邦", "hero2_id": "156", "hero2_name": "张良", "played": "9", "win_rate": "0.2222" },
    { "hero1_id": "132", "hero1_name": "马可波罗", "hero2_id": "157", "hero2_name": "不知火舞", "played": "9", "win_rate": "0.4444" },
    { "hero1_id": "111", "hero1_name": "孙尚香", "hero2_id": "140", "hero2_name": "关羽", "played": "9", "win_rate": "0.6667" },
    { "hero1_id": "511", "hero1_name": "猪八戒", "hero2_id": "518", "hero2_name": "马超", "played": "9", "win_rate": "0.7778" },
    { "hero1_id": "171", "hero1_name": "张飞", "hero2_id": "524", "hero2_name": "蒙犽", "played": "9", "win_rate": "0.4444" },
    { "hero1_id": "118", "hero1_name": "孙膑", "hero2_id": "511", "hero2_name": "猪八戒", "played": "9", "win_rate": "0.5556" },
    { "hero1_id": "118", "hero1_name": "孙膑", "hero2_id": "123", "hero2_name": "吕布", "played": "9", "win_rate": "0.3333" },
    { "hero1_id": "140", "hero1_name": "关羽", "hero2_id": "199", "hero2_name": "公孙离", "played": "9", "win_rate": "0.7778" },
    { "hero1_id": "156", "hero1_name": "张良", "hero2_id": "162", "hero2_name": "娜可露露", "played": "9", "win_rate": "0.3333" },
    { "hero1_id": "133", "hero1_name": "狄仁杰", "hero2_id": "525", "hero2_name": "鲁班大师", "played": "9", "win_rate": "0.5556" },
    { "hero1_id": "123", "hero1_name": "吕布", "hero2_id": "502", "hero2_name": "裴擒虎", "played": "9", "win_rate": "0.4444" },
    { "hero1_id": "511", "hero1_name": "猪八戒", "hero2_id": "531", "hero2_name": "镜", "played": "9", "win_rate": "0.7778" },
    { "hero1_id": "312", "hero1_name": "沈梦溪", "hero2_id": "502", "hero2_name": "裴擒虎", "played": "9", "win_rate": "0.6667" },
    { "hero1_id": "120", "hero1_name": "白起", "hero2_id": "531", "hero2_name": "镜", "played": "9", "win_rate": "0.4444" },
    { "hero1_id": "107", "hero1_name": "赵云", "hero2_id": "509", "hero2_name": "盾山", "played": "9", "win_rate": "0.3333" },
    { "hero1_id": "140", "hero1_name": "关羽", "hero2_id": "525", "hero2_name": "鲁班大师", "played": "8", "win_rate": "1.0000" },
    { "hero1_id": "156", "hero1_name": "张良", "hero2_id": "174", "hero2_name": "虞姬", "played": "8", "win_rate": "0.1250" },
    { "hero1_id": "149", "hero1_name": "刘邦", "hero2_id": "186", "hero2_name": "太乙真人", "played": "8", "win_rate": "0.2500" },
    { "hero1_id": "107", "hero1_name": "赵云", "hero2_id": "111", "hero2_name": "孙尚香", "played": "8", "win_rate": "0.5000" },
    { "hero1_id": "110", "hero1_name": "嬴政", "hero2_id": "502", "hero2_name": "裴擒虎", "played": "8", "win_rate": "0.5000" },
    { "hero1_id": "107", "hero1_name": "赵云", "hero2_id": "148", "hero2_name": "姜子牙", "played": "8", "win_rate": "0.3750" },
    { "hero1_id": "157", "hero1_name": "不知火舞", "hero2_id": "518", "hero2_name": "马超", "played": "8", "win_rate": "0.8750" },
    { "hero1_id": "123", "hero1_name": "吕布", "hero2_id": "148", "hero2_name": "姜子牙", "played": "8", "win_rate": "0.7500" },
    { "hero1_id": "191", "hero1_name": "大乔", "hero2_id": "527", "hero2_name": "蒙恬", "played": "8", "win_rate": "0.5000" },
    { "hero1_id": "148", "hero1_name": "姜子牙", "hero2_id": "199", "hero2_name": "公孙离", "played": "8", "win_rate": "0.6250" },
    { "hero1_id": "186", "hero1_name": "太乙真人", "hero2_id": "312", "hero2_name": "沈梦溪", "played": "8", "win_rate": "0.5000" },
    { "hero1_id": "140", "hero1_name": "关羽", "hero2_id": "312", "hero2_name": "沈梦溪", "played": "8", "win_rate": "0.6250" },
    { "hero1_id": "199", "hero1_name": "公孙离", "hero2_id": "531", "hero2_name": "镜", "played": "8", "win_rate": "0.3750" },
    { "hero1_id": "132", "hero1_name": "马可波罗", "hero2_id": "139", "hero2_name": "老夫子", "played": "8", "win_rate": "0.5000" },
    { "hero1_id": "140", "hero1_name": "关羽", "hero2_id": "174", "hero2_name": "虞姬", "played": "8", "win_rate": "0.3750" },
    { "hero1_id": "124", "hero1_name": "周瑜", "hero2_id": "509", "hero2_name": "盾山", "played": "8", "win_rate": "0.3750" },
    { "hero1_id": "123", "hero1_name": "吕布", "hero2_id": "132", "hero2_name": "马可波罗", "played": "8", "win_rate": "0.5000" },
    { "hero1_id": "105", "hero1_name": "廉颇", "hero2_id": "502", "hero2_name": "裴擒虎", "played": "8", "win_rate": "0.6250" },
    { "hero1_id": "139", "hero1_name": "老夫子", "hero2_id": "502", "hero2_name": "裴擒虎", "played": "8", "win_rate": "0.2500" },
    { "hero1_id": "149", "hero1_name": "刘邦", "hero2_id": "509", "hero2_name": "盾山", "played": "8", "win_rate": "0.6250" },
    { "hero1_id": "511", "hero1_name": "猪八戒", "hero2_id": "524", "hero2_name": "蒙犽", "played": "8", "win_rate": "0.6250" },
    { "hero1_id": "146", "hero1_name": "露娜", "hero2_id": "511", "hero2_name": "猪八戒", "played": "8", "win_rate": "0.8750" },
    { "hero1_id": "105", "hero1_name": "廉颇", "hero2_id": "118", "hero2_name": "孙膑", "played": "8", "win_rate": "0.6250" },
    { "hero1_id": "132", "hero1_name": "马可波罗", "hero2_id": "525", "hero2_name": "鲁班大师", "played": "8", "win_rate": "0.7500" },
    { "hero1_id": "111", "hero1_name": "孙尚香", "hero2_id": "509", "hero2_name": "盾山", "played": "8", "win_rate": "0.7500" },
    { "hero1_id": "107", "hero1_name": "赵云", "hero2_id": "525", "hero2_name": "鲁班大师", "played": "7", "win_rate": "0.5714" },
    { "hero1_id": "173", "hero1_name": "李元芳", "hero2_id": "509", "hero2_name": "盾山", "played": "7", "win_rate": "0.4286" },
    { "hero1_id": "118", "hero1_name": "孙膑", "hero2_id": "312", "hero2_name": "沈梦溪", "played": "7", "win_rate": "0.5714" },
    { "hero1_id": "132", "hero1_name": "马可波罗", "hero2_id": "153", "hero2_name": "兰陵王", "played": "7", "win_rate": "0.2857" },
    { "hero1_id": "186", "hero1_name": "太乙真人", "hero2_id": "502", "hero2_name": "裴擒虎", "played": "7", "win_rate": "0.4286" },
    { "hero1_id": "123", "hero1_name": "吕布", "hero2_id": "156", "hero2_name": "张良", "played": "7", "win_rate": "0.4286" },
    { "hero1_id": "124", "hero1_name": "周瑜", "hero2_id": "162", "hero2_name": "娜可露露", "played": "7", "win_rate": "0.5714" },
    { "hero1_id": "107", "hero1_name": "赵云", "hero2_id": "518", "hero2_name": "马超", "played": "7", "win_rate": "0.7143" },
    { "hero1_id": "140", "hero1_name": "关羽", "hero2_id": "502", "hero2_name": "裴擒虎", "played": "7", "win_rate": "0.7143" },
    { "hero1_id": "152", "hero1_name": "王昭君", "hero2_id": "511", "hero2_name": "猪八戒", "played": "7", "win_rate": "0.4286" },
    { "hero1_id": "148", "hero1_name": "姜子牙", "hero2_id": "508", "hero2_name": "伽罗", "played": "7", "win_rate": "0.5714" },
    { "hero1_id": "146", "hero1_name": "露娜", "hero2_id": "199", "hero2_name": "公孙离", "played": "7", "win_rate": "0.8571" },
    { "hero1_id": "105", "hero1_name": "廉颇", "hero2_id": "162", "hero2_name": "娜可露露", "played": "7", "win_rate": "0.0000" },
    { "hero1_id": "149", "hero1_name": "刘邦", "hero2_id": "199", "hero2_name": "公孙离", "played": "7", "win_rate": "0.4286" },
    { "hero1_id": "174", "hero1_name": "虞姬", "hero2_id": "509", "hero2_name": "盾山", "played": "7", "win_rate": "0.2857" },
    { "hero1_id": "157", "hero1_name": "不知火舞", "hero2_id": "531", "hero2_name": "镜", "played": "7", "win_rate": "0.5714" },
    { "hero1_id": "107", "hero1_name": "赵云", "hero2_id": "186", "hero2_name": "太乙真人", "played": "7", "win_rate": "0.5714" },
    { "hero1_id": "146", "hero1_name": "露娜", "hero2_id": "196", "hero2_name": "百里守约", "played": "7", "win_rate": "0.8571" },
    { "hero1_id": "152", "hero1_name": "王昭君", "hero2_id": "199", "hero2_name": "公孙离", "played": "7", "win_rate": "0.7143" },
    { "hero1_id": "132", "hero1_name": "马可波罗", "hero2_id": "168", "hero2_name": "牛魔", "played": "7", "win_rate": "0.5714" },
    { "hero1_id": "105", "hero1_name": "廉颇", "hero2_id": "157", "hero2_name": "不知火舞", "played": "7", "win_rate": "0.5714" },
    { "hero1_id": "111", "hero1_name": "孙尚香", "hero2_id": "149", "hero2_name": "刘邦", "played": "7", "win_rate": "0.7143" },
    { "hero1_id": "105", "hero1_name": "廉颇", "hero2_id": "110", "hero2_name": "嬴政", "played": "7", "win_rate": "0.4286" },
    { "hero1_id": "312", "hero1_name": "沈梦溪", "hero2_id": "509", "hero2_name": "盾山", "played": "7", "win_rate": "0.4286" },
    { "hero1_id": "111", "hero1_name": "孙尚香", "hero2_id": "312", "hero2_name": "沈梦溪", "played": "7", "win_rate": "0.2857" },
    { "hero1_id": "140", "hero1_name": "关羽", "hero2_id": "156", "hero2_name": "张良", "played": "7", "win_rate": "0.7143" },
    { "hero1_id": "149", "hero1_name": "刘邦", "hero2_id": "171", "hero2_name": "张飞", "played": "7", "win_rate": "0.5714" },
    { "hero1_id": "509", "hero1_name": "盾山", "hero2_id": "518", "hero2_name": "马超", "played": "7", "win_rate": "0.5714" },
    { "hero1_id": "123", "hero1_name": "吕布", "hero2_id": "531", "hero2_name": "镜", "played": "7", "win_rate": "0.5714" },
    { "hero1_id": "162", "hero1_name": "娜可露露", "hero2_id": "524", "hero2_name": "蒙犽", "played": "7", "win_rate": "0.5714" },
    { "hero1_id": "148", "hero1_name": "姜子牙", "hero2_id": "524", "hero2_name": "蒙犽", "played": "7", "win_rate": "0.5714" },
    { "hero1_id": "156", "hero1_name": "张良", "hero2_id": "186", "hero2_name": "太乙真人", "played": "7", "win_rate": "0.5714" },
    { "hero1_id": "123", "hero1_name": "吕布", "hero2_id": "162", "hero2_name": "娜可露露", "played": "7", "win_rate": "0.5714" },
    { "hero1_id": "111", "hero1_name": "孙尚香", "hero2_id": "156", "hero2_name": "张良", "played": "7", "win_rate": "1.0000" },
    { "hero1_id": "140", "hero1_name": "关羽", "hero2_id": "148", "hero2_name": "姜子牙", "played": "7", "win_rate": "0.7143" },
    { "hero1_id": "132", "hero1_name": "马可波罗", "hero2_id": "163", "hero2_name": "橘右京", "played": "7", "win_rate": "0.2857" },
    { "hero1_id": "186", "hero1_name": "太乙真人", "hero2_id": "511", "hero2_name": "猪八戒", "played": "7", "win_rate": "0.7143" },
    { "hero1_id": "123", "hero1_name": "吕布", "hero2_id": "171", "hero2_name": "张飞", "played": "7", "win_rate": "0.2857" },
    { "hero1_id": "157", "hero1_name": "不知火舞", "hero2_id": "171", "hero2_name": "张飞", "played": "7", "win_rate": "0.7143" },
    { "hero1_id": "118", "hero1_name": "孙膑", "hero2_id": "157", "hero2_name": "不知火舞", "played": "6", "win_rate": "0.6667" },
    { "hero1_id": "199", "hero1_name": "公孙离", "hero2_id": "527", "hero2_name": "蒙恬", "played": "6", "win_rate": "0.3333" },
    { "hero1_id": "105", "hero1_name": "廉颇", "hero2_id": "107", "hero2_name": "赵云", "played": "6", "win_rate": "0.5000" },
    { "hero1_id": "107", "hero1_name": "赵云", "hero2_id": "157", "hero2_name": "不知火舞", "played": "6", "win_rate": "0.5000" },
    { "hero1_id": "163", "hero1_name": "橘右京", "hero2_id": "503", "hero2_name": "狂铁", "played": "6", "win_rate": "0.5000" },
    { "hero1_id": "133", "hero1_name": "狄仁杰", "hero2_id": "148", "hero2_name": "姜子牙", "played": "6", "win_rate": "0.5000" },
    { "hero1_id": "139", "hero1_name": "老夫子", "hero2_id": "157", "hero2_name": "不知火舞", "played": "6", "win_rate": "0.8333" },
    { "hero1_id": "120", "hero1_name": "白起", "hero2_id": "186", "hero2_name": "太乙真人", "played": "6", "win_rate": "0.5000" },
    { "hero1_id": "111", "hero1_name": "孙尚香", "hero2_id": "153", "hero2_name": "兰陵王", "played": "6", "win_rate": "0.1667" },
    { "hero1_id": "123", "hero1_name": "吕布", "hero2_id": "312", "hero2_name": "沈梦溪", "played": "6", "win_rate": "0.5000" },
    { "hero1_id": "107", "hero1_name": "赵云", "hero2_id": "133", "hero2_name": "狄仁杰", "played": "6", "win_rate": "0.0000" },
    { "hero1_id": "157", "hero1_name": "不知火舞", "hero2_id": "199", "hero2_name": "公孙离", "played": "6", "win_rate": "0.6667" },
    { "hero1_id": "148", "hero1_name": "姜子牙", "hero2_id": "186", "hero2_name": "太乙真人", "played": "6", "win_rate": "0.8333" },
    { "hero1_id": "196", "hero1_name": "百里守约", "hero2_id": "199", "hero2_name": "公孙离", "played": "6", "win_rate": "0.6667" },
    { "hero1_id": "111", "hero1_name": "孙尚香", "hero2_id": "523", "hero2_name": "西施", "played": "6", "win_rate": "0.5000" },
    { "hero1_id": "199", "hero1_name": "公孙离", "hero2_id": "509", "hero2_name": "盾山", "played": "6", "win_rate": "0.5000" },
    { "hero1_id": "139", "hero1_name": "老夫子", "hero2_id": "148", "hero2_name": "姜子牙", "played": "6", "win_rate": "0.5000" },
    { "hero1_id": "132", "hero1_name": "马可波罗", "hero2_id": "502", "hero2_name": "裴擒虎", "played": "6", "win_rate": "0.5000" },
    { "hero1_id": "124", "hero1_name": "周瑜", "hero2_id": "511", "hero2_name": "猪八戒", "played": "6", "win_rate": "0.6667" },
    { "hero1_id": "174", "hero1_name": "虞姬", "hero2_id": "518", "hero2_name": "马超", "played": "6", "win_rate": "0.3333" },
    { "hero1_id": "312", "hero1_name": "沈梦溪", "hero2_id": "525", "hero2_name": "鲁班大师", "played": "6", "win_rate": "0.8333" },
    { "hero1_id": "186", "hero1_name": "太乙真人", "hero2_id": "518", "hero2_name": "马超", "played": "6", "win_rate": "0.8333" },
    { "hero1_id": "118", "hero1_name": "孙膑", "hero2_id": "148", "hero2_name": "姜子牙", "played": "6", "win_rate": "0.3333" },
    { "hero1_id": "124", "hero1_name": "周瑜", "hero2_id": "199", "hero2_name": "公孙离", "played": "6", "win_rate": "0.3333" },
    { "hero1_id": "111", "hero1_name": "孙尚香", "hero2_id": "502", "hero2_name": "裴擒虎", "played": "6", "win_rate": "0.6667" },
    { "hero1_id": "163", "hero1_name": "橘右京", "hero2_id": "191", "hero2_name": "大乔", "played": "6", "win_rate": "0.5000" },
    { "hero1_id": "140", "hero1_name": "关羽", "hero2_id": "523", "hero2_name": "西施", "played": "6", "win_rate": "0.8333" },
    { "hero1_id": "107", "hero1_name": "赵云", "hero2_id": "152", "hero2_name": "王昭君", "played": "6", "win_rate": "0.1667" },
    { "hero1_id": "163", "hero1_name": "橘右京", "hero2_id": "174", "hero2_name": "虞姬", "played": "6", "win_rate": "0.1667" },
    { "hero1_id": "118", "hero1_name": "孙膑", "hero2_id": "527", "hero2_name": "蒙恬", "played": "6", "win_rate": "0.1667" },
    { "hero1_id": "110", "hero1_name": "嬴政", "hero2_id": "132", "hero2_name": "马可波罗", "played": "6", "win_rate": "0.3333" },
    { "hero1_id": "508", "hero1_name": "伽罗", "hero2_id": "531", "hero2_name": "镜", "played": "6", "win_rate": "0.5000" },
    { "hero1_id": "527", "hero1_name": "蒙恬", "hero2_id": "531", "hero2_name": "镜", "played": "6", "win_rate": "0.3333" },
    { "hero1_id": "132", "hero1_name": "马可波罗", "hero2_id": "518", "hero2_name": "马超", "played": "6", "win_rate": "0.6667" },
    { "hero1_id": "191", "hero1_name": "大乔", "hero2_id": "312", "hero2_name": "沈梦溪", "played": "6", "win_rate": "0.6667" },
    { "hero1_id": "196", "hero1_name": "百里守约", "hero2_id": "511", "hero2_name": "猪八戒", "played": "6", "win_rate": "0.8333" },
    { "hero1_id": "186", "hero1_name": "太乙真人", "hero2_id": "523", "hero2_name": "西施", "played": "6", "win_rate": "0.3333" },
    { "hero1_id": "110", "hero1_name": "嬴政", "hero2_id": "139", "hero2_name": "老夫子", "played": "6", "win_rate": "0.1667" },
    { "hero1_id": "146", "hero1_name": "露娜", "hero2_id": "191", "hero2_name": "大乔", "played": "6", "win_rate": "0.8333" },
    { "hero1_id": "139", "hero1_name": "老夫子", "hero2_id": "162", "hero2_name": "娜可露露", "played": "6", "win_rate": "0.6667" },
    { "hero1_id": "152", "hero1_name": "王昭君", "hero2_id": "191", "hero2_name": "大乔", "played": "6", "win_rate": "0.6667" },
    { "hero1_id": "105", "hero1_name": "廉颇", "hero2_id": "312", "hero2_name": "沈梦溪", "played": "6", "win_rate": "0.5000" },
    { "hero1_id": "107", "hero1_name": "赵云", "hero2_id": "149", "hero2_name": "刘邦", "played": "6", "win_rate": "0.8333" },
    { "hero1_id": "133", "hero1_name": "狄仁杰", "hero2_id": "531", "hero2_name": "镜", "played": "6", "win_rate": "1.0000" },
    { "hero1_id": "105", "hero1_name": "廉颇", "hero2_id": "140", "hero2_name": "关羽", "played": "6", "win_rate": "0.6667" },
    { "hero1_id": "105", "hero1_name": "廉颇", "hero2_id": "156", "hero2_name": "张良", "played": "6", "win_rate": "0.3333" },
    { "hero1_id": "156", "hero1_name": "张良", "hero2_id": "518", "hero2_name": "马超", "played": "6", "win_rate": "0.5000" },
    { "hero1_id": "163", "hero1_name": "橘右京", "hero2_id": "527", "hero2_name": "蒙恬", "played": "5", "win_rate": "0.0000" },
    { "hero1_id": "148", "hero1_name": "姜子牙", "hero2_id": "502", "hero2_name": "裴擒虎", "played": "5", "win_rate": "0.8000" },
    { "hero1_id": "524", "hero1_name": "蒙犽", "hero2_id": "527", "hero2_name": "蒙恬", "played": "5", "win_rate": "0.8000" },
    { "hero1_id": "199", "hero1_name": "公孙离", "hero2_id": "503", "hero2_name": "狂铁", "played": "5", "win_rate": "0.6000" },
    { "hero1_id": "120", "hero1_name": "白起", "hero2_id": "163", "hero2_name": "橘右京", "played": "5", "win_rate": "0.0000" },
    { "hero1_id": "156", "hero1_name": "张良", "hero2_id": "502", "hero2_name": "裴擒虎", "played": "5", "win_rate": "0.2000" },
    { "hero1_id": "118", "hero1_name": "孙膑", "hero2_id": "132", "hero2_name": "马可波罗", "played": "5", "win_rate": "0.4000" },
    { "hero1_id": "149", "hero1_name": "刘邦", "hero2_id": "157", "hero2_name": "不知火舞", "played": "5", "win_rate": "0.8000" },
    { "hero1_id": "149", "hero1_name": "刘邦", "hero2_id": "174", "hero2_name": "虞姬", "played": "5", "win_rate": "0.2000" },
    { "hero1_id": "152", "hero1_name": "王昭君", "hero2_id": "531", "hero2_name": "镜", "played": "5", "win_rate": "0.6000" },
    { "hero1_id": "105", "hero1_name": "廉颇", "hero2_id": "171", "hero2_name": "张飞", "played": "5", "win_rate": "0.2000" },
    { "hero1_id": "162", "hero1_name": "娜可露露", "hero2_id": "186", "hero2_name": "太乙真人", "played": "5", "win_rate": "0.8000" },
    { "hero1_id": "139", "hero1_name": "老夫子", "hero2_id": "171", "hero2_name": "张飞", "played": "5", "win_rate": "0.6000" },
    { "hero1_id": "149", "hero1_name": "刘邦", "hero2_id": "525", "hero2_name": "鲁班大师", "played": "5", "win_rate": "0.6000" },
    { "hero1_id": "182", "hero1_name": "干将莫邪", "hero2_id": "511", "hero2_name": "猪八戒", "played": "5", "win_rate": "0.6000" },
    { "hero1_id": "118", "hero1_name": "孙膑", "hero2_id": "531", "hero2_name": "镜", "played": "5", "win_rate": "0.0000" },
    { "hero1_id": "171", "hero1_name": "张飞", "hero2_id": "518", "hero2_name": "马超", "played": "5", "win_rate": "0.6000" },
    { "hero1_id": "123", "hero1_name": "吕布", "hero2_id": "199", "hero2_name": "公孙离", "played": "5", "win_rate": "0.4000" },
    { "hero1_id": "518", "hero1_name": "马超", "hero2_id": "523", "hero2_name": "西施", "played": "5", "win_rate": "0.4000" },
    { "hero1_id": "123", "hero1_name": "吕布", "hero2_id": "518", "hero2_name": "马超", "played": "5", "win_rate": "0.4000" },
    { "hero1_id": "191", "hero1_name": "大乔", "hero2_id": "502", "hero2_name": "裴擒虎", "played": "5", "win_rate": "0.4000" },
    { "hero1_id": "124", "hero1_name": "周瑜", "hero2_id": "525", "hero2_name": "鲁班大师", "played": "5", "win_rate": "0.4000" },
    { "hero1_id": "139", "hero1_name": "老夫子", "hero2_id": "509", "hero2_name": "盾山", "played": "5", "win_rate": "0.4000" },
    { "hero1_id": "163", "hero1_name": "橘右京", "hero2_id": "509", "hero2_name": "盾山", "played": "5", "win_rate": "0.4000" },
    { "hero1_id": "139", "hero1_name": "老夫子", "hero2_id": "163", "hero2_name": "橘右京", "played": "5", "win_rate": "0.4000" },
    { "hero1_id": "174", "hero1_name": "虞姬", "hero2_id": "186", "hero2_name": "太乙真人", "played": "5", "win_rate": "0.0000" },
    { "hero1_id": "107", "hero1_name": "赵云", "hero2_id": "139", "hero2_name": "老夫子", "played": "5", "win_rate": "0.2000" },
    { "hero1_id": "162", "hero1_name": "娜可露露", "hero2_id": "312", "hero2_name": "沈梦溪", "played": "5", "win_rate": "0.4000" },
    { "hero1_id": "153", "hero1_name": "兰陵王", "hero2_id": "171", "hero2_name": "张飞", "played": "5", "win_rate": "0.4000" },
    { "hero1_id": "186", "hero1_name": "太乙真人", "hero2_id": "199", "hero2_name": "公孙离", "played": "5", "win_rate": "0.8000" },
    { "hero1_id": "149", "hero1_name": "刘邦", "hero2_id": "163", "hero2_name": "橘右京", "played": "5", "win_rate": "0.2000" },
    { "hero1_id": "124", "hero1_name": "周瑜", "hero2_id": "531", "hero2_name": "镜", "played": "5", "win_rate": "0.4000" },
    { "hero1_id": "509", "hero1_name": "盾山", "hero2_id": "527", "hero2_name": "蒙恬", "played": "5", "win_rate": "0.4000" },
    { "hero1_id": "196", "hero1_name": "百里守约", "hero2_id": "525", "hero2_name": "鲁班大师", "played": "5", "win_rate": "0.6000" },
    { "hero1_id": "111", "hero1_name": "孙尚香", "hero2_id": "527", "hero2_name": "蒙恬", "played": "5", "win_rate": "0.4000" },
    { "hero1_id": "174", "hero1_name": "虞姬", "hero2_id": "502", "hero2_name": "裴擒虎", "played": "5", "win_rate": "0.0000" },
    { "hero1_id": "140", "hero1_name": "关羽", "hero2_id": "511", "hero2_name": "猪八戒", "played": "5", "win_rate": "0.6000" },
    { "hero1_id": "157", "hero1_name": "不知火舞", "hero2_id": "509", "hero2_name": "盾山", "played": "5", "win_rate": "0.8000" },
    { "hero1_id": "182", "hero1_name": "干将莫邪", "hero2_id": "525", "hero2_name": "鲁班大师", "played": "5", "win_rate": "0.4000" },
    { "hero1_id": "174", "hero1_name": "虞姬", "hero2_id": "525", "hero2_name": "鲁班大师", "played": "5", "win_rate": "0.4000" },
    { "hero1_id": "120", "hero1_name": "白起", "hero2_id": "148", "hero2_name": "姜子牙", "played": "5", "win_rate": "0.6000" },
    { "hero1_id": "163", "hero1_name": "橘右京", "hero2_id": "186", "hero2_name": "太乙真人", "played": "5", "win_rate": "0.2000" },
    { "hero1_id": "105", "hero1_name": "廉颇", "hero2_id": "149", "hero2_name": "刘邦", "played": "5", "win_rate": "0.4000" },
    { "hero1_id": "123", "hero1_name": "吕布", "hero2_id": "186", "hero2_name": "太乙真人", "played": "5", "win_rate": "0.2000" },
    { "hero1_id": "149", "hero1_name": "刘邦", "hero2_id": "502", "hero2_name": "裴擒虎", "played": "5", "win_rate": "0.8000" },
    { "hero1_id": "157", "hero1_name": "不知火舞", "hero2_id": "502", "hero2_name": "裴擒虎", "played": "5", "win_rate": "0.6000" },
    { "hero1_id": "123", "hero1_name": "吕布", "hero2_id": "124", "hero2_name": "周瑜", "played": "5", "win_rate": "0.2000" },
    { "hero1_id": "149", "hero1_name": "刘邦", "hero2_id": "162", "hero2_name": "娜可露露", "played": "5", "win_rate": "0.6000" },
    { "hero1_id": "123", "hero1_name": "吕布", "hero2_id": "523", "hero2_name": "西施", "played": "5", "win_rate": "0.0000" },
    { "hero1_id": "139", "hero1_name": "老夫子", "hero2_id": "312", "hero2_name": "沈梦溪", "played": "5", "win_rate": "0.8000" },
    { "hero1_id": "174", "hero1_name": "虞姬", "hero2_id": "531", "hero2_name": "镜", "played": "5", "win_rate": "0.2000" },
    { "hero1_id": "509", "hero1_name": "盾山", "hero2_id": "524", "hero2_name": "蒙犽", "played": "5", "win_rate": "0.8000" },
    { "hero1_id": "153", "hero1_name": "兰陵王", "hero2_id": "509", "hero2_name": "盾山", "played": "5", "win_rate": "0.4000" },
    { "hero1_id": "163", "hero1_name": "橘右京", "hero2_id": "196", "hero2_name": "百里守约", "played": "5", "win_rate": "0.4000" },
    { "hero1_id": "105", "hero1_name": "廉颇", "hero2_id": "531", "hero2_name": "镜", "played": "5", "win_rate": "0.2000" },
    { "hero1_id": "124", "hero1_name": "周瑜", "hero2_id": "140", "hero2_name": "关羽", "played": "5", "win_rate": "0.2000" },
    { "hero1_id": "511", "hero1_name": "猪八戒", "hero2_id": "523", "hero2_name": "西施", "played": "4", "win_rate": "0.7500" },
    { "hero1_id": "139", "hero1_name": "老夫子", "hero2_id": "173", "hero2_name": "李元芳", "played": "4", "win_rate": "0.5000" },
    { "hero1_id": "194", "hero1_name": "苏烈", "hero2_id": "199", "hero2_name": "公孙离", "played": "4", "win_rate": "0.2500" },
    { "hero1_id": "132", "hero1_name": "马可波罗", "hero2_id": "515", "hero2_name": "嫦娥", "played": "4", "win_rate": "0.2500" },
    { "hero1_id": "194", "hero1_name": "苏烈", "hero2_id": "518", "hero2_name": "马超", "played": "4", "win_rate": "0.7500" },
    { "hero1_id": "518", "hero1_name": "马超", "hero2_id": "531", "hero2_name": "镜", "played": "4", "win_rate": "0.2500" },
    { "hero1_id": "118", "hero1_name": "孙膑", "hero2_id": "515", "hero2_name": "嫦娥", "played": "4", "win_rate": "0.2500" },
    { "hero1_id": "171", "hero1_name": "张飞", "hero2_id": "502", "hero2_name": "裴擒虎", "played": "4", "win_rate": "0.5000" },
    { "hero1_id": "153", "hero1_name": "兰陵王", "hero2_id": "515", "hero2_name": "嫦娥", "played": "4", "win_rate": "0.2500" },
    { "hero1_id": "508", "hero1_name": "伽罗", "hero2_id": "511", "hero2_name": "猪八戒", "played": "4", "win_rate": "0.5000" },
    { "hero1_id": "139", "hero1_name": "老夫子", "hero2_id": "525", "hero2_name": "鲁班大师", "played": "4", "win_rate": "0.5000" },
    { "hero1_id": "105", "hero1_name": "廉颇", "hero2_id": "163", "hero2_name": "橘右京", "played": "4", "win_rate": "0.7500" },
    { "hero1_id": "140", "hero1_name": "关羽", "hero2_id": "186", "hero2_name": "太乙真人", "played": "4", "win_rate": "0.5000" },
    { "hero1_id": "157", "hero1_name": "不知火舞", "hero2_id": "186", "hero2_name": "太乙真人", "played": "4", "win_rate": "0.5000" },
    { "hero1_id": "511", "hero1_name": "猪八戒", "hero2_id": "513", "hero2_name": "上官婉儿", "played": "4", "win_rate": "0.7500" },
    { "hero1_id": "199", "hero1_name": "公孙离", "hero2_id": "518", "hero2_name": "马超", "played": "4", "win_rate": "1.0000" },
    { "hero1_id": "120", "hero1_name": "白起", "hero2_id": "199", "hero2_name": "公孙离", "played": "4", "win_rate": "0.2500" },
    { "hero1_id": "173", "hero1_name": "李元芳", "hero2_id": "525", "hero2_name": "鲁班大师", "played": "4", "win_rate": "0.5000" },
    { "hero1_id": "132", "hero1_name": "马可波罗", "hero2_id": "523", "hero2_name": "西施", "played": "4", "win_rate": "0.5000" },
    { "hero1_id": "123", "hero1_name": "吕布", "hero2_id": "522", "hero2_name": "曜", "played": "4", "win_rate": "0.2500" },
    { "hero1_id": "139", "hero1_name": "老夫子", "hero2_id": "199", "hero2_name": "公孙离", "played": "4", "win_rate": "0.7500" },
    { "hero1_id": "124", "hero1_name": "周瑜", "hero2_id": "139", "hero2_name": "老夫子", "played": "4", "win_rate": "0.5000" },
    { "hero1_id": "110", "hero1_name": "嬴政", "hero2_id": "149", "hero2_name": "刘邦", "played": "4", "win_rate": "0.7500" },
    { "hero1_id": "508", "hero1_name": "伽罗", "hero2_id": "525", "hero2_name": "鲁班大师", "played": "4", "win_rate": "0.7500" },
    { "hero1_id": "168", "hero1_name": "牛魔", "hero2_id": "199", "hero2_name": "公孙离", "played": "4", "win_rate": "0.5000" },
    { "hero1_id": "107", "hero1_name": "赵云", "hero2_id": "120", "hero2_name": "白起", "played": "4", "win_rate": "0.0000" },
    { "hero1_id": "157", "hero1_name": "不知火舞", "hero2_id": "191", "hero2_name": "大乔", "played": "4", "win_rate": "0.5000" },
    { "hero1_id": "152", "hero1_name": "王昭君", "hero2_id": "163", "hero2_name": "橘右京", "played": "4", "win_rate": "0.2500" },
    { "hero1_id": "107", "hero1_name": "赵云", "hero2_id": "524", "hero2_name": "蒙犽", "played": "4", "win_rate": "0.2500" },
    { "hero1_id": "199", "hero1_name": "公孙离", "hero2_id": "525", "hero2_name": "鲁班大师", "played": "4", "win_rate": "0.7500" },
    { "hero1_id": "123", "hero1_name": "吕布", "hero2_id": "509", "hero2_name": "盾山", "played": "4", "win_rate": "0.2500" },
    { "hero1_id": "524", "hero1_name": "蒙犽", "hero2_id": "525", "hero2_name": "鲁班大师", "played": "4", "win_rate": "0.5000" },
    { "hero1_id": "132", "hero1_name": "马可波罗", "hero2_id": "152", "hero2_name": "王昭君", "played": "4", "win_rate": "0.2500" },
    { "hero1_id": "133", "hero1_name": "狄仁杰", "hero2_id": "511", "hero2_name": "猪八戒", "played": "4", "win_rate": "0.2500" },
    { "hero1_id": "156", "hero1_name": "张良", "hero2_id": "173", "hero2_name": "李元芳", "played": "4", "win_rate": "0.5000" },
    { "hero1_id": "156", "hero1_name": "张良", "hero2_id": "199", "hero2_name": "公孙离", "played": "4", "win_rate": "0.2500" },
    { "hero1_id": "139", "hero1_name": "老夫子", "hero2_id": "153", "hero2_name": "兰陵王", "played": "4", "win_rate": "0.7500" },
    { "hero1_id": "503", "hero1_name": "狂铁", "hero2_id": "531", "hero2_name": "镜", "played": "4", "win_rate": "0.7500" },
    { "hero1_id": "105", "hero1_name": "廉颇", "hero2_id": "111", "hero2_name": "孙尚香", "played": "4", "win_rate": "0.7500" },
    { "hero1_id": "118", "hero1_name": "孙膑", "hero2_id": "503", "hero2_name": "狂铁", "played": "4", "win_rate": "0.0000" },
    { "hero1_id": "153", "hero1_name": "兰陵王", "hero2_id": "186", "hero2_name": "太乙真人", "played": "4", "win_rate": "0.0000" },
    { "hero1_id": "120", "hero1_name": "白起", "hero2_id": "525", "hero2_name": "鲁班大师", "played": "4", "win_rate": "0.0000" },
    { "hero1_id": "140", "hero1_name": "关羽", "hero2_id": "157", "hero2_name": "不知火舞", "played": "4", "win_rate": "0.5000" },
    { "hero1_id": "149", "hero1_name": "刘邦", "hero2_id": "173", "hero2_name": "李元芳", "played": "4", "win_rate": "0.0000" },
    { "hero1_id": "140", "hero1_name": "关羽", "hero2_id": "529", "hero2_name": "盘古", "played": "4", "win_rate": "0.7500" },
    { "hero1_id": "105", "hero1_name": "廉颇", "hero2_id": "527", "hero2_name": "蒙恬", "played": "4", "win_rate": "0.0000" },
    { "hero1_id": "157", "hero1_name": "不知火舞", "hero2_id": "163", "hero2_name": "橘右京", "played": "4", "win_rate": "0.7500" },
    { "hero1_id": "171", "hero1_name": "张飞", "hero2_id": "508", "hero2_name": "伽罗", "played": "4", "win_rate": "0.5000" },
    { "hero1_id": "173", "hero1_name": "李元芳", "hero2_id": "182", "hero2_name": "干将莫邪", "played": "4", "win_rate": "0.0000" },
    { "hero1_id": "156", "hero1_name": "张良", "hero2_id": "509", "hero2_name": "盾山", "played": "4", "win_rate": "1.0000" },
    { "hero1_id": "502", "hero1_name": "裴擒虎", "hero2_id": "522", "hero2_name": "曜", "played": "4", "win_rate": "0.2500" },
    { "hero1_id": "118", "hero1_name": "孙膑", "hero2_id": "139", "hero2_name": "老夫子", "played": "4", "win_rate": "0.2500" },
    { "hero1_id": "107", "hero1_name": "赵云", "hero2_id": "523", "hero2_name": "西施", "played": "4", "win_rate": "0.5000" },
    { "hero1_id": "184", "hero1_name": "蔡文姬", "hero2_id": "199", "hero2_name": "公孙离", "played": "4", "win_rate": "0.5000" },
    { "hero1_id": "111", "hero1_name": "孙尚香", "hero2_id": "157", "hero2_name": "不知火舞", "played": "4", "win_rate": "1.0000" },
    { "hero1_id": "163", "hero1_name": "橘右京", "hero2_id": "524", "hero2_name": "蒙犽", "played": "4", "win_rate": "0.5000" },
    { "hero1_id": "123", "hero1_name": "吕布", "hero2_id": "524", "hero2_name": "蒙犽", "played": "4", "win_rate": "0.2500" },
    { "hero1_id": "110", "hero1_name": "嬴政", "hero2_id": "111", "hero2_name": "孙尚香", "played": "4", "win_rate": "0.5000" },
    { "hero1_id": "110", "hero1_name": "嬴政", "hero2_id": "527", "hero2_name": "蒙恬", "played": "4", "win_rate": "0.0000" },
    { "hero1_id": "312", "hero1_name": "沈梦溪", "hero2_id": "524", "hero2_name": "蒙犽", "played": "4", "win_rate": "0.5000" },
    { "hero1_id": "156", "hero1_name": "张良", "hero2_id": "171", "hero2_name": "张飞", "played": "4", "win_rate": "0.2500" },
    { "hero1_id": "120", "hero1_name": "白起", "hero2_id": "157", "hero2_name": "不知火舞", "played": "4", "win_rate": "0.0000" },
    { "hero1_id": "111", "hero1_name": "孙尚香", "hero2_id": "123", "hero2_name": "吕布", "played": "4", "win_rate": "0.5000" },
    { "hero1_id": "199", "hero1_name": "公孙离", "hero2_id": "513", "hero2_name": "上官婉儿", "played": "4", "win_rate": "0.5000" },
    { "hero1_id": "153", "hero1_name": "兰陵王", "hero2_id": "527", "hero2_name": "蒙恬", "played": "4", "win_rate": "0.2500" },
    { "hero1_id": "163", "hero1_name": "橘右京", "hero2_id": "515", "hero2_name": "嫦娥", "played": "4", "win_rate": "0.2500" },
    { "hero1_id": "107", "hero1_name": "赵云", "hero2_id": "124", "hero2_name": "周瑜", "played": "4", "win_rate": "0.2500" },
    { "hero1_id": "173", "hero1_name": "李元芳", "hero2_id": "511", "hero2_name": "猪八戒", "played": "4", "win_rate": "0.5000" },
    { "hero1_id": "110", "hero1_name": "嬴政", "hero2_id": "511", "hero2_name": "猪八戒", "played": "4", "win_rate": "0.5000" },
    { "hero1_id": "120", "hero1_name": "白起", "hero2_id": "518", "hero2_name": "马超", "played": "4", "win_rate": "0.5000" },
    { "hero1_id": "148", "hero1_name": "姜子牙", "hero2_id": "503", "hero2_name": "狂铁", "played": "4", "win_rate": "0.5000" },
    { "hero1_id": "123", "hero1_name": "吕布", "hero2_id": "139", "hero2_name": "老夫子", "played": "4", "win_rate": "0.2500" },
    { "hero1_id": "105", "hero1_name": "廉颇", "hero2_id": "509", "hero2_name": "盾山", "played": "4", "win_rate": "0.5000" },
    { "hero1_id": "107", "hero1_name": "赵云", "hero2_id": "168", "hero2_name": "牛魔", "played": "4", "win_rate": "0.7500" },
    { "hero1_id": "171", "hero1_name": "张飞", "hero2_id": "174", "hero2_name": "虞姬", "played": "4", "win_rate": "0.5000" },
    { "hero1_id": "152", "hero1_name": "王昭君", "hero2_id": "527", "hero2_name": "蒙恬", "played": "4", "win_rate": "0.5000" },
    { "hero1_id": "111", "hero1_name": "孙尚香", "hero2_id": "518", "hero2_name": "马超", "played": "4", "win_rate": "1.0000" },
    { "hero1_id": "105", "hero1_name": "廉颇", "hero2_id": "525", "hero2_name": "鲁班大师", "played": "4", "win_rate": "0.7500" },
    { "hero1_id": "124", "hero1_name": "周瑜", "hero2_id": "132", "hero2_name": "马可波罗", "played": "4", "win_rate": "0.5000" },
    { "hero1_id": "111", "hero1_name": "孙尚香", "hero2_id": "139", "hero2_name": "老夫子", "played": "4", "win_rate": "0.5000" },
    { "hero1_id": "139", "hero1_name": "老夫子", "hero2_id": "527", "hero2_name": "蒙恬", "played": "4", "win_rate": "0.2500" },
    { "hero1_id": "163", "hero1_name": "橘右京", "hero2_id": "508", "hero2_name": "伽罗", "played": "4", "win_rate": "0.5000" },
    { "hero1_id": "171", "hero1_name": "张飞", "hero2_id": "523", "hero2_name": "西施", "played": "4", "win_rate": "0.5000" },
    { "hero1_id": "110", "hero1_name": "嬴政", "hero2_id": "174", "hero2_name": "虞姬", "played": "4", "win_rate": "0.5000" },
    { "hero1_id": "120", "hero1_name": "白起", "hero2_id": "191", "hero2_name": "大乔", "played": "4", "win_rate": "0.2500" },
    { "hero1_id": "163", "hero1_name": "橘右京", "hero2_id": "523", "hero2_name": "西施", "played": "4", "win_rate": "0.5000" },
    { "hero1_id": "312", "hero1_name": "沈梦溪", "hero2_id": "522", "hero2_name": "曜", "played": "4", "win_rate": "0.7500" },
    { "hero1_id": "171", "hero1_name": "张飞", "hero2_id": "196", "hero2_name": "百里守约", "played": "4", "win_rate": "0.5000" },
    { "hero1_id": "118", "hero1_name": "孙膑", "hero2_id": "120", "hero2_name": "白起", "played": "4", "win_rate": "0.0000" },
    { "hero1_id": "107", "hero1_name": "赵云", "hero2_id": "123", "hero2_name": "吕布", "played": "4", "win_rate": "0.5000" }
]