[
    { "avg_assist": "5.93", "avg_ban_seq": "3.0", "avg_bekill": "2.09", "avg_kill": "1.11", "avg_pick_seq": "0.0", "ban_cnt": "64", "gpm": "503", "hero_id": "511", "hero_name": "猪八戒", "kda": "4.53", "pick_cnt": "79", "played": "88", "win_rate": "0.5682" },
    { "avg_assist": "5.01", "avg_ban_seq": "3.2", "avg_bekill": "2.04", "avg_kill": "3.52", "avg_pick_seq": "0.0", "ban_cnt": "60", "gpm": "721", "hero_id": "132", "hero_name": "马可波罗", "kda": "5.74", "pick_cnt": "69", "played": "75", "win_rate": "0.4800" },
    { "avg_assist": "5.58", "avg_ban_seq": "6.1", "avg_bekill": "1.35", "avg_kill": "2.00", "avg_pick_seq": "0.0", "ban_cnt": "33", "gpm": "526", "hero_id": "148", "hero_name": "姜子牙", "kda": "6.01", "pick_cnt": "68", "played": "71", "win_rate": "0.5493" },
    { "avg_assist": "7.48", "avg_ban_seq": "5.1", "avg_bekill": "1.95", "avg_kill": "0.49", "avg_pick_seq": "0.0", "ban_cnt": "28", "gpm": "416", "hero_id": "171", "hero_name": "张飞", "kda": "5.95", "pick_cnt": "63", "played": "63", "win_rate": "0.4921" },
    { "avg_assist": "4.14", "avg_ban_seq": "2.9", "avg_bekill": "1.95", "avg_kill": "3.67", "avg_pick_seq": "0.0", "ban_cnt": "91", "gpm": "731", "hero_id": "199", "hero_name": "公孙离", "kda": "5.27", "pick_cnt": "62", "played": "66", "win_rate": "0.5606" },
    { "avg_assist": "3.50", "avg_ban_seq": "3.0", "avg_bekill": "2.24", "avg_kill": "3.40", "avg_pick_seq": "0.0", "ban_cnt": "66", "gpm": "703", "hero_id": "531", "hero_name": "镜", "kda": "4.25", "pick_cnt": "61", "played": "70", "win_rate": "0.5000" },
    { "avg_assist": "5.69", "avg_ban_seq": "6.6", "avg_bekill": "1.44", "avg_kill": "2.34", "avg_pick_seq": "0.0", "ban_cnt": "51", "gpm": "604", "hero_id": "312", "hero_name": "沈梦溪", "kda": "6.26", "pick_cnt": "58", "played": "61", "win_rate": "0.4918" },
    { "avg_assist": "5.95", "avg_ban_seq": "3.4", "avg_bekill": "3.74", "avg_kill": "0.38", "avg_pick_seq": "0.0", "ban_cnt": "78", "gpm": "394", "hero_id": "509", "hero_name": "盾山", "kda": "2.32", "pick_cnt": "58", "played": "61", "win_rate": "0.5410" },
    { "avg_assist": "3.91", "avg_ban_seq": "3.6", "avg_bekill": "2.04", "avg_kill": "3.46", "avg_pick_seq": "0.0", "ban_cnt": "76", "gpm": "728", "hero_id": "518", "hero_name": "马超", "kda": "4.58", "pick_cnt": "56", "played": "57", "win_rate": "0.6140" },
    { "avg_assist": "4.35", "avg_ban_seq": "5.7", "avg_bekill": "2.60", "avg_kill": "2.93", "avg_pick_seq": "0.0", "ban_cnt": "19", "gpm": "685", "hero_id": "163", "hero_name": "橘右京", "kda": "4.51", "pick_cnt": "56", "played": "57", "win_rate": "0.3509" },
    { "avg_assist": "4.67", "avg_ban_seq": "6.2", "avg_bekill": "2.91", "avg_kill": "2.87", "avg_pick_seq": "0.0", "ban_cnt": "19", "gpm": "666", "hero_id": "107", "hero_name": "赵云", "kda": "3.80", "pick_cnt": "54", "played": "55", "win_rate": "0.4545" },
    { "avg_assist": "5.82", "avg_ban_seq": "4.4", "avg_bekill": "1.98", "avg_kill": "1.36", "avg_pick_seq": "0.0", "ban_cnt": "17", "gpm": "522", "hero_id": "149", "hero_name": "刘邦", "kda": "4.97", "pick_cnt": "52", "played": "55", "win_rate": "0.5455" },
    { "avg_assist": "9.20", "avg_ban_seq": "2.4", "avg_bekill": "1.95", "avg_kill": "0.65", "avg_pick_seq": "0.0", "ban_cnt": "113", "gpm": "416", "hero_id": "525", "hero_name": "鲁班大师", "kda": "6.66", "pick_cnt": "49", "played": "55", "win_rate": "0.6364" },
    { "avg_assist": "6.20", "avg_ban_seq": "6.6", "avg_bekill": "2.30", "avg_kill": "1.08", "avg_pick_seq": "0.0", "ban_cnt": "14", "gpm": "472", "hero_id": "105", "hero_name": "廉颇", "kda": "4.22", "pick_cnt": "48", "played": "50", "win_rate": "0.4600" },
    { "avg_assist": "4.24", "avg_ban_seq": "4.8", "avg_bekill": "1.53", "avg_kill": "4.57", "avg_pick_seq": "0.0", "ban_cnt": "46", "gpm": "795", "hero_id": "111", "hero_name": "孙尚香", "kda": "6.26", "pick_cnt": "48", "played": "51", "win_rate": "0.5686" },
    { "avg_assist": "4.62", "avg_ban_seq": "4.4", "avg_bekill": "2.06", "avg_kill": "2.88", "avg_pick_seq": "0.0", "ban_cnt": "53", "gpm": "643", "hero_id": "140", "hero_name": "关羽", "kda": "4.90", "pick_cnt": "48", "played": "48", "win_rate": "0.6250" },
    { "avg_assist": "6.82", "avg_ban_seq": "5.7", "avg_bekill": "2.89", "avg_kill": "0.38", "avg_pick_seq": "0.0", "ban_cnt": "16", "gpm": "454", "hero_id": "186", "hero_name": "太乙真人", "kda": "3.80", "pick_cnt": "45", "played": "45", "win_rate": "0.4667" },
    { "avg_assist": "4.04", "avg_ban_seq": "5.5", "avg_bekill": "2.16", "avg_kill": "3.51", "avg_pick_seq": "0.0", "ban_cnt": "11", "gpm": "745", "hero_id": "502", "hero_name": "裴擒虎", "kda": "4.80", "pick_cnt": "45", "played": "45", "win_rate": "0.5333" },
    { "avg_assist": "5.11", "avg_ban_seq": "7.0", "avg_bekill": "2.58", "avg_kill": "1.78", "avg_pick_seq": "0.0", "ban_cnt": "11", "gpm": "532", "hero_id": "123", "hero_name": "吕布", "kda": "3.26", "pick_cnt": "44", "played": "45", "win_rate": "0.3556" },
    { "avg_assist": "4.00", "avg_ban_seq": "6.1", "avg_bekill": "2.57", "avg_kill": "4.52", "avg_pick_seq": "0.0", "ban_cnt": "22", "gpm": "751", "hero_id": "162", "hero_name": "娜可露露", "kda": "4.65", "pick_cnt": "43", "played": "44", "win_rate": "0.5227" },
    { "avg_assist": "5.72", "avg_ban_seq": "5.0", "avg_bekill": "3.44", "avg_kill": "1.15", "avg_pick_seq": "0.0", "ban_cnt": "22", "gpm": "574", "hero_id": "139", "hero_name": "老夫子", "kda": "3.05", "pick_cnt": "39", "played": "39", "win_rate": "0.4872" },
    { "avg_assist": "8.51", "avg_ban_seq": "3.4", "avg_bekill": "2.31", "avg_kill": "0.87", "avg_pick_seq": "0.0", "ban_cnt": "59", "gpm": "433", "hero_id": "118", "hero_name": "孙膑", "kda": "5.72", "pick_cnt": "38", "played": "39", "win_rate": "0.4103" },
    { "avg_assist": "6.50", "avg_ban_seq": "6.2", "avg_bekill": "2.15", "avg_kill": "1.60", "avg_pick_seq": "0.0", "ban_cnt": "45", "gpm": "491", "hero_id": "156", "hero_name": "张良", "kda": "5.12", "pick_cnt": "36", "played": "40", "win_rate": "0.5000" },
    { "avg_assist": "4.58", "avg_ban_seq": "7.2", "avg_bekill": "2.13", "avg_kill": "2.97", "avg_pick_seq": "0.0", "ban_cnt": "38", "gpm": "618", "hero_id": "157", "hero_name": "不知火舞", "kda": "4.46", "pick_cnt": "36", "played": "38", "win_rate": "0.6316" },
    { "avg_assist": "3.47", "avg_ban_seq": "5.6", "avg_bekill": "3.35", "avg_kill": "2.24", "avg_pick_seq": "0.0", "ban_cnt": "15", "gpm": "595", "hero_id": "527", "hero_name": "蒙恬", "kda": "2.15", "pick_cnt": "33", "played": "34", "win_rate": "0.3824" },
    { "avg_assist": "9.32", "avg_ban_seq": "2.9", "avg_bekill": "2.47", "avg_kill": "0.50", "avg_pick_seq": "0.0", "ban_cnt": "70", "gpm": "470", "hero_id": "191", "hero_name": "大乔", "kda": "5.05", "pick_cnt": "30", "played": "34", "win_rate": "0.5294" },
    { "avg_assist": "3.21", "avg_ban_seq": "6.7", "avg_bekill": "1.96", "avg_kill": "3.00", "avg_pick_seq": "0.0", "ban_cnt": "17", "gpm": "702", "hero_id": "174", "hero_name": "虞姬", "kda": "3.59", "pick_cnt": "28", "played": "28", "win_rate": "0.3214" },
    { "avg_assist": "5.31", "avg_ban_seq": "8.1", "avg_bekill": "1.12", "avg_kill": "2.81", "avg_pick_seq": "0.0", "ban_cnt": "10", "gpm": "666", "hero_id": "110", "hero_name": "嬴政", "kda": "6.41", "pick_cnt": "26", "played": "26", "win_rate": "0.4615" },
    { "avg_assist": "6.20", "avg_ban_seq": "7.7", "avg_bekill": "2.16", "avg_kill": "1.84", "avg_pick_seq": "0.0", "ban_cnt": "12", "gpm": "594", "hero_id": "124", "hero_name": "周瑜", "kda": "5.03", "pick_cnt": "25", "played": "25", "win_rate": "0.3600" },
    { "avg_assist": "5.88", "avg_ban_seq": "6.6", "avg_bekill": "1.96", "avg_kill": "4.16", "avg_pick_seq": "0.0", "ban_cnt": "6", "gpm": "744", "hero_id": "524", "hero_name": "蒙犽", "kda": "6.43", "pick_cnt": "25", "played": "25", "win_rate": "0.6000" },
    { "avg_assist": "5.04", "avg_ban_seq": "5.9", "avg_bekill": "3.88", "avg_kill": "3.17", "avg_pick_seq": "0.0", "ban_cnt": "39", "gpm": "573", "hero_id": "153", "hero_name": "兰陵王", "kda": "2.95", "pick_cnt": "24", "played": "24", "win_rate": "0.3333" },
    { "avg_assist": "5.64", "avg_ban_seq": "5.7", "avg_bekill": "2.92", "avg_kill": "1.08", "avg_pick_seq": "0.0", "ban_cnt": "16", "gpm": "490", "hero_id": "120", "hero_name": "白起", "kda": "2.74", "pick_cnt": "23", "played": "25", "win_rate": "0.2400" },
    { "avg_assist": "4.42", "avg_ban_seq": "7.5", "avg_bekill": "2.12", "avg_kill": "2.29", "avg_pick_seq": "0.0", "ban_cnt": "24", "gpm": "574", "hero_id": "152", "hero_name": "王昭君", "kda": "4.27", "pick_cnt": "22", "played": "24", "win_rate": "0.4167" },
    { "avg_assist": "3.71", "avg_ban_seq": "6.0", "avg_bekill": "1.67", "avg_kill": "3.14", "avg_pick_seq": "0.0", "ban_cnt": "5", "gpm": "737", "hero_id": "133", "hero_name": "狄仁杰", "kda": "4.91", "pick_cnt": "21", "played": "21", "win_rate": "0.5714" },
    { "avg_assist": "8.71", "avg_ban_seq": "7.1", "avg_bekill": "1.95", "avg_kill": "1.57", "avg_pick_seq": "0.0", "ban_cnt": "31", "gpm": "534", "hero_id": "523", "hero_name": "西施", "kda": "6.43", "pick_cnt": "21", "played": "21", "win_rate": "0.5238" },
    { "avg_assist": "5.80", "avg_ban_seq": "7.1", "avg_bekill": "2.75", "avg_kill": "3.75", "avg_pick_seq": "0.0", "ban_cnt": "1", "gpm": "725", "hero_id": "173", "hero_name": "李元芳", "kda": "4.78", "pick_cnt": "20", "played": "20", "win_rate": "0.4500" },
    { "avg_assist": "3.00", "avg_ban_seq": "5.4", "avg_bekill": "0.83", "avg_kill": "2.52", "avg_pick_seq": "0.0", "ban_cnt": "18", "gpm": "593", "hero_id": "196", "hero_name": "百里守约", "kda": "5.09", "pick_cnt": "20", "played": "23", "win_rate": "0.5217" },
    { "avg_assist": "4.21", "avg_ban_seq": "6.8", "avg_bekill": "2.58", "avg_kill": "1.47", "avg_pick_seq": "0.0", "ban_cnt": "5", "gpm": "606", "hero_id": "503", "hero_name": "狂铁", "kda": "2.85", "pick_cnt": "19", "played": "19", "win_rate": "0.4737" },
    { "avg_assist": "3.00", "avg_ban_seq": "6.3", "avg_bekill": "1.88", "avg_kill": "3.50", "avg_pick_seq": "0.0", "ban_cnt": "18", "gpm": "699", "hero_id": "508", "hero_name": "伽罗", "kda": "3.59", "pick_cnt": "16", "played": "16", "win_rate": "0.5000" },
    { "avg_assist": "6.20", "avg_ban_seq": "6.9", "avg_bekill": "2.73", "avg_kill": "0.87", "avg_pick_seq": "0.0", "ban_cnt": "3", "gpm": "405", "hero_id": "194", "hero_name": "苏烈", "kda": "4.02", "pick_cnt": "15", "played": "15", "win_rate": "0.3333" },
    { "avg_assist": "5.57", "avg_ban_seq": "7.1", "avg_bekill": "2.57", "avg_kill": "1.29", "avg_pick_seq": "0.0", "ban_cnt": "1", "gpm": "582", "hero_id": "529", "hero_name": "盘古", "kda": "4.36", "pick_cnt": "14", "played": "14", "win_rate": "0.6429" },
    { "avg_assist": "3.80", "avg_ban_seq": "6.7", "avg_bekill": "1.73", "avg_kill": "2.20", "avg_pick_seq": "0.0", "ban_cnt": "17", "gpm": "784", "hero_id": "146", "hero_name": "露娜", "kda": "4.20", "pick_cnt": "13", "played": "15", "win_rate": "0.8000" },
    { "avg_assist": "8.69", "avg_ban_seq": "7.1", "avg_bekill": "3.46", "avg_kill": "0.77", "avg_pick_seq": "0.0", "ban_cnt": "1", "gpm": "403", "hero_id": "168", "hero_name": "牛魔", "kda": "3.47", "pick_cnt": "13", "played": "13", "win_rate": "0.5385" },
    { "avg_assist": "4.31", "avg_ban_seq": "7.9", "avg_bekill": "2.15", "avg_kill": "1.69", "avg_pick_seq": "0.0", "ban_cnt": "10", "gpm": "645", "hero_id": "515", "hero_name": "嫦娥", "kda": "3.04", "pick_cnt": "13", "played": "13", "win_rate": "0.3077" },
    { "avg_assist": "2.85", "avg_ban_seq": "6.5", "avg_bekill": "3.23", "avg_kill": "1.85", "avg_pick_seq": "0.0", "ban_cnt": "6", "gpm": "659", "hero_id": "522", "hero_name": "曜", "kda": "1.82", "pick_cnt": "13", "played": "13", "win_rate": "0.2308" },
    { "avg_assist": "4.33", "avg_ban_seq": "8.5", "avg_bekill": "1.42", "avg_kill": "3.33", "avg_pick_seq": "0.0", "ban_cnt": "4", "gpm": "679", "hero_id": "182", "hero_name": "干将莫邪", "kda": "6.62", "pick_cnt": "12", "played": "12", "win_rate": "0.3333" },
    { "avg_assist": "4.20", "avg_ban_seq": "7.2", "avg_bekill": "1.70", "avg_kill": "0.10", "avg_pick_seq": "0.0", "ban_cnt": "8", "gpm": "398", "hero_id": "184", "hero_name": "蔡文姬", "kda": "3.74", "pick_cnt": "9", "played": "10", "win_rate": "0.5000" },
    { "avg_assist": "4.56", "avg_ban_seq": "7.6", "avg_bekill": "2.11", "avg_kill": "4.44", "avg_pick_seq": "0.0", "ban_cnt": "10", "gpm": "623", "hero_id": "513", "hero_name": "上官婉儿", "kda": "5.53", "pick_cnt": "9", "played": "9", "win_rate": "0.5556" },
    { "avg_assist": "3.80", "avg_ban_seq": "6.6", "avg_bekill": "2.70", "avg_kill": "2.00", "avg_pick_seq": "0.0", "ban_cnt": "5", "gpm": "714", "hero_id": "195", "hero_name": "百里玄策", "kda": "3.90", "pick_cnt": "9", "played": "10", "win_rate": "0.5000" },
    { "avg_assist": "7.14", "avg_ban_seq": "7.8", "avg_bekill": "1.86", "avg_kill": "3.86", "avg_pick_seq": "0.0", "ban_cnt": "5", "gpm": "761", "hero_id": "169", "hero_name": "后羿", "kda": "7.20", "pick_cnt": "7", "played": "7", "win_rate": "0.7143" },
    { "avg_assist": "3.86", "avg_ban_seq": "7.3", "avg_bekill": "2.57", "avg_kill": "0.57", "avg_pick_seq": "0.0", "ban_cnt": "4", "gpm": "462", "hero_id": "135", "hero_name": "项羽", "kda": "2.06", "pick_cnt": "7", "played": "7", "win_rate": "0.1429" },
    { "avg_assist": "4.33", "avg_ban_seq": "6.8", "avg_bekill": "2.17", "avg_kill": "2.50", "avg_pick_seq": "0.0", "ban_cnt": "7", "gpm": "703", "hero_id": "121", "hero_name": "芈月", "kda": "4.50", "pick_cnt": "6", "played": "6", "win_rate": "0.8333" },
    { "avg_assist": "3.67", "avg_ban_seq": "8.5", "avg_bekill": "1.50", "avg_kill": "2.83", "avg_pick_seq": "0.0", "ban_cnt": "0", "gpm": "629", "hero_id": "141", "hero_name": "貂蝉", "kda": "3.28", "pick_cnt": "6", "played": "6", "win_rate": "0.3333" },
    { "avg_assist": "11.00", "avg_ban_seq": "7.2", "avg_bekill": "2.20", "avg_kill": "0.60", "avg_pick_seq": "0.0", "ban_cnt": "3", "gpm": "411", "hero_id": "189", "hero_name": "鬼谷子", "kda": "4.94", "pick_cnt": "5", "played": "5", "win_rate": "0.6000" },
    { "avg_assist": "3.40", "avg_ban_seq": "7.6", "avg_bekill": "1.60", "avg_kill": "2.60", "avg_pick_seq": "0.0", "ban_cnt": "0", "gpm": "687", "hero_id": "128", "hero_name": "曹操", "kda": "3.47", "pick_cnt": "5", "played": "5", "win_rate": "0.6000" },
    { "avg_assist": "3.50", "avg_ban_seq": "5.8", "avg_bekill": "1.00", "avg_kill": "3.75", "avg_pick_seq": "0.0", "ban_cnt": "5", "gpm": "836", "hero_id": "177", "hero_name": "成吉思汗", "kda": "5.88", "pick_cnt": "4", "played": "4", "win_rate": "0.7500" },
    { "avg_assist": "0.50", "avg_ban_seq": "5.5", "avg_bekill": "0.75", "avg_kill": "0.25", "avg_pick_seq": "0.0", "ban_cnt": "1", "gpm": "410", "hero_id": "119", "hero_name": "扁鹊", "kda": "0.38", "pick_cnt": "3", "played": "4", "win_rate": "0.5000" },
    { "avg_assist": "1.67", "avg_ban_seq": "8.3", "avg_bekill": "0.33", "avg_kill": "2.33", "avg_pick_seq": "0.0", "ban_cnt": "0", "gpm": "730", "hero_id": "150", "hero_name": "韩信", "kda": "4.00", "pick_cnt": "3", "played": "3", "win_rate": "0.3333" },
    { "avg_assist": "7.67", "avg_ban_seq": "8.6", "avg_bekill": "2.00", "avg_kill": "5.00", "avg_pick_seq": "0.0", "ban_cnt": "2", "gpm": "675", "hero_id": "125", "hero_name": "元歌", "kda": "7.89", "pick_cnt": "3", "played": "3", "win_rate": "0.6667" },
    { "avg_assist": "10.25", "avg_ban_seq": "8.7", "avg_bekill": "1.25", "avg_kill": "1.75", "avg_pick_seq": "0.0", "ban_cnt": "0", "gpm": "493", "hero_id": "505", "hero_name": "瑶", "kda": "9.50", "pick_cnt": "3", "played": "4", "win_rate": "0.7500" },
    { "avg_assist": "4.33", "avg_ban_seq": "8.3", "avg_bekill": "3.00", "avg_kill": "1.33", "avg_pick_seq": "0.0", "ban_cnt": "0", "gpm": "635", "hero_id": "193", "hero_name": "铠", "kda": "2.47", "pick_cnt": "3", "played": "3", "win_rate": "0.0000" },
    { "avg_assist": "3.67", "avg_ban_seq": "6.7", "avg_bekill": "0.67", "avg_kill": "0.33", "avg_pick_seq": "0.0", "ban_cnt": "0", "gpm": "625", "hero_id": "179", "hero_name": "女娲", "kda": "2.17", "pick_cnt": "3", "played": "3", "win_rate": "0.3333" },
    { "avg_assist": "5.67", "avg_ban_seq": "6.3", "avg_bekill": "2.33", "avg_kill": "0.67", "avg_pick_seq": "0.0", "ban_cnt": "0", "gpm": "476", "hero_id": "130", "hero_name": "宫本武藏", "kda": "2.75", "pick_cnt": "3", "played": "3", "win_rate": "0.3333" },
    { "avg_assist": "1.75", "avg_ban_seq": "9.0", "avg_bekill": "2.75", "avg_kill": "3.75", "avg_pick_seq": "0.0", "ban_cnt": "1", "gpm": "625", "hero_id": "142", "hero_name": "安琪拉", "kda": "2.74", "pick_cnt": "3", "played": "4", "win_rate": "0.5000" },
    { "avg_assist": "0.00", "avg_ban_seq": "7.0", "avg_bekill": "1.00", "avg_kill": "0.50", "avg_pick_seq": "0.0", "ban_cnt": "0", "gpm": "353", "hero_id": "167", "hero_name": "孙悟空", "kda": "0.25", "pick_cnt": "2", "played": "2", "win_rate": "1.0000" },
    { "avg_assist": "7.50", "avg_ban_seq": "9.5", "avg_bekill": "4.50", "avg_kill": "2.00", "avg_pick_seq": "0.0", "ban_cnt": "0", "gpm": "498", "hero_id": "510", "hero_name": "孙策", "kda": "2.17", "pick_cnt": "2", "played": "2", "win_rate": "1.0000" },
    { "avg_assist": "3.00", "avg_ban_seq": "6.2", "avg_bekill": "1.50", "avg_kill": "0.50", "avg_pick_seq": "0.0", "ban_cnt": "3", "gpm": "619", "hero_id": "192", "hero_name": "黄忠", "kda": "2.50", "pick_cnt": "2", "played": "2", "win_rate": "0.0000" },
    { "avg_assist": "6.00", "avg_ban_seq": "7.3", "avg_bekill": "1.00", "avg_kill": "3.50", "avg_pick_seq": "0.0", "ban_cnt": "1", "gpm": "653", "hero_id": "176", "hero_name": "杨玉环", "kda": "7.00", "pick_cnt": "2", "played": "2", "win_rate": "1.0000" },
    { "avg_assist": "1.00", "avg_ban_seq": "7.5", "avg_bekill": "4.00", "avg_kill": "1.50", "avg_pick_seq": "0.0", "ban_cnt": "0", "gpm": "556", "hero_id": "506", "hero_name": "云中君", "kda": "0.50", "pick_cnt": "2", "played": "2", "win_rate": "0.0000" },
    { "avg_assist": "8.00", "avg_ban_seq": "6.4", "avg_bekill": "1.50", "avg_kill": "1.50", "avg_pick_seq": "0.0", "ban_cnt": "3", "gpm": "426", "hero_id": "113", "hero_name": "庄周", "kda": "8.83", "pick_cnt": "2", "played": "2", "win_rate": "0.5000" },
    { "avg_assist": "3.00", "avg_ban_seq": "9.0", "avg_bekill": "3.50", "avg_kill": "0.00", "avg_pick_seq": "0.0", "ban_cnt": "0", "gpm": "690", "hero_id": "507", "hero_name": "李信", "kda": "2.17", "pick_cnt": "2", "played": "2", "win_rate": "0.0000" },
    { "avg_assist": "1.00", "avg_ban_seq": "5.0", "avg_bekill": "0.00", "avg_kill": "1.50", "avg_pick_seq": "0.0", "ban_cnt": "0", "gpm": "483", "hero_id": "114", "hero_name": "刘禅", "kda": "2.50", "pick_cnt": "2", "played": "2", "win_rate": "1.0000" },
    { "avg_assist": "5.00", "avg_ban_seq": "8.5", "avg_bekill": "3.00", "avg_kill": "3.50", "avg_pick_seq": "0.0", "ban_cnt": "0", "gpm": "608", "hero_id": "178", "hero_name": "杨戬", "kda": "3.62", "pick_cnt": "2", "played": "2", "win_rate": "0.5000" },
    { "avg_assist": "0.00", "avg_ban_seq": "4.0", "avg_bekill": "0.00", "avg_kill": "0.00", "avg_pick_seq": "0.0", "ban_cnt": "0", "gpm": "224", "hero_id": "198", "hero_name": "梦奇", "kda": "0.00", "pick_cnt": "1", "played": "1", "win_rate": "0.0000" },
    { "avg_assist": "3.00", "avg_ban_seq": "6.8", "avg_bekill": "5.00", "avg_kill": "1.00", "avg_pick_seq": "0.0", "ban_cnt": "3", "gpm": "484", "hero_id": "144", "hero_name": "程咬金", "kda": "0.80", "pick_cnt": "1", "played": "1", "win_rate": "0.0000" },
    { "avg_assist": "13.00", "avg_ban_seq": "7.0", "avg_bekill": "6.00", "avg_kill": "1.00", "avg_pick_seq": "0.0", "ban_cnt": "0", "gpm": "460", "hero_id": "108", "hero_name": "墨子", "kda": "2.33", "pick_cnt": "1", "played": "1", "win_rate": "0.0000" },
    { "avg_assist": "0.00", "avg_ban_seq": "4.5", "avg_bekill": "1.00", "avg_kill": "0.00", "avg_pick_seq": "0.0", "ban_cnt": "3", "gpm": "328", "hero_id": "187", "hero_name": "东皇太一", "kda": "0.00", "pick_cnt": "1", "played": "1", "win_rate": "1.0000" },
    { "avg_assist": "0.00", "avg_ban_seq": "4.5", "avg_bekill": "0.00", "avg_kill": "0.00", "avg_pick_seq": "0.0", "ban_cnt": "3", "gpm": "316", "hero_id": "134", "hero_name": "达摩", "kda": "0.00", "pick_cnt": "1", "played": "1", "win_rate": "1.0000" },
    { "avg_assist": "0.00", "avg_ban_seq": "5.7", "avg_bekill": "0.00", "avg_kill": "0.00", "avg_pick_seq": "0.0", "ban_cnt": "2", "gpm": "246", "hero_id": "109", "hero_name": "妲己", "kda": "0.00", "pick_cnt": "1", "played": "1", "win_rate": "1.0000" },
    { "avg_assist": "9.00", "avg_ban_seq": "10.0", "avg_bekill": "0.00", "avg_kill": "1.00", "avg_pick_seq": "0.0", "ban_cnt": "0", "gpm": "753", "hero_id": "136", "hero_name": "武则天", "kda": "10.00", "pick_cnt": "1", "played": "1", "win_rate": "1.0000" },
    { "avg_assist": "9.00", "avg_ban_seq": "10.0", "avg_bekill": "2.00", "avg_kill": "7.00", "avg_pick_seq": "0.0", "ban_cnt": "0", "gpm": "612", "hero_id": "137", "hero_name": "司马懿", "kda": "8.00", "pick_cnt": "1", "played": "1", "win_rate": "1.0000" },
    { "avg_assist": "0.00", "avg_ban_seq": "5.0", "avg_bekill": "0.00", "avg_kill": "0.00", "avg_pick_seq": "0.0", "ban_cnt": "0", "gpm": "551", "hero_id": "112", "hero_name": "鲁班七号", "kda": "0.00", "pick_cnt": "1", "played": "1", "win_rate": "1.0000" },
    { "avg_assist": "3.00", "avg_ban_seq": "8.5", "avg_bekill": "0.00", "avg_kill": "3.00", "avg_pick_seq": "0.0", "ban_cnt": "1", "gpm": "685", "hero_id": "131", "hero_name": "李白", "kda": "6.00", "pick_cnt": "1", "played": "1", "win_rate": "0.0000" },
    { "avg_assist": "0.00", "avg_ban_seq": "7.0", "avg_bekill": "0.00", "avg_kill": "0.00", "avg_pick_seq": "0.0", "ban_cnt": "2", "gpm": "0", "hero_id": "504", "hero_name": "米莱狄", "kda": "0.00", "pick_cnt": "0", "played": "0", "win_rate": "0.0000" },
    { "avg_assist": "0.00", "avg_ban_seq": "3.0", "avg_bekill": "0.00", "avg_kill": "0.00", "avg_pick_seq": "0.0", "ban_cnt": "1", "gpm": "0", "hero_id": "126", "hero_name": "夏侯惇", "kda": "0.00", "pick_cnt": "0", "played": "0", "win_rate": "0.0000" },
    { "avg_assist": "0.00", "avg_ban_seq": "4.0", "avg_bekill": "0.00", "avg_kill": "0.00", "avg_pick_seq": "0.0", "ban_cnt": "1", "gpm": "0", "hero_id": "129", "hero_name": "典韦", "kda": "0.00", "pick_cnt": "0", "played": "0", "win_rate": "0.0000" },
    { "avg_assist": "0.00", "avg_ban_seq": "8.0", "avg_bekill": "0.00", "avg_kill": "0.00", "avg_pick_seq": "0.0", "ban_cnt": "1", "gpm": "0", "hero_id": "115", "hero_name": "高渐离", "kda": "0.00", "pick_cnt": "0", "played": "0", "win_rate": "0.0000" }
]