[
    { "hero_id": "106", "hero_name": "小乔" },
    { "hero_id": "116", "hero_name": "阿轲" },
    { "hero_id": "117", "hero_name": "钟无艳" },
    { "hero_id": "127", "hero_name": "甄姬" },
    { "hero_id": "154", "hero_name": "花木兰" },
    { "hero_id": "155", "hero_name": "艾琳" },
    { "hero_id": "166", "hero_name": "亚瑟" },
    { "hero_id": "170", "hero_name": "刘备" },
    { "hero_id": "175", "hero_name": "钟馗" },
    { "hero_id": "180", "hero_name": "哪吒" },
    { "hero_id": "183", "hero_name": "雅典娜" },
    { "hero_id": "190", "hero_name": "诸葛亮" },
    { "hero_id": "197", "hero_name": "弈星" },
    { "hero_id": "501", "hero_name": "明世隐" },
    { "hero_id": "533", "hero_name": "阿古朵" }
]