[
    { "avg_assist": "4.98", "avg_bekill": "1.16", "avg_kill": "2.80", "gpm": "615", "kda": "6.23", "name": "DYG.久诚", "openid": "919D5E5E2A9039A5E7393859C9B4E012", "played": "45", "rating": "5.60", "total_kill": "126", "win_rate": "0.6222", "xpm": "731" },
    { "avg_assist": "7.16", "avg_bekill": "2.13", "avg_kill": "0.62", "gpm": "444", "kda": "4.52", "name": "DYG.星宇", "openid": "8B242820C3F35C0DEFB9F257D4020BC4", "played": "45", "rating": "5.60", "total_kill": "28", "win_rate": "0.6000", "xpm": "693" },
    { "avg_assist": "4.31", "avg_bekill": "1.96", "avg_kill": "3.40", "gpm": "726", "kda": "4.90", "name": "DYG.易峥", "openid": "E2DA8DAFB90822DA6DA39C6FC40C4172", "played": "45", "rating": "5.60", "total_kill": "153", "win_rate": "0.6222", "xpm": "743" },
    { "avg_assist": "4.62", "avg_bekill": "2.24", "avg_kill": "2.07", "gpm": "601", "kda": "3.85", "name": "DYG.湘军", "openid": "07DA0ABB073DFD9BBEF79B4AA9C19AD9", "played": "45", "rating": "5.60", "total_kill": "93", "win_rate": "0.6000", "xpm": "730" },
    { "avg_assist": "4.07", "avg_bekill": "2.41", "avg_kill": "1.82", "gpm": "639", "kda": "2.97", "name": "DYG.清清", "openid": "7E1379DA0DE522674BE6D3D950792E19", "played": "44", "rating": "5.60", "total_kill": "80", "win_rate": "0.6136", "xpm": "739" },
    { "avg_assist": "3.64", "avg_bekill": "1.90", "avg_kill": "3.41", "gpm": "753", "kda": "4.42", "name": "Ts.暖阳", "openid": "B61E31C87EB42BE852DEADE5273AB0DE", "played": "39", "rating": "5.60", "total_kill": "133", "win_rate": "0.5641", "xpm": "758" },
    { "avg_assist": "7.49", "avg_bekill": "1.77", "avg_kill": "0.77", "gpm": "448", "kda": "5.26", "name": "Ts.阿豆", "openid": "6D54271544D17B374436D7189EEBC522", "played": "39", "rating": "5.60", "total_kill": "30", "win_rate": "0.5641", "xpm": "692" },
    { "avg_assist": "4.10", "avg_bekill": "2.03", "avg_kill": "3.74", "gpm": "756", "kda": "5.18", "name": "TS.诗酒", "openid": "5D73362D8689CDE756564426B11DF410", "played": "39", "rating": "5.60", "total_kill": "146", "win_rate": "0.5641", "xpm": "746" },
    { "avg_assist": "5.72", "avg_bekill": "1.38", "avg_kill": "2.38", "gpm": "603", "kda": "6.06", "name": "TS.千世", "openid": "F1B2BA5A27FE61518DCC510C73288D9C", "played": "39", "rating": "5.60", "total_kill": "93", "win_rate": "0.5641", "xpm": "730" },
    { "avg_assist": "5.41", "avg_bekill": "1.56", "avg_kill": "1.28", "gpm": "526", "kda": "4.75", "name": "Ts.神人", "openid": "217E45134E48B0E55522590E23FFE479", "played": "39", "rating": "5.60", "total_kill": "50", "win_rate": "0.5641", "xpm": "720" },
    { "avg_assist": "4.83", "avg_bekill": "2.42", "avg_kill": "1.97", "gpm": "619", "kda": "3.62", "name": "重庆QGhappy.Fly", "openid": "81AEA3A32BA205D61F400FA612808490", "played": "36", "rating": "5.60", "total_kill": "71", "win_rate": "0.5833", "xpm": "717" },
    { "avg_assist": "6.11", "avg_bekill": "1.81", "avg_kill": "1.83", "gpm": "528", "kda": "5.78", "name": "重庆QGhappy.末将", "openid": "73D09DF6368EAA1198B9B43DCDCA8536", "played": "36", "rating": "5.60", "total_kill": "66", "win_rate": "0.5833", "xpm": "709" },
    { "avg_assist": "5.06", "avg_bekill": "1.89", "avg_kill": "3.51", "gpm": "729", "kda": "5.37", "name": "重庆QGhappy.Hurt", "openid": "B8982198AC67B048D317C07DE73F4962", "played": "35", "rating": "5.60", "total_kill": "123", "win_rate": "0.6000", "xpm": "737" },
    { "avg_assist": "5.00", "avg_bekill": "2.52", "avg_kill": "2.72", "gpm": "650", "kda": "4.15", "name": "VG.Qy", "openid": "D6D4C5BC0F9EA17C73027A40EA70EA47", "played": "29", "rating": "5.60", "total_kill": "79", "win_rate": "0.6207", "xpm": "757" },
    { "avg_assist": "8.97", "avg_bekill": "2.07", "avg_kill": "0.76", "gpm": "417", "kda": "6.23", "name": "重庆QGhappy.许诺", "openid": "9C0EBC8C5FDAB2B947FE66D477F1F683", "played": "29", "rating": "5.60", "total_kill": "22", "win_rate": "0.6207", "xpm": "704" },
    { "avg_assist": "7.72", "avg_bekill": "2.21", "avg_kill": "0.66", "gpm": "423", "kda": "5.15", "name": "VG.萌神", "openid": "B9E6B6FFCA0BBA0CA6E6545799E4C83D", "played": "29", "rating": "5.60", "total_kill": "19", "win_rate": "0.6207", "xpm": "712" },
    { "avg_assist": "4.69", "avg_bekill": "1.83", "avg_kill": "2.90", "gpm": "695", "kda": "5.07", "name": "VG.十三", "openid": "FD70952C1A9B936EDDB00609A7440670", "played": "29", "rating": "5.60", "total_kill": "84", "win_rate": "0.6207", "xpm": "756" },
    { "avg_assist": "4.48", "avg_bekill": "1.66", "avg_kill": "2.59", "gpm": "650", "kda": "4.83", "name": "VG.易瞳", "openid": "11B1E4A5877119E38789702C7BCAECEE", "played": "29", "rating": "5.60", "total_kill": "75", "win_rate": "0.6207", "xpm": "749" },
    { "avg_assist": "5.00", "avg_bekill": "1.31", "avg_kill": "2.21", "gpm": "578", "kda": "5.64", "name": "VG.笑", "openid": "EBEFAF54423F49235FE48C34A3BD9722", "played": "29", "rating": "5.60", "total_kill": "64", "win_rate": "0.6207", "xpm": "740" },
    { "avg_assist": "5.96", "avg_bekill": "1.63", "avg_kill": "4.59", "gpm": "799", "kda": "7.95", "name": "武汉eStarPro.花海", "openid": "6317ACA4810A9CE2501FA24B0050C02F", "played": "27", "rating": "5.60", "total_kill": "124", "win_rate": "0.5185", "xpm": "844" },
    { "avg_assist": "8.96", "avg_bekill": "2.67", "avg_kill": "0.78", "gpm": "423", "kda": "5.19", "name": "武汉eStarPro.无铭", "openid": "BB176EBA5A040011260420E47F5D8D6C", "played": "27", "rating": "5.60", "total_kill": "21", "win_rate": "0.5185", "xpm": "744" },
    { "avg_assist": "7.59", "avg_bekill": "1.93", "avg_kill": "2.70", "gpm": "601", "kda": "7.23", "name": "武汉eStarPro.Cat", "openid": "A25A35A18EE5DC93117789871D929E83", "played": "27", "rating": "5.60", "total_kill": "73", "win_rate": "0.5185", "xpm": "801" },
    { "avg_assist": "5.15", "avg_bekill": "2.92", "avg_kill": "3.04", "gpm": "636", "kda": "4.43", "name": "武汉eStarPro.诺言", "openid": "CFD5FB9589587760CD3C44425C336E21", "played": "26", "rating": "5.60", "total_kill": "79", "win_rate": "0.5000", "xpm": "813" },
    { "avg_assist": "5.44", "avg_bekill": "2.28", "avg_kill": "1.08", "gpm": "519", "kda": "3.74", "name": "成都AG超玩会.6.6 ", "openid": "38A1A5401569451A53BCA340154E5B3B", "played": "25", "rating": "5.60", "total_kill": "27", "win_rate": "0.5600", "xpm": "740" },
    { "avg_assist": "4.76", "avg_bekill": "1.56", "avg_kill": "4.28", "gpm": "709", "kda": "6.70", "name": "广州TTG.XQ.钎城", "openid": "B85FF8B85DEC3E142B8FD38CF06AE36F", "played": "25", "rating": "5.60", "total_kill": "107", "win_rate": "0.5200", "xpm": "745" },
    { "avg_assist": "4.08", "avg_bekill": "2.00", "avg_kill": "3.92", "gpm": "771", "kda": "5.20", "name": "成都AG超玩会.一诺", "openid": "924F7C93F262FC99443B7C27E9A3D6AA", "played": "25", "rating": "5.60", "total_kill": "98", "win_rate": "0.5600", "xpm": "780" },
    { "avg_assist": "5.44", "avg_bekill": "2.40", "avg_kill": "3.36", "gpm": "675", "kda": "5.38", "name": "广州TTG.XQ.绑兔", "openid": "45542A4391B5BE4A0240153385EE51AD", "played": "25", "rating": "5.60", "total_kill": "84", "win_rate": "0.5200", "xpm": "748" },
    { "avg_assist": "7.84", "avg_bekill": "2.20", "avg_kill": "0.76", "gpm": "417", "kda": "5.73", "name": "广州TTG.XQ.冰尘", "openid": "B60BEC66456FDE26DDF9B6F7BCCE6131", "played": "25", "rating": "5.60", "total_kill": "19", "win_rate": "0.5200", "xpm": "686" },
    { "avg_assist": "5.04", "avg_bekill": "1.68", "avg_kill": "2.20", "gpm": "622", "kda": "4.84", "name": "成都AG超玩会.笑影", "openid": "6D24B00C1B9E76BCA81D5D7A01DEA2FB", "played": "25", "rating": "5.60", "total_kill": "55", "win_rate": "0.5600", "xpm": "749" },
    { "avg_assist": "6.00", "avg_bekill": "2.44", "avg_kill": "1.60", "gpm": "556", "kda": "4.71", "name": "广州TTG.XQ.晨羽", "openid": "90CB31CB3488C2247942B6D1EB24891F", "played": "25", "rating": "5.60", "total_kill": "40", "win_rate": "0.5200", "xpm": "718" },
    { "avg_assist": "7.64", "avg_bekill": "2.64", "avg_kill": "0.48", "gpm": "448", "kda": "4.68", "name": "成都AG超玩会.爱思", "openid": "51C3A4979ADDE9E23CE73E176DE64319", "played": "25", "rating": "5.60", "total_kill": "12", "win_rate": "0.5600", "xpm": "723" },
    { "avg_assist": "3.72", "avg_bekill": "2.48", "avg_kill": "3.36", "gpm": "686", "kda": "3.67", "name": "成都AG超玩会.七年", "openid": "B55D06F690915809C40AF962152BE477", "played": "25", "rating": "5.60", "total_kill": "84", "win_rate": "0.5600", "xpm": "778" },
    { "avg_assist": "6.92", "avg_bekill": "1.56", "avg_kill": "2.72", "gpm": "624", "kda": "6.86", "name": "广州TTG.XQ.九尾", "openid": "5CAC8191AF8F3503F7D7C9B3A3D5D171", "played": "25", "rating": "5.60", "total_kill": "68", "win_rate": "0.5200", "xpm": "737" },
    { "avg_assist": "6.62", "avg_bekill": "2.12", "avg_kill": "1.71", "gpm": "550", "kda": "5.46", "name": "武汉eStarPro.Alan", "openid": "E5D1C89DE8A875B1187141E8BF55764B", "played": "24", "rating": "5.60", "total_kill": "41", "win_rate": "0.5417", "xpm": "802" },
    { "avg_assist": "8.04", "avg_bekill": "3.22", "avg_kill": "0.43", "gpm": "409", "kda": "4.05", "name": "MTG.QF", "openid": "12ED93A3618081BF263DFB9643CD4825", "played": "23", "rating": "5.60", "total_kill": "10", "win_rate": "0.6087", "xpm": "733" },
    { "avg_assist": "4.39", "avg_bekill": "2.43", "avg_kill": "1.96", "gpm": "648", "kda": "3.21", "name": "MTG.JiuLong", "openid": "5DE81E7A60330EC8E695CF286441E468", "played": "23", "rating": "5.60", "total_kill": "45", "win_rate": "0.6087", "xpm": "784" },
    { "avg_assist": "6.09", "avg_bekill": "2.35", "avg_kill": "2.13", "gpm": "607", "kda": "4.58", "name": "MTG.Msir", "openid": "3B71649AB0EDA28C7B72C8FB31D37EBF", "played": "23", "rating": "5.60", "total_kill": "49", "win_rate": "0.6087", "xpm": "775" },
    { "avg_assist": "5.91", "avg_bekill": "2.35", "avg_kill": "2.39", "gpm": "603", "kda": "4.50", "name": "MTG.Mf", "openid": "15CB0C8B97A91A3421E42FFF06CDC079", "played": "23", "rating": "5.60", "total_kill": "55", "win_rate": "0.6087", "xpm": "798" },
    { "avg_assist": "4.39", "avg_bekill": "1.48", "avg_kill": "5.43", "gpm": "791", "kda": "7.29", "name": "MTG.Xy", "openid": "7D1D29C1629432D8FA2E1CE299D1DF0C", "played": "23", "rating": "5.60", "total_kill": "125", "win_rate": "0.6087", "xpm": "815" },
    { "avg_assist": "4.25", "avg_bekill": "2.45", "avg_kill": "2.50", "gpm": "542", "kda": "4.23", "name": "重庆QGhappy.Giao", "openid": "A3E0E22D1318A29370AF1C850A5BD45B", "played": "20", "rating": "5.60", "total_kill": "50", "win_rate": "0.5500", "xpm": "747" },
    { "avg_assist": "5.53", "avg_bekill": "2.21", "avg_kill": "3.68", "gpm": "712", "kda": "6.04", "name": "WE.Best", "openid": "3DB7CBEEB6F80096A052005A0F1762F2", "played": "19", "rating": "5.60", "total_kill": "70", "win_rate": "0.6316", "xpm": "800" },
    { "avg_assist": "7.05", "avg_bekill": "1.63", "avg_kill": "2.21", "gpm": "552", "kda": "7.32", "name": "WE.小A", "openid": "F15B75401D3045CF1AB81B47BF68D43A", "played": "19", "rating": "5.60", "total_kill": "42", "win_rate": "0.6316", "xpm": "771" },
    { "avg_assist": "9.63", "avg_bekill": "2.42", "avg_kill": "0.84", "gpm": "419", "kda": "7.26", "name": "WE.556", "openid": "25529FFCDDC56F87EF590AE5A502A142", "played": "19", "rating": "5.60", "total_kill": "16", "win_rate": "0.6316", "xpm": "733" },
    { "avg_assist": "5.63", "avg_bekill": "2.11", "avg_kill": "2.47", "gpm": "658", "kda": "5.14", "name": "WE.初心", "openid": "D54C8398557919DC2A1588AE1FE5AB63", "played": "19", "rating": "5.60", "total_kill": "47", "win_rate": "0.6316", "xpm": "794" },
    { "avg_assist": "5.63", "avg_bekill": "1.47", "avg_kill": "4.84", "gpm": "730", "kda": "8.06", "name": "WE.小新", "openid": "AE578BB17CFD55109721263CE8478536", "played": "19", "rating": "5.60", "total_kill": "92", "win_rate": "0.6316", "xpm": "828" },
    { "avg_assist": "5.06", "avg_bekill": "1.88", "avg_kill": "3.76", "gpm": "682", "kda": "5.92", "name": "重庆QGhappy.妖刀 ", "openid": "C9D941685D82271FE93B9D835B50BDBE", "played": "17", "rating": "5.60", "total_kill": "64", "win_rate": "0.5882", "xpm": "743" },
    { "avg_assist": "4.94", "avg_bekill": "2.69", "avg_kill": "1.12", "gpm": "501", "kda": "2.83", "name": "RNGM.凉晨", "openid": "5BD6D8E9DEB9362CC60A568244A18625", "played": "16", "rating": "5.60", "total_kill": "18", "win_rate": "0.5000", "xpm": "729" },
    { "avg_assist": "3.69", "avg_bekill": "2.31", "avg_kill": "3.62", "gpm": "783", "kda": "3.85", "name": "RNGM.虔诚", "openid": "F1BCCA006C3701F765FD5D8AE9DC349F", "played": "16", "rating": "5.60", "total_kill": "58", "win_rate": "0.5000", "xpm": "805" },
    { "avg_assist": "6.81", "avg_bekill": "2.69", "avg_kill": "0.56", "gpm": "408", "kda": "4.95", "name": "RNGM.Zero", "openid": "558B8536033B16FEC1FF02F3E02FC1D1", "played": "16", "rating": "5.60", "total_kill": "9", "win_rate": "0.5000", "xpm": "700" },
    { "avg_assist": "3.38", "avg_bekill": "2.31", "avg_kill": "3.56", "gpm": "688", "kda": "3.83", "name": "RNGM.晚秋", "openid": "814C5DD9BC3171DB8804746F9842B92F", "played": "16", "rating": "5.60", "total_kill": "57", "win_rate": "0.5000", "xpm": "791" },
    { "avg_assist": "3.00", "avg_bekill": "3.00", "avg_kill": "2.20", "gpm": "624", "kda": "2.94", "name": "ROX.s686", "openid": "925C269C44F709B439DEAAC3F7839769", "played": "15", "rating": "5.60", "total_kill": "33", "win_rate": "0.2667", "xpm": "781" },
    { "avg_assist": "5.73", "avg_bekill": "3.33", "avg_kill": "0.47", "gpm": "411", "kda": "2.72", "name": "ROX.C", "openid": "4AB1CF3710C1353AB7EBBF44DC6485A9", "played": "15", "rating": "5.60", "total_kill": "7", "win_rate": "0.2667", "xpm": "680" },
    { "avg_assist": "4.53", "avg_bekill": "1.87", "avg_kill": "2.13", "gpm": "591", "kda": "4.24", "name": "ROX.Xiaoqi", "openid": "FCF25B6CC13F7709F0E56872CBAD3FE2", "played": "15", "rating": "5.60", "total_kill": "32", "win_rate": "0.2667", "xpm": "786" },
    { "avg_assist": "3.20", "avg_bekill": "3.33", "avg_kill": "1.80", "gpm": "606", "kda": "2.27", "name": "ROX.Yu", "openid": "1C2F7FE196A1B137ABE9A03C139642D5", "played": "15", "rating": "5.60", "total_kill": "27", "win_rate": "0.2667", "xpm": "780" },
    { "avg_assist": "3.60", "avg_bekill": "3.33", "avg_kill": "1.73", "gpm": "583", "kda": "2.00", "name": "ROX.TaiZ", "openid": "DE27DFBB6C44C28BA453B085C3ECBAE5", "played": "15", "rating": "5.60", "total_kill": "26", "win_rate": "0.2667", "xpm": "832" },
    { "avg_assist": "3.43", "avg_bekill": "3.93", "avg_kill": "2.86", "gpm": "688", "kda": "2.03", "name": "VSG.Casso", "openid": "90FBF36D1E768FE96D755F41B9651A84", "played": "14", "rating": "5.60", "total_kill": "40", "win_rate": "0.2143", "xpm": "776" },
    { "avg_assist": "5.64", "avg_bekill": "2.93", "avg_kill": "2.21", "gpm": "608", "kda": "4.29", "name": "VSG.Dong", "openid": "FCF580CE0E791FE7920ECA8083FBF097", "played": "14", "rating": "5.60", "total_kill": "31", "win_rate": "0.2143", "xpm": "760" },
    { "avg_assist": "5.14", "avg_bekill": "1.71", "avg_kill": "2.36", "gpm": "529", "kda": "5.12", "name": "VSG.Aim", "openid": "76CCD2231E91B50A0464E9E164C966FC", "played": "14", "rating": "5.60", "total_kill": "33", "win_rate": "0.2143", "xpm": "733" },
    { "avg_assist": "4.64", "avg_bekill": "2.93", "avg_kill": "2.86", "gpm": "629", "kda": "3.64", "name": "VSG.XingC", "openid": "32DA367C8FB2A46F7E532BCF690AA352", "played": "14", "rating": "5.60", "total_kill": "40", "win_rate": "0.2143", "xpm": "746" },
    { "avg_assist": "5.36", "avg_bekill": "1.86", "avg_kill": "1.71", "gpm": "584", "kda": "4.01", "name": "EMC.QY", "openid": "07919D7B0D434FEB8F82A77D125A0B83", "played": "14", "rating": "5.60", "total_kill": "24", "win_rate": "0.2857", "xpm": "756" },
    { "avg_assist": "3.43", "avg_bekill": "2.64", "avg_kill": "3.57", "gpm": "710", "kda": "2.75", "name": "EMC.CH", "openid": "4001F84CA7C0D8D54801A20A18215974", "played": "14", "rating": "5.60", "total_kill": "50", "win_rate": "0.2857", "xpm": "801" },
    { "avg_assist": "6.21", "avg_bekill": "3.43", "avg_kill": "0.57", "gpm": "415", "kda": "2.55", "name": "EMC.COLA", "openid": "EE4AB62BBDE88782FEB59B2E8DF48A6E", "played": "14", "rating": "5.60", "total_kill": "8", "win_rate": "0.2857", "xpm": "686" },
    { "avg_assist": "6.31", "avg_bekill": "1.54", "avg_kill": "2.08", "gpm": "595", "kda": "6.60", "name": "CW.Gin", "openid": "3C6007E72834B6BD0F904B86F497A240", "played": "13", "rating": "5.60", "total_kill": "27", "win_rate": "0.2308", "xpm": "742" },
    { "avg_assist": "4.08", "avg_bekill": "3.15", "avg_kill": "3.15", "gpm": "718", "kda": "4.21", "name": "CW.CITY", "openid": "B363E28FD95A35BF82FE215242049CFC", "played": "13", "rating": "5.60", "total_kill": "41", "win_rate": "0.2308", "xpm": "767" },
    { "avg_assist": "4.69", "avg_bekill": "1.85", "avg_kill": "2.77", "gpm": "564", "kda": "5.08", "name": "CW.Chao", "openid": "AE49061AE340DB9A2A8C01F6FA1D12A3", "played": "13", "rating": "5.60", "total_kill": "36", "win_rate": "0.2308", "xpm": "723" },
    { "avg_assist": "4.38", "avg_bekill": "1.38", "avg_kill": "2.08", "gpm": "527", "kda": "4.81", "name": "RNGM.暴风锐", "openid": "C33F4D32C03321DF09F884E61C01394E", "played": "13", "rating": "5.60", "total_kill": "27", "win_rate": "0.5385", "xpm": "789" },
    { "avg_assist": "7.23", "avg_bekill": "2.92", "avg_kill": "0.77", "gpm": "434", "kda": "3.73", "name": "CW.ManGO", "openid": "5AECE1391070C0E5133F21DF980366EF", "played": "13", "rating": "5.60", "total_kill": "10", "win_rate": "0.2308", "xpm": "692" },
    { "avg_assist": "3.25", "avg_bekill": "1.25", "avg_kill": "1.75", "gpm": "600", "kda": "3.99", "name": "GOG.Kenshin", "openid": "5CB464E6753E0DF3D0D9EA6D1B050604", "played": "12", "rating": "5.60", "total_kill": "21", "win_rate": "0.4167", "xpm": "836" },
    { "avg_assist": "4.08", "avg_bekill": "2.17", "avg_kill": "0.58", "gpm": "481", "kda": "2.46", "name": "GOG.DAT", "openid": "A98B4434ECB21D41C16A41B86D7C132B", "played": "12", "rating": "5.60", "total_kill": "7", "win_rate": "0.4167", "xpm": "787" },
    { "avg_assist": "6.75", "avg_bekill": "3.75", "avg_kill": "0.67", "gpm": "440", "kda": "3.57", "name": "VSG.LYU", "openid": "FC77CF248F34D310BB413002A620A5F1", "played": "12", "rating": "5.60", "total_kill": "8", "win_rate": "0.2500", "xpm": "678" },
    { "avg_assist": "4.58", "avg_bekill": "2.08", "avg_kill": "0.42", "gpm": "411", "kda": "3.61", "name": "GOG.RanRan", "openid": "7CE77E2ED591290892C5403E8356D39A", "played": "12", "rating": "5.60", "total_kill": "5", "win_rate": "0.4167", "xpm": "767" },
    { "avg_assist": "3.00", "avg_bekill": "0.92", "avg_kill": "1.92", "gpm": "723", "kda": "4.15", "name": "GOG.Yilian", "openid": "741E66A4E4BCEB1B6B2C881174B96FE3", "played": "12", "rating": "5.60", "total_kill": "23", "win_rate": "0.4167", "xpm": "884" },
    { "avg_assist": "2.08", "avg_bekill": "2.58", "avg_kill": "2.25", "gpm": "764", "kda": "3.03", "name": "GOG.NoFear", "openid": "F95EE73A43207678BF73129A2717E243", "played": "12", "rating": "5.60", "total_kill": "27", "win_rate": "0.4167", "xpm": "903" },
    { "avg_assist": "5.55", "avg_bekill": "1.91", "avg_kill": "3.55", "gpm": "725", "kda": "6.16", "name": "LGD大鹅.江城", "openid": "576982DDE588DFBF070EE568BC165EE7", "played": "11", "rating": "5.60", "total_kill": "39", "win_rate": "0.5455", "xpm": "788" },
    { "avg_assist": "5.00", "avg_bekill": "3.09", "avg_kill": "2.45", "gpm": "518", "kda": "2.82", "name": "LGD大鹅.君诏", "openid": "C19D0F7E18428F851F9CBED82071436D", "played": "11", "rating": "5.60", "total_kill": "27", "win_rate": "0.5455", "xpm": "745" },
    { "avg_assist": "6.45", "avg_bekill": "2.73", "avg_kill": "0.64", "gpm": "434", "kda": "4.32", "name": "LGD大鹅.清凡", "openid": "25822801F76AF7A8471C0145FFDAC065", "played": "11", "rating": "5.60", "total_kill": "7", "win_rate": "0.5455", "xpm": "731" },
    { "avg_assist": "4.27", "avg_bekill": "2.73", "avg_kill": "3.82", "gpm": "722", "kda": "4.55", "name": "LGD大鹅.晨阳", "openid": "B0019B42DA5B187F036E30193F5BC1C6", "played": "11", "rating": "5.60", "total_kill": "42", "win_rate": "0.5455", "xpm": "806" },
    { "avg_assist": "7.18", "avg_bekill": "2.18", "avg_kill": "1.64", "gpm": "568", "kda": "5.22", "name": "LGD大鹅.一梦", "openid": "A62056113852C8BD1AE1171C33D32ABA", "played": "11", "rating": "5.60", "total_kill": "18", "win_rate": "0.5455", "xpm": "749" },
    { "avg_assist": "4.91", "avg_bekill": "3.27", "avg_kill": "3.27", "gpm": "581", "kda": "3.66", "name": "CW.Play", "openid": "CB0F2C00F12B0C406CEB5CEC27A0F68E", "played": "11", "rating": "5.60", "total_kill": "36", "win_rate": "0.2727", "xpm": "711" },
    { "avg_assist": "3.00", "avg_bekill": "3.40", "avg_kill": "2.90", "gpm": "670", "kda": "2.00", "name": "EMC.ORANGE", "openid": "0821DA9D795FCD36B7EDA6E78EAAC2B0", "played": "10", "rating": "5.60", "total_kill": "29", "win_rate": "0.4000", "xpm": "784" },
    { "avg_assist": "5.20", "avg_bekill": "3.10", "avg_kill": "1.10", "gpm": "496", "kda": "3.82", "name": "EMC.TIGER", "openid": "44519BEABF41B3C9C5BAB0AC33E3F6B7", "played": "10", "rating": "5.60", "total_kill": "11", "win_rate": "0.4000", "xpm": "706" },
    { "avg_assist": "2.11", "avg_bekill": "2.78", "avg_kill": "1.44", "gpm": "605", "kda": "1.60", "name": "Nova.Snipe", "openid": "80118F04886864B20EBCDAD386F5C4E2", "played": "9", "rating": "5.60", "total_kill": "13", "win_rate": "0.0000", "xpm": "777" },
    { "avg_assist": "3.33", "avg_bekill": "2.44", "avg_kill": "0.78", "gpm": "494", "kda": "1.77", "name": "NOVA.Yueli", "openid": "C88013F5F4E85B71F50A2537B07CEA13", "played": "9", "rating": "5.60", "total_kill": "7", "win_rate": "0.0000", "xpm": "755" },
    { "avg_assist": "2.44", "avg_bekill": "2.33", "avg_kill": "3.33", "gpm": "591", "kda": "2.56", "name": "ESG.yChen", "openid": "56B9D31C26CE3170D3315230EAF73045", "played": "9", "rating": "5.60", "total_kill": "30", "win_rate": "0.2222", "xpm": "751" },
    { "avg_assist": "3.22", "avg_bekill": "2.44", "avg_kill": "1.11", "gpm": "541", "kda": "2.12", "name": "ESG.Canx", "openid": "DFA6E0A35ED67CEFA8B6D91E0EC9C07C", "played": "9", "rating": "5.60", "total_kill": "10", "win_rate": "0.2222", "xpm": "746" },
    { "avg_assist": "2.56", "avg_bekill": "3.11", "avg_kill": "1.33", "gpm": "485", "kda": "1.40", "name": "NOVA.SeeK", "openid": "C426832CC5F8DDAAAFB9BB5C56AEB9E2", "played": "9", "rating": "5.60", "total_kill": "12", "win_rate": "0.0000", "xpm": "728" },
    { "avg_assist": "6.22", "avg_bekill": "2.78", "avg_kill": "0.67", "gpm": "441", "kda": "3.49", "name": "ESG.ShiLe", "openid": "16CDA67978B5DD75408DB9F93E6A1282", "played": "9", "rating": "5.60", "total_kill": "6", "win_rate": "0.2222", "xpm": "673" },
    { "avg_assist": "2.00", "avg_bekill": "2.67", "avg_kill": "2.22", "gpm": "690", "kda": "1.90", "name": "NOVA.Redeem", "openid": "40752648B27C20E928CE042D54B15F85", "played": "9", "rating": "5.60", "total_kill": "20", "win_rate": "0.0000", "xpm": "887" },
    { "avg_assist": "4.22", "avg_bekill": "3.56", "avg_kill": "0.78", "gpm": "521", "kda": "2.06", "name": "ESG.Carl", "openid": "5B3C6E73B069A13689CA987ABB353C5A", "played": "9", "rating": "5.60", "total_kill": "7", "win_rate": "0.2222", "xpm": "777" },
    { "avg_assist": "2.88", "avg_bekill": "3.38", "avg_kill": "3.00", "gpm": "644", "kda": "1.76", "name": "ESG.Tan", "openid": "14B3CB9E70BDE863B035970A332C365F", "played": "8", "rating": "5.60", "total_kill": "24", "win_rate": "0.2500", "xpm": "769" },
    { "avg_assist": "6.29", "avg_bekill": "3.57", "avg_kill": "0.43", "gpm": "403", "kda": "2.08", "name": "重庆QGhappy.770", "openid": "646CAD1B629DD3DE2569986E43CA132E", "played": "7", "rating": "5.60", "total_kill": "3", "win_rate": "0.4286", "xpm": "632" },
    { "avg_assist": "2.80", "avg_bekill": "5.00", "avg_kill": "0.20", "gpm": "357", "kda": "0.86", "name": "Nova.FengFeng", "openid": "B3D9DD1152D9EF0E1E071BBE1DF6A19C", "played": "5", "rating": "5.60", "total_kill": "1", "win_rate": "0.0000", "xpm": "631" },
    { "avg_assist": "4.50", "avg_bekill": "2.50", "avg_kill": "0.50", "gpm": "513", "kda": "2.56", "name": "EMC.AOLIN", "openid": "0AA7F781C7D181A9072C32A3CD5B2F80", "played": "4", "rating": "5.60", "total_kill": "2", "win_rate": "0.0000", "xpm": "789" },
    { "avg_assist": "3.00", "avg_bekill": "2.75", "avg_kill": "1.00", "gpm": "617", "kda": "1.31", "name": "EMC.YQ", "openid": "B365D895E1745C1885EBEE5E6F67C08D", "played": "4", "rating": "5.60", "total_kill": "4", "win_rate": "0.0000", "xpm": "900" },
    { "avg_assist": "3.25", "avg_bekill": "4.00", "avg_kill": "0.00", "gpm": "342", "kda": "1.08", "name": "Nova.JW", "openid": "665AB11068F627541FCD2F2466A559F3", "played": "4", "rating": "5.60", "total_kill": "0", "win_rate": "0.0000", "xpm": "642" },
    { "avg_assist": "6.00", "avg_bekill": "2.67", "avg_kill": "3.00", "gpm": "516", "kda": "4.56", "name": "武汉eStarPro.无心", "openid": "F7E2ECFD7976D8FE5253CEA2909ACA39", "played": "3", "rating": "5.60", "total_kill": "9", "win_rate": "0.3333", "xpm": "689" },
    { "avg_assist": "8.00", "avg_bekill": "3.00", "avg_kill": "1.33", "gpm": "570", "kda": "4.08", "name": "RNGM.天真", "openid": "2CBC15A49E006EC46D2B4C10741ED097", "played": "3", "rating": "5.60", "total_kill": "4", "win_rate": "0.3333", "xpm": "590" },
    { "avg_assist": "1.00", "avg_bekill": "4.00", "avg_kill": "2.00", "gpm": "516", "kda": "0.75", "name": "CW.Tao", "openid": "FD8A3C52B3CF02E26D6675C8D1E0964B", "played": "2", "rating": "5.60", "total_kill": "4", "win_rate": "0.0000", "xpm": "836" },
    { "avg_assist": "2.50", "avg_bekill": "5.50", "avg_kill": "0.50", "gpm": "492", "kda": "0.43", "name": "VSG.Fengchen", "openid": "99EBB6099825B48E91DA3A1C6E59B5B1", "played": "2", "rating": "5.60", "total_kill": "1", "win_rate": "0.0000", "xpm": "779" },
    { "avg_assist": "3.00", "avg_bekill": "0.00", "avg_kill": "10.00", "gpm": "906", "kda": "13.00", "name": "武汉eStarPro.包子", "openid": "301BD958B9BA49D275F1E85F4327946F", "played": "1", "rating": "5.60", "total_kill": "10", "win_rate": "1.0000", "xpm": "1121" },
    { "avg_assist": "3.00", "avg_bekill": "6.00", "avg_kill": "3.00", "gpm": "577", "kda": "1.00", "name": "ESG.MLi", "openid": "C1FDB073350E42A5F52C5B280255FBD2", "played": "1", "rating": "5.60", "total_kill": "3", "win_rate": "0.0000", "xpm": "769" }
]