[
    { "ban_heros": "525|518|184|162", "camp": "2", "game_label": "120140", "game_time": "2020-06-22 15:15:07", "is_win": "1", "kill_cnt": "24", "pick_heros": "191|139|153|174|141", "team_id": "57", "team_name": "EMC" },
    { "ban_heros": "509|199|152|515", "camp": "1", "game_label": "120140", "game_time": "2020-06-22 15:15:07", "is_win": "0", "kill_cnt": "23", "pick_heros": "132|157|140|107|189", "team_id": "71", "team_name": "CW" },
    { "ban_heros": "191|509|531|162", "camp": "1", "game_label": "120140", "game_time": "2020-06-22 16:05:11", "is_win": "1", "kill_cnt": "19", "pick_heros": "118|518|502|113|110", "team_id": "57", "team_name": "EMC" },
    { "ban_heros": "132|140|523|176", "camp": "2", "game_label": "120140", "game_time": "2020-06-22 16:05:11", "is_win": "0", "kill_cnt": "9", "pick_heros": "120|525|173|124|529", "team_id": "71", "team_name": "CW" },
    { "ban_heros": "518|191|508|133", "camp": "2", "game_label": "120140", "game_time": "2020-06-22 16:53:25", "is_win": "1", "kill_cnt": "11", "pick_heros": "111|186|120|531|312", "team_id": "57", "team_name": "EMC" },
    { "ban_heros": "525|132|156|523", "camp": "1", "game_label": "120140", "game_time": "2020-06-22 16:53:25", "is_win": "0", "kill_cnt": "14", "pick_heros": "511|118|163|527|148", "team_id": "71", "team_name": "CW" },
    { "ban_heros": "518|191|508|186", "camp": "1", "game_label": "120140", "game_time": "2020-06-22 17:36:22", "is_win": "1", "kill_cnt": "12", "pick_heros": "509|511|524|146|196", "team_id": "57", "team_name": "EMC" },
    { "ban_heros": "525|132|163|148", "camp": "2", "game_label": "120140", "game_time": "2020-06-22 17:36:22", "is_win": "0", "kill_cnt": "9", "pick_heros": "162|105|156|171|199", "team_id": "71", "team_name": "CW" },
    { "ban_heros": "199|518|118|508", "camp": "1", "game_label": "120141", "game_time": "2020-06-22 18:49:04", "is_win": "0", "kill_cnt": "6", "pick_heros": "511|111|171|312|107", "team_id": "15", "team_name": "广州TTG.XQ" },
    { "ban_heros": "525|132|148|153", "camp": "2", "game_label": "120141", "game_time": "2020-06-22 18:49:04", "is_win": "1", "kill_cnt": "14", "pick_heros": "503|163|523|186|169", "team_id": "25", "team_name": "重庆QGhappy" },
    { "ban_heros": "525|511|527|139", "camp": "2", "game_label": "120141", "game_time": "2020-06-22 19:28:16", "is_win": "1", "kill_cnt": "16", "pick_heros": "149|531|174|523|184", "team_id": "15", "team_name": "广州TTG.XQ" },
    { "ban_heros": "509|199|148|157", "camp": "1", "game_label": "120141", "game_time": "2020-06-22 19:28:16", "is_win": "0", "kill_cnt": "3", "pick_heros": "132|105|152|113|107", "team_id": "25", "team_name": "重庆QGhappy" },
    { "ban_heros": "199|111|124|511", "camp": "1", "game_label": "120141", "game_time": "2020-06-22 20:02:08", "is_win": "0", "kill_cnt": "14", "pick_heros": "118|120|163|503|148", "team_id": "15", "team_name": "广州TTG.XQ" },
    { "ban_heros": "525|132|157|142", "camp": "2", "game_label": "120141", "game_time": "2020-06-22 20:02:08", "is_win": "1", "kill_cnt": "15", "pick_heros": "139|502|191|527|312", "team_id": "25", "team_name": "重庆QGhappy" },
    { "ban_heros": "525|111|148|124", "camp": "2", "game_label": "120141", "game_time": "2020-06-22 20:47:30", "is_win": "1", "kill_cnt": "13", "pick_heros": "518|502|123|194|136", "team_id": "15", "team_name": "广州TTG.XQ" },
    { "ban_heros": "509|132|152|157", "camp": "1", "game_label": "120141", "game_time": "2020-06-22 20:47:30", "is_win": "0", "kill_cnt": "0", "pick_heros": "199|531|149|511|156", "team_id": "25", "team_name": "重庆QGhappy" },
    { "ban_heros": "111|518|196|173", "camp": "1", "game_label": "120141", "game_time": "2020-06-22 21:23:20", "is_win": "0", "kill_cnt": "15", "pick_heros": "153|157|522|186|524", "team_id": "15", "team_name": "广州TTG.XQ" },
    { "ban_heros": "525|132|508|199", "camp": "2", "game_label": "120141", "game_time": "2020-06-22 21:23:20", "is_win": "1", "kill_cnt": "16", "pick_heros": "140|171|515|178|174", "team_id": "25", "team_name": "重庆QGhappy" },
    { "ban_heros": "525|518|522|184", "camp": "2", "game_label": "120141", "game_time": "2020-06-22 22:04:26", "is_win": "1", "kill_cnt": "21", "pick_heros": "132|105|140|168|137", "team_id": "15", "team_name": "广州TTG.XQ" },
    { "ban_heros": "509|199|162|146", "camp": "1", "game_label": "120141", "game_time": "2020-06-22 22:04:26", "is_win": "0", "kill_cnt": "5", "pick_heros": "153|111|513|194|193", "team_id": "25", "team_name": "重庆QGhappy" },
    { "ban_heros": "0", "camp": "1", "game_label": "120141", "game_time": "2020-06-22 22:49:46", "is_win": "1", "kill_cnt": "10", "pick_heros": "", "team_id": "15", "team_name": "广州TTG.XQ" },
    { "ban_heros": "0", "camp": "2", "game_label": "120141", "game_time": "2020-06-22 22:49:46", "is_win": "0", "kill_cnt": "5", "pick_heros": "", "team_id": "25", "team_name": "重庆QGhappy" },
    { "ban_heros": "153|509|149|186", "camp": "1", "game_label": "120142", "game_time": "2020-06-23 15:14:08", "is_win": "1", "kill_cnt": "17", "pick_heros": "132|511|118|513|527", "team_id": "69", "team_name": "ROX" },
    { "ban_heros": "191|199|146|139", "camp": "2", "game_label": "120142", "game_time": "2020-06-23 15:14:08", "is_win": "0", "kill_cnt": "18", "pick_heros": "518|163|196|108|503", "team_id": "79", "team_name": "VSG" },
    { "ban_heros": "118|132|111|511", "camp": "2", "game_label": "120142", "game_time": "2020-06-23 16:07:01", "is_win": "0", "kill_cnt": "2", "pick_heros": "525|522|196|123|163", "team_id": "69", "team_name": "ROX" },
    { "ban_heros": "191|509|107|529", "camp": "1", "game_label": "120142", "game_time": "2020-06-23 16:07:01", "is_win": "1", "kill_cnt": "12", "pick_heros": "153|139|148|171|508", "team_id": "79", "team_name": "VSG" },
    { "ban_heros": "118|132|113|105", "camp": "1", "game_label": "120142", "game_time": "2020-06-23 16:38:26", "is_win": "1", "kill_cnt": "15", "pick_heros": "120|186|162|518|148", "team_id": "69", "team_name": "ROX" },
    { "ban_heros": "191|153|111|152", "camp": "2", "game_label": "120142", "game_time": "2020-06-23 16:38:26", "is_win": "0", "kill_cnt": "11", "pick_heros": "123|195|124|511|509", "team_id": "79", "team_name": "VSG" },
    { "ban_heros": "118|132|156|120", "camp": "2", "game_label": "120142", "game_time": "2020-06-23 17:12:25", "is_win": "1", "kill_cnt": "15", "pick_heros": "140|199|171|529|157", "team_id": "69", "team_name": "ROX" },
    { "ban_heros": "149|153|523|107", "camp": "1", "game_label": "120142", "game_time": "2020-06-23 17:12:25", "is_win": "0", "kill_cnt": "1", "pick_heros": "191|522|506|193|141", "team_id": "79", "team_name": "VSG" },
    { "ban_heros": "118|132|149|120", "camp": "1", "game_label": "120142", "game_time": "2020-06-23 17:51:55", "is_win": "1", "kill_cnt": "20", "pick_heros": "107|191|139|174|110", "team_id": "69", "team_name": "ROX" },
    { "ban_heros": "153|509|152|312", "camp": "2", "game_label": "120142", "game_time": "2020-06-23 17:51:55", "is_win": "0", "kill_cnt": "20", "pick_heros": "186|531|111|523|135", "team_id": "79", "team_name": "VSG" },
    { "ban_heros": "509|139|152|523", "camp": "1", "game_label": "120143", "game_time": "2020-06-23 19:14:04", "is_win": "1", "kill_cnt": "21", "pick_heros": "118|502|123|312|522", "team_id": "28", "team_name": "DYG" },
    { "ban_heros": "191|525|518|527", "camp": "2", "game_label": "120143", "game_time": "2020-06-23 19:14:04", "is_win": "0", "kill_cnt": "20", "pick_heros": "511|162|132|168|157", "team_id": "38", "team_name": "RNG.M" },
    { "ban_heros": "118|123|156|124", "camp": "2", "game_label": "120143", "game_time": "2020-06-23 20:08:40", "is_win": "0", "kill_cnt": "6", "pick_heros": "149|531|509|173|148", "team_id": "28", "team_name": "DYG" },
    { "ban_heros": "191|132|157|152", "camp": "1", "game_label": "120143", "game_time": "2020-06-23 20:08:40", "is_win": "1", "kill_cnt": "13", "pick_heros": "525|174|518|105|523", "team_id": "38", "team_name": "RNG.M" },
    { "ban_heros": "509|118|148|153", "camp": "1", "game_label": "120143", "game_time": "2020-06-23 20:43:29", "is_win": "1", "kill_cnt": "19", "pick_heros": "511|171|524|152|527", "team_id": "28", "team_name": "DYG" },
    { "ban_heros": "191|525|518|196", "camp": "2", "game_label": "120143", "game_time": "2020-06-23 20:43:29", "is_win": "0", "kill_cnt": "14", "pick_heros": "111|186|140|107|124", "team_id": "38", "team_name": "RNG.M" },
    { "ban_heros": "118|509|152|312", "camp": "2", "game_label": "120143", "game_time": "2020-06-23 21:31:13", "is_win": "0", "kill_cnt": "1", "pick_heros": "140|529|174|184|179", "team_id": "28", "team_name": "DYG" },
    { "ban_heros": "191|525|157|186", "camp": "1", "game_label": "120143", "game_time": "2020-06-23 21:31:13", "is_win": "1", "kill_cnt": "8", "pick_heros": "149|133|531|148|171", "team_id": "38", "team_name": "RNG.M" },
    { "ban_heros": "509|118|152|153", "camp": "1", "game_label": "120143", "game_time": "2020-06-23 22:15:26", "is_win": "0", "kill_cnt": "12", "pick_heros": "163|186|111|110|120", "team_id": "28", "team_name": "DYG" },
    { "ban_heros": "525|191|523|196", "camp": "2", "game_label": "120143", "game_time": "2020-06-23 22:15:26", "is_win": "1", "kill_cnt": "12", "pick_heros": "199|139|184|529|312", "team_id": "38", "team_name": "RNG.M" },
    { "ban_heros": "118|509|522|527", "camp": "2", "game_label": "120143", "game_time": "2020-06-23 22:56:15", "is_win": "1", "kill_cnt": "16", "pick_heros": "518|196|132|168|510", "team_id": "28", "team_name": "DYG" },
    { "ban_heros": "191|525|153|107", "camp": "1", "game_label": "120143", "game_time": "2020-06-23 22:56:15", "is_win": "0", "kill_cnt": "13", "pick_heros": "194|502|156|193|120", "team_id": "38", "team_name": "RNG.M" },
    { "ban_heros": "0", "camp": "1", "game_label": "120143", "game_time": "2020-06-23 23:27:24", "is_win": "1", "kill_cnt": "18", "pick_heros": "", "team_id": "28", "team_name": "DYG" },
    { "ban_heros": "0", "camp": "2", "game_label": "120143", "game_time": "2020-06-23 23:27:24", "is_win": "0", "kill_cnt": "9", "pick_heros": "", "team_id": "38", "team_name": "RNG.M" },
    { "ban_heros": "525|518|523|149", "camp": "2", "game_label": "120144", "game_time": "2020-06-25 15:14:41", "is_win": "1", "kill_cnt": "15", "pick_heros": "191|511|139|148|163", "team_id": "13", "team_name": "武汉eStarPro" },
    { "ban_heros": "199|118|152|156", "camp": "1", "game_label": "120144", "game_time": "2020-06-25 15:14:41", "is_win": "0", "kill_cnt": "3", "pick_heros": "132|531|140|124|509", "team_id": "25", "team_name": "重庆QGhappy" },
    { "ban_heros": "525|118|135|140", "camp": "2", "game_label": "120146", "game_time": "2020-06-25 16:28:08", "is_win": "1", "kill_cnt": "13", "pick_heros": "511|191|199|312|146", "team_id": "25", "team_name": "重庆QGhappy" },
    { "ban_heros": "509|527|107|513", "camp": "1", "game_label": "120146", "game_time": "2020-06-25 16:28:08", "is_win": "0", "kill_cnt": "10", "pick_heros": "132|162|148|105|171", "team_id": "81", "team_name": "NOVA" },
    { "ban_heros": "111|509|518|120", "camp": "1", "game_label": "120147", "game_time": "2020-06-25 17:13:34", "is_win": "1", "kill_cnt": "14", "pick_heros": "525|511|163|508|110", "team_id": "35", "team_name": "杭州LGD大鹅" },
    { "ban_heros": "199|132|156|124", "camp": "2", "game_label": "120147", "game_time": "2020-06-25 17:13:34", "is_win": "0", "kill_cnt": "14", "pick_heros": "527|531|118|148|140", "team_id": "71", "team_name": "CW" },
    { "ban_heros": "118|153|513|312", "camp": "2", "game_label": "120148", "game_time": "2020-06-25 18:09:50", "is_win": "1", "kill_cnt": "22", "pick_heros": "199|148|140|162|186", "team_id": "79", "team_name": "VSG" },
    { "ban_heros": "191|525|163|531", "camp": "1", "game_label": "120148", "game_time": "2020-06-25 18:09:50", "is_win": "0", "kill_cnt": "8", "pick_heros": "132|509|107|511|152", "team_id": "81", "team_name": "NOVA" },
    { "ban_heros": "509|525|148|162", "camp": "1", "game_label": "120149", "game_time": "2020-06-25 18:51:39", "is_win": "1", "kill_cnt": "7", "pick_heros": "511|199|184|518|157", "team_id": "38", "team_name": "RNG.M" },
    { "ban_heros": "191|531|124|139", "camp": "2", "game_label": "120149", "game_time": "2020-06-25 18:51:39", "is_win": "0", "kill_cnt": "1", "pick_heros": "132|118|503|153|515", "team_id": "87", "team_name": "ESG" },
    { "ban_heros": "525|511|156|312", "camp": "2", "game_label": "120150", "game_time": "2020-06-25 19:27:01", "is_win": "1", "kill_cnt": "17", "pick_heros": "149|162|148|524|171", "team_id": "52", "team_name": "西安WE" },
    { "ban_heros": "199|132|174|518", "camp": "1", "game_label": "120150", "game_time": "2020-06-25 19:27:01", "is_win": "0", "kill_cnt": "5", "pick_heros": "531|527|118|105|110", "team_id": "71", "team_name": "CW" },
    { "ban_heros": "509|140|162|107", "camp": "1", "game_label": "120151", "game_time": "2020-06-25 20:07:59", "is_win": "1", "kill_cnt": "16", "pick_heros": "531|149|525|148|111", "team_id": "23", "team_name": "VG" },
    { "ban_heros": "132|199|518|523", "camp": "2", "game_label": "120151", "game_time": "2020-06-25 20:07:59", "is_win": "0", "kill_cnt": "5", "pick_heros": "191|511|156|123|195", "team_id": "79", "team_name": "VSG" },
    { "ban_heros": "199|511|191|171", "camp": "1", "game_label": "120152", "game_time": "2020-06-25 20:49:50", "is_win": "1", "kill_cnt": "15", "pick_heros": "525|531|140|312|133", "team_id": "52", "team_name": "西安WE" },
    { "ban_heros": "118|509|110|152", "camp": "2", "game_label": "120152", "game_time": "2020-06-25 20:49:50", "is_win": "0", "kill_cnt": "3", "pick_heros": "148|139|132|105|107", "team_id": "87", "team_name": "ESG" },
    { "ban_heros": "509|118|111|148", "camp": "1", "game_label": "120155", "game_time": "2020-06-26 15:10:21", "is_win": "1", "kill_cnt": "14", "pick_heros": "132|511|171|162|152", "team_id": "23", "team_name": "VG" },
    { "ban_heros": "199|531|312|523", "camp": "2", "game_label": "120155", "game_time": "2020-06-26 15:10:21", "is_win": "0", "kill_cnt": "7", "pick_heros": "163|525|527|133|124", "team_id": "71", "team_name": "CW" },
    { "ban_heros": "525|191|199|527", "camp": "2", "game_label": "120156", "game_time": "2020-06-26 15:47:50", "is_win": "0", "kill_cnt": "7", "pick_heros": "509|511|132|140|157", "team_id": "38", "team_name": "RNG.M" },
    { "ban_heros": "118|531|518|513", "camp": "1", "game_label": "120156", "game_time": "2020-06-26 15:47:50", "is_win": "1", "kill_cnt": "12", "pick_heros": "148|162|123|508|171", "team_id": "79", "team_name": "VSG" },
    { "ban_heros": "118|525|140|518", "camp": "1", "game_label": "120157", "game_time": "2020-06-26 16:29:17", "is_win": "1", "kill_cnt": "18", "pick_heros": "531|148|511|171|132", "team_id": "35", "team_name": "杭州LGD大鹅" },
    { "ban_heros": "191|527|111|508", "camp": "2", "game_label": "120157", "game_time": "2020-06-26 16:29:17", "is_win": "0", "kill_cnt": "4", "pick_heros": "199|149|312|186|162", "team_id": "81", "team_name": "NOVA" },
    { "ban_heros": "525|191|111|174", "camp": "2", "game_label": "120158", "game_time": "2020-06-26 16:59:38", "is_win": "1", "kill_cnt": "12", "pick_heros": "118|518|511|148|502", "team_id": "38", "team_name": "RNG.M" },
    { "ban_heros": "199|132|156|523", "camp": "1", "game_label": "120158", "game_time": "2020-06-26 16:59:38", "is_win": "0", "kill_cnt": "4", "pick_heros": "531|509|149|173|312", "team_id": "71", "team_name": "CW" },
    { "ban_heros": "191|531|508|509", "camp": "2", "game_label": "120159", "game_time": "2020-06-26 17:28:21", "is_win": "1", "kill_cnt": "11", "pick_heros": "199|171|312|163|518", "team_id": "23", "team_name": "VG" },
    { "ban_heros": "118|525|149|146", "camp": "1", "game_label": "120157", "game_time": "2020-06-26 17:28:21", "is_win": "0", "kill_cnt": "6", "pick_heros": "511|153|148|132|162", "team_id": "35", "team_name": "杭州LGD大鹅" },
    { "ban_heros": "118|525|149|146", "camp": "1", "game_label": "120159", "game_time": "2020-06-26 17:28:21", "is_win": "0", "kill_cnt": "6", "pick_heros": "511|153|148|132|162", "team_id": "35", "team_name": "杭州LGD大鹅" },
    { "ban_heros": "531|118|199|513", "camp": "1", "game_label": "120160", "game_time": "2020-06-26 18:07:34", "is_win": "0", "kill_cnt": "18", "pick_heros": "148|162|132|105|505", "team_id": "79", "team_name": "VSG" },
    { "ban_heros": "525|509|140|135", "camp": "2", "game_label": "120160", "game_time": "2020-06-26 18:07:34", "is_win": "1", "kill_cnt": "22", "pick_heros": "511|139|191|111|157", "team_id": "87", "team_name": "ESG" },
    { "ban_heros": "132|199|156|152", "camp": "1", "game_label": "120161", "game_time": "2020-06-26 18:54:11", "is_win": "1", "kill_cnt": "18", "pick_heros": "525|531|140|177|124", "team_id": "52", "team_name": "西安WE" },
    { "ban_heros": "118|502|148|312", "camp": "2", "game_label": "120161", "game_time": "2020-06-26 18:54:11", "is_win": "0", "kill_cnt": "7", "pick_heros": "133|120|186|107|142", "team_id": "81", "team_name": "NOVA" },
    { "ban_heros": "525|509|162|123", "camp": "2", "game_label": "120162", "game_time": "2020-06-26 19:26:05", "is_win": "1", "kill_cnt": "9", "pick_heros": "199|511|191|527|157", "team_id": "25", "team_name": "重庆QGhappy" },
    { "ban_heros": "118|531|153|139", "camp": "1", "game_label": "120162", "game_time": "2020-06-26 19:26:05", "is_win": "0", "kill_cnt": "2", "pick_heros": "148|171|508|518|163", "team_id": "79", "team_name": "VSG" },
    { "ban_heros": "531|525|312|124", "camp": "2", "game_label": "120163", "game_time": "2020-06-26 20:03:37", "is_win": "0", "kill_cnt": "8", "pick_heros": "199|148|105|527|123", "team_id": "13", "team_name": "武汉eStarPro" },
    { "ban_heros": "191|132|140|118", "camp": "1", "game_label": "120163", "game_time": "2020-06-26 20:03:37", "is_win": "1", "kill_cnt": "15", "pick_heros": "511|502|509|111|156", "team_id": "52", "team_name": "西安WE" },
    { "ban_heros": "531|509|139|157", "camp": "1", "game_label": "120164", "game_time": "2020-06-26 20:41:46", "is_win": "1", "kill_cnt": "17", "pick_heros": "525|527|148|162|524", "team_id": "25", "team_name": "重庆QGhappy" },
    { "ban_heros": "199|132|111|133", "camp": "2", "game_label": "120164", "game_time": "2020-06-26 20:41:46", "is_win": "0", "kill_cnt": "4", "pick_heros": "511|163|191|312|503", "team_id": "71", "team_name": "CW" },
    { "ban_heros": "199|132|111|508", "camp": "1", "game_label": "120165", "game_time": "2020-06-26 21:16:47", "is_win": "1", "kill_cnt": "13", "pick_heros": "511|118|518|163|157", "team_id": "13", "team_name": "武汉eStarPro" },
    { "ban_heros": "527|531|502|107", "camp": "2", "game_label": "120165", "game_time": "2020-06-26 21:16:47", "is_win": "0", "kill_cnt": "0", "pick_heros": "148|525|139|162|133", "team_id": "87", "team_name": "ESG" },
    { "ban_heros": "525|509|148|523", "camp": "2", "game_label": "120166", "game_time": "2020-06-26 21:51:33", "is_win": "0", "kill_cnt": "5", "pick_heros": "518|149|156|529|132", "team_id": "23", "team_name": "VG" },
    { "ban_heros": "191|511|174|111", "camp": "1", "game_label": "120166", "game_time": "2020-06-26 21:51:33", "is_win": "1", "kill_cnt": "12", "pick_heros": "531|171|199|152|527", "team_id": "52", "team_name": "西安WE" },
    { "ban_heros": "508|525|163|132", "camp": "2", "game_label": "120167", "game_time": "2020-06-27 15:09:40", "is_win": "1", "kill_cnt": "20", "pick_heros": "511|502|527|186|157", "team_id": "13", "team_name": "武汉eStarPro" },
    { "ban_heros": "191|509|513|515", "camp": "1", "game_label": "120167", "game_time": "2020-06-27 15:09:40", "is_win": "0", "kill_cnt": "7", "pick_heros": "118|148|518|503|531", "team_id": "79", "team_name": "VSG" },
    { "ban_heros": "531|191|111|199", "camp": "1", "game_label": "120168", "game_time": "2020-06-27 15:48:55", "is_win": "1", "kill_cnt": "21", "pick_heros": "518|149|132|107|157", "team_id": "25", "team_name": "重庆QGhappy" },
    { "ban_heros": "511|525|152|523", "camp": "2", "game_label": "120168", "game_time": "2020-06-27 15:48:55", "is_win": "0", "kill_cnt": "12", "pick_heros": "105|139|509|173|110", "team_id": "87", "team_name": "ESG" },
    { "ban_heros": "509|199|149|171", "camp": "1", "game_label": "120169", "game_time": "2020-06-27 16:28:05", "is_win": "1", "kill_cnt": "7", "pick_heros": "132|156|511|518|105", "team_id": "23", "team_name": "VG" },
    { "ban_heros": "118|525|107|162", "camp": "2", "game_label": "120169", "game_time": "2020-06-27 16:28:05", "is_win": "0", "kill_cnt": "2", "pick_heros": "531|527|148|186|111", "team_id": "81", "team_name": "NOVA" },
    { "ban_heros": "191|509|513|174", "camp": "1", "game_label": "120170", "game_time": "2020-06-27 16:59:39", "is_win": "1", "kill_cnt": "25", "pick_heros": "525|132|148|162|123", "team_id": "71", "team_name": "CW" },
    { "ban_heros": "511|118|503|140", "camp": "2", "game_label": "120170", "game_time": "2020-06-27 16:59:39", "is_win": "0", "kill_cnt": "8", "pick_heros": "531|527|149|199|312", "team_id": "87", "team_name": "ESG" },
    { "ban_heros": "531|191|153|118", "camp": "1", "game_label": "120171", "game_time": "2020-06-27 17:40:40", "is_win": "1", "kill_cnt": "13", "pick_heros": "525|527|156|169|107", "team_id": "25", "team_name": "重庆QGhappy" },
    { "ban_heros": "518|140|199|111", "camp": "2", "game_label": "120171", "game_time": "2020-06-27 17:40:40", "is_win": "0", "kill_cnt": "4", "pick_heros": "511|148|508|163|171", "team_id": "35", "team_name": "杭州LGD大鹅" },
    { "ban_heros": "509|139|140|163", "camp": "1", "game_label": "120172", "game_time": "2020-06-27 18:14:12", "is_win": "1", "kill_cnt": "14", "pick_heros": "199|191|105|148|146", "team_id": "23", "team_name": "VG" },
    { "ban_heros": "511|531|152|156", "camp": "2", "game_label": "120172", "game_time": "2020-06-27 18:14:12", "is_win": "0", "kill_cnt": "13", "pick_heros": "120|118|157|107|132", "team_id": "87", "team_name": "ESG" },
    { "ban_heros": "531|527|139|162", "camp": "1", "game_label": "120173", "game_time": "2020-06-27 19:08:37", "is_win": "1", "kill_cnt": "10", "pick_heros": "518|502|118|157|105", "team_id": "13", "team_name": "武汉eStarPro" },
    { "ban_heros": "511|191|120|123", "camp": "2", "game_label": "120173", "game_time": "2020-06-27 19:08:37", "is_win": "0", "kill_cnt": "10", "pick_heros": "525|148|132|149|178", "team_id": "71", "team_name": "CW" },
    { "ban_heros": "509|525|157|120", "camp": "1", "game_label": "120174", "game_time": "2020-06-27 19:47:16", "is_win": "0", "kill_cnt": "16", "pick_heros": "132|162|511|312|105", "team_id": "23", "team_name": "VG" },
    { "ban_heros": "199|531|156|171", "camp": "2", "game_label": "120174", "game_time": "2020-06-27 19:47:16", "is_win": "1", "kill_cnt": "15", "pick_heros": "518|118|502|148|123", "team_id": "38", "team_name": "RNG.M" },
    { "ban_heros": "199|132|502|163", "camp": "1", "game_label": "120175", "game_time": "2020-06-27 20:36:08", "is_win": "1", "kill_cnt": "14", "pick_heros": "531|511|525|111|182", "team_id": "71", "team_name": "CW" },
    { "ban_heros": "191|527|148|174", "camp": "2", "game_label": "120175", "game_time": "2020-06-27 20:36:08", "is_win": "0", "kill_cnt": "4", "pick_heros": "518|118|156|162|105", "team_id": "81", "team_name": "NOVA" },
    { "ban_heros": "525|531|139|527", "camp": "2", "game_label": "120176", "game_time": "2020-06-27 21:09:41", "is_win": "0", "kill_cnt": "14", "pick_heros": "518|511|118|523|508", "team_id": "25", "team_name": "重庆QGhappy" },
    { "ban_heros": "191|199|156|174", "camp": "1", "game_label": "120176", "game_time": "2020-06-27 21:09:41", "is_win": "1", "kill_cnt": "15", "pick_heros": "132|171|148|140|502", "team_id": "52", "team_name": "西安WE" },
    { "ban_heros": "531|199|523|156", "camp": "2", "game_label": "120177", "game_time": "2020-06-27 22:02:44", "is_win": "0", "kill_cnt": "21", "pick_heros": "163|191|139|152|123", "team_id": "13", "team_name": "武汉eStarPro" },
    { "ban_heros": "118|525|148|120", "camp": "1", "game_label": "120177", "game_time": "2020-06-27 22:02:44", "is_win": "1", "kill_cnt": "15", "pick_heros": "511|162|509|524|124", "team_id": "35", "team_name": "杭州LGD大鹅" },
    { "ban_heros": "525|531|312|527", "camp": "2", "game_label": "120178", "game_time": "2020-06-27 22:46:47", "is_win": "0", "kill_cnt": "7", "pick_heros": "509|148|105|169|518", "team_id": "38", "team_name": "RNG.M" },
    { "ban_heros": "118|511|107|502", "camp": "1", "game_label": "120178", "game_time": "2020-06-27 22:46:47", "is_win": "1", "kill_cnt": "16", "pick_heros": "199|171|162|523|140", "team_id": "52", "team_name": "西安WE" },
    { "ban_heros": "191|527|513|110", "camp": "1", "game_label": "120179", "game_time": "2020-06-28 15:10:45", "is_win": "0", "kill_cnt": "7", "pick_heros": "118|531|518|123|124", "team_id": "81", "team_name": "NOVA" },
    { "ban_heros": "525|199|148|152", "camp": "2", "game_label": "120179", "game_time": "2020-06-28 15:10:45", "is_win": "1", "kill_cnt": "16", "pick_heros": "132|511|139|171|157", "team_id": "87", "team_name": "ESG" },
    { "ban_heros": "525|132|174|111", "camp": "2", "game_label": "120180", "game_time": "2020-06-28 15:46:58", "is_win": "1", "kill_cnt": "10", "pick_heros": "518|118|105|312|163", "team_id": "23", "team_name": "VG" },
    { "ban_heros": "531|199|523|157", "camp": "1", "game_label": "120180", "game_time": "2020-06-28 15:46:58", "is_win": "0", "kill_cnt": "5", "pick_heros": "511|509|148|524|527", "team_id": "25", "team_name": "重庆QGhappy" },
    { "ban_heros": "140|518|156|152", "camp": "2", "game_label": "120181", "game_time": "2020-06-28 16:22:21", "is_win": "1", "kill_cnt": "22", "pick_heros": "511|199|162|124|149", "team_id": "35", "team_name": "杭州LGD大鹅" },
    { "ban_heros": "525|531|523|148", "camp": "1", "game_label": "120181", "game_time": "2020-06-28 16:22:21", "is_win": "0", "kill_cnt": "12", "pick_heros": "191|527|139|110|153", "team_id": "79", "team_name": "VSG" },
    { "ban_heros": "525|132|156|312", "camp": "2", "game_label": "120182", "game_time": "2020-06-28 16:57:18", "is_win": "1", "kill_cnt": "15", "pick_heros": "531|148|149|524|171", "team_id": "38", "team_name": "RNG.M" },
    { "ban_heros": "511|199|105|186", "camp": "1", "game_label": "120182", "game_time": "2020-06-28 16:57:18", "is_win": "0", "kill_cnt": "6", "pick_heros": "509|140|107|174|513", "team_id": "81", "team_name": "NOVA" },
    { "ban_heros": "140|525|148|312", "camp": "2", "game_label": "120183", "game_time": "2020-06-28 17:29:37", "is_win": "1", "kill_cnt": "19", "pick_heros": "527|509|156|524|153", "team_id": "35", "team_name": "杭州LGD大鹅" },
    { "ban_heros": "191|511|508|111", "camp": "1", "game_label": "120183", "game_time": "2020-06-28 17:29:37", "is_win": "0", "kill_cnt": "21", "pick_heros": "531|199|171|523|123", "team_id": "52", "team_name": "西安WE" },
    { "ban_heros": "191|511|153|171", "camp": "2", "game_label": "120184", "game_time": "2020-06-28 18:17:20", "is_win": "1", "kill_cnt": "16", "pick_heros": "148|525|199|163|123", "team_id": "71", "team_name": "CW" },
    { "ban_heros": "531|118|162|146", "camp": "1", "game_label": "120184", "game_time": "2020-06-28 18:17:20", "is_win": "0", "kill_cnt": "5", "pick_heros": "527|132|110|105|184", "team_id": "79", "team_name": "VSG" },
    { "ban_heros": "531|199|523|156", "camp": "2", "game_label": "120185", "game_time": "2020-06-28 18:49:51", "is_win": "0", "kill_cnt": "12", "pick_heros": "118|191|139|162|527", "team_id": "13", "team_name": "武汉eStarPro" },
    { "ban_heros": "502|163|105|123", "camp": "1", "game_label": "120185", "game_time": "2020-06-28 18:49:51", "is_win": "1", "kill_cnt": "20", "pick_heros": "511|525|111|140|148", "team_id": "23", "team_name": "VG" },
    { "ban_heros": "531|118|169|111", "camp": "1", "game_label": "120186", "game_time": "2020-06-28 19:36:40", "is_win": "1", "kill_cnt": "14", "pick_heros": "518|199|149|105|124", "team_id": "25", "team_name": "重庆QGhappy" },
    { "ban_heros": "525|191|523|153", "camp": "2", "game_label": "120186", "game_time": "2020-06-28 19:36:40", "is_win": "0", "kill_cnt": "2", "pick_heros": "511|148|509|502|522", "team_id": "38", "team_name": "RNG.M" },
    { "ban_heros": "508|191|162|509", "camp": "1", "game_label": "120187", "game_time": "2020-06-28 20:12:12", "is_win": "1", "kill_cnt": "28", "pick_heros": "525|140|163|312|169", "team_id": "52", "team_name": "西安WE" },
    { "ban_heros": "531|118|152|132", "camp": "2", "game_label": "120187", "game_time": "2020-06-28 20:12:12", "is_win": "0", "kill_cnt": "8", "pick_heros": "148|139|518|196|107", "team_id": "79", "team_name": "VSG" },
    { "ban_heros": "531|518|120|105", "camp": "1", "game_label": "120188", "game_time": "2020-06-28 20:48:10", "is_win": "1", "kill_cnt": "18", "pick_heros": "511|111|509|523|140", "team_id": "13", "team_name": "武汉eStarPro" },
    { "ban_heros": "525|191|156|527", "camp": "2", "game_label": "120188", "game_time": "2020-06-28 20:48:10", "is_win": "0", "kill_cnt": "7", "pick_heros": "162|148|171|123|524", "team_id": "38", "team_name": "RNG.M" },
    { "ban_heros": "518|140|163|503", "camp": "2", "game_label": "120189", "game_time": "2020-06-28 21:41:11", "is_win": "0", "kill_cnt": "9", "pick_heros": "527|511|509|111|110", "team_id": "13", "team_name": "武汉eStarPro" },
    { "ban_heros": "191|118|523|312", "camp": "1", "game_label": "120189", "game_time": "2020-06-28 21:41:11", "is_win": "1", "kill_cnt": "16", "pick_heros": "525|199|156|531|123", "team_id": "25", "team_name": "重庆QGhappy" },
    { "ban_heros": "531|191|148|312", "camp": "1", "game_label": "120190", "game_time": "2020-06-28 23:13:55", "is_win": "1", "kill_cnt": "14", "pick_heros": "511|156|111|527|186", "team_id": "13", "team_name": "武汉eStarPro" },
    { "ban_heros": "525|118|140|518", "camp": "2", "game_label": "120190", "game_time": "2020-06-28 23:13:55", "is_win": "0", "kill_cnt": "12", "pick_heros": "123|509|153|132|152", "team_id": "35", "team_name": "杭州LGD大鹅" },
    { "ban_heros": "531|191|508|132", "camp": "1", "game_label": "120191", "game_time": "2020-06-28 23:53:06", "is_win": "1", "kill_cnt": "12", "pick_heros": "511|171|199|152|140", "team_id": "25", "team_name": "重庆QGhappy" },
    { "ban_heros": "525|518|156|312", "camp": "2", "game_label": "120191", "game_time": "2020-06-28 23:53:06", "is_win": "0", "kill_cnt": "3", "pick_heros": "148|527|509|153|111", "team_id": "35", "team_name": "杭州LGD大鹅" },
    { "ban_heros": "140|531|157|156", "camp": "1", "game_label": "120200", "game_time": "2020-07-15 17:27:06", "is_win": "0", "kill_cnt": "11", "pick_heros": "118|163|518|120|142", "team_id": "12", "team_name": "成都AG超玩会" },
    { "ban_heros": "191|525|124|312", "camp": "2", "game_label": "120200", "game_time": "2020-07-15 17:27:06", "is_win": "1", "kill_cnt": "14", "pick_heros": "199|511|509|148|107", "team_id": "44", "team_name": "TS" },
    { "ban_heros": "118|525|196|508", "camp": "2", "game_label": "120200", "game_time": "2020-07-15 18:10:06", "is_win": "1", "kill_cnt": "10", "pick_heros": "132|149|156|140|529", "team_id": "12", "team_name": "成都AG超玩会" },
    { "ban_heros": "199|511|184|105", "camp": "1", "game_label": "120200", "game_time": "2020-07-15 18:10:06", "is_win": "0", "kill_cnt": "7", "pick_heros": "531|312|171|174|135", "team_id": "44", "team_name": "TS" },
    { "ban_heros": "118|132|163|157", "camp": "1", "game_label": "120200", "game_time": "2020-07-15 18:58:25", "is_win": "0", "kill_cnt": "13", "pick_heros": "525|133|107|123|182", "team_id": "12", "team_name": "成都AG超玩会" },
    { "ban_heros": "199|511|312|148", "camp": "2", "game_label": "120200", "game_time": "2020-07-15 18:58:25", "is_win": "1", "kill_cnt": "14", "pick_heros": "105|111|186|502|110", "team_id": "44", "team_name": "TS" },
    { "ban_heros": "191|132|149|148", "camp": "2", "game_label": "120201", "game_time": "2020-07-15 20:02:33", "is_win": "0", "kill_cnt": "0", "pick_heros": "511|171|174|156|162", "team_id": "23", "team_name": "VG" },
    { "ban_heros": "518|199|153|312", "camp": "1", "game_label": "120201", "game_time": "2020-07-15 20:02:33", "is_win": "1", "kill_cnt": "5", "pick_heros": "531|525|133|123|124", "team_id": "78", "team_name": "GOG" },
    { "ban_heros": "171|199|312|511", "camp": "1", "game_label": "120201", "game_time": "2020-07-15 20:40:28", "is_win": "1", "kill_cnt": "12", "pick_heros": "518|111|525|148|529", "team_id": "23", "team_name": "VG" },
    { "ban_heros": "149|132|153|523", "camp": "2", "game_label": "120201", "game_time": "2020-07-15 20:40:28", "is_win": "0", "kill_cnt": "2", "pick_heros": "139|191|502|105|157", "team_id": "78", "team_name": "GOG" },
    { "ban_heros": "511|171|509|518", "camp": "2", "game_label": "120201", "game_time": "2020-07-15 21:14:56", "is_win": "0", "kill_cnt": "4", "pick_heros": "163|186|132|123|119", "team_id": "23", "team_name": "VG" },
    { "ban_heros": "531|140|146|522", "camp": "1", "game_label": "120201", "game_time": "2020-07-15 21:14:56", "is_win": "1", "kill_cnt": "12", "pick_heros": "199|107|312|149|505", "team_id": "78", "team_name": "GOG" },
    { "ban_heros": "525|531|148|312", "camp": "2", "game_label": "120202", "game_time": "2020-07-15 22:15:33", "is_win": "0", "kill_cnt": "9", "pick_heros": "518|149|174|527|152", "team_id": "25", "team_name": "重庆QGhappy" },
    { "ban_heros": "191|199|153|156", "camp": "1", "game_label": "120202", "game_time": "2020-07-15 22:15:33", "is_win": "1", "kill_cnt": "17", "pick_heros": "132|162|509|139|124", "team_id": "52", "team_name": "西安WE" },
    { "ban_heros": "531|111|524|174", "camp": "1", "game_label": "120202", "game_time": "2020-07-15 22:58:29", "is_win": "0", "kill_cnt": "5", "pick_heros": "199|502|511|105|157", "team_id": "25", "team_name": "重庆QGhappy" },
    { "ban_heros": "525|191|118|509", "camp": "2", "game_label": "120202", "game_time": "2020-07-15 22:58:29", "is_win": "1", "kill_cnt": "18", "pick_heros": "140|171|148|107|169", "team_id": "52", "team_name": "西安WE" },
    { "ban_heros": "509|140|157|523", "camp": "1", "game_label": "120203", "game_time": "2020-07-16 17:36:59", "is_win": "1", "kill_cnt": "14", "pick_heros": "199|191|511|146|196", "team_id": "28", "team_name": "DYG" },
    { "ban_heros": "525|518|156|152", "camp": "2", "game_label": "120203", "game_time": "2020-07-16 17:36:59", "is_win": "0", "kill_cnt": "2", "pick_heros": "531|149|508|186|312", "team_id": "57", "team_name": "EMC" },
    { "ban_heros": "511|191|157|110", "camp": "2", "game_label": "120203", "game_time": "2020-07-16 18:06:55", "is_win": "1", "kill_cnt": "17", "pick_heros": "132|171|312|107|123", "team_id": "28", "team_name": "DYG" },
    { "ban_heros": "531|518|527|153", "camp": "1", "game_label": "120203", "game_time": "2020-07-16 18:06:55", "is_win": "0", "kill_cnt": "4", "pick_heros": "525|139|199|502|515", "team_id": "57", "team_name": "EMC" },
    { "ban_heros": "509|171|186|118", "camp": "1", "game_label": "120204", "game_time": "2020-07-16 18:58:27", "is_win": "1", "kill_cnt": "12", "pick_heros": "149|502|518|189|312", "team_id": "13", "team_name": "武汉eStarPro" },
    { "ban_heros": "525|191|123|157", "camp": "2", "game_label": "120204", "game_time": "2020-07-16 18:58:27", "is_win": "0", "kill_cnt": "7", "pick_heros": "511|162|199|194|124", "team_id": "52", "team_name": "西安WE" },
    { "ban_heros": "525|171|149|186", "camp": "2", "game_label": "120204", "game_time": "2020-07-16 19:36:06", "is_win": "1", "kill_cnt": "13", "pick_heros": "509|132|511|163|182", "team_id": "13", "team_name": "武汉eStarPro" },
    { "ban_heros": "191|118|148|124", "camp": "1", "game_label": "120204", "game_time": "2020-07-16 19:36:06", "is_win": "0", "kill_cnt": "5", "pick_heros": "140|156|531|105|174", "team_id": "52", "team_name": "西安WE" },
    { "ban_heros": "199|139|312|509", "camp": "2", "game_label": "120205", "game_time": "2020-07-16 20:37:36", "is_win": "1", "kill_cnt": "18", "pick_heros": "525|132|107|105|182", "team_id": "15", "team_name": "广州TTG.XQ" },
    { "ban_heros": "140|511|148|503", "camp": "1", "game_label": "120205", "game_time": "2020-07-16 20:37:36", "is_win": "0", "kill_cnt": "8", "pick_heros": "531|174|149|156|186", "team_id": "78", "team_name": "GOG" },
    { "ban_heros": "525|139|120|105", "camp": "1", "game_label": "120205", "game_time": "2020-07-16 21:13:52", "is_win": "1", "kill_cnt": "13", "pick_heros": "511|111|509|513|518", "team_id": "15", "team_name": "广州TTG.XQ" },
    { "ban_heros": "531|199|153|140", "camp": "2", "game_label": "120205", "game_time": "2020-07-16 21:13:52", "is_win": "0", "kill_cnt": "4", "pick_heros": "118|163|132|312|123", "team_id": "78", "team_name": "GOG" },
    { "ban_heros": "199|191|174|111", "camp": "1", "game_label": "120206", "game_time": "2020-07-17 17:15:51", "is_win": "0", "kill_cnt": "2", "pick_heros": "518|502|511|312|186", "team_id": "23", "team_name": "VG" },
    { "ban_heros": "132|525|118|156", "camp": "2", "game_label": "120206", "game_time": "2020-07-17 17:15:51", "is_win": "1", "kill_cnt": "7", "pick_heros": "531|149|123|524|110", "team_id": "28", "team_name": "DYG" },
    { "ban_heros": "511|518|312|196", "camp": "2", "game_label": "120206", "game_time": "2020-07-17 17:57:58", "is_win": "1", "kill_cnt": "15", "pick_heros": "140|525|111|107|523", "team_id": "23", "team_name": "VG" },
    { "ban_heros": "531|171|156|148", "camp": "1", "game_label": "120206", "game_time": "2020-07-17 17:57:58", "is_win": "0", "kill_cnt": "8", "pick_heros": "199|120|191|163|157", "team_id": "28", "team_name": "DYG" },
    { "ban_heros": "518|525|140|511", "camp": "1", "game_label": "120206", "game_time": "2020-07-17 18:47:08", "is_win": "1", "kill_cnt": "16", "pick_heros": "132|163|509|149|110", "team_id": "23", "team_name": "VG" },
    { "ban_heros": "531|199|146|157", "camp": "2", "game_label": "120206", "game_time": "2020-07-17 18:47:08", "is_win": "0", "kill_cnt": "8", "pick_heros": "171|111|312|139|107", "team_id": "28", "team_name": "DYG" },
    { "ban_heros": "511|139|153|107", "camp": "2", "game_label": "120207", "game_time": "2020-07-17 19:55:25", "is_win": "1", "kill_cnt": "21", "pick_heros": "531|518|148|120|125", "team_id": "15", "team_name": "广州TTG.XQ" },
    { "ban_heros": "132|199|118|149", "camp": "1", "game_label": "120207", "game_time": "2020-07-17 19:55:25", "is_win": "0", "kill_cnt": "8", "pick_heros": "525|156|174|123|502", "team_id": "57", "team_name": "EMC" },
    { "ban_heros": "191|118|312|509", "camp": "1", "game_label": "120207", "game_time": "2020-07-17 20:32:00", "is_win": "1", "kill_cnt": "18", "pick_heros": "511|525|163|508|157", "team_id": "15", "team_name": "广州TTG.XQ" },
    { "ban_heros": "132|199|111|146", "camp": "2", "game_label": "120207", "game_time": "2020-07-17 20:32:00", "is_win": "0", "kill_cnt": "6", "pick_heros": "107|133|120|186|152", "team_id": "57", "team_name": "EMC" },
    { "ban_heros": "199|111|509|171", "camp": "2", "game_label": "120208", "game_time": "2020-07-17 21:31:45", "is_win": "0", "kill_cnt": "2", "pick_heros": "525|511|163|173|182", "team_id": "13", "team_name": "武汉eStarPro" },
    { "ban_heros": "140|518|174|133", "camp": "1", "game_label": "120208", "game_time": "2020-07-17 21:31:45", "is_win": "1", "kill_cnt": "15", "pick_heros": "132|531|149|186|312", "team_id": "44", "team_name": "TS" },
    { "ban_heros": "511|525|120|105", "camp": "1", "game_label": "120208", "game_time": "2020-07-17 22:01:51", "is_win": "1", "kill_cnt": "19", "pick_heros": "518|149|195|194|312", "team_id": "13", "team_name": "武汉eStarPro" },
    { "ban_heros": "132|199|189|118", "camp": "2", "game_label": "120208", "game_time": "2020-07-17 22:01:51", "is_win": "0", "kill_cnt": "3", "pick_heros": "107|509|133|148|135", "team_id": "44", "team_name": "TS" },
    { "ban_heros": "511|525|523|157", "camp": "2", "game_label": "120208", "game_time": "2020-07-17 22:35:17", "is_win": "1", "kill_cnt": "17", "pick_heros": "139|191|502|123|118", "team_id": "13", "team_name": "武汉eStarPro" },
    { "ban_heros": "132|140|152|120", "camp": "1", "game_label": "120208", "game_time": "2020-07-17 22:35:17", "is_win": "0", "kill_cnt": "12", "pick_heros": "199|171|162|105|124", "team_id": "44", "team_name": "TS" },
    { "ban_heros": "525|132|312|153", "camp": "2", "game_label": "120209", "game_time": "2020-07-18 17:13:32", "is_win": "1", "kill_cnt": "17", "pick_heros": "531|149|148|509|508", "team_id": "23", "team_name": "VG" },
    { "ban_heros": "518|199|140|111", "camp": "1", "game_label": "120209", "game_time": "2020-07-18 17:13:32", "is_win": "0", "kill_cnt": "3", "pick_heros": "511|171|133|152|107", "team_id": "57", "team_name": "EMC" },
    { "ban_heros": "531|509|140|162", "camp": "1", "game_label": "120209", "game_time": "2020-07-18 17:47:46", "is_win": "1", "kill_cnt": "7", "pick_heros": "199|191|312|139|163", "team_id": "23", "team_name": "VG" },
    { "ban_heros": "518|511|527|153", "camp": "2", "game_label": "120209", "game_time": "2020-07-18 17:47:46", "is_win": "0", "kill_cnt": "8", "pick_heros": "111|186|523|502|123", "team_id": "57", "team_name": "EMC" },
    { "ban_heros": "525|191|502|163", "camp": "2", "game_label": "120210", "game_time": "2020-07-18 18:53:01", "is_win": "1", "kill_cnt": "22", "pick_heros": "511|199|162|157|171", "team_id": "44", "team_name": "TS" },
    { "ban_heros": "531|509|148|152", "camp": "1", "game_label": "120210", "game_time": "2020-07-18 18:53:01", "is_win": "0", "kill_cnt": "5", "pick_heros": "118|518|123|195|312", "team_id": "69", "team_name": "ROX" },
    { "ban_heros": "511|199|157|192", "camp": "1", "game_label": "120210", "game_time": "2020-07-18 19:28:15", "is_win": "1", "kill_cnt": "17", "pick_heros": "132|107|509|312|149", "team_id": "44", "team_name": "TS" },
    { "ban_heros": "531|525|135|120", "camp": "2", "game_label": "120210", "game_time": "2020-07-18 19:28:15", "is_win": "0", "kill_cnt": "5", "pick_heros": "163|140|171|148|524", "team_id": "69", "team_name": "ROX" },
    { "ban_heros": "525|199|171|163", "camp": "2", "game_label": "120211", "game_time": "2020-07-18 20:27:02", "is_win": "0", "kill_cnt": "8", "pick_heros": "531|149|312|186|169", "team_id": "12", "team_name": "成都AG超玩会" },
    { "ban_heros": "118|511|139|508", "camp": "1", "game_label": "120211", "game_time": "2020-07-18 20:27:02", "is_win": "1", "kill_cnt": "16", "pick_heros": "132|156|518|168|107", "team_id": "25", "team_name": "重庆QGhappy" },
    { "ban_heros": "531|525|169|174", "camp": "1", "game_label": "120211", "game_time": "2020-07-18 21:08:10", "is_win": "0", "kill_cnt": "0", "pick_heros": "199|140|124|107|184", "team_id": "12", "team_name": "成都AG超玩会" },
    { "ban_heros": "118|511|509|105", "camp": "2", "game_label": "120211", "game_time": "2020-07-18 21:08:10", "is_win": "1", "kill_cnt": "13", "pick_heros": "171|153|312|522|111", "team_id": "25", "team_name": "重庆QGhappy" },
    { "ban_heros": "525|191|511|123", "camp": "2", "game_label": "120212", "game_time": "2020-07-19 17:14:11", "is_win": "1", "kill_cnt": "19", "pick_heros": "171|199|139|162|148", "team_id": "52", "team_name": "西安WE" },
    { "ban_heros": "509|132|163|107", "camp": "1", "game_label": "120212", "game_time": "2020-07-19 17:14:11", "is_win": "0", "kill_cnt": "3", "pick_heros": "531|118|518|157|120", "team_id": "69", "team_name": "ROX" },
    { "ban_heros": "191|199|522|156", "camp": "1", "game_label": "120212", "game_time": "2020-07-19 17:44:27", "is_win": "1", "kill_cnt": "17", "pick_heros": "525|502|140|177|312", "team_id": "52", "team_name": "西安WE" },
    { "ban_heros": "531|518|174|192", "camp": "2", "game_label": "120212", "game_time": "2020-07-19 17:44:27", "is_win": "0", "kill_cnt": "7", "pick_heros": "132|163|509|511|515", "team_id": "69", "team_name": "ROX" },
    { "ban_heros": "111|199|153|518", "camp": "1", "game_label": "120213", "game_time": "2020-07-19 18:41:01", "is_win": "1", "kill_cnt": "11", "pick_heros": "132|105|509|110|502", "team_id": "78", "team_name": "GOG" },
    { "ban_heros": "531|191|107|163", "camp": "2", "game_label": "120213", "game_time": "2020-07-19 18:41:01", "is_win": "0", "kill_cnt": "9", "pick_heros": "525|511|524|162|312", "team_id": "88", "team_name": "MTG" },
    { "ban_heros": "518|140|503|139", "camp": "2", "game_label": "120213", "game_time": "2020-07-19 19:25:14", "is_win": "0", "kill_cnt": "1", "pick_heros": "199|149|107|171|312", "team_id": "78", "team_name": "GOG" },
    { "ban_heros": "525|191|511|156", "camp": "1", "game_label": "120213", "game_time": "2020-07-19 19:25:14", "is_win": "1", "kill_cnt": "8", "pick_heros": "531|509|111|123|148", "team_id": "88", "team_name": "MTG" },
    { "ban_heros": "132|518|171|186", "camp": "1", "game_label": "120213", "game_time": "2020-07-19 19:56:55", "is_win": "0", "kill_cnt": "11", "pick_heros": "511|162|525|524|156", "team_id": "78", "team_name": "GOG" },
    { "ban_heros": "531|191|111|133", "camp": "2", "game_label": "120213", "game_time": "2020-07-19 19:56:55", "is_win": "1", "kill_cnt": "15", "pick_heros": "199|163|503|105|515", "team_id": "88", "team_name": "MTG" },
    { "ban_heros": "111|169|153|163", "camp": "1", "game_label": "120214", "game_time": "2020-07-19 21:01:56", "is_win": "0", "kill_cnt": "14", "pick_heros": "199|107|120|171|152", "team_id": "13", "team_name": "武汉eStarPro" },
    { "ban_heros": "118|511|312|191", "camp": "2", "game_label": "120214", "game_time": "2020-07-19 21:01:56", "is_win": "1", "kill_cnt": "18", "pick_heros": "525|156|132|162|123", "team_id": "25", "team_name": "重庆QGhappy" },
    { "ban_heros": "199|111|312|124", "camp": "2", "game_label": "120214", "game_time": "2020-07-19 21:52:01", "is_win": "0", "kill_cnt": "10", "pick_heros": "531|149|509|508|148", "team_id": "13", "team_name": "武汉eStarPro" },
    { "ban_heros": "511|139|523|182", "camp": "1", "game_label": "120214", "game_time": "2020-07-19 21:52:01", "is_win": "1", "kill_cnt": "14", "pick_heros": "518|171|174|107|152", "team_id": "25", "team_name": "重庆QGhappy" },
    { "ban_heros": "531|191|156|162", "camp": "2", "game_label": "120215", "game_time": "2020-07-22 17:12:17", "is_win": "0", "kill_cnt": "1", "pick_heros": "511|199|509|107|312", "team_id": "57", "team_name": "EMC" },
    { "ban_heros": "140|518|110|513", "camp": "1", "game_label": "120215", "game_time": "2020-07-22 17:12:17", "is_win": "1", "kill_cnt": "11", "pick_heros": "525|123|133|163|148", "team_id": "78", "team_name": "GOG" },
    { "ban_heros": "199|531|107|162", "camp": "1", "game_label": "120215", "game_time": "2020-07-22 17:47:42", "is_win": "0", "kill_cnt": "3", "pick_heros": "149|163|186|174|152", "team_id": "57", "team_name": "EMC" },
    { "ban_heros": "525|132|508|524", "camp": "2", "game_label": "120215", "game_time": "2020-07-22 17:47:42", "is_win": "1", "kill_cnt": "8", "pick_heros": "111|511|509|502|110", "team_id": "78", "team_name": "GOG" },
    { "ban_heros": "118|199|153|523", "camp": "1", "game_label": "120216", "game_time": "2020-07-22 18:42:26", "is_win": "1", "kill_cnt": "14", "pick_heros": "132|107|312|168|123", "team_id": "25", "team_name": "重庆QGhappy" },
    { "ban_heros": "525|531|171|186", "camp": "2", "game_label": "120216", "game_time": "2020-07-22 18:42:26", "is_win": "0", "kill_cnt": "10", "pick_heros": "518|509|174|163|124", "team_id": "69", "team_name": "ROX" },
    { "ban_heros": "525|191|511|118", "camp": "2", "game_label": "120216", "game_time": "2020-07-22 19:21:58", "is_win": "1", "kill_cnt": "15", "pick_heros": "140|171|111|156|531", "team_id": "25", "team_name": "重庆QGhappy" },
    { "ban_heros": "518|509|153|163", "camp": "1", "game_label": "120216", "game_time": "2020-07-22 19:21:58", "is_win": "0", "kill_cnt": "7", "pick_heros": "199|162|105|148|522", "team_id": "69", "team_name": "ROX" },
    { "ban_heros": "509|171|148|194", "camp": "1", "game_label": "120217", "game_time": "2020-07-22 20:27:17", "is_win": "1", "kill_cnt": "18", "pick_heros": "149|162|312|518|118", "team_id": "44", "team_name": "TS" },
    { "ban_heros": "525|199|186|174", "camp": "2", "game_label": "120217", "game_time": "2020-07-22 20:27:17", "is_win": "0", "kill_cnt": "5", "pick_heros": "132|531|140|168|156", "team_id": "52", "team_name": "西安WE" },
    { "ban_heros": "525|199|111|162", "camp": "2", "game_label": "120217", "game_time": "2020-07-22 21:13:43", "is_win": "1", "kill_cnt": "16", "pick_heros": "105|132|171|107|148", "team_id": "44", "team_name": "TS" },
    { "ban_heros": "531|511|156|157", "camp": "1", "game_label": "120217", "game_time": "2020-07-22 21:13:43", "is_win": "0", "kill_cnt": "4", "pick_heros": "509|312|518|163|174", "team_id": "52", "team_name": "西安WE" },
    { "ban_heros": "525|531|163|110", "camp": "1", "game_label": "120218", "game_time": "2020-07-23 17:13:52", "is_win": "0", "kill_cnt": "9", "pick_heros": "199|511|171|182|153", "team_id": "57", "team_name": "EMC" },
    { "ban_heros": "191|509|513|312", "camp": "2", "game_label": "120218", "game_time": "2020-07-23 17:13:52", "is_win": "1", "kill_cnt": "11", "pick_heros": "186|111|123|162|156", "team_id": "88", "team_name": "MTG" },
    { "ban_heros": "199|132|312|511", "camp": "2", "game_label": "120218", "game_time": "2020-07-23 17:51:05", "is_win": "0", "kill_cnt": "18", "pick_heros": "105|525|111|529|515", "team_id": "57", "team_name": "EMC" },
    { "ban_heros": "509|191|148|156", "camp": "1", "game_label": "120218", "game_time": "2020-07-23 17:51:05", "is_win": "1", "kill_cnt": "18", "pick_heros": "531|133|171|157|503", "team_id": "88", "team_name": "MTG" },
    { "ban_heros": "525|199|157|107", "camp": "2", "game_label": "120219", "game_time": "2020-07-23 18:52:47", "is_win": "1", "kill_cnt": "10", "pick_heros": "531|111|186|120|148", "team_id": "12", "team_name": "成都AG超玩会" },
    { "ban_heros": "509|140|511|149", "camp": "1", "game_label": "120219", "game_time": "2020-07-23 18:52:47", "is_win": "0", "kill_cnt": "5", "pick_heros": "132|171|518|523|163", "team_id": "69", "team_name": "ROX" },
    { "ban_heros": "531|509|157|148", "camp": "1", "game_label": "120219", "game_time": "2020-07-23 19:26:05", "is_win": "1", "kill_cnt": "13", "pick_heros": "511|132|171|124|107", "team_id": "12", "team_name": "成都AG超玩会" },
    { "ban_heros": "525|199|312|163", "camp": "2", "game_label": "120219", "game_time": "2020-07-23 19:26:05", "is_win": "0", "kill_cnt": "1", "pick_heros": "502|140|186|174|110", "team_id": "69", "team_name": "ROX" },
    { "ban_heros": "525|531|156|157", "camp": "2", "game_label": "120220", "game_time": "2020-07-23 20:24:16", "is_win": "1", "kill_cnt": "13", "pick_heros": "199|509|312|502|140", "team_id": "28", "team_name": "DYG" },
    { "ban_heros": "518|191|153|107", "camp": "1", "game_label": "120220", "game_time": "2020-07-23 20:24:16", "is_win": "0", "kill_cnt": "4", "pick_heros": "511|118|163|133|152", "team_id": "78", "team_name": "GOG" },
    { "ban_heros": "509|199|156|171", "camp": "1", "game_label": "120220", "game_time": "2020-07-23 21:00:36", "is_win": "1", "kill_cnt": "12", "pick_heros": "525|196|146|163|524", "team_id": "28", "team_name": "DYG" },
    { "ban_heros": "511|518|174|111", "camp": "2", "game_label": "120220", "game_time": "2020-07-23 21:00:36", "is_win": "0", "kill_cnt": "6", "pick_heros": "531|132|149|312|105", "team_id": "78", "team_name": "GOG" },
    { "ban_heros": "509|140|312|518", "camp": "1", "game_label": "120221", "game_time": "2020-07-24 17:12:58", "is_win": "1", "kill_cnt": "13", "pick_heros": "525|196|511|173|121", "team_id": "28", "team_name": "DYG" },
    { "ban_heros": "149|199|146|139", "camp": "2", "game_label": "120221", "game_time": "2020-07-24 17:12:58", "is_win": "0", "kill_cnt": "7", "pick_heros": "153|132|105|527|515", "team_id": "88", "team_name": "MTG" },
    { "ban_heros": "525|511|140|518", "camp": "2", "game_label": "120221", "game_time": "2020-07-24 17:46:02", "is_win": "0", "kill_cnt": "18", "pick_heros": "123|509|110|502|174", "team_id": "28", "team_name": "DYG" },
    { "ban_heros": "132|531|111|524", "camp": "1", "game_label": "120221", "game_time": "2020-07-24 17:46:02", "is_win": "1", "kill_cnt": "15", "pick_heros": "199|312|186|107|522", "team_id": "88", "team_name": "MTG" },
    { "ban_heros": "509|525|123|511", "camp": "1", "game_label": "120221", "game_time": "2020-07-24 18:19:31", "is_win": "1", "kill_cnt": "16", "pick_heros": "518|171|111|157|107", "team_id": "28", "team_name": "DYG" },
    { "ban_heros": "531|199|156|312", "camp": "2", "game_label": "120221", "game_time": "2020-07-24 18:19:31", "is_win": "0", "kill_cnt": "8", "pick_heros": "139|191|502|182|173", "team_id": "88", "team_name": "MTG" },
    { "ban_heros": "525|518|312|140", "camp": "2", "game_label": "120222", "game_time": "2020-07-24 19:16:46", "is_win": "1", "kill_cnt": "19", "pick_heros": "199|511|107|186|182", "team_id": "13", "team_name": "武汉eStarPro" },
    { "ban_heros": "509|191|171|168", "camp": "1", "game_label": "120222", "game_time": "2020-07-24 19:16:46", "is_win": "0", "kill_cnt": "6", "pick_heros": "118|123|502|152|522", "team_id": "69", "team_name": "ROX" },
    { "ban_heros": "518|140|186|184", "camp": "1", "game_label": "120222", "game_time": "2020-07-24 19:50:33", "is_win": "1", "kill_cnt": "15", "pick_heros": "171|149|502|111|523", "team_id": "13", "team_name": "武汉eStarPro" },
    { "ban_heros": "509|525|156|312", "camp": "2", "game_label": "120222", "game_time": "2020-07-24 19:50:33", "is_win": "0", "kill_cnt": "7", "pick_heros": "531|132|120|194|182", "team_id": "69", "team_name": "ROX" },
    { "ban_heros": "199|139|312|132", "camp": "2", "game_label": "120223", "game_time": "2020-07-24 20:52:18", "is_win": "0", "kill_cnt": "6", "pick_heros": "525|107|148|511|133", "team_id": "15", "team_name": "广州TTG.XQ" },
    { "ban_heros": "509|531|111|174", "camp": "1", "game_label": "120223", "game_time": "2020-07-24 20:52:18", "is_win": "1", "kill_cnt": "10", "pick_heros": "518|118|163|157|105", "team_id": "23", "team_name": "VG" },
    { "ban_heros": "525|199|107|162", "camp": "1", "game_label": "120223", "game_time": "2020-07-24 21:30:04", "is_win": "0", "kill_cnt": "5", "pick_heros": "531|111|171|152|139", "team_id": "15", "team_name": "广州TTG.XQ" },
    { "ban_heros": "518|509|312|523", "camp": "2", "game_label": "120223", "game_time": "2020-07-24 21:30:04", "is_win": "1", "kill_cnt": "12", "pick_heros": "149|132|140|502|148", "team_id": "23", "team_name": "VG" },
    { "ban_heros": "531|199|515|110", "camp": "1", "game_label": "120224", "game_time": "2020-07-25 17:11:09", "is_win": "0", "kill_cnt": "5", "pick_heros": "132|312|511|171|502", "team_id": "23", "team_name": "VG" },
    { "ban_heros": "518|509|522|162", "camp": "2", "game_label": "120224", "game_time": "2020-07-25 17:11:09", "is_win": "1", "kill_cnt": "9", "pick_heros": "140|525|111|105|157", "team_id": "88", "team_name": "MTG" },
    { "ban_heros": "511|171|156|312", "camp": "2", "game_label": "120224", "game_time": "2020-07-25 17:50:21", "is_win": "1", "kill_cnt": "12", "pick_heros": "199|191|146|130|152", "team_id": "23", "team_name": "VG" },
    { "ban_heros": "509|531|105|153", "camp": "1", "game_label": "120224", "game_time": "2020-07-25 17:50:21", "is_win": "0", "kill_cnt": "16", "pick_heros": "518|118|163|123|515", "team_id": "88", "team_name": "MTG" },
    { "ban_heros": "199|132|312|162", "camp": "1", "game_label": "120224", "game_time": "2020-07-25 18:33:23", "is_win": "0", "kill_cnt": "9", "pick_heros": "531|525|120|174|148", "team_id": "23", "team_name": "VG" },
    { "ban_heros": "518|140|111|524", "camp": "2", "game_label": "120224", "game_time": "2020-07-25 18:33:23", "is_win": "1", "kill_cnt": "14", "pick_heros": "149|509|133|110|153", "team_id": "88", "team_name": "MTG" },
    { "ban_heros": "191|196|157|518", "camp": "2", "game_label": "120225", "game_time": "2020-07-25 19:36:29", "is_win": "0", "kill_cnt": "9", "pick_heros": "531|149|148|132|105", "team_id": "15", "team_name": "广州TTG.XQ" },
    { "ban_heros": "509|140|171|125", "camp": "1", "game_label": "120225", "game_time": "2020-07-25 19:36:29", "is_win": "1", "kill_cnt": "16", "pick_heros": "199|511|525|121|312", "team_id": "28", "team_name": "DYG" },
    { "ban_heros": "196|531|152|124", "camp": "1", "game_label": "120225", "game_time": "2020-07-25 20:18:33", "is_win": "1", "kill_cnt": "16", "pick_heros": "518|524|107|186|312", "team_id": "15", "team_name": "广州TTG.XQ" },
    { "ban_heros": "525|199|523|171", "camp": "2", "game_label": "120225", "game_time": "2020-07-25 20:18:33", "is_win": "0", "kill_cnt": "2", "pick_heros": "132|509|139|502|110", "team_id": "28", "team_name": "DYG" },
    { "ban_heros": "196|518|149|156", "camp": "2", "game_label": "120225", "game_time": "2020-07-25 20:59:44", "is_win": "1", "kill_cnt": "15", "pick_heros": "140|199|162|194|513", "team_id": "15", "team_name": "广州TTG.XQ" },
    { "ban_heros": "509|525|184|157", "camp": "1", "game_label": "120225", "game_time": "2020-07-25 20:59:44", "is_win": "0", "kill_cnt": "5", "pick_heros": "171|111|531|152|522", "team_id": "28", "team_name": "DYG" },
    { "ban_heros": "509|140|132|169", "camp": "1", "game_label": "120226", "game_time": "2020-07-25 22:13:39", "is_win": "1", "kill_cnt": "7", "pick_heros": "199|186|511|523|518", "team_id": "12", "team_name": "成都AG超玩会" },
    { "ban_heros": "525|118|515|157", "camp": "2", "game_label": "120226", "game_time": "2020-07-25 22:13:39", "is_win": "0", "kill_cnt": "3", "pick_heros": "171|502|312|111|503", "team_id": "52", "team_name": "西安WE" },
    { "ban_heros": "509|525|148|186", "camp": "2", "game_label": "120226", "game_time": "2020-07-25 22:46:08", "is_win": "1", "kill_cnt": "20", "pick_heros": "111|149|531|139|157", "team_id": "12", "team_name": "成都AG超玩会" },
    { "ban_heros": "118|171|184|312", "camp": "1", "game_label": "120226", "game_time": "2020-07-25 22:46:08", "is_win": "0", "kill_cnt": "15", "pick_heros": "132|107|140|105|523", "team_id": "52", "team_name": "西安WE" },
    { "ban_heros": "518|199|515|148", "camp": "2", "game_label": "120227", "game_time": "2020-07-26 17:15:57", "is_win": "0", "kill_cnt": "7", "pick_heros": "149|132|162|157|171", "team_id": "15", "team_name": "广州TTG.XQ" },
    { "ban_heros": "509|525|312|194", "camp": "1", "game_label": "120227", "game_time": "2020-07-26 17:15:57", "is_win": "1", "kill_cnt": "13", "pick_heros": "531|186|111|140|156", "team_id": "88", "team_name": "MTG" },
    { "ban_heros": "132|199|157|162", "camp": "1", "game_label": "120227", "game_time": "2020-07-26 17:54:55", "is_win": "0", "kill_cnt": "17", "pick_heros": "518|524|107|523|194", "team_id": "15", "team_name": "广州TTG.XQ" },
    { "ban_heros": "525|531|186|118", "camp": "2", "game_label": "120227", "game_time": "2020-07-26 17:54:55", "is_win": "1", "kill_cnt": "24", "pick_heros": "509|511|173|124|146", "team_id": "88", "team_name": "MTG" },
    { "ban_heros": "511|191|171|509", "camp": "2", "game_label": "120228", "game_time": "2020-07-26 19:04:27", "is_win": "1", "kill_cnt": "10", "pick_heros": "525|156|174|140|163", "team_id": "25", "team_name": "重庆QGhappy" },
    { "ban_heros": "132|111|107|531", "camp": "1", "game_label": "120228", "game_time": "2020-07-26 19:04:27", "is_win": "0", "kill_cnt": "8", "pick_heros": "199|153|312|194|135", "team_id": "44", "team_name": "TS" },
    { "ban_heros": "525|531|162|148", "camp": "1", "game_label": "120228", "game_time": "2020-07-26 19:51:53", "is_win": "0", "kill_cnt": "6", "pick_heros": "132|312|107|522|168", "team_id": "25", "team_name": "重庆QGhappy" },
    { "ban_heros": "199|518|171|509", "camp": "2", "game_label": "120228", "game_time": "2020-07-26 19:51:53", "is_win": "1", "kill_cnt": "10", "pick_heros": "149|186|177|195|157", "team_id": "44", "team_name": "TS" },
    { "ban_heros": "525|511|120|156", "camp": "2", "game_label": "120228", "game_time": "2020-07-26 20:32:07", "is_win": "0", "kill_cnt": "4", "pick_heros": "139|191|124|195|527", "team_id": "25", "team_name": "重庆QGhappy" },
    { "ban_heros": "199|111|153|531", "camp": "1", "game_label": "120228", "game_time": "2020-07-26 20:32:07", "is_win": "1", "kill_cnt": "15", "pick_heros": "518|509|502|118|140", "team_id": "44", "team_name": "TS" },
    { "ban_heros": "518|525|502|195", "camp": "2", "game_label": "120229", "game_time": "2020-07-26 21:34:09", "is_win": "1", "kill_cnt": "14", "pick_heros": "199|191|163|503|152", "team_id": "12", "team_name": "成都AG超玩会" },
    { "ban_heros": "118|186|515|139", "camp": "1", "game_label": "120229", "game_time": "2020-07-26 21:34:09", "is_win": "0", "kill_cnt": "3", "pick_heros": "511|312|140|111|171", "team_id": "13", "team_name": "武汉eStarPro" },
    { "ban_heros": "509|525|191|123", "camp": "1", "game_label": "120229", "game_time": "2020-07-26 22:04:39", "is_win": "1", "kill_cnt": "16", "pick_heros": "518|111|105|186|156", "team_id": "12", "team_name": "成都AG超玩会" },
    { "ban_heros": "511|132|523|149", "camp": "2", "game_label": "120229", "game_time": "2020-07-26 22:04:39", "is_win": "0", "kill_cnt": "3", "pick_heros": "502|118|139|503|196", "team_id": "13", "team_name": "武汉eStarPro" },
    { "ban_heros": "518|525|121|146", "camp": "2", "game_label": "120230", "game_time": "2020-07-30 18:16:08", "is_win": "1", "kill_cnt": "21", "pick_heros": "163|511|118|524|523", "team_id": "12", "team_name": "成都AG超玩会" },
    { "ban_heros": "199|531|140|312", "camp": "1", "game_label": "120230", "game_time": "2020-07-30 18:16:08", "is_win": "0", "kill_cnt": "11", "pick_heros": "132|509|107|139|124", "team_id": "23", "team_name": "VG" },
    { "ban_heros": "511|518|148|163", "camp": "1", "game_label": "120230", "game_time": "2020-07-30 19:00:20", "is_win": "1", "kill_cnt": "21", "pick_heros": "199|107|168|513|503", "team_id": "12", "team_name": "成都AG超玩会" },
    { "ban_heros": "525|509|105|157", "camp": "2", "game_label": "120230", "game_time": "2020-07-30 19:00:20", "is_win": "0", "kill_cnt": "19", "pick_heros": "171|140|111|312|153", "team_id": "23", "team_name": "VG" },
    { "ban_heros": "518|199|146|110", "camp": "2", "game_label": "120230", "game_time": "2020-07-30 19:49:25", "is_win": "1", "kill_cnt": "8", "pick_heros": "132|149|531|148|105", "team_id": "12", "team_name": "成都AG超玩会" },
    { "ban_heros": "140|111|312|157", "camp": "1", "game_label": "120230", "game_time": "2020-07-30 19:49:25", "is_win": "0", "kill_cnt": "1", "pick_heros": "525|174|163|182|120", "team_id": "23", "team_name": "VG" },
    { "ban_heros": "511|518|508|146", "camp": "1", "game_label": "120230", "game_time": "2020-07-30 20:25:33", "is_win": "0", "kill_cnt": "8", "pick_heros": "186|174|156|128|130", "team_id": "12", "team_name": "成都AG超玩会" },
    { "ban_heros": "111|140|153|120", "camp": "2", "game_label": "120230", "game_time": "2020-07-30 20:25:33", "is_win": "1", "kill_cnt": "14", "pick_heros": "531|149|148|168|196", "team_id": "23", "team_name": "VG" },
    { "ban_heros": "118|199|194|189", "camp": "2", "game_label": "120230", "game_time": "2020-07-30 21:06:57", "is_win": "0", "kill_cnt": "3", "pick_heros": "162|525|123|124|508", "team_id": "12", "team_name": "成都AG超玩会" },
    { "ban_heros": "111|140|139|157", "camp": "1", "game_label": "120230", "game_time": "2020-07-30 21:06:57", "is_win": "1", "kill_cnt": "14", "pick_heros": "502|518|105|176|186", "team_id": "23", "team_name": "VG" },
    { "ban_heros": "511|199|523|146", "camp": "1", "game_label": "120230", "game_time": "2020-07-30 21:37:54", "is_win": "0", "kill_cnt": "19", "pick_heros": "509|120|173|182|153", "team_id": "12", "team_name": "成都AG超玩会" },
    { "ban_heros": "111|502|312|157", "camp": "2", "game_label": "120230", "game_time": "2020-07-30 21:37:54", "is_win": "1", "kill_cnt": "15", "pick_heros": "529|194|133|110|121", "team_id": "23", "team_name": "VG" },
    { "ban_heros": "0", "camp": "2", "game_label": "120230", "game_time": "2020-07-30 22:22:16", "is_win": "1", "kill_cnt": "16", "pick_heros": "", "team_id": "12", "team_name": "成都AG超玩会" },
    { "ban_heros": "0", "camp": "1", "game_label": "120230", "game_time": "2020-07-30 22:22:16", "is_win": "0", "kill_cnt": "13", "pick_heros": "", "team_id": "23", "team_name": "VG" },
    { "ban_heros": "199|531|162|157", "camp": "2", "game_label": "120231", "game_time": "2020-07-31 18:15:21", "is_win": "1", "kill_cnt": "8", "pick_heros": "525|107|111|149|156", "team_id": "15", "team_name": "广州TTG.XQ" },
    { "ban_heros": "509|518|148|523", "camp": "1", "game_label": "120231", "game_time": "2020-07-31 18:15:21", "is_win": "0", "kill_cnt": "7", "pick_heros": "132|171|105|110|153", "team_id": "44", "team_name": "TS" },
    { "ban_heros": "525|107|124|152", "camp": "1", "game_label": "120231", "game_time": "2020-07-31 18:52:52", "is_win": "1", "kill_cnt": "27", "pick_heros": "511|509|524|148|162", "team_id": "15", "team_name": "广州TTG.XQ" },
    { "ban_heros": "518|132|153|157", "camp": "2", "game_label": "120231", "game_time": "2020-07-31 18:52:52", "is_win": "0", "kill_cnt": "21", "pick_heros": "191|199|120|312|531", "team_id": "44", "team_name": "TS" },
    { "ban_heros": "525|511|135|148", "camp": "2", "game_label": "120231", "game_time": "2020-07-31 19:53:32", "is_win": "0", "kill_cnt": "9", "pick_heros": "163|139|523|123|186", "team_id": "15", "team_name": "广州TTG.XQ" },
    { "ban_heros": "132|199|191|192", "camp": "1", "game_label": "120231", "game_time": "2020-07-31 19:53:32", "is_win": "1", "kill_cnt": "16", "pick_heros": "518|502|509|149|157", "team_id": "44", "team_name": "TS" },
    { "ban_heros": "525|511|156|174", "camp": "1", "game_label": "120231", "game_time": "2020-07-31 20:36:28", "is_win": "0", "kill_cnt": "9", "pick_heros": "140|531|312|168|199", "team_id": "15", "team_name": "广州TTG.XQ" },
    { "ban_heros": "518|132|196|118", "camp": "2", "game_label": "120231", "game_time": "2020-07-31 20:36:28", "is_win": "1", "kill_cnt": "11", "pick_heros": "186|107|135|176|111", "team_id": "44", "team_name": "TS" },
    { "ban_heros": "525|511|156|177", "camp": "2", "game_label": "120231", "game_time": "2020-07-31 21:26:27", "is_win": "1", "kill_cnt": "16", "pick_heros": "503|153|146|173|189", "team_id": "15", "team_name": "广州TTG.XQ" },
    { "ban_heros": "132|518|196|171", "camp": "1", "game_label": "120231", "game_time": "2020-07-31 21:26:27", "is_win": "0", "kill_cnt": "12", "pick_heros": "118|163|123|139|141", "team_id": "44", "team_name": "TS" },
    { "ban_heros": "132|518|171|118", "camp": "2", "game_label": "120231", "game_time": "2020-07-31 21:59:43", "is_win": "1", "kill_cnt": "8", "pick_heros": "156|140|195|114|173", "team_id": "44", "team_name": "TS" },
    { "ban_heros": "525|511|524|184", "camp": "1", "game_label": "120231", "game_time": "2020-07-31 21:59:44", "is_win": "0", "kill_cnt": "3", "pick_heros": "196|105|157|194|529", "team_id": "15", "team_name": "广州TTG.XQ" },
    { "ban_heros": "0", "camp": "2", "game_label": "120231", "game_time": "2020-07-31 22:36:29", "is_win": "0", "kill_cnt": "6", "pick_heros": "", "team_id": "15", "team_name": "广州TTG.XQ" },
    { "ban_heros": "0", "camp": "1", "game_label": "120231", "game_time": "2020-07-31 22:36:29", "is_win": "1", "kill_cnt": "12", "pick_heros": "", "team_id": "44", "team_name": "TS" },
    { "ban_heros": "525|191|312|171", "camp": "2", "game_label": "120232", "game_time": "2020-08-01 18:13:35", "is_win": "0", "kill_cnt": "8", "pick_heros": "511|186|156|174|502", "team_id": "25", "team_name": "重庆QGhappy" },
    { "ban_heros": "509|140|111|169", "camp": "1", "game_label": "120232", "game_time": "2020-08-01 18:13:35", "is_win": "1", "kill_cnt": "17", "pick_heros": "199|163|121|168|196", "team_id": "28", "team_name": "DYG" },
    { "ban_heros": "511|191|518|149", "camp": "1", "game_label": "120232", "game_time": "2020-08-01 18:55:01", "is_win": "1", "kill_cnt": "19", "pick_heros": "132|153|140|105|523", "team_id": "25", "team_name": "重庆QGhappy" },
    { "ban_heros": "525|199|515|110", "camp": "2", "game_label": "120232", "game_time": "2020-08-01 18:55:01", "is_win": "0", "kill_cnt": "7", "pick_heros": "524|171|157|107|144", "team_id": "28", "team_name": "DYG" },
    { "ban_heros": "191|525|156|523", "camp": "2", "game_label": "120232", "game_time": "2020-08-01 19:42:03", "is_win": "0", "kill_cnt": "8", "pick_heros": "111|171|146|163|148", "team_id": "25", "team_name": "重庆QGhappy" },
    { "ban_heros": "199|509|139|123", "camp": "1", "game_label": "120232", "game_time": "2020-08-01 19:42:03", "is_win": "1", "kill_cnt": "10", "pick_heros": "511|118|518|502|515", "team_id": "28", "team_name": "DYG" },
    { "ban_heros": "140|509|152|182", "camp": "1", "game_label": "120232", "game_time": "2020-08-01 20:28:25", "is_win": "1", "kill_cnt": "23", "pick_heros": "139|162|124|173|189", "team_id": "25", "team_name": "重庆QGhappy" },
    { "ban_heros": "525|199|113|518", "camp": "2", "game_label": "120232", "game_time": "2020-08-01 20:28:25", "is_win": "0", "kill_cnt": "10", "pick_heros": "132|191|120|195|125", "team_id": "28", "team_name": "DYG" },
    { "ban_heros": "525|146|182|513", "camp": "2", "game_label": "120232", "game_time": "2020-08-01 21:13:33", "is_win": "0", "kill_cnt": "7", "pick_heros": "531|149|192|110|507", "team_id": "25", "team_name": "重庆QGhappy" },
    { "ban_heros": "199|524|312|518", "camp": "1", "game_label": "120232", "game_time": "2020-08-01 21:13:33", "is_win": "1", "kill_cnt": "16", "pick_heros": "509|174|529|140|179", "team_id": "28", "team_name": "DYG" },
    { "ban_heros": "146|139|523|152", "camp": "1", "game_label": "120232", "game_time": "2020-08-01 21:58:46", "is_win": "1", "kill_cnt": "13", "pick_heros": "312|518|509|169|195", "team_id": "25", "team_name": "重庆QGhappy" },
    { "ban_heros": "199|525|107|196", "camp": "2", "game_label": "120232", "game_time": "2020-08-01 21:58:46", "is_win": "0", "kill_cnt": "10", "pick_heros": "149|531|123|156|173", "team_id": "28", "team_name": "DYG" },
    { "ban_heros": "0", "camp": "2", "game_label": "120232", "game_time": "2020-08-01 22:34:40", "is_win": "0", "kill_cnt": "2", "pick_heros": "", "team_id": "25", "team_name": "重庆QGhappy" },
    { "ban_heros": "0", "camp": "1", "game_label": "120232", "game_time": "2020-08-01 22:34:40", "is_win": "1", "kill_cnt": "14", "pick_heros": "", "team_id": "28", "team_name": "DYG" },
    { "ban_heros": "503|522|312|121", "camp": "2", "game_label": "120233", "game_time": "2020-08-02 18:14:25", "is_win": "0", "kill_cnt": "8", "pick_heros": "111|123|186|153|523", "team_id": "13", "team_name": "武汉eStarPro" },
    { "ban_heros": "140|518|163|107", "camp": "1", "game_label": "120233", "game_time": "2020-08-02 18:14:25", "is_win": "1", "kill_cnt": "15", "pick_heros": "511|199|171|146|196", "team_id": "88", "team_name": "MTG" },
    { "ban_heros": "111|525|186|148", "camp": "1", "game_label": "120233", "game_time": "2020-08-02 18:53:06", "is_win": "0", "kill_cnt": "21", "pick_heros": "132|149|163|194|312", "team_id": "13", "team_name": "武汉eStarPro" },
    { "ban_heros": "511|518|157|515", "camp": "2", "game_label": "120233", "game_time": "2020-08-02 18:53:06", "is_win": "1", "kill_cnt": "23", "pick_heros": "140|107|173|509|110", "team_id": "88", "team_name": "MTG" },
    { "ban_heros": "111|525|523|149", "camp": "2", "game_label": "120233", "game_time": "2020-08-02 19:38:47", "is_win": "0", "kill_cnt": "5", "pick_heros": "139|191|502|135|110", "team_id": "13", "team_name": "武汉eStarPro" },
    { "ban_heros": "140|518|124|105", "camp": "1", "game_label": "120233", "game_time": "2020-08-02 19:38:47", "is_win": "1", "kill_cnt": "7", "pick_heros": "531|133|186|148|503", "team_id": "88", "team_name": "MTG" },
    { "ban_heros": "111|132|182|312", "camp": "1", "game_label": "120233", "game_time": "2020-08-02 20:12:13", "is_win": "1", "kill_cnt": "27", "pick_heros": "525|162|173|128|156", "team_id": "13", "team_name": "武汉eStarPro" },
    { "ban_heros": "518|531|157|121", "camp": "2", "game_label": "120233", "game_time": "2020-08-02 20:12:13", "is_win": "0", "kill_cnt": "18", "pick_heros": "522|502|123|168|523", "team_id": "88", "team_name": "MTG" },
    { "ban_heros": "111|518|312|156", "camp": "2", "game_label": "120233", "game_time": "2020-08-02 20:58:04", "is_win": "0", "kill_cnt": "12", "pick_heros": "199|509|196|107|141", "team_id": "13", "team_name": "武汉eStarPro" },
    { "ban_heros": "531|140|121|146", "camp": "1", "game_label": "120233", "game_time": "2020-08-02 20:58:04", "is_win": "1", "kill_cnt": "11", "pick_heros": "525|132|153|139|515", "team_id": "88", "team_name": "MTG" },
    { "ban_heros": "525|132|157|156", "camp": "2", "game_label": "120234", "game_time": "2020-08-08 18:14:19", "is_win": "0", "kill_cnt": "7", "pick_heros": "191|199|107|503|513", "team_id": "12", "team_name": "成都AG超玩会" },
    { "ban_heros": "509|118|105|312", "camp": "1", "game_label": "120234", "game_time": "2020-08-08 18:14:19", "is_win": "1", "kill_cnt": "16", "pick_heros": "511|111|186|162|148", "team_id": "44", "team_name": "TS" },
    { "ban_heros": "199|518|177|508", "camp": "1", "game_label": "120234", "game_time": "2020-08-08 18:56:06", "is_win": "1", "kill_cnt": "15", "pick_heros": "132|525|312|139|162", "team_id": "12", "team_name": "成都AG超玩会" },
    { "ban_heros": "511|118|105|140", "camp": "2", "game_label": "120234", "game_time": "2020-08-08 18:56:06", "is_win": "0", "kill_cnt": "17", "pick_heros": "163|149|171|173|156", "team_id": "44", "team_name": "TS" },
    { "ban_heros": "132|199|157|312", "camp": "2", "game_label": "120234", "game_time": "2020-08-08 19:36:47", "is_win": "1", "kill_cnt": "10", "pick_heros": "518|105|524|194|142", "team_id": "12", "team_name": "成都AG超玩会" },
    { "ban_heros": "511|118|156|523", "camp": "1", "game_label": "120234", "game_time": "2020-08-08 19:36:47", "is_win": "0", "kill_cnt": "4", "pick_heros": "502|140|509|174|124", "team_id": "44", "team_name": "TS" },
    { "ban_heros": "132|518|157|105", "camp": "1", "game_label": "120234", "game_time": "2020-08-08 20:21:02", "is_win": "0", "kill_cnt": "4", "pick_heros": "171|196|163|123|527", "team_id": "12", "team_name": "成都AG超玩会" },
    { "ban_heros": "511|140|156|146", "camp": "2", "game_label": "120234", "game_time": "2020-08-08 20:21:02", "is_win": "1", "kill_cnt": "13", "pick_heros": "508|525|531|503|152", "team_id": "44", "team_name": "TS" },
    { "ban_heros": "518|191|312|110", "camp": "2", "game_label": "120234", "game_time": "2020-08-08 20:50:35", "is_win": "0", "kill_cnt": "10", "pick_heros": "186|111|149|531|124", "team_id": "12", "team_name": "成都AG超玩会" },
    { "ban_heros": "511|140|156|148", "camp": "1", "game_label": "120234", "game_time": "2020-08-08 20:50:35", "is_win": "1", "kill_cnt": "18", "pick_heros": "118|107|132|157|105", "team_id": "44", "team_name": "TS" },
    { "ban_heros": "199|518|195|153", "camp": "1", "game_label": "120234", "game_time": "2020-08-08 21:39:09", "is_win": "1", "kill_cnt": "7", "pick_heros": "509|148|173|529|128", "team_id": "12", "team_name": "成都AG超玩会" },
    { "ban_heros": "511|140|113|121", "camp": "2", "game_label": "120234", "game_time": "2020-08-08 21:39:09", "is_win": "0", "kill_cnt": "7", "pick_heros": "192|120|312|184|131", "team_id": "44", "team_name": "TS" },
    { "ban_heros": "0", "camp": "2", "game_label": "120234", "game_time": "2020-08-08 22:16:42", "is_win": "0", "kill_cnt": "5", "pick_heros": "", "team_id": "12", "team_name": "成都AG超玩会" },
    { "ban_heros": "0", "camp": "1", "game_label": "120234", "game_time": "2020-08-08 22:16:42", "is_win": "1", "kill_cnt": "20", "pick_heros": "", "team_id": "44", "team_name": "TS" },
    { "ban_heros": "525|199|140|110", "camp": "2", "game_label": "120235", "game_time": "2020-08-09 18:17:36", "is_win": "0", "kill_cnt": "9", "pick_heros": "163|171|524|312|123", "team_id": "28", "team_name": "DYG" },
    { "ban_heros": "518|196|121|146", "camp": "1", "game_label": "120235", "game_time": "2020-08-09 18:17:36", "is_win": "1", "kill_cnt": "16", "pick_heros": "511|132|509|157|531", "team_id": "88", "team_name": "MTG" },
    { "ban_heros": "140|171|123|156", "camp": "1", "game_label": "120235", "game_time": "2020-08-09 18:57:38", "is_win": "1", "kill_cnt": "13", "pick_heros": "525|511|146|133|513", "team_id": "28", "team_name": "DYG" },
    { "ban_heros": "196|199|125|144", "camp": "2", "game_label": "120235", "game_time": "2020-08-09 18:57:38", "is_win": "0", "kill_cnt": "3", "pick_heros": "518|163|118|527|515", "team_id": "88", "team_name": "MTG" },
    { "ban_heros": "525|171|186|153", "camp": "2", "game_label": "120235", "game_time": "2020-08-09 19:40:40", "is_win": "1", "kill_cnt": "7", "pick_heros": "139|191|152|529|173", "team_id": "28", "team_name": "DYG" },
    { "ban_heros": "518|196|502|174", "camp": "1", "game_label": "120235", "game_time": "2020-08-09 19:40:40", "is_win": "0", "kill_cnt": "12", "pick_heros": "199|503|156|162|194", "team_id": "88", "team_name": "MTG" },
    { "ban_heros": "525|111|312|502", "camp": "1", "game_label": "120235", "game_time": "2020-08-09 20:20:01", "is_win": "1", "kill_cnt": "17", "pick_heros": "107|132|140|149|523", "team_id": "28", "team_name": "DYG" },
    { "ban_heros": "196|199|509|118", "camp": "2", "game_label": "120235", "game_time": "2020-08-09 20:20:01", "is_win": "0", "kill_cnt": "9", "pick_heros": "173|186|522|153|182", "team_id": "88", "team_name": "MTG" },
    { "ban_heros": "525|111|140|312", "camp": "2", "game_label": "120235", "game_time": "2020-08-09 21:06:20", "is_win": "1", "kill_cnt": "6", "pick_heros": "174|509|110|105|128", "team_id": "28", "team_name": "DYG" },
    { "ban_heros": "518|199|121|502", "camp": "1", "game_label": "120235", "game_time": "2020-08-09 21:06:20", "is_win": "0", "kill_cnt": "3", "pick_heros": "196|171|107|123|524", "team_id": "88", "team_name": "MTG" },
    { "ban_heros": "509|156|149|157", "camp": "1", "game_label": "120236", "game_time": "2020-08-16 17:20:28", "is_win": "1", "kill_cnt": "21", "pick_heros": "199|105|140|505|312", "team_id": "28", "team_name": "DYG" },
    { "ban_heros": "511|518|196|191", "camp": "2", "game_label": "120236", "game_time": "2020-08-16 17:20:28", "is_win": "0", "kill_cnt": "10", "pick_heros": "111|186|153|135|515", "team_id": "44", "team_name": "TS" },
    { "ban_heros": "525|199|157|508", "camp": "2", "game_label": "120236", "game_time": "2020-08-16 18:20:58", "is_win": "1", "kill_cnt": "17", "pick_heros": "524|171|121|529|125", "team_id": "28", "team_name": "DYG" },
    { "ban_heros": "518|132|196|153", "camp": "1", "game_label": "120236", "game_time": "2020-08-16 18:20:58", "is_win": "0", "kill_cnt": "3", "pick_heros": "511|107|118|173|110", "team_id": "44", "team_name": "TS" },
    { "ban_heros": "199|509|171|162", "camp": "1", "game_label": "120236", "game_time": "2020-08-16 19:01:33", "is_win": "1", "kill_cnt": "16", "pick_heros": "525|196|146|133|510", "team_id": "28", "team_name": "DYG" },
    { "ban_heros": "511|518|153|163", "camp": "2", "game_label": "120236", "game_time": "2020-08-16 19:01:33", "is_win": "0", "kill_cnt": "13", "pick_heros": "149|132|156|502|105", "team_id": "44", "team_name": "TS" },
    { "ban_heros": "525|199|120|140", "camp": "2", "game_label": "120236", "game_time": "2020-08-16 20:17:07", "is_win": "0", "kill_cnt": "10", "pick_heros": "149|518|156|163|174", "team_id": "28", "team_name": "DYG" },
    { "ban_heros": "511|132|111|153", "camp": "1", "game_label": "120236", "game_time": "2020-08-16 20:17:07", "is_win": "1", "kill_cnt": "14", "pick_heros": "509|157|133|531|139", "team_id": "44", "team_name": "TS" },
    { "ban_heros": "525|199|177|140", "camp": "1", "game_label": "120236", "game_time": "2020-08-16 21:01:08", "is_win": "0", "kill_cnt": "8", "pick_heros": "186|157|531|507|508", "team_id": "28", "team_name": "DYG" },
    { "ban_heros": "511|509|132|111", "camp": "2", "game_label": "120236", "game_time": "2020-08-16 21:01:08", "is_win": "1", "kill_cnt": "13", "pick_heros": "162|171|148|503|196", "team_id": "44", "team_name": "TS" },
    { "ban_heros": "525|199|195|131", "camp": "2", "game_label": "120236", "game_time": "2020-08-16 21:50:27", "is_win": "0", "kill_cnt": "8", "pick_heros": "139|132|110|194|506", "team_id": "28", "team_name": "DYG" },
    { "ban_heros": "511|509|153|162", "camp": "1", "game_label": "120236", "game_time": "2020-08-16 21:50:27", "is_win": "1", "kill_cnt": "16", "pick_heros": "312|527|191|150|524", "team_id": "44", "team_name": "TS" },
    { "ban_heros": "0", "camp": "1", "game_label": "120236", "game_time": "2020-08-16 22:22:40", "is_win": "0", "kill_cnt": "7", "pick_heros": "", "team_id": "28", "team_name": "DYG" },
    { "ban_heros": "0", "camp": "2", "game_label": "120236", "game_time": "2020-08-16 22:22:40", "is_win": "1", "kill_cnt": "18", "pick_heros": "", "team_id": "44", "team_name": "TS" }
]