[
    { "hero1_id": "128", "hero1_name": "曹操", "hero2_id": "171", "hero2_name": "张飞", "played": "20", "win_rate": "0.6500" },
    { "hero1_id": "128", "hero1_name": "曹操", "hero2_id": "190", "hero2_name": "诸葛亮", "played": "19", "win_rate": "0.3684" },
    { "hero1_id": "157", "hero1_name": "不知火舞", "hero2_id": "178", "hero2_name": "杨戬", "played": "19", "win_rate": "0.7895" },
    { "hero1_id": "128", "hero1_name": "曹操", "hero2_id": "157", "hero2_name": "不知火舞", "played": "18", "win_rate": "0.6111" },
    { "hero1_id": "173", "hero1_name": "李元芳", "hero2_id": "190", "hero2_name": "诸葛亮", "played": "18", "win_rate": "0.5000" },
    { "hero1_id": "154", "hero1_name": "花木兰", "hero2_id": "190", "hero2_name": "诸葛亮", "played": "18", "win_rate": "0.5000" },
    { "hero1_id": "139", "hero1_name": "老夫子", "hero2_id": "190", "hero2_name": "诸葛亮", "played": "17", "win_rate": "0.6471" },
    { "hero1_id": "178", "hero1_name": "杨戬", "hero2_id": "190", "hero2_name": "诸葛亮", "played": "17", "win_rate": "0.4118" },
    { "hero1_id": "128", "hero1_name": "曹操", "hero2_id": "178", "hero2_name": "杨戬", "played": "15", "win_rate": "0.6000" },
    { "hero1_id": "171", "hero1_name": "张飞", "hero2_id": "190", "hero2_name": "诸葛亮", "played": "15", "win_rate": "0.4667" },
    { "hero1_id": "157", "hero1_name": "不知火舞", "hero2_id": "171", "hero2_name": "张飞", "played": "14", "win_rate": "0.8571" },
    { "hero1_id": "171", "hero1_name": "张飞", "hero2_id": "178", "hero2_name": "杨戬", "played": "14", "win_rate": "0.5714" },
    { "hero1_id": "111", "hero1_name": "孙尚香", "hero2_id": "178", "hero2_name": "杨戬", "played": "13", "win_rate": "0.6154" },
    { "hero1_id": "154", "hero1_name": "花木兰", "hero2_id": "171", "hero2_name": "张飞", "played": "13", "win_rate": "0.5385" },
    { "hero1_id": "118", "hero1_name": "孙膑", "hero2_id": "178", "hero2_name": "杨戬", "played": "12", "win_rate": "0.6667" },
    { "hero1_id": "118", "hero1_name": "孙膑", "hero2_id": "190", "hero2_name": "诸葛亮", "played": "12", "win_rate": "0.5000" },
    { "hero1_id": "113", "hero1_name": "庄周", "hero2_id": "139", "hero2_name": "老夫子", "played": "12", "win_rate": "0.5833" },
    { "hero1_id": "139", "hero1_name": "老夫子", "hero2_id": "173", "hero2_name": "李元芳", "played": "12", "win_rate": "0.8333" },
    { "hero1_id": "154", "hero1_name": "花木兰", "hero2_id": "173", "hero2_name": "李元芳", "played": "11", "win_rate": "0.5455" },
    { "hero1_id": "113", "hero1_name": "庄周", "hero2_id": "128", "hero2_name": "曹操", "played": "11", "win_rate": "0.2727" },
    { "hero1_id": "123", "hero1_name": "吕布", "hero2_id": "190", "hero2_name": "诸葛亮", "played": "11", "win_rate": "0.2727" },
    { "hero1_id": "154", "hero1_name": "花木兰", "hero2_id": "178", "hero2_name": "杨戬", "played": "11", "win_rate": "0.5455" },
    { "hero1_id": "128", "hero1_name": "曹操", "hero2_id": "132", "hero2_name": "马可波罗", "played": "11", "win_rate": "0.2727" },
    { "hero1_id": "111", "hero1_name": "孙尚香", "hero2_id": "157", "hero2_name": "不知火舞", "played": "11", "win_rate": "0.7273" },
    { "hero1_id": "171", "hero1_name": "张飞", "hero2_id": "174", "hero2_name": "虞姬", "played": "10", "win_rate": "0.7000" },
    { "hero1_id": "113", "hero1_name": "庄周", "hero2_id": "157", "hero2_name": "不知火舞", "played": "10", "win_rate": "0.6000" },
    { "hero1_id": "118", "hero1_name": "孙膑", "hero2_id": "154", "hero2_name": "花木兰", "played": "10", "win_rate": "0.5000" },
    { "hero1_id": "111", "hero1_name": "孙尚香", "hero2_id": "118", "hero2_name": "孙膑", "played": "9", "win_rate": "0.5556" },
    { "hero1_id": "123", "hero1_name": "吕布", "hero2_id": "173", "hero2_name": "李元芳", "played": "9", "win_rate": "0.2222" },
    { "hero1_id": "132", "hero1_name": "马可波罗", "hero2_id": "171", "hero2_name": "张飞", "played": "9", "win_rate": "0.4444" },
    { "hero1_id": "113", "hero1_name": "庄周", "hero2_id": "178", "hero2_name": "杨戬", "played": "9", "win_rate": "0.5556" },
    { "hero1_id": "139", "hero1_name": "老夫子", "hero2_id": "154", "hero2_name": "花木兰", "played": "9", "win_rate": "0.7778" },
    { "hero1_id": "118", "hero1_name": "孙膑", "hero2_id": "128", "hero2_name": "曹操", "played": "9", "win_rate": "0.3333" },
    { "hero1_id": "118", "hero1_name": "孙膑", "hero2_id": "123", "hero2_name": "吕布", "played": "8", "win_rate": "0.2500" },
    { "hero1_id": "132", "hero1_name": "马可波罗", "hero2_id": "178", "hero2_name": "杨戬", "played": "8", "win_rate": "0.5000" },
    { "hero1_id": "113", "hero1_name": "庄周", "hero2_id": "190", "hero2_name": "诸葛亮", "played": "8", "win_rate": "0.6250" },
    { "hero1_id": "174", "hero1_name": "虞姬", "hero2_id": "190", "hero2_name": "诸葛亮", "played": "8", "win_rate": "0.3750" },
    { "hero1_id": "139", "hero1_name": "老夫子", "hero2_id": "171", "hero2_name": "张飞", "played": "8", "win_rate": "1.0000" },
    { "hero1_id": "118", "hero1_name": "孙膑", "hero2_id": "139", "hero2_name": "老夫子", "played": "8", "win_rate": "0.5000" },
    { "hero1_id": "139", "hero1_name": "老夫子", "hero2_id": "157", "hero2_name": "不知火舞", "played": "8", "win_rate": "0.7500" },
    { "hero1_id": "139", "hero1_name": "老夫子", "hero2_id": "178", "hero2_name": "杨戬", "played": "8", "win_rate": "0.5000" },
    { "hero1_id": "154", "hero1_name": "花木兰", "hero2_id": "162", "hero2_name": "娜可露露", "played": "8", "win_rate": "0.6250" },
    { "hero1_id": "132", "hero1_name": "马可波罗", "hero2_id": "190", "hero2_name": "诸葛亮", "played": "8", "win_rate": "0.5000" },
    { "hero1_id": "128", "hero1_name": "曹操", "hero2_id": "154", "hero2_name": "花木兰", "played": "8", "win_rate": "0.3750" },
    { "hero1_id": "118", "hero1_name": "孙膑", "hero2_id": "157", "hero2_name": "不知火舞", "played": "8", "win_rate": "0.5000" },
    { "hero1_id": "154", "hero1_name": "花木兰", "hero2_id": "157", "hero2_name": "不知火舞", "played": "8", "win_rate": "0.6250" },
    { "hero1_id": "128", "hero1_name": "曹操", "hero2_id": "162", "hero2_name": "娜可露露", "played": "8", "win_rate": "0.3750" },
    { "hero1_id": "111", "hero1_name": "孙尚香", "hero2_id": "128", "hero2_name": "曹操", "played": "7", "win_rate": "0.4286" },
    { "hero1_id": "128", "hero1_name": "曹操", "hero2_id": "134", "hero2_name": "达摩", "played": "7", "win_rate": "0.4286" },
    { "hero1_id": "115", "hero1_name": "高渐离", "hero2_id": "154", "hero2_name": "花木兰", "played": "7", "win_rate": "0.4286" },
    { "hero1_id": "133", "hero1_name": "狄仁杰", "hero2_id": "157", "hero2_name": "不知火舞", "played": "7", "win_rate": "0.5714" },
    { "hero1_id": "132", "hero1_name": "马可波罗", "hero2_id": "154", "hero2_name": "花木兰", "played": "7", "win_rate": "0.5714" },
    { "hero1_id": "128", "hero1_name": "曹操", "hero2_id": "174", "hero2_name": "虞姬", "played": "7", "win_rate": "0.7143" },
    { "hero1_id": "139", "hero1_name": "老夫子", "hero2_id": "174", "hero2_name": "虞姬", "played": "7", "win_rate": "0.5714" },
    { "hero1_id": "111", "hero1_name": "孙尚香", "hero2_id": "134", "hero2_name": "达摩", "played": "7", "win_rate": "0.7143" },
    { "hero1_id": "113", "hero1_name": "庄周", "hero2_id": "174", "hero2_name": "虞姬", "played": "7", "win_rate": "0.2857" },
    { "hero1_id": "134", "hero1_name": "达摩", "hero2_id": "171", "hero2_name": "张飞", "played": "7", "win_rate": "0.7143" },
    { "hero1_id": "157", "hero1_name": "不知火舞", "hero2_id": "173", "hero2_name": "李元芳", "played": "7", "win_rate": "0.4286" },
    { "hero1_id": "128", "hero1_name": "曹操", "hero2_id": "173", "hero2_name": "李元芳", "played": "7", "win_rate": "0.2857" },
    { "hero1_id": "128", "hero1_name": "曹操", "hero2_id": "139", "hero2_name": "老夫子", "played": "7", "win_rate": "0.2857" },
    { "hero1_id": "123", "hero1_name": "吕布", "hero2_id": "157", "hero2_name": "不知火舞", "played": "7", "win_rate": "0.2857" },
    { "hero1_id": "115", "hero1_name": "高渐离", "hero2_id": "134", "hero2_name": "达摩", "played": "6", "win_rate": "0.3333" },
    { "hero1_id": "133", "hero1_name": "狄仁杰", "hero2_id": "178", "hero2_name": "杨戬", "played": "6", "win_rate": "0.6667" },
    { "hero1_id": "173", "hero1_name": "李元芳", "hero2_id": "178", "hero2_name": "杨戬", "played": "6", "win_rate": "0.5000" },
    { "hero1_id": "111", "hero1_name": "孙尚香", "hero2_id": "154", "hero2_name": "花木兰", "played": "6", "win_rate": "0.6667" },
    { "hero1_id": "171", "hero1_name": "张飞", "hero2_id": "173", "hero2_name": "李元芳", "played": "6", "win_rate": "0.5000" },
    { "hero1_id": "113", "hero1_name": "庄周", "hero2_id": "154", "hero2_name": "花木兰", "played": "6", "win_rate": "0.6667" },
    { "hero1_id": "134", "hero1_name": "达摩", "hero2_id": "157", "hero2_name": "不知火舞", "played": "6", "win_rate": "0.8333" },
    { "hero1_id": "111", "hero1_name": "孙尚香", "hero2_id": "171", "hero2_name": "张飞", "played": "6", "win_rate": "0.6667" },
    { "hero1_id": "128", "hero1_name": "曹操", "hero2_id": "133", "hero2_name": "狄仁杰", "played": "6", "win_rate": "0.3333" },
    { "hero1_id": "111", "hero1_name": "孙尚香", "hero2_id": "190", "hero2_name": "诸葛亮", "played": "6", "win_rate": "0.3333" },
    { "hero1_id": "134", "hero1_name": "达摩", "hero2_id": "154", "hero2_name": "花木兰", "played": "6", "win_rate": "0.5000" },
    { "hero1_id": "116", "hero1_name": "阿轲", "hero2_id": "157", "hero2_name": "不知火舞", "played": "6", "win_rate": "0.5000" },
    { "hero1_id": "168", "hero1_name": "牛魔", "hero2_id": "190", "hero2_name": "诸葛亮", "played": "6", "win_rate": "0.1667" },
    { "hero1_id": "146", "hero1_name": "露娜", "hero2_id": "174", "hero2_name": "虞姬", "played": "6", "win_rate": "0.6667" },
    { "hero1_id": "128", "hero1_name": "曹操", "hero2_id": "148", "hero2_name": "姜子牙", "played": "6", "win_rate": "0.5000" },
    { "hero1_id": "132", "hero1_name": "马可波罗", "hero2_id": "134", "hero2_name": "达摩", "played": "6", "win_rate": "0.6667" },
    { "hero1_id": "115", "hero1_name": "高渐离", "hero2_id": "128", "hero2_name": "曹操", "played": "6", "win_rate": "0.1667" },
    { "hero1_id": "139", "hero1_name": "老夫子", "hero2_id": "162", "hero2_name": "娜可露露", "played": "5", "win_rate": "0.4000" },
    { "hero1_id": "162", "hero1_name": "娜可露露", "hero2_id": "190", "hero2_name": "诸葛亮", "played": "5", "win_rate": "0.2000" },
    { "hero1_id": "134", "hero1_name": "达摩", "hero2_id": "190", "hero2_name": "诸葛亮", "played": "5", "win_rate": "0.4000" },
    { "hero1_id": "121", "hero1_name": "芈月", "hero2_id": "154", "hero2_name": "花木兰", "played": "5", "win_rate": "1.0000" },
    { "hero1_id": "139", "hero1_name": "老夫子", "hero2_id": "146", "hero2_name": "露娜", "played": "5", "win_rate": "0.4000" },
    { "hero1_id": "132", "hero1_name": "马可波罗", "hero2_id": "157", "hero2_name": "不知火舞", "played": "5", "win_rate": "0.8000" },
    { "hero1_id": "123", "hero1_name": "吕布", "hero2_id": "154", "hero2_name": "花木兰", "played": "5", "win_rate": "0.2000" },
    { "hero1_id": "121", "hero1_name": "芈月", "hero2_id": "171", "hero2_name": "张飞", "played": "5", "win_rate": "0.6000" },
    { "hero1_id": "118", "hero1_name": "孙膑", "hero2_id": "162", "hero2_name": "娜可露露", "played": "5", "win_rate": "0.4000" },
    { "hero1_id": "130", "hero1_name": "宫本武藏", "hero2_id": "132", "hero2_name": "马可波罗", "played": "5", "win_rate": "0.6000" },
    { "hero1_id": "118", "hero1_name": "孙膑", "hero2_id": "134", "hero2_name": "达摩", "played": "5", "win_rate": "0.6000" },
    { "hero1_id": "111", "hero1_name": "孙尚香", "hero2_id": "113", "hero2_name": "庄周", "played": "5", "win_rate": "0.2000" },
    { "hero1_id": "174", "hero1_name": "虞姬", "hero2_id": "178", "hero2_name": "杨戬", "played": "5", "win_rate": "0.4000" },
    { "hero1_id": "141", "hero1_name": "貂蝉", "hero2_id": "154", "hero2_name": "花木兰", "played": "5", "win_rate": "0.4000" },
    { "hero1_id": "154", "hero1_name": "花木兰", "hero2_id": "168", "hero2_name": "牛魔", "played": "5", "win_rate": "0.4000" },
    { "hero1_id": "121", "hero1_name": "芈月", "hero2_id": "190", "hero2_name": "诸葛亮", "played": "5", "win_rate": "0.4000" },
    { "hero1_id": "123", "hero1_name": "吕布", "hero2_id": "128", "hero2_name": "曹操", "played": "5", "win_rate": "0.4000" },
    { "hero1_id": "113", "hero1_name": "庄周", "hero2_id": "173", "hero2_name": "李元芳", "played": "5", "win_rate": "0.8000" },
    { "hero1_id": "168", "hero1_name": "牛魔", "hero2_id": "178", "hero2_name": "杨戬", "played": "4", "win_rate": "0.2500" },
    { "hero1_id": "116", "hero1_name": "阿轲", "hero2_id": "139", "hero2_name": "老夫子", "played": "4", "win_rate": "0.7500" },
    { "hero1_id": "128", "hero1_name": "曹操", "hero2_id": "146", "hero2_name": "露娜", "played": "4", "win_rate": "0.5000" },
    { "hero1_id": "154", "hero1_name": "花木兰", "hero2_id": "189", "hero2_name": "鬼谷子", "played": "4", "win_rate": "0.7500" },
    { "hero1_id": "162", "hero1_name": "娜可露露", "hero2_id": "171", "hero2_name": "张飞", "played": "4", "win_rate": "1.0000" },
    { "hero1_id": "113", "hero1_name": "庄周", "hero2_id": "134", "hero2_name": "达摩", "played": "4", "win_rate": "0.2500" },
    { "hero1_id": "116", "hero1_name": "阿轲", "hero2_id": "128", "hero2_name": "曹操", "played": "4", "win_rate": "0.5000" },
    { "hero1_id": "134", "hero1_name": "达摩", "hero2_id": "174", "hero2_name": "虞姬", "played": "4", "win_rate": "0.2500" },
    { "hero1_id": "146", "hero1_name": "露娜", "hero2_id": "171", "hero2_name": "张飞", "played": "4", "win_rate": "0.7500" },
    { "hero1_id": "111", "hero1_name": "孙尚香", "hero2_id": "139", "hero2_name": "老夫子", "played": "4", "win_rate": "0.2500" },
    { "hero1_id": "148", "hero1_name": "姜子牙", "hero2_id": "190", "hero2_name": "诸葛亮", "played": "4", "win_rate": "0.7500" },
    { "hero1_id": "133", "hero1_name": "狄仁杰", "hero2_id": "171", "hero2_name": "张飞", "played": "4", "win_rate": "0.7500" },
    { "hero1_id": "157", "hero1_name": "不知火舞", "hero2_id": "174", "hero2_name": "虞姬", "played": "4", "win_rate": "0.7500" },
    { "hero1_id": "123", "hero1_name": "吕布", "hero2_id": "178", "hero2_name": "杨戬", "played": "4", "win_rate": "0.2500" },
    { "hero1_id": "189", "hero1_name": "鬼谷子", "hero2_id": "190", "hero2_name": "诸葛亮", "played": "4", "win_rate": "0.5000" },
    { "hero1_id": "115", "hero1_name": "高渐离", "hero2_id": "189", "hero2_name": "鬼谷子", "played": "4", "win_rate": "0.5000" },
    { "hero1_id": "113", "hero1_name": "庄周", "hero2_id": "115", "hero2_name": "高渐离", "played": "4", "win_rate": "0.2500" },
    { "hero1_id": "113", "hero1_name": "庄周", "hero2_id": "132", "hero2_name": "马可波罗", "played": "4", "win_rate": "0.5000" },
    { "hero1_id": "116", "hero1_name": "阿轲", "hero2_id": "174", "hero2_name": "虞姬", "played": "4", "win_rate": "0.5000" },
    { "hero1_id": "133", "hero1_name": "狄仁杰", "hero2_id": "190", "hero2_name": "诸葛亮", "played": "4", "win_rate": "0.2500" },
    { "hero1_id": "130", "hero1_name": "宫本武藏", "hero2_id": "154", "hero2_name": "花木兰", "played": "4", "win_rate": "0.7500" },
    { "hero1_id": "134", "hero1_name": "达摩", "hero2_id": "178", "hero2_name": "杨戬", "played": "4", "win_rate": "1.0000" },
    { "hero1_id": "148", "hero1_name": "姜子牙", "hero2_id": "173", "hero2_name": "李元芳", "played": "4", "win_rate": "0.7500" },
    { "hero1_id": "116", "hero1_name": "阿轲", "hero2_id": "190", "hero2_name": "诸葛亮", "played": "4", "win_rate": "0.5000" },
    { "hero1_id": "115", "hero1_name": "高渐离", "hero2_id": "162", "hero2_name": "娜可露露", "played": "3", "win_rate": "0.6667" },
    { "hero1_id": "118", "hero1_name": "孙膑", "hero2_id": "140", "hero2_name": "关羽", "played": "3", "win_rate": "0.6667" },
    { "hero1_id": "128", "hero1_name": "曹操", "hero2_id": "131", "hero2_name": "李白", "played": "3", "win_rate": "0.6667" },
    { "hero1_id": "116", "hero1_name": "阿轲", "hero2_id": "171", "hero2_name": "张飞", "played": "3", "win_rate": "0.3333" },
    { "hero1_id": "178", "hero1_name": "杨戬", "hero2_id": "189", "hero2_name": "鬼谷子", "played": "3", "win_rate": "0.6667" },
    { "hero1_id": "146", "hero1_name": "露娜", "hero2_id": "154", "hero2_name": "花木兰", "played": "3", "win_rate": "0.6667" },
    { "hero1_id": "141", "hero1_name": "貂蝉", "hero2_id": "171", "hero2_name": "张飞", "played": "3", "win_rate": "0.3333" },
    { "hero1_id": "115", "hero1_name": "高渐离", "hero2_id": "118", "hero2_name": "孙膑", "played": "3", "win_rate": "0.3333" },
    { "hero1_id": "168", "hero1_name": "牛魔", "hero2_id": "173", "hero2_name": "李元芳", "played": "3", "win_rate": "0.6667" },
    { "hero1_id": "111", "hero1_name": "孙尚香", "hero2_id": "115", "hero2_name": "高渐离", "played": "3", "win_rate": "0.3333" },
    { "hero1_id": "157", "hero1_name": "不知火舞", "hero2_id": "168", "hero2_name": "牛魔", "played": "3", "win_rate": "0.6667" },
    { "hero1_id": "128", "hero1_name": "曹操", "hero2_id": "141", "hero2_name": "貂蝉", "played": "3", "win_rate": "0.3333" },
    { "hero1_id": "123", "hero1_name": "吕布", "hero2_id": "171", "hero2_name": "张飞", "played": "3", "win_rate": "0.3333" },
    { "hero1_id": "115", "hero1_name": "高渐离", "hero2_id": "132", "hero2_name": "马可波罗", "played": "3", "win_rate": "0.3333" },
    { "hero1_id": "113", "hero1_name": "庄周", "hero2_id": "116", "hero2_name": "阿轲", "played": "3", "win_rate": "1.0000" },
    { "hero1_id": "121", "hero1_name": "芈月", "hero2_id": "178", "hero2_name": "杨戬", "played": "3", "win_rate": "1.0000" },
    { "hero1_id": "146", "hero1_name": "露娜", "hero2_id": "178", "hero2_name": "杨戬", "played": "3", "win_rate": "0.3333" },
    { "hero1_id": "116", "hero1_name": "阿轲", "hero2_id": "123", "hero2_name": "吕布", "played": "3", "win_rate": "0.0000" },
    { "hero1_id": "118", "hero1_name": "孙膑", "hero2_id": "146", "hero2_name": "露娜", "played": "3", "win_rate": "0.3333" },
    { "hero1_id": "139", "hero1_name": "老夫子", "hero2_id": "168", "hero2_name": "牛魔", "played": "3", "win_rate": "0.3333" },
    { "hero1_id": "111", "hero1_name": "孙尚香", "hero2_id": "123", "hero2_name": "吕布", "played": "3", "win_rate": "0.3333" },
    { "hero1_id": "130", "hero1_name": "宫本武藏", "hero2_id": "190", "hero2_name": "诸葛亮", "played": "3", "win_rate": "0.6667" },
    { "hero1_id": "134", "hero1_name": "达摩", "hero2_id": "173", "hero2_name": "李元芳", "played": "3", "win_rate": "0.3333" },
    { "hero1_id": "148", "hero1_name": "姜子牙", "hero2_id": "157", "hero2_name": "不知火舞", "played": "3", "win_rate": "0.3333" },
    { "hero1_id": "115", "hero1_name": "高渐离", "hero2_id": "146", "hero2_name": "露娜", "played": "3", "win_rate": "0.3333" },
    { "hero1_id": "113", "hero1_name": "庄周", "hero2_id": "123", "hero2_name": "吕布", "played": "3", "win_rate": "0.6667" },
    { "hero1_id": "146", "hero1_name": "露娜", "hero2_id": "162", "hero2_name": "娜可露露", "played": "3", "win_rate": "0.3333" },
    { "hero1_id": "113", "hero1_name": "庄周", "hero2_id": "146", "hero2_name": "露娜", "played": "3", "win_rate": "0.6667" },
    { "hero1_id": "130", "hero1_name": "宫本武藏", "hero2_id": "157", "hero2_name": "不知火舞", "played": "3", "win_rate": "0.6667" },
    { "hero1_id": "128", "hero1_name": "曹操", "hero2_id": "140", "hero2_name": "关羽", "played": "3", "win_rate": "0.6667" },
    { "hero1_id": "173", "hero1_name": "李元芳", "hero2_id": "187", "hero2_name": "东皇太一", "played": "3", "win_rate": "0.0000" },
    { "hero1_id": "123", "hero1_name": "吕布", "hero2_id": "162", "hero2_name": "娜可露露", "played": "3", "win_rate": "0.3333" },
    { "hero1_id": "121", "hero1_name": "芈月", "hero2_id": "139", "hero2_name": "老夫子", "played": "3", "win_rate": "1.0000" },
    { "hero1_id": "121", "hero1_name": "芈月", "hero2_id": "174", "hero2_name": "虞姬", "played": "3", "win_rate": "0.3333" },
    { "hero1_id": "118", "hero1_name": "孙膑", "hero2_id": "141", "hero2_name": "貂蝉", "played": "3", "win_rate": "0.3333" },
    { "hero1_id": "132", "hero1_name": "马可波罗", "hero2_id": "189", "hero2_name": "鬼谷子", "played": "3", "win_rate": "0.6667" },
    { "hero1_id": "118", "hero1_name": "孙膑", "hero2_id": "173", "hero2_name": "李元芳", "played": "3", "win_rate": "0.3333" },
    { "hero1_id": "148", "hero1_name": "姜子牙", "hero2_id": "154", "hero2_name": "花木兰", "played": "3", "win_rate": "0.6667" },
    { "hero1_id": "111", "hero1_name": "孙尚香", "hero2_id": "189", "hero2_name": "鬼谷子", "played": "3", "win_rate": "0.6667" },
    { "hero1_id": "146", "hero1_name": "露娜", "hero2_id": "157", "hero2_name": "不知火舞", "played": "3", "win_rate": "0.6667" },
    { "hero1_id": "118", "hero1_name": "孙膑", "hero2_id": "133", "hero2_name": "狄仁杰", "played": "3", "win_rate": "0.3333" },
    { "hero1_id": "146", "hero1_name": "露娜", "hero2_id": "190", "hero2_name": "诸葛亮", "played": "3", "win_rate": "0.3333" },
    { "hero1_id": "157", "hero1_name": "不知火舞", "hero2_id": "162", "hero2_name": "娜可露露", "played": "3", "win_rate": "0.3333" },
    { "hero1_id": "116", "hero1_name": "阿轲", "hero2_id": "154", "hero2_name": "花木兰", "played": "3", "win_rate": "0.6667" },
    { "hero1_id": "154", "hero1_name": "花木兰", "hero2_id": "174", "hero2_name": "虞姬", "played": "3", "win_rate": "0.0000" }
]