[
    { "avg_assist": "3.79", "avg_ban_seq": "4.7", "avg_bekill": "1.96", "avg_kill": "3.30", "avg_pick_seq": "0.0", "ban_cnt": "4", "gpm": "559", "hero_id": "190", "hero_name": "诸葛亮", "kda": "4.49", "pick_cnt": "57", "played": "57", "win_rate": "0.4211" },
    { "avg_assist": "3.30", "avg_ban_seq": "3.0", "avg_bekill": "2.27", "avg_kill": "1.70", "avg_pick_seq": "0.0", "ban_cnt": "12", "gpm": "577", "hero_id": "128", "hero_name": "曹操", "kda": "2.77", "pick_cnt": "56", "played": "56", "win_rate": "0.4464" },
    { "avg_assist": "4.02", "avg_ban_seq": "5.3", "avg_bekill": "2.66", "avg_kill": "1.98", "avg_pick_seq": "0.0", "ban_cnt": "11", "gpm": "513", "hero_id": "178", "hero_name": "杨戬", "kda": "3.33", "pick_cnt": "50", "played": "50", "win_rate": "0.5200" },
    { "avg_assist": "3.70", "avg_ban_seq": "2.9", "avg_bekill": "1.96", "avg_kill": "2.40", "avg_pick_seq": "0.0", "ban_cnt": "22", "gpm": "618", "hero_id": "154", "hero_name": "花木兰", "kda": "3.78", "pick_cnt": "47", "played": "47", "win_rate": "0.5532" },
    { "avg_assist": "5.02", "avg_ban_seq": "5.3", "avg_bekill": "1.78", "avg_kill": "2.61", "avg_pick_seq": "0.0", "ban_cnt": "6", "gpm": "518", "hero_id": "157", "hero_name": "不知火舞", "kda": "5.34", "pick_cnt": "46", "played": "46", "win_rate": "0.6739" },
    { "avg_assist": "5.51", "avg_ban_seq": "6.0", "avg_bekill": "1.85", "avg_kill": "0.51", "avg_pick_seq": "0.0", "ban_cnt": "7", "gpm": "417", "hero_id": "171", "hero_name": "张飞", "kda": "3.98", "pick_cnt": "41", "played": "41", "win_rate": "0.6098" },
    { "avg_assist": "4.82", "avg_ban_seq": "4.0", "avg_bekill": "2.53", "avg_kill": "1.76", "avg_pick_seq": "0.0", "ban_cnt": "31", "gpm": "583", "hero_id": "139", "hero_name": "老夫子", "kda": "4.00", "pick_cnt": "34", "played": "34", "win_rate": "0.6176" },
    { "avg_assist": "7.47", "avg_ban_seq": "5.5", "avg_bekill": "2.09", "avg_kill": "0.97", "avg_pick_seq": "0.0", "ban_cnt": "1", "gpm": "434", "hero_id": "118", "hero_name": "孙膑", "kda": "5.71", "pick_cnt": "34", "played": "34", "win_rate": "0.5000" },
    { "avg_assist": "7.06", "avg_ban_seq": "6.1", "avg_bekill": "1.64", "avg_kill": "1.00", "avg_pick_seq": "0.0", "ban_cnt": "7", "gpm": "437", "hero_id": "113", "hero_name": "庄周", "kda": "6.24", "pick_cnt": "33", "played": "33", "win_rate": "0.5152" },
    { "avg_assist": "5.59", "avg_ban_seq": "4.5", "avg_bekill": "2.10", "avg_kill": "2.79", "avg_pick_seq": "0.0", "ban_cnt": "26", "gpm": "581", "hero_id": "173", "hero_name": "李元芳", "kda": "5.81", "pick_cnt": "29", "played": "29", "win_rate": "0.4828" },
    { "avg_assist": "5.78", "avg_ban_seq": "3.4", "avg_bekill": "2.41", "avg_kill": "2.67", "avg_pick_seq": "0.0", "ban_cnt": "38", "gpm": "497", "hero_id": "134", "hero_name": "达摩", "kda": "4.67", "pick_cnt": "27", "played": "27", "win_rate": "0.5556" },
    { "avg_assist": "3.54", "avg_ban_seq": "6.1", "avg_bekill": "2.17", "avg_kill": "2.33", "avg_pick_seq": "0.0", "ban_cnt": "12", "gpm": "607", "hero_id": "132", "hero_name": "马可波罗", "kda": "3.87", "pick_cnt": "24", "played": "24", "win_rate": "0.5000" },
    { "avg_assist": "3.39", "avg_ban_seq": "7.0", "avg_bekill": "1.70", "avg_kill": "2.87", "avg_pick_seq": "0.0", "ban_cnt": "1", "gpm": "654", "hero_id": "111", "hero_name": "孙尚香", "kda": "4.72", "pick_cnt": "23", "played": "23", "win_rate": "0.5652" },
    { "avg_assist": "3.86", "avg_ban_seq": "8.1", "avg_bekill": "2.68", "avg_kill": "2.50", "avg_pick_seq": "0.0", "ban_cnt": "0", "gpm": "530", "hero_id": "123", "hero_name": "吕布", "kda": "3.18", "pick_cnt": "22", "played": "22", "win_rate": "0.2727" },
    { "avg_assist": "3.75", "avg_ban_seq": "6.2", "avg_bekill": "2.00", "avg_kill": "1.85", "avg_pick_seq": "0.0", "ban_cnt": "1", "gpm": "527", "hero_id": "174", "hero_name": "虞姬", "kda": "3.56", "pick_cnt": "20", "played": "20", "win_rate": "0.4500" },
    { "avg_assist": "3.61", "avg_ban_seq": "6.2", "avg_bekill": "1.78", "avg_kill": "4.17", "avg_pick_seq": "0.0", "ban_cnt": "5", "gpm": "573", "hero_id": "162", "hero_name": "娜可露露", "kda": "5.73", "pick_cnt": "18", "played": "18", "win_rate": "0.4444" },
    { "avg_assist": "3.71", "avg_ban_seq": "3.1", "avg_bekill": "1.94", "avg_kill": "2.18", "avg_pick_seq": "0.0", "ban_cnt": "26", "gpm": "639", "hero_id": "146", "hero_name": "露娜", "kda": "4.88", "pick_cnt": "17", "played": "17", "win_rate": "0.5882" },
    { "avg_assist": "3.00", "avg_ban_seq": "4.5", "avg_bekill": "1.60", "avg_kill": "3.73", "avg_pick_seq": "0.0", "ban_cnt": "21", "gpm": "585", "hero_id": "116", "hero_name": "阿轲", "kda": "5.35", "pick_cnt": "15", "played": "15", "win_rate": "0.4667" },
    { "avg_assist": "5.50", "avg_ban_seq": "6.9", "avg_bekill": "1.79", "avg_kill": "3.21", "avg_pick_seq": "0.0", "ban_cnt": "3", "gpm": "632", "hero_id": "133", "hero_name": "狄仁杰", "kda": "5.72", "pick_cnt": "14", "played": "14", "win_rate": "0.5000" },
    { "avg_assist": "3.79", "avg_ban_seq": "3.6", "avg_bekill": "2.07", "avg_kill": "2.14", "avg_pick_seq": "0.0", "ban_cnt": "53", "gpm": "584", "hero_id": "121", "hero_name": "芈月", "kda": "3.89", "pick_cnt": "14", "played": "14", "win_rate": "0.5714" },
    { "avg_assist": "4.31", "avg_ban_seq": "8.5", "avg_bekill": "2.46", "avg_kill": "2.69", "avg_pick_seq": "0.0", "ban_cnt": "0", "gpm": "523", "hero_id": "115", "hero_name": "高渐离", "kda": "4.07", "pick_cnt": "13", "played": "13", "win_rate": "0.3077" },
    { "avg_assist": "6.25", "avg_ban_seq": "4.3", "avg_bekill": "2.92", "avg_kill": "0.58", "avg_pick_seq": "0.0", "ban_cnt": "49", "gpm": "387", "hero_id": "189", "hero_name": "鬼谷子", "kda": "3.48", "pick_cnt": "12", "played": "12", "win_rate": "0.4167" },
    { "avg_assist": "6.67", "avg_ban_seq": "8.6", "avg_bekill": "1.56", "avg_kill": "0.56", "avg_pick_seq": "0.0", "ban_cnt": "0", "gpm": "405", "hero_id": "168", "hero_name": "牛魔", "kda": "5.78", "pick_cnt": "9", "played": "9", "win_rate": "0.3333" },
    { "avg_assist": "4.22", "avg_ban_seq": "5.3", "avg_bekill": "2.44", "avg_kill": "1.33", "avg_pick_seq": "0.0", "ban_cnt": "18", "gpm": "457", "hero_id": "148", "hero_name": "姜子牙", "kda": "2.78", "pick_cnt": "9", "played": "9", "win_rate": "0.4444" },
    { "avg_assist": "3.71", "avg_ban_seq": "9.9", "avg_bekill": "1.86", "avg_kill": "1.43", "avg_pick_seq": "0.0", "ban_cnt": "0", "gpm": "479", "hero_id": "130", "hero_name": "宫本武藏", "kda": "3.26", "pick_cnt": "7", "played": "7", "win_rate": "0.5714" },
    { "avg_assist": "6.14", "avg_ban_seq": "5.8", "avg_bekill": "3.14", "avg_kill": "1.86", "avg_pick_seq": "0.0", "ban_cnt": "3", "gpm": "516", "hero_id": "141", "hero_name": "貂蝉", "kda": "3.40", "pick_cnt": "7", "played": "7", "win_rate": "0.2857" },
    { "avg_assist": "5.00", "avg_ban_seq": "3.2", "avg_bekill": "2.50", "avg_kill": "2.50", "avg_pick_seq": "0.0", "ban_cnt": "64", "gpm": "568", "hero_id": "140", "hero_name": "关羽", "kda": "3.73", "pick_cnt": "6", "played": "6", "win_rate": "0.5000" },
    { "avg_assist": "3.25", "avg_ban_seq": "9.0", "avg_bekill": "4.25", "avg_kill": "2.75", "avg_pick_seq": "0.0", "ban_cnt": "0", "gpm": "505", "hero_id": "107", "hero_name": "赵云", "kda": "3.45", "pick_cnt": "4", "played": "4", "win_rate": "0.2500" },
    { "avg_assist": "4.00", "avg_ban_seq": "5.2", "avg_bekill": "2.00", "avg_kill": "1.00", "avg_pick_seq": "0.0", "ban_cnt": "4", "gpm": "580", "hero_id": "131", "hero_name": "李白", "kda": "2.92", "pick_cnt": "4", "played": "4", "win_rate": "0.5000" },
    { "avg_assist": "4.67", "avg_ban_seq": "6.8", "avg_bekill": "4.00", "avg_kill": "1.33", "avg_pick_seq": "0.0", "ban_cnt": "1", "gpm": "379", "hero_id": "187", "hero_name": "东皇太一", "kda": "1.61", "pick_cnt": "3", "played": "3", "win_rate": "0.0000" },
    { "avg_assist": "7.00", "avg_ban_seq": "8.5", "avg_bekill": "2.00", "avg_kill": "1.50", "avg_pick_seq": "0.0", "ban_cnt": "0", "gpm": "446", "hero_id": "191", "hero_name": "大乔", "kda": "4.25", "pick_cnt": "2", "played": "2", "win_rate": "0.5000" },
    { "avg_assist": "0.50", "avg_ban_seq": "9.0", "avg_bekill": "4.50", "avg_kill": "1.00", "avg_pick_seq": "0.0", "ban_cnt": "0", "gpm": "402", "hero_id": "167", "hero_name": "孙悟空", "kda": "0.35", "pick_cnt": "2", "played": "2", "win_rate": "0.0000" },
    { "avg_assist": "0.00", "avg_ban_seq": "9.5", "avg_bekill": "2.00", "avg_kill": "0.50", "avg_pick_seq": "0.0", "ban_cnt": "0", "gpm": "543", "hero_id": "193", "hero_name": "铠", "kda": "0.50", "pick_cnt": "2", "played": "2", "win_rate": "0.5000" },
    { "avg_assist": "9.00", "avg_ban_seq": "8.0", "avg_bekill": "6.00", "avg_kill": "2.00", "avg_pick_seq": "0.0", "ban_cnt": "0", "gpm": "461", "hero_id": "186", "hero_name": "太乙真人", "kda": "1.83", "pick_cnt": "1", "played": "1", "win_rate": "0.0000" },
    { "avg_assist": "7.00", "avg_ban_seq": "10.0", "avg_bekill": "1.00", "avg_kill": "2.00", "avg_pick_seq": "0.0", "ban_cnt": "0", "gpm": "571", "hero_id": "110", "hero_name": "嬴政", "kda": "9.00", "pick_cnt": "1", "played": "1", "win_rate": "0.0000" },
    { "avg_assist": "10.00", "avg_ban_seq": "6.0", "avg_bekill": "4.00", "avg_kill": "8.00", "avg_pick_seq": "0.0", "ban_cnt": "0", "gpm": "514", "hero_id": "163", "hero_name": "橘右京", "kda": "4.50", "pick_cnt": "1", "played": "1", "win_rate": "1.0000" },
    { "avg_assist": "2.00", "avg_ban_seq": "10.0", "avg_bekill": "2.00", "avg_kill": "0.00", "avg_pick_seq": "0.0", "ban_cnt": "0", "gpm": "435", "hero_id": "119", "hero_name": "扁鹊", "kda": "1.00", "pick_cnt": "1", "played": "1", "win_rate": "0.0000" },
    { "avg_assist": "5.00", "avg_ban_seq": "9.0", "avg_bekill": "0.00", "avg_kill": "3.00", "avg_pick_seq": "0.0", "ban_cnt": "0", "gpm": "609", "hero_id": "149", "hero_name": "刘邦", "kda": "8.00", "pick_cnt": "1", "played": "1", "win_rate": "1.0000" }
]