[
    { "avg_assist": "4.58", "avg_bekill": "2.21", "avg_kill": "1.54", "gpm": "567", "kda": "3.92", "name": "eStarPro.诺言", "openid": "CFD5FB9589587760CD3C44425C336E21", "played": "24", "rating": "5.60", "total_kill": "37", "win_rate": "0.5417", "xpm": "803" },
    { "avg_assist": "4.29", "avg_bekill": "1.67", "avg_kill": "3.92", "gpm": "587", "kda": "5.83", "name": "eStar.小渝", "openid": "755218CD3791F15BCFD2EBBCA243E499", "played": "24", "rating": "5.60", "total_kill": "94", "win_rate": "0.5417", "xpm": "817" },
    { "avg_assist": "6.96", "avg_bekill": "1.67", "avg_kill": "0.88", "gpm": "426", "kda": "5.73", "name": "eStar.奶茶", "openid": "1FF5F2D162029871F611BA54DCF53340", "played": "24", "rating": "5.60", "total_kill": "21", "win_rate": "0.5417", "xpm": "749" },
    { "avg_assist": "5.13", "avg_bekill": "1.61", "avg_kill": "2.78", "gpm": "540", "kda": "6.38", "name": "eStarPro.伪装", "openid": "1C7EBF05DC5EA980A259A34290DE7430", "played": "23", "rating": "5.60", "total_kill": "64", "win_rate": "0.5652", "xpm": "791" },
    { "avg_assist": "4.39", "avg_bekill": "2.26", "avg_kill": "2.09", "gpm": "583", "kda": "3.54", "name": "eStarPro.橘子", "openid": "0821DA9D795FCD36B7EDA6E78EAAC2B0", "played": "23", "rating": "5.60", "total_kill": "48", "win_rate": "0.5652", "xpm": "805" },
    { "avg_assist": "5.76", "avg_bekill": "1.43", "avg_kill": "2.57", "gpm": "593", "kda": "6.22", "name": "QGhappy.Hurt", "openid": "B8982198AC67B048D317C07DE73F4962", "played": "21", "rating": "5.60", "total_kill": "54", "win_rate": "0.8095", "xpm": "825" },
    { "avg_assist": "4.62", "avg_bekill": "1.71", "avg_kill": "3.67", "gpm": "579", "kda": "5.76", "name": "QGhappy.Cat", "openid": "A25A35A18EE5DC93117789871D929E83", "played": "21", "rating": "5.60", "total_kill": "77", "win_rate": "0.8095", "xpm": "810" },
    { "avg_assist": "4.00", "avg_bekill": "1.29", "avg_kill": "2.00", "gpm": "635", "kda": "4.37", "name": "QGhappy.Fly", "openid": "81AEA3A32BA205D61F400FA612808490", "played": "21", "rating": "5.60", "total_kill": "42", "win_rate": "0.8095", "xpm": "834" },
    { "avg_assist": "4.85", "avg_bekill": "1.60", "avg_kill": "2.65", "gpm": "566", "kda": "6.22", "name": "QGhappy.Alan", "openid": "E5D1C89DE8A875B1187141E8BF55764B", "played": "20", "rating": "5.60", "total_kill": "53", "win_rate": "0.8000", "xpm": "816" },
    { "avg_assist": "7.10", "avg_bekill": "1.75", "avg_kill": "0.80", "gpm": "446", "kda": "5.03", "name": "QGhappy.YANG", "openid": "CC431042192DC2081E567A27B8FB5890", "played": "20", "rating": "5.60", "total_kill": "16", "win_rate": "0.8000", "xpm": "778" },
    { "avg_assist": "3.31", "avg_bekill": "1.81", "avg_kill": "3.00", "gpm": "590", "kda": "4.07", "name": "RNGM.暴风锐", "openid": "C33F4D32C03321DF09F884E61C01394E", "played": "16", "rating": "5.60", "total_kill": "48", "win_rate": "0.6250", "xpm": "871" },
    { "avg_assist": "3.62", "avg_bekill": "2.00", "avg_kill": "2.50", "gpm": "520", "kda": "4.53", "name": "RNGM.伊恩", "openid": "1ADE7C65DFA7373C8DEC4B7477E636A1", "played": "16", "rating": "5.60", "total_kill": "40", "win_rate": "0.6250", "xpm": "862" },
    { "avg_assist": "5.94", "avg_bekill": "2.19", "avg_kill": "0.69", "gpm": "420", "kda": "5.03", "name": "RNGM.一笑", "openid": "994A5DE11D0CE4FA9E698DECE3DC22D2", "played": "16", "rating": "5.60", "total_kill": "11", "win_rate": "0.6250", "xpm": "799" },
    { "avg_assist": "3.81", "avg_bekill": "2.12", "avg_kill": "1.88", "gpm": "641", "kda": "4.24", "name": "RNGM.虔诚", "openid": "F1BCCA006C3701F765FD5D8AE9DC349F", "played": "16", "rating": "5.60", "total_kill": "30", "win_rate": "0.6250", "xpm": "899" },
    { "avg_assist": "4.85", "avg_bekill": "2.15", "avg_kill": "3.23", "gpm": "537", "kda": "4.61", "name": "Jc丶怼怼", "openid": "09059D196CF06A3C755C2E0393E899B6", "played": "13", "rating": "5.60", "total_kill": "42", "win_rate": "0.5385", "xpm": "726" },
    { "avg_assist": "4.85", "avg_bekill": "2.31", "avg_kill": "2.38", "gpm": "532", "kda": "4.93", "name": "Jc丶青浪", "openid": "6EF57E102F9A23CC825DDC1ED5D55F3B", "played": "13", "rating": "5.60", "total_kill": "31", "win_rate": "0.5385", "xpm": "703" },
    { "avg_assist": "1.23", "avg_bekill": "1.69", "avg_kill": "1.77", "gpm": "630", "kda": "2.29", "name": "RNGM.阿杰", "openid": "BBB9B79E349F28B481CB9C9D2583CE91", "played": "13", "rating": "5.60", "total_kill": "23", "win_rate": "0.6923", "xpm": "886" },
    { "avg_assist": "4.69", "avg_bekill": "2.00", "avg_kill": "3.23", "gpm": "617", "kda": "5.14", "name": "Jc丶鬼迷", "openid": "6434A30A244B160C172DF4C6758754D5", "played": "13", "rating": "5.60", "total_kill": "42", "win_rate": "0.5385", "xpm": "723" },
    { "avg_assist": "7.15", "avg_bekill": "2.23", "avg_kill": "1.23", "gpm": "414", "kda": "5.12", "name": "Jc丶老王", "openid": "1C794E7920EBA8B92C81BC5FA9E4C864", "played": "13", "rating": "5.60", "total_kill": "16", "win_rate": "0.5385", "xpm": "669" },
    { "avg_assist": "4.31", "avg_bekill": "2.54", "avg_kill": "2.31", "gpm": "572", "kda": "3.05", "name": "Jc丶倾城", "openid": "C9370DD54FF93F6FC7FFB078FDC7CD17", "played": "13", "rating": "5.60", "total_kill": "30", "win_rate": "0.5385", "xpm": "711" },
    { "avg_assist": "6.73", "avg_bekill": "2.91", "avg_kill": "1.91", "gpm": "504", "kda": "3.47", "name": "LGD.若念", "openid": "41001721F191EEA3C3EDED385B89CBE6", "played": "11", "rating": "5.60", "total_kill": "21", "win_rate": "0.5455", "xpm": "791" },
    { "avg_assist": "4.64", "avg_bekill": "3.00", "avg_kill": "2.18", "gpm": "598", "kda": "2.65", "name": "LGD.boy", "openid": "249FA039D369E57B01FFAD2D57C4C78D", "played": "11", "rating": "5.60", "total_kill": "24", "win_rate": "0.5455", "xpm": "804" },
    { "avg_assist": "4.27", "avg_bekill": "1.91", "avg_kill": "4.45", "gpm": "644", "kda": "5.27", "name": "LGD.miracle", "openid": "F2FA495E4C353EFFBABAE92BA4B5F360", "played": "11", "rating": "5.60", "total_kill": "49", "win_rate": "0.5455", "xpm": "829" },
    { "avg_assist": "6.64", "avg_bekill": "2.55", "avg_kill": "3.45", "gpm": "517", "kda": "5.26", "name": "LGD.离落", "openid": "00F74B787710C97916B3A322EE977B49", "played": "11", "rating": "5.60", "total_kill": "38", "win_rate": "0.5455", "xpm": "803" },
    { "avg_assist": "8.27", "avg_bekill": "2.91", "avg_kill": "0.91", "gpm": "425", "kda": "4.24", "name": "LGD.SR", "openid": "62654C39422F53DEEDC0B065CEB0DE29", "played": "11", "rating": "5.60", "total_kill": "10", "win_rate": "0.5455", "xpm": "757" },
    { "avg_assist": "4.20", "avg_bekill": "1.00", "avg_kill": "3.50", "gpm": "634", "kda": "7.40", "name": "EDGM.初晨", "openid": "65907C634614595853DF76D9708F0E04", "played": "10", "rating": "5.60", "total_kill": "35", "win_rate": "0.5000", "xpm": "913" },
    { "avg_assist": "4.60", "avg_bekill": "1.30", "avg_kill": "1.90", "gpm": "616", "kda": "4.95", "name": "XQ丶7Kill", "openid": "7FE605FBDCC926A0693240C7F397E6EA", "played": "10", "rating": "5.60", "total_kill": "19", "win_rate": "0.5000", "xpm": "843" },
    { "avg_assist": "3.10", "avg_bekill": "1.90", "avg_kill": "2.80", "gpm": "558", "kda": "3.81", "name": "EDGM.阿澈", "openid": "BDA5D3D8B600DC8ACD800F77FFE41BE0", "played": "10", "rating": "5.60", "total_kill": "28", "win_rate": "0.5000", "xpm": "834" },
    { "avg_assist": "8.70", "avg_bekill": "1.30", "avg_kill": "0.50", "gpm": "418", "kda": "7.15", "name": "XQ丶诺诺", "openid": "5BF2FD387C9E1F2DA09BD89153DD6E5E", "played": "10", "rating": "5.60", "total_kill": "5", "win_rate": "0.5000", "xpm": "755" },
    { "avg_assist": "4.60", "avg_bekill": "1.70", "avg_kill": "1.80", "gpm": "493", "kda": "4.17", "name": "EDGM.浪浪", "openid": "B58E5BEB1CAC18ADF1300F9877348CA4", "played": "10", "rating": "5.60", "total_kill": "18", "win_rate": "0.5000", "xpm": "810" },
    { "avg_assist": "5.10", "avg_bekill": "1.40", "avg_kill": "3.60", "gpm": "601", "kda": "6.73", "name": "XQ丶Knight", "openid": "F1879E53B94BDF4D6FBD03A70DA53E53", "played": "10", "rating": "5.60", "total_kill": "36", "win_rate": "0.5000", "xpm": "870" },
    { "avg_assist": "5.20", "avg_bekill": "1.90", "avg_kill": "3.60", "gpm": "515", "kda": "4.92", "name": "XQ丶放纵", "openid": "1C57C0E4D7C8E2731335B8CAF5B6890F", "played": "10", "rating": "5.60", "total_kill": "36", "win_rate": "0.5000", "xpm": "794" },
    { "avg_assist": "3.30", "avg_bekill": "2.60", "avg_kill": "1.40", "gpm": "552", "kda": "2.48", "name": "EDGM.阿楚", "openid": "B24AE898D77397EFB00E1CA9BC8C9E61", "played": "10", "rating": "5.60", "total_kill": "14", "win_rate": "0.5000", "xpm": "859" },
    { "avg_assist": "6.70", "avg_bekill": "2.20", "avg_kill": "2.60", "gpm": "529", "kda": "5.62", "name": "XQ丶AT", "openid": "A552A28278B83C89BC2AB49D287CCF74", "played": "10", "rating": "5.60", "total_kill": "26", "win_rate": "0.5000", "xpm": "825" },
    { "avg_assist": "6.10", "avg_bekill": "1.00", "avg_kill": "0.50", "gpm": "425", "kda": "5.78", "name": "EDGM.PJJ", "openid": "C01ECCCEA8C5A9BFFC3A3347F143CCF8", "played": "10", "rating": "5.60", "total_kill": "5", "win_rate": "0.5000", "xpm": "773" },
    { "avg_assist": "3.38", "avg_bekill": "2.25", "avg_kill": "2.00", "gpm": "576", "kda": "3.91", "name": "EP.小怪兽", "openid": "07B4EDF3EDFFE6EAA8EE349D3BADB4CF", "played": "8", "rating": "5.60", "total_kill": "16", "win_rate": "0.3750", "xpm": "742" },
    { "avg_assist": "2.88", "avg_bekill": "2.88", "avg_kill": "2.50", "gpm": "544", "kda": "3.18", "name": "EP.有梦", "openid": "961A6863B8E594DD4FC7E120890BF0BE", "played": "8", "rating": "5.60", "total_kill": "20", "win_rate": "0.3750", "xpm": "726" },
    { "avg_assist": "4.00", "avg_bekill": "2.00", "avg_kill": "2.00", "gpm": "505", "kda": "3.82", "name": "EP.心醉", "openid": "03C692C2132AAF22135204F4A4F5B87F", "played": "8", "rating": "5.60", "total_kill": "16", "win_rate": "0.3750", "xpm": "708" },
    { "avg_assist": "2.62", "avg_bekill": "2.62", "avg_kill": "1.12", "gpm": "579", "kda": "1.98", "name": "EP.浩然", "openid": "80A489A92A48E4A560E240EB6926360D", "played": "8", "rating": "5.60", "total_kill": "9", "win_rate": "0.3750", "xpm": "734" },
    { "avg_assist": "5.12", "avg_bekill": "2.50", "avg_kill": "1.12", "gpm": "428", "kda": "3.20", "name": "EP.苏帝", "openid": "7F290E0A9187060C544DB344FF7A2167", "played": "8", "rating": "5.60", "total_kill": "9", "win_rate": "0.3750", "xpm": "697" },
    { "avg_assist": "4.40", "avg_bekill": "3.20", "avg_kill": "3.60", "gpm": "562", "kda": "4.31", "name": "BA黑凤梨.六点六", "openid": "38A1A5401569451A53BCA340154E5B3B", "played": "5", "rating": "5.60", "total_kill": "18", "win_rate": "0.4000", "xpm": "602" },
    { "avg_assist": "2.20", "avg_bekill": "3.40", "avg_kill": "4.20", "gpm": "548", "kda": "2.18", "name": "BA黑凤梨.居居", "openid": "9EF5FFA1B24C530E143325B3058D16C1", "played": "5", "rating": "5.60", "total_kill": "21", "win_rate": "0.4000", "xpm": "598" },
    { "avg_assist": "3.80", "avg_bekill": "2.00", "avg_kill": "2.20", "gpm": "577", "kda": "3.90", "name": "BA黑凤梨.小兽", "openid": "F3E08E1AC058EC52B27CFD04D7FD24A1", "played": "5", "rating": "5.60", "total_kill": "11", "win_rate": "0.4000", "xpm": "599" },
    { "avg_assist": "2.75", "avg_bekill": "2.25", "avg_kill": "0.50", "gpm": "403", "kda": "1.46", "name": "AG超玩会.月痕", "openid": "128CE25D8E57F245975656BC5218F16A", "played": "4", "rating": "5.60", "total_kill": "2", "win_rate": "0.2500", "xpm": "730" },
    { "avg_assist": "6.50", "avg_bekill": "1.75", "avg_kill": "0.50", "gpm": "440", "kda": "6.06", "name": "YTG丶落幕", "openid": "9EABDFC2F259BCDBADECD4D3AFBAAB65", "played": "4", "rating": "5.60", "total_kill": "2", "win_rate": "0.2500", "xpm": "755" },
    { "avg_assist": "3.00", "avg_bekill": "3.50", "avg_kill": "1.75", "gpm": "500", "kda": "1.98", "name": "AG超玩会.梦泪", "openid": "43062C3D029AD48A789256BE11349345", "played": "4", "rating": "5.60", "total_kill": "7", "win_rate": "0.2500", "xpm": "869" },
    { "avg_assist": "3.75", "avg_bekill": "2.25", "avg_kill": "4.00", "gpm": "523", "kda": "4.83", "name": "DVG.几迟", "openid": "0F6759BF34B0FD288069B7C4E3AA7966", "played": "4", "rating": "5.60", "total_kill": "16", "win_rate": "0.2500", "xpm": "707" },
    { "avg_assist": "4.00", "avg_bekill": "3.00", "avg_kill": "1.25", "gpm": "557", "kda": "2.89", "name": "DVG.七罪", "openid": "C8E16253F577E213B1FB389FF96E2402", "played": "4", "rating": "5.60", "total_kill": "5", "win_rate": "0.2500", "xpm": "709" },
    { "avg_assist": "5.50", "avg_bekill": "3.25", "avg_kill": "3.75", "gpm": "562", "kda": "3.92", "name": "YTG丶夏天", "openid": "7F7B2244B823795821247DD45B7572FD", "played": "4", "rating": "5.60", "total_kill": "15", "win_rate": "0.2500", "xpm": "840" },
    { "avg_assist": "1.75", "avg_bekill": "2.00", "avg_kill": "1.00", "gpm": "551", "kda": "1.69", "name": "AG超玩会.流苏", "openid": "3FFE05BEA4AD9D60F6FADB671B7C805F", "played": "4", "rating": "5.60", "total_kill": "4", "win_rate": "0.2500", "xpm": "853" },
    { "avg_assist": "5.25", "avg_bekill": "2.50", "avg_kill": "2.25", "gpm": "581", "kda": "4.62", "name": "DVG.Evildoer", "openid": "372D6C9C98009EDA40C3965ED57B369E", "played": "4", "rating": "5.60", "total_kill": "9", "win_rate": "0.2500", "xpm": "727" },
    { "avg_assist": "4.50", "avg_bekill": "2.75", "avg_kill": "2.25", "gpm": "551", "kda": "3.26", "name": "YTG丶茶", "openid": "54079F360AAF7A740D4B8E3C87689841", "played": "4", "rating": "5.60", "total_kill": "9", "win_rate": "0.2500", "xpm": "804" },
    { "avg_assist": "2.50", "avg_bekill": "3.00", "avg_kill": "1.25", "gpm": "570", "kda": "1.19", "name": "AG超玩会.Vv", "openid": "30936661D0227A5A83DC27246BAE9AD6", "played": "4", "rating": "5.60", "total_kill": "5", "win_rate": "0.2500", "xpm": "882" },
    { "avg_assist": "4.50", "avg_bekill": "3.25", "avg_kill": "1.75", "gpm": "541", "kda": "2.92", "name": "YTG丶路西法", "openid": "B0CDF2F5F1199932608F6B65DC23DE54", "played": "4", "rating": "5.60", "total_kill": "7", "win_rate": "0.2500", "xpm": "794" },
    { "avg_assist": "2.50", "avg_bekill": "1.75", "avg_kill": "2.00", "gpm": "552", "kda": "3.12", "name": "AG超玩会.老帅", "openid": "B3291E44A69302A28C6D9343BDE8181A", "played": "4", "rating": "5.60", "total_kill": "8", "win_rate": "0.2500", "xpm": "844" },
    { "avg_assist": "8.50", "avg_bekill": "2.00", "avg_kill": "0.25", "gpm": "423", "kda": "7.05", "name": "DVG.Summer", "openid": "1401F3A9B627220039141B6588C8DFE1", "played": "4", "rating": "5.60", "total_kill": "1", "win_rate": "0.2500", "xpm": "685" },
    { "avg_assist": "2.50", "avg_bekill": "2.25", "avg_kill": "4.00", "gpm": "534", "kda": "3.17", "name": "DVG.Shadow", "openid": "D4918DFE4F982F2FB6DA621E11DF3A67", "played": "4", "rating": "5.60", "total_kill": "16", "win_rate": "0.2500", "xpm": "718" },
    { "avg_assist": "4.00", "avg_bekill": "2.00", "avg_kill": "2.33", "gpm": "600", "kda": "3.58", "name": "RNGM.凉晨", "openid": "5BD6D8E9DEB9362CC60A568244A18625", "played": "3", "rating": "5.60", "total_kill": "7", "win_rate": "0.3333", "xpm": "825" },
    { "avg_assist": "3.67", "avg_bekill": "3.67", "avg_kill": "2.00", "gpm": "584", "kda": "2.03", "name": "sViper.输出", "openid": "55AAFDD722B74557DB02A8E1639C5C88", "played": "3", "rating": "5.60", "total_kill": "6", "win_rate": "0.0000", "xpm": "757" },
    { "avg_assist": "2.00", "avg_bekill": "5.00", "avg_kill": "0.67", "gpm": "399", "kda": "0.51", "name": "AS仙阁.Roar", "openid": "2FC298FEA39BD69A8DD9E1766641047C", "played": "3", "rating": "5.60", "total_kill": "2", "win_rate": "0.0000", "xpm": "764" },
    { "avg_assist": "2.67", "avg_bekill": "3.00", "avg_kill": "0.00", "gpm": "365", "kda": "0.89", "name": "GK.胖墩", "openid": "D524EC63CD87275ED44EFB2C898E0360", "played": "3", "rating": "5.60", "total_kill": "0", "win_rate": "0.0000", "xpm": "689" },
    { "avg_assist": "3.33", "avg_bekill": "2.00", "avg_kill": "0.67", "gpm": "546", "kda": "2.83", "name": "sViper.潇洒", "openid": "C71DB3548688A4A066DE5B7365FAC9E6", "played": "3", "rating": "5.60", "total_kill": "2", "win_rate": "0.0000", "xpm": "757" },
    { "avg_assist": "2.67", "avg_bekill": "2.67", "avg_kill": "0.33", "gpm": "379", "kda": "1.28", "name": "AS仙阁.小羽", "openid": "FC487397157DFEB11C3F282A1BAECADB", "played": "3", "rating": "5.60", "total_kill": "1", "win_rate": "0.0000", "xpm": "719" },
    { "avg_assist": "1.00", "avg_bekill": "3.67", "avg_kill": "2.00", "gpm": "476", "kda": "0.94", "name": "SC.XJ", "openid": "B0DF44CCFB6BE994F0450C18270FEB79", "played": "3", "rating": "5.60", "total_kill": "6", "win_rate": "0.0000", "xpm": "803" },
    { "avg_assist": "5.00", "avg_bekill": "3.00", "avg_kill": "3.33", "gpm": "553", "kda": "4.33", "name": "sViper.兰博", "openid": "0F2A0F2AA49BB736011577700791E3BA", "played": "3", "rating": "5.60", "total_kill": "10", "win_rate": "0.0000", "xpm": "736" },
    { "avg_assist": "1.00", "avg_bekill": "4.67", "avg_kill": "1.00", "gpm": "446", "kda": "0.43", "name": "GK.黄大仙", "openid": "AAF56DF8B57DDF439561DE5FA824035C", "played": "3", "rating": "5.60", "total_kill": "3", "win_rate": "0.0000", "xpm": "813" },
    { "avg_assist": "3.00", "avg_bekill": "3.67", "avg_kill": "2.67", "gpm": "465", "kda": "1.47", "name": "sViper.笑煮", "openid": "BF9DFCA9A5F4DECD44E62AF037E1E527", "played": "3", "rating": "5.60", "total_kill": "8", "win_rate": "0.0000", "xpm": "692" },
    { "avg_assist": "1.33", "avg_bekill": "1.00", "avg_kill": "1.33", "gpm": "570", "kda": "2.33", "name": "AS仙阁.雨雨", "openid": "F87C373893FEE91FC263955B00CA3D0B", "played": "3", "rating": "5.60", "total_kill": "4", "win_rate": "0.0000", "xpm": "796" },
    { "avg_assist": "0.33", "avg_bekill": "3.67", "avg_kill": "1.33", "gpm": "487", "kda": "0.87", "name": "GK.未央", "openid": "FF015A729A354D88C932FB379A94F347", "played": "3", "rating": "5.60", "total_kill": "4", "win_rate": "0.0000", "xpm": "808" },
    { "avg_assist": "2.00", "avg_bekill": "4.33", "avg_kill": "0.67", "gpm": "339", "kda": "0.61", "name": "SC丶多情", "openid": "A14825E492492CBCED5892B5406EE7E5", "played": "3", "rating": "5.60", "total_kill": "2", "win_rate": "0.0000", "xpm": "689" },
    { "avg_assist": "0.33", "avg_bekill": "3.00", "avg_kill": "0.67", "gpm": "520", "kda": "0.33", "name": "SC丶凌斗", "openid": "BB703C83D02811F952CEDA140D17582F", "played": "3", "rating": "5.60", "total_kill": "2", "win_rate": "0.0000", "xpm": "807" },
    { "avg_assist": "1.67", "avg_bekill": "4.33", "avg_kill": "2.67", "gpm": "532", "kda": "0.97", "name": "GK.迷神", "openid": "5023AD9F6841811669BD74413DDD8A60", "played": "3", "rating": "5.60", "total_kill": "8", "win_rate": "0.0000", "xpm": "873" },
    { "avg_assist": "4.67", "avg_bekill": "2.67", "avg_kill": "1.67", "gpm": "424", "kda": "2.56", "name": "sViper.百年", "openid": "B9D6764FA105D5EFBF130E0B57FA55DD", "played": "3", "rating": "5.60", "total_kill": "5", "win_rate": "0.0000", "xpm": "679" },
    { "avg_assist": "1.33", "avg_bekill": "2.67", "avg_kill": "0.67", "gpm": "553", "kda": "1.56", "name": "AS仙阁.无痕", "openid": "48042210647B57C4BC3D6867F1934705", "played": "3", "rating": "5.60", "total_kill": "2", "win_rate": "0.0000", "xpm": "785" },
    { "avg_assist": "2.67", "avg_bekill": "3.33", "avg_kill": "0.67", "gpm": "486", "kda": "1.00", "name": "GK.淤青", "openid": "F74B10E1D290EF2213BFA2979238B3B2", "played": "3", "rating": "5.60", "total_kill": "2", "win_rate": "0.0000", "xpm": "794" },
    { "avg_assist": "2.67", "avg_bekill": "2.67", "avg_kill": "1.00", "gpm": "513", "kda": "1.17", "name": "SC丶王子", "openid": "92CD9B43700546FF91CCE9B6F94519BC", "played": "3", "rating": "5.60", "total_kill": "3", "win_rate": "0.0000", "xpm": "830" },
    { "avg_assist": "5.00", "avg_bekill": "4.00", "avg_kill": "0.33", "gpm": "382", "kda": "1.90", "name": "BA黑凤梨.初冬", "openid": "52DF02A577817ED601EF3229118935FA", "played": "3", "rating": "5.60", "total_kill": "1", "win_rate": "0.3333", "xpm": "466" },
    { "avg_assist": "2.67", "avg_bekill": "2.67", "avg_kill": "0.67", "gpm": "481", "kda": "1.22", "name": "SC丶安然", "openid": "B1510934B4CEB391610D9B817C6C369C", "played": "3", "rating": "5.60", "total_kill": "2", "win_rate": "0.0000", "xpm": "805" },
    { "avg_assist": "4.00", "avg_bekill": "3.00", "avg_kill": "0.67", "gpm": "494", "kda": "1.63", "name": "BA黑凤梨.小剑", "openid": "AE1143A24050713B348441573E740EC8", "played": "3", "rating": "5.60", "total_kill": "2", "win_rate": "0.3333", "xpm": "486" },
    { "avg_assist": "3.00", "avg_bekill": "2.67", "avg_kill": "3.33", "gpm": "571", "kda": "2.47", "name": "YTG丶天明", "openid": "058506C735A0DBD8A03F11380393C811", "played": "3", "rating": "5.60", "total_kill": "10", "win_rate": "0.3333", "xpm": "808" },
    { "avg_assist": "6.50", "avg_bekill": "3.50", "avg_kill": "0.50", "gpm": "371", "kda": "2.75", "name": "BA.wolf", "openid": "653D8A48B55EFF423F8F21CB23013595", "played": "2", "rating": "5.60", "total_kill": "1", "win_rate": "0.5000", "xpm": "788" },
    { "avg_assist": "4.50", "avg_bekill": "2.50", "avg_kill": "2.50", "gpm": "454", "kda": "3.08", "name": "BA.FeiFei", "openid": "F3C21AE3A9B7371902FC174BBA369DE1", "played": "2", "rating": "5.60", "total_kill": "5", "win_rate": "0.5000", "xpm": "842" },
    { "avg_assist": "2.50", "avg_bekill": "1.50", "avg_kill": "0.50", "gpm": "482", "kda": "2.75", "name": "AS仙阁.辰鬼", "openid": "19E601CE35FD6E041F9A115B2306D38C", "played": "2", "rating": "5.60", "total_kill": "1", "win_rate": "0.0000", "xpm": "757" },
    { "avg_assist": "1.00", "avg_bekill": "3.00", "avg_kill": "1.00", "gpm": "460", "kda": "0.67", "name": "AS仙阁.神男", "openid": "25ED3F5BF20F451D25316874FC6AD823", "played": "1", "rating": "5.60", "total_kill": "1", "win_rate": "0.0000", "xpm": "791" },
    { "avg_assist": "2.00", "avg_bekill": "2.00", "avg_kill": "0.00", "gpm": "490", "kda": "1.00", "name": "YTG丶英噗", "openid": "BF2950D8020D9506029AE9DB9B103FF5", "played": "1", "rating": "5.60", "total_kill": "0", "win_rate": "0.0000", "xpm": "807" }
]