[
    { "ban_heros": "140|121|134", "camp": "2", "game_label": "117401", "game_time": "2017-07-27 17:04:47", "is_win": "1", "kill_cnt": "22", "pick_heros": "157|173|139|113|123", "team_id": "26", "team_name": "EDG.M" },
    { "ban_heros": "146|189|128", "camp": "1", "game_label": "117401", "game_time": "2017-07-27 17:04:47", "is_win": "0", "kill_cnt": "8", "pick_heros": "154|171|178|132|141", "team_id": "27", "team_name": "GK" },
    { "ban_heros": "134|121|140", "camp": "1", "game_label": "117401", "game_time": "2017-07-27 17:31:43", "is_win": "1", "kill_cnt": "14", "pick_heros": "173|190|118|178|139", "team_id": "26", "team_name": "EDG.M" },
    { "ban_heros": "146|189|157", "camp": "2", "game_label": "117401", "game_time": "2017-07-27 17:31:43", "is_win": "0", "kill_cnt": "4", "pick_heros": "154|128|171|132|119", "team_id": "27", "team_name": "GK" },
    { "ban_heros": "140|121|134", "camp": "2", "game_label": "117401", "game_time": "2017-07-27 17:56:47", "is_win": "1", "kill_cnt": "21", "pick_heros": "154|157|113|139|116", "team_id": "26", "team_name": "EDG.M" },
    { "ban_heros": "146|189|128", "camp": "1", "game_label": "117401", "game_time": "2017-07-27 17:56:47", "is_win": "0", "kill_cnt": "5", "pick_heros": "173|178|118|123|190", "team_id": "27", "team_name": "GK" },
    { "ban_heros": "146|178|128", "camp": "1", "game_label": "117402", "game_time": "2017-07-27 19:24:58", "is_win": "0", "kill_cnt": "13", "pick_heros": "154|113|134|115|174", "team_id": "18", "team_name": "sViper" },
    { "ban_heros": "140|121|189", "camp": "2", "game_label": "117402", "game_time": "2017-07-27 19:24:58", "is_win": "1", "kill_cnt": "15", "pick_heros": "190|139|132|171|130", "team_id": "25", "team_name": "QGhappy" },
    { "ban_heros": "146|140|178", "camp": "2", "game_label": "117402", "game_time": "2017-07-27 19:52:09", "is_win": "0", "kill_cnt": "12", "pick_heros": "139|134|113|174|110", "team_id": "18", "team_name": "sViper" },
    { "ban_heros": "189|154|121", "camp": "1", "game_label": "117402", "game_time": "2017-07-27 19:52:09", "is_win": "1", "kill_cnt": "12", "pick_heros": "128|190|173|123|148", "team_id": "25", "team_name": "QGhappy" },
    { "ban_heros": "146|178|128", "camp": "1", "game_label": "117402", "game_time": "2017-07-27 20:30:00", "is_win": "0", "kill_cnt": "6", "pick_heros": "140|134|171|132|115", "team_id": "18", "team_name": "sViper" },
    { "ban_heros": "189|121|113", "camp": "2", "game_label": "117402", "game_time": "2017-07-27 20:30:00", "is_win": "1", "kill_cnt": "18", "pick_heros": "190|154|173|139|148", "team_id": "25", "team_name": "QGhappy" },
    { "ban_heros": "140|173|121", "camp": "2", "game_label": "117403", "game_time": "2017-07-28 16:51:50", "is_win": "0", "kill_cnt": "14", "pick_heros": "190|154|168|178|162", "team_id": "28", "team_name": "JC" },
    { "ban_heros": "134|189|139", "camp": "1", "game_label": "117403", "game_time": "2017-07-28 16:51:50", "is_win": "1", "kill_cnt": "11", "pick_heros": "128|146|174|171|131", "team_id": "32", "team_name": "BA黑凤梨" },
    { "ban_heros": "146|173|121", "camp": "1", "game_label": "117403", "game_time": "2017-07-28 17:29:22", "is_win": "1", "kill_cnt": "11", "pick_heros": "128|171|174|157|116", "team_id": "28", "team_name": "JC" },
    { "ban_heros": "134|189|140", "camp": "2", "game_label": "117403", "game_time": "2017-07-28 17:29:22", "is_win": "0", "kill_cnt": "6", "pick_heros": "139|190|178|132|168", "team_id": "32", "team_name": "BA黑凤梨" },
    { "ban_heros": "140|146|189", "camp": "2", "game_label": "117403", "game_time": "2017-07-28 17:56:59", "is_win": "0", "kill_cnt": "8", "pick_heros": "157|128|173|123|113", "team_id": "28", "team_name": "JC" },
    { "ban_heros": "134|116|190", "camp": "1", "game_label": "117403", "game_time": "2017-07-28 17:56:59", "is_win": "1", "kill_cnt": "17", "pick_heros": "121|171|154|178|132", "team_id": "32", "team_name": "BA黑凤梨" },
    { "ban_heros": "146|140|121", "camp": "1", "game_label": "117403", "game_time": "2017-07-28 18:37:00", "is_win": "1", "kill_cnt": "19", "pick_heros": "128|171|178|133|157", "team_id": "28", "team_name": "JC" },
    { "ban_heros": "134|116|189", "camp": "2", "game_label": "117403", "game_time": "2017-07-28 18:37:00", "is_win": "0", "kill_cnt": "7", "pick_heros": "154|190|173|123|187", "team_id": "32", "team_name": "BA黑凤梨" },
    { "ban_heros": "121|146|189", "camp": "2", "game_label": "117403", "game_time": "2017-07-28 19:06:13", "is_win": "1", "kill_cnt": "24", "pick_heros": "157|171|163|139|133", "team_id": "28", "team_name": "JC" },
    { "ban_heros": "134|116|190", "camp": "1", "game_label": "117403", "game_time": "2017-07-28 19:06:13", "is_win": "0", "kill_cnt": "18", "pick_heros": "140|128|178|132|148", "team_id": "32", "team_name": "BA黑凤梨" },
    { "ban_heros": "154|173|116", "camp": "1", "game_label": "117404", "game_time": "2017-07-28 20:51:30", "is_win": "1", "kill_cnt": "16", "pick_heros": "128|134|171|111|157", "team_id": "21", "team_name": "DVG" },
    { "ban_heros": "121|140|189", "camp": "2", "game_label": "117404", "game_time": "2017-07-28 20:51:30", "is_win": "0", "kill_cnt": "4", "pick_heros": "146|139|178|113|174", "team_id": "30", "team_name": "EP" },
    { "ban_heros": "154|116|121", "camp": "2", "game_label": "117404", "game_time": "2017-07-28 21:20:25", "is_win": "0", "kill_cnt": "7", "pick_heros": "171|128|134|133|190", "team_id": "21", "team_name": "DVG" },
    { "ban_heros": "146|140|189", "camp": "1", "game_label": "117404", "game_time": "2017-07-28 21:20:25", "is_win": "1", "kill_cnt": "14", "pick_heros": "173|139|157|178|113", "team_id": "30", "team_name": "EP" },
    { "ban_heros": "154|173|113", "camp": "1", "game_label": "117404", "game_time": "2017-07-28 21:56:03", "is_win": "0", "kill_cnt": "18", "pick_heros": "116|157|128|123|118", "team_id": "21", "team_name": "DVG" },
    { "ban_heros": "140|121|189", "camp": "2", "game_label": "117404", "game_time": "2017-07-28 21:56:03", "is_win": "1", "kill_cnt": "14", "pick_heros": "146|139|171|134|174", "team_id": "30", "team_name": "EP" },
    { "ban_heros": "154|173|121", "camp": "2", "game_label": "117404", "game_time": "2017-07-28 22:41:43", "is_win": "0", "kill_cnt": "6", "pick_heros": "139|128|113|118|111", "team_id": "21", "team_name": "DVG" },
    { "ban_heros": "140|146|189", "camp": "1", "game_label": "117404", "game_time": "2017-07-28 22:41:43", "is_win": "1", "kill_cnt": "16", "pick_heros": "157|134|132|116|178", "team_id": "30", "team_name": "EP" },
    { "ban_heros": "154|139|133", "camp": "1", "game_label": "117405", "game_time": "2017-07-29 16:51:53", "is_win": "1", "kill_cnt": "12", "pick_heros": "173|134|178|157|168", "team_id": "31", "team_name": "YTG" },
    { "ban_heros": "189|121|140", "camp": "2", "game_label": "117405", "game_time": "2017-07-29 16:51:53", "is_win": "0", "kill_cnt": "4", "pick_heros": "128|190|132|171|130", "team_id": "35", "team_name": "LGD" },
    { "ban_heros": "139|140|121", "camp": "2", "game_label": "117405", "game_time": "2017-07-29 17:20:47", "is_win": "0", "kill_cnt": "19", "pick_heros": "128|190|178|133|168", "team_id": "31", "team_name": "YTG" },
    { "ban_heros": "173|187|189", "camp": "1", "game_label": "117405", "game_time": "2017-07-29 17:20:47", "is_win": "1", "kill_cnt": "22", "pick_heros": "154|118|134|123|141", "team_id": "35", "team_name": "LGD" },
    { "ban_heros": "154|139|134", "camp": "1", "game_label": "117405", "game_time": "2017-07-29 17:57:10", "is_win": "0", "kill_cnt": "5", "pick_heros": "173|118|190|123|146", "team_id": "31", "team_name": "YTG" },
    { "ban_heros": "189|121|140", "camp": "2", "game_label": "117405", "game_time": "2017-07-29 17:57:10", "is_win": "1", "kill_cnt": "15", "pick_heros": "178|128|133|171|157", "team_id": "35", "team_name": "LGD" },
    { "ban_heros": "121|154|189", "camp": "2", "game_label": "117405", "game_time": "2017-07-29 18:31:51", "is_win": "0", "kill_cnt": "7", "pick_heros": "133|134|116|168|157", "team_id": "31", "team_name": "YTG" },
    { "ban_heros": "128|140|178", "camp": "1", "game_label": "117405", "game_time": "2017-07-29 18:31:51", "is_win": "1", "kill_cnt": "12", "pick_heros": "139|190|171|113|173", "team_id": "35", "team_name": "LGD" },
    { "ban_heros": "132|189|134", "camp": "1", "game_label": "117406", "game_time": "2017-07-29 19:43:51", "is_win": "1", "kill_cnt": "10", "pick_heros": "121|128|154|162|171", "team_id": "13", "team_name": "eStar" },
    { "ban_heros": "146|173|139", "camp": "2", "game_label": "117406", "game_time": "2017-07-29 19:43:51", "is_win": "0", "kill_cnt": "6", "pick_heros": "140|157|118|178|133", "team_id": "22", "team_name": "AS仙阁" },
    { "ban_heros": "121|134|189", "camp": "2", "game_label": "117406", "game_time": "2017-07-29 20:20:31", "is_win": "1", "kill_cnt": "15", "pick_heros": "154|140|162|118|115", "team_id": "13", "team_name": "eStar" },
    { "ban_heros": "146|139|173", "camp": "1", "game_label": "117406", "game_time": "2017-07-29 20:20:31", "is_win": "0", "kill_cnt": "2", "pick_heros": "128|132|113|167|190", "team_id": "22", "team_name": "AS仙阁" },
    { "ban_heros": "134|189|132", "camp": "1", "game_label": "117406", "game_time": "2017-07-29 20:54:44", "is_win": "1", "kill_cnt": "15", "pick_heros": "139|157|162|123|171", "team_id": "13", "team_name": "eStar" },
    { "ban_heros": "146|121|173", "camp": "2", "game_label": "117406", "game_time": "2017-07-29 20:54:44", "is_win": "0", "kill_cnt": "3", "pick_heros": "154|128|115|118|167", "team_id": "22", "team_name": "AS仙阁" },
    { "ban_heros": "140|189|116", "camp": "1", "game_label": "117407", "game_time": "2017-07-30 16:50:56", "is_win": "0", "kill_cnt": "10", "pick_heros": "128|178|174|115|113", "team_id": "20", "team_name": "SC" },
    { "ban_heros": "121|157|173", "camp": "2", "game_label": "117407", "game_time": "2017-07-30 16:50:56", "is_win": "1", "kill_cnt": "17", "pick_heros": "190|154|171|134|132", "team_id": "38", "team_name": "RNG.M" },
    { "ban_heros": "121|140|154", "camp": "2", "game_label": "117407", "game_time": "2017-07-30 17:24:53", "is_win": "0", "kill_cnt": "4", "pick_heros": "178|189|111|190|123", "team_id": "20", "team_name": "SC" },
    { "ban_heros": "173|128|157", "camp": "1", "game_label": "117407", "game_time": "2017-07-30 17:24:53", "is_win": "1", "kill_cnt": "16", "pick_heros": "116|174|139|146|113", "team_id": "38", "team_name": "RNG.M" },
    { "ban_heros": "140|189|154", "camp": "1", "game_label": "117407", "game_time": "2017-07-30 17:54:24", "is_win": "0", "kill_cnt": "1", "pick_heros": "116|174|171|141|123", "team_id": "20", "team_name": "SC" },
    { "ban_heros": "121|173|157", "camp": "2", "game_label": "117407", "game_time": "2017-07-30 17:54:24", "is_win": "1", "kill_cnt": "16", "pick_heros": "128|190|178|139|118", "team_id": "38", "team_name": "RNG.M" },
    { "ban_heros": "189|134|140", "camp": "2", "game_label": "117408", "game_time": "2017-07-30 19:12:00", "is_win": "0", "kill_cnt": "3", "pick_heros": "178|174|171|154|190", "team_id": "12", "team_name": "AG超玩会" },
    { "ban_heros": "131|116|173", "camp": "1", "game_label": "117408", "game_time": "2017-07-30 19:12:00", "is_win": "1", "kill_cnt": "10", "pick_heros": "121|157|146|111|113", "team_id": "15", "team_name": "XQ" },
    { "ban_heros": "134|121|113", "camp": "1", "game_label": "117408", "game_time": "2017-07-30 19:38:30", "is_win": "1", "kill_cnt": "9", "pick_heros": "139|118|190|116|128", "team_id": "12", "team_name": "AG超玩会" },
    { "ban_heros": "131|140|189", "camp": "2", "game_label": "117408", "game_time": "2017-07-30 19:38:30", "is_win": "0", "kill_cnt": "6", "pick_heros": "154|173|157|178|171", "team_id": "15", "team_name": "XQ" },
    { "ban_heros": "189|134|140", "camp": "2", "game_label": "117408", "game_time": "2017-07-30 20:03:57", "is_win": "0", "kill_cnt": "9", "pick_heros": "146|154|178|171|115", "team_id": "12", "team_name": "AG超玩会" },
    { "ban_heros": "131|116|173", "camp": "1", "game_label": "117408", "game_time": "2017-07-30 20:03:57", "is_win": "1", "kill_cnt": "19", "pick_heros": "121|174|190|113|139", "team_id": "15", "team_name": "XQ" },
    { "ban_heros": "121|113|174", "camp": "1", "game_label": "117408", "game_time": "2017-07-30 20:33:20", "is_win": "0", "kill_cnt": "5", "pick_heros": "139|157|128|162|118", "team_id": "12", "team_name": "AG超玩会" },
    { "ban_heros": "131|140|116", "camp": "2", "game_label": "117408", "game_time": "2017-07-30 20:33:20", "is_win": "1", "kill_cnt": "15", "pick_heros": "134|189|154|111|115", "team_id": "15", "team_name": "XQ" },
    { "ban_heros": "116|139|121", "camp": "2", "game_label": "117409", "game_time": "2017-08-03 19:54:39", "is_win": "0", "kill_cnt": "2", "pick_heros": "154|157|111|113|130", "team_id": "25", "team_name": "QGhappy" },
    { "ban_heros": "134|140|189", "camp": "1", "game_label": "117409", "game_time": "2017-08-03 19:54:39", "is_win": "1", "kill_cnt": "9", "pick_heros": "146|174|128|190|171", "team_id": "26", "team_name": "EDG.M" },
    { "ban_heros": "116|139|189", "camp": "1", "game_label": "117409", "game_time": "2017-08-03 20:26:07", "is_win": "0", "kill_cnt": "16", "pick_heros": "128|190|173|186|123", "team_id": "25", "team_name": "QGhappy" },
    { "ban_heros": "140|134|121", "camp": "2", "game_label": "117409", "game_time": "2017-08-03 20:26:07", "is_win": "1", "kill_cnt": "19", "pick_heros": "146|154|118|178|157", "team_id": "26", "team_name": "EDG.M" },
    { "ban_heros": "146|139|189", "camp": "2", "game_label": "117409", "game_time": "2017-08-03 21:06:16", "is_win": "1", "kill_cnt": "3", "pick_heros": "128|178|157|171|174", "team_id": "25", "team_name": "QGhappy" },
    { "ban_heros": "134|140|121", "camp": "1", "game_label": "117409", "game_time": "2017-08-03 21:06:16", "is_win": "0", "kill_cnt": "4", "pick_heros": "154|190|118|162|123", "team_id": "26", "team_name": "EDG.M" },
    { "ban_heros": "139|146|189", "camp": "2", "game_label": "117409", "game_time": "2017-08-03 21:41:45", "is_win": "1", "kill_cnt": "11", "pick_heros": "174|157|128|171|178", "team_id": "25", "team_name": "QGhappy" },
    { "ban_heros": "134|140|121", "camp": "1", "game_label": "117409", "game_time": "2017-08-03 21:41:45", "is_win": "0", "kill_cnt": "3", "pick_heros": "154|123|190|162|118", "team_id": "26", "team_name": "EDG.M" },
    { "ban_heros": "146|139|154", "camp": "1", "game_label": "117409", "game_time": "2017-08-03 22:14:56", "is_win": "1", "kill_cnt": "10", "pick_heros": "128|157|178|148|111", "team_id": "25", "team_name": "QGhappy" },
    { "ban_heros": "140|134|189", "camp": "2", "game_label": "117409", "game_time": "2017-08-03 22:14:56", "is_win": "0", "kill_cnt": "3", "pick_heros": "173|121|123|190|171", "team_id": "26", "team_name": "EDG.M" },
    { "ban_heros": "146|139|178", "camp": "2", "game_label": "117409", "game_time": "2017-08-03 22:42:50", "is_win": "1", "kill_cnt": "11", "pick_heros": "154|128|190|148|173", "team_id": "25", "team_name": "QGhappy" },
    { "ban_heros": "134|140|121", "camp": "1", "game_label": "117409", "game_time": "2017-08-03 22:42:50", "is_win": "0", "kill_cnt": "1", "pick_heros": "189|157|123|116|193", "team_id": "26", "team_name": "EDG.M" },
    { "ban_heros": "146|139|154", "camp": "1", "game_label": "117409", "game_time": "2017-08-03 23:12:00", "is_win": "1", "kill_cnt": "12", "pick_heros": "178|157|134|171|111", "team_id": "25", "team_name": "QGhappy" },
    { "ban_heros": "140|148|128", "camp": "2", "game_label": "117409", "game_time": "2017-08-03 23:12:00", "is_win": "0", "kill_cnt": "4", "pick_heros": "189|121|174|190|131", "team_id": "26", "team_name": "EDG.M" },
    { "ban_heros": "139|146|189", "camp": "2", "game_label": "117410", "game_time": "2017-08-04 19:58:47", "is_win": "1", "kill_cnt": "11", "pick_heros": "154|157|132|118|130", "team_id": "28", "team_name": "JC" },
    { "ban_heros": "134|140|121", "camp": "1", "game_label": "117410", "game_time": "2017-08-04 19:58:47", "is_win": "0", "kill_cnt": "5", "pick_heros": "128|173|178|190|171", "team_id": "30", "team_name": "EP" },
    { "ban_heros": "146|139|189", "camp": "1", "game_label": "117410", "game_time": "2017-08-04 20:34:39", "is_win": "1", "kill_cnt": "11", "pick_heros": "157|178|118|111|149", "team_id": "28", "team_name": "JC" },
    { "ban_heros": "134|121|140", "camp": "2", "game_label": "117410", "game_time": "2017-08-04 20:34:39", "is_win": "0", "kill_cnt": "4", "pick_heros": "128|154|132|171|190", "team_id": "30", "team_name": "EP" },
    { "ban_heros": "139|146|189", "camp": "2", "game_label": "117410", "game_time": "2017-08-04 21:08:16", "is_win": "1", "kill_cnt": "13", "pick_heros": "157|128|171|178|111", "team_id": "28", "team_name": "JC" },
    { "ban_heros": "140|118|121", "camp": "1", "game_label": "117410", "game_time": "2017-08-04 21:08:16", "is_win": "0", "kill_cnt": "4", "pick_heros": "134|173|154|174|190", "team_id": "30", "team_name": "EP" },
    { "ban_heros": "146|139|189", "camp": "1", "game_label": "117410", "game_time": "2017-08-04 21:40:45", "is_win": "1", "kill_cnt": "16", "pick_heros": "157|178|128|132|113", "team_id": "28", "team_name": "JC" },
    { "ban_heros": "140|121|116", "camp": "2", "game_label": "117410", "game_time": "2017-08-04 21:40:45", "is_win": "0", "kill_cnt": "9", "pick_heros": "134|118|154|111|115", "team_id": "30", "team_name": "EP" },
    { "ban_heros": "171|134|189", "camp": "2", "game_label": "117411", "game_time": "2017-08-05 19:58:34", "is_win": "1", "kill_cnt": "20", "pick_heros": "140|128|118|162|190", "team_id": "13", "team_name": "eStar" },
    { "ban_heros": "139|116|121", "camp": "1", "game_label": "117411", "game_time": "2017-08-05 19:58:34", "is_win": "0", "kill_cnt": "18", "pick_heros": "154|173|157|148|123", "team_id": "35", "team_name": "LGD" },
    { "ban_heros": "134|171|148", "camp": "1", "game_label": "117411", "game_time": "2017-08-05 20:31:45", "is_win": "0", "kill_cnt": "11", "pick_heros": "139|173|128|187|157", "team_id": "13", "team_name": "eStar" },
    { "ban_heros": "189|140|154", "camp": "2", "game_label": "117411", "game_time": "2017-08-05 20:31:45", "is_win": "1", "kill_cnt": "19", "pick_heros": "121|190|118|133|178", "team_id": "35", "team_name": "LGD" },
    { "ban_heros": "134|148|189", "camp": "2", "game_label": "117411", "game_time": "2017-08-05 20:56:31", "is_win": "1", "kill_cnt": "15", "pick_heros": "190|139|171|173|174", "team_id": "13", "team_name": "eStar" },
    { "ban_heros": "116|140|121", "camp": "1", "game_label": "117411", "game_time": "2017-08-05 20:56:31", "is_win": "0", "kill_cnt": "16", "pick_heros": "154|128|118|133|141", "team_id": "35", "team_name": "LGD" },
    { "ban_heros": "141|133|148", "camp": "1", "game_label": "117411", "game_time": "2017-08-05 21:44:12", "is_win": "1", "kill_cnt": "16", "pick_heros": "154|121|118|111|178", "team_id": "13", "team_name": "eStar" },
    { "ban_heros": "189|140|139", "camp": "2", "game_label": "117411", "game_time": "2017-08-05 21:44:12", "is_win": "0", "kill_cnt": "8", "pick_heros": "128|190|187|134|173", "team_id": "35", "team_name": "LGD" },
    { "ban_heros": "141|133|148", "camp": "2", "game_label": "117411", "game_time": "2017-08-05 22:11:24", "is_win": "0", "kill_cnt": "17", "pick_heros": "128|139|162|190|113", "team_id": "13", "team_name": "eStar" },
    { "ban_heros": "140|154|121", "camp": "1", "game_label": "117411", "game_time": "2017-08-05 22:11:24", "is_win": "1", "kill_cnt": "12", "pick_heros": "189|118|178|111|134", "team_id": "35", "team_name": "LGD" },
    { "ban_heros": "141|134|148", "camp": "1", "game_label": "117411", "game_time": "2017-08-05 22:51:09", "is_win": "0", "kill_cnt": "10", "pick_heros": "154|190|128|168|131", "team_id": "13", "team_name": "eStar" },
    { "ban_heros": "189|121|140", "camp": "2", "game_label": "117411", "game_time": "2017-08-05 22:51:09", "is_win": "1", "kill_cnt": "11", "pick_heros": "118|139|157|111|178", "team_id": "35", "team_name": "LGD" },
    { "ban_heros": "134|189|148", "camp": "2", "game_label": "117411", "game_time": "2017-08-05 23:24:48", "is_win": "1", "kill_cnt": "14", "pick_heros": "154|139|190|113|173", "team_id": "13", "team_name": "eStar" },
    { "ban_heros": "140|121|171", "camp": "1", "game_label": "117411", "game_time": "2017-08-05 23:24:48", "is_win": "0", "kill_cnt": "5", "pick_heros": "118|111|157|178|123", "team_id": "35", "team_name": "LGD" },
    { "ban_heros": "157|116|173", "camp": "1", "game_label": "117412", "game_time": "2017-08-06 19:47:35", "is_win": "0", "kill_cnt": "12", "pick_heros": "190|174|118|139|146", "team_id": "15", "team_name": "XQ" },
    { "ban_heros": "140|121|189", "camp": "2", "game_label": "117412", "game_time": "2017-08-06 19:47:35", "is_win": "1", "kill_cnt": "14", "pick_heros": "128|154|171|162|141", "team_id": "38", "team_name": "RNG.M" },
    { "ban_heros": "116|140|154", "camp": "2", "game_label": "117412", "game_time": "2017-08-06 20:23:19", "is_win": "1", "kill_cnt": "22", "pick_heros": "190|134|123|111|118", "team_id": "15", "team_name": "XQ" },
    { "ban_heros": "121|173|189", "camp": "1", "game_label": "117412", "game_time": "2017-08-06 20:23:19", "is_win": "0", "kill_cnt": "7", "pick_heros": "128|113|178|157|132", "team_id": "38", "team_name": "RNG.M" },
    { "ban_heros": "116|173|148", "camp": "1", "game_label": "117412", "game_time": "2017-08-06 20:58:52", "is_win": "0", "kill_cnt": "8", "pick_heros": "128|162|174|113|157", "team_id": "15", "team_name": "XQ" },
    { "ban_heros": "140|121|189", "camp": "2", "game_label": "117412", "game_time": "2017-08-06 20:58:52", "is_win": "1", "kill_cnt": "8", "pick_heros": "154|190|171|111|178", "team_id": "38", "team_name": "RNG.M" },
    { "ban_heros": "116|140|154", "camp": "2", "game_label": "117412", "game_time": "2017-08-06 21:39:02", "is_win": "1", "kill_cnt": "17", "pick_heros": "113|128|134|115|132", "team_id": "15", "team_name": "XQ" },
    { "ban_heros": "121|173|189", "camp": "1", "game_label": "117412", "game_time": "2017-08-06 21:39:02", "is_win": "0", "kill_cnt": "3", "pick_heros": "190|111|178|139|118", "team_id": "38", "team_name": "RNG.M" },
    { "ban_heros": "116|173|154", "camp": "1", "game_label": "117412", "game_time": "2017-08-06 22:02:46", "is_win": "0", "kill_cnt": "8", "pick_heros": "128|134|111|113|115", "team_id": "15", "team_name": "XQ" },
    { "ban_heros": "140|121|139", "camp": "2", "game_label": "117412", "game_time": "2017-08-06 22:02:46", "is_win": "1", "kill_cnt": "13", "pick_heros": "190|189|132|178|193", "team_id": "38", "team_name": "RNG.M" },
    { "ban_heros": "116|140|154", "camp": "2", "game_label": "117412", "game_time": "2017-08-06 22:29:15", "is_win": "0", "kill_cnt": "5", "pick_heros": "190|113|178|111|139", "team_id": "15", "team_name": "XQ" },
    { "ban_heros": "121|173|189", "camp": "1", "game_label": "117412", "game_time": "2017-08-06 22:29:15", "is_win": "1", "kill_cnt": "10", "pick_heros": "128|157|134|171|132", "team_id": "38", "team_name": "RNG.M" },
    { "ban_heros": "178|111|128", "camp": "1", "game_label": "117413", "game_time": "2017-08-12 20:00:29", "is_win": "1", "kill_cnt": "19", "pick_heros": "154|139|173|190|168", "team_id": "25", "team_name": "QGhappy" },
    { "ban_heros": "140|132|134", "camp": "2", "game_label": "117413", "game_time": "2017-08-12 20:00:29", "is_win": "0", "kill_cnt": "7", "pick_heros": "146|148|133|157|107", "team_id": "28", "team_name": "JC" },
    { "ban_heros": "178|134|139", "camp": "2", "game_label": "117413", "game_time": "2017-08-12 20:36:50", "is_win": "1", "kill_cnt": "20", "pick_heros": "154|132|190|189|130", "team_id": "25", "team_name": "QGhappy" },
    { "ban_heros": "140|173|148", "camp": "1", "game_label": "117413", "game_time": "2017-08-12 20:36:50", "is_win": "0", "kill_cnt": "8", "pick_heros": "128|157|171|107|111", "team_id": "28", "team_name": "JC" },
    { "ban_heros": "178|128|134", "camp": "1", "game_label": "117413", "game_time": "2017-08-12 21:08:50", "is_win": "1", "kill_cnt": "12", "pick_heros": "154|157|111|168|130", "team_id": "25", "team_name": "QGhappy" },
    { "ban_heros": "140|139|148", "camp": "2", "game_label": "117413", "game_time": "2017-08-12 21:08:50", "is_win": "0", "kill_cnt": "11", "pick_heros": "190|121|116|171|174", "team_id": "28", "team_name": "JC" },
    { "ban_heros": "116|178|157", "camp": "2", "game_label": "117413", "game_time": "2017-08-12 21:58:06", "is_win": "1", "kill_cnt": "14", "pick_heros": "121|154|139|173|191", "team_id": "25", "team_name": "QGhappy" },
    { "ban_heros": "140|148|190", "camp": "1", "game_label": "117413", "game_time": "2017-08-12 21:58:06", "is_win": "0", "kill_cnt": "8", "pick_heros": "141|134|128|118|132", "team_id": "28", "team_name": "JC" },
    { "ban_heros": "134|132|139", "camp": "1", "game_label": "117414", "game_time": "2017-08-13 19:47:30", "is_win": "1", "kill_cnt": "14", "pick_heros": "154|162|189|115|146", "team_id": "13", "team_name": "eStar" },
    { "ban_heros": "140|121|173", "camp": "2", "game_label": "117414", "game_time": "2017-08-13 19:47:30", "is_win": "0", "kill_cnt": "0", "pick_heros": "128|190|111|178|171", "team_id": "38", "team_name": "RNG.M" },
    { "ban_heros": "134|140|132", "camp": "2", "game_label": "117414", "game_time": "2017-08-13 20:18:32", "is_win": "1", "kill_cnt": "22", "pick_heros": "128|190|178|113|123", "team_id": "13", "team_name": "eStar" },
    { "ban_heros": "121|173|162", "camp": "1", "game_label": "117414", "game_time": "2017-08-13 20:18:32", "is_win": "0", "kill_cnt": "15", "pick_heros": "154|189|139|141|116", "team_id": "38", "team_name": "RNG.M" },
    { "ban_heros": "134|132|139", "camp": "1", "game_label": "117414", "game_time": "2017-08-13 20:49:55", "is_win": "0", "kill_cnt": "5", "pick_heros": "189|128|162|146|115", "team_id": "13", "team_name": "eStar" },
    { "ban_heros": "140|173|121", "camp": "2", "game_label": "117414", "game_time": "2017-08-13 20:49:55", "is_win": "1", "kill_cnt": "13", "pick_heros": "190|154|178|113|116", "team_id": "38", "team_name": "RNG.M" },
    { "ban_heros": "134|140|132", "camp": "2", "game_label": "117414", "game_time": "2017-08-13 21:30:48", "is_win": "0", "kill_cnt": "2", "pick_heros": "139|128|146|162|148", "team_id": "13", "team_name": "eStar" },
    { "ban_heros": "173|121|190", "camp": "1", "game_label": "117414", "game_time": "2017-08-13 21:30:48", "is_win": "1", "kill_cnt": "13", "pick_heros": "154|157|178|113|133", "team_id": "38", "team_name": "RNG.M" },
    { "ban_heros": "134|178|113", "camp": "1", "game_label": "117414", "game_time": "2017-08-13 21:59:19", "is_win": "1", "kill_cnt": "15", "pick_heros": "154|121|171|162|139", "team_id": "13", "team_name": "eStar" },
    { "ban_heros": "140|173|189", "camp": "2", "game_label": "117414", "game_time": "2017-08-13 21:59:19", "is_win": "0", "kill_cnt": "2", "pick_heros": "190|128|116|133|148", "team_id": "38", "team_name": "RNG.M" },
    { "ban_heros": "134|113|132", "camp": "2", "game_label": "117414", "game_time": "2017-08-13 22:29:14", "is_win": "0", "kill_cnt": "1", "pick_heros": "154|190|139|173|168", "team_id": "13", "team_name": "eStar" },
    { "ban_heros": "121|162|189", "camp": "1", "game_label": "117414", "game_time": "2017-08-13 22:29:14", "is_win": "1", "kill_cnt": "11", "pick_heros": "140|128|171|131|157", "team_id": "38", "team_name": "RNG.M" },
    { "ban_heros": "134|113|178", "camp": "1", "game_label": "117414", "game_time": "2017-08-13 22:54:21", "is_win": "1", "kill_cnt": "12", "pick_heros": "154|139|190|171|173", "team_id": "13", "team_name": "eStar" },
    { "ban_heros": "140|162|121", "camp": "2", "game_label": "117414", "game_time": "2017-08-13 22:54:21", "is_win": "0", "kill_cnt": "1", "pick_heros": "128|189|115|132|130", "team_id": "38", "team_name": "RNG.M" },
    { "ban_heros": "148|171|121", "camp": "1", "game_label": "117416", "game_time": "2017-08-19 20:05:30", "is_win": "1", "kill_cnt": "10", "pick_heros": "134|154|118|116|113", "team_id": "13", "team_name": "eStar" },
    { "ban_heros": "162|139|140", "camp": "2", "game_label": "117416", "game_time": "2017-08-19 20:05:30", "is_win": "0", "kill_cnt": "5", "pick_heros": "132|190|128|191|178", "team_id": "25", "team_name": "QGhappy" },
    { "ban_heros": "148|171|154", "camp": "2", "game_label": "117416", "game_time": "2017-08-19 20:41:56", "is_win": "0", "kill_cnt": "2", "pick_heros": "121|113|134|190|162", "team_id": "13", "team_name": "eStar" },
    { "ban_heros": "139|128|140", "camp": "1", "game_label": "117416", "game_time": "2017-08-19 20:41:56", "is_win": "1", "kill_cnt": "11", "pick_heros": "178|146|118|132|157", "team_id": "25", "team_name": "QGhappy" },
    { "ban_heros": "148|171|132", "camp": "1", "game_label": "117416", "game_time": "2017-08-19 21:08:01", "is_win": "0", "kill_cnt": "3", "pick_heros": "118|178|121|162|189", "team_id": "13", "team_name": "eStar" },
    { "ban_heros": "139|154|140", "camp": "2", "game_label": "117416", "game_time": "2017-08-19 21:08:01", "is_win": "1", "kill_cnt": "14", "pick_heros": "113|128|146|157|173", "team_id": "25", "team_name": "QGhappy" },
    { "ban_heros": "148|132|154", "camp": "2", "game_label": "117416", "game_time": "2017-08-19 21:52:05", "is_win": "0", "kill_cnt": "2", "pick_heros": "173|178|190|171|123", "team_id": "13", "team_name": "eStar" },
    { "ban_heros": "139|128|140", "camp": "1", "game_label": "117416", "game_time": "2017-08-19 21:52:05", "is_win": "1", "kill_cnt": "16", "pick_heros": "146|113|134|157|133", "team_id": "25", "team_name": "QGhappy" },
    { "ban_heros": "132|148|146", "camp": "1", "game_label": "117416", "game_time": "2017-08-19 22:16:41", "is_win": "1", "kill_cnt": "20", "pick_heros": "128|134|118|162|157", "team_id": "13", "team_name": "eStar" },
    { "ban_heros": "139|154|140", "camp": "2", "game_label": "117416", "game_time": "2017-08-19 22:16:41", "is_win": "0", "kill_cnt": "5", "pick_heros": "113|178|190|173|107", "team_id": "25", "team_name": "QGhappy" },
    { "ban_heros": "146|148|132", "camp": "2", "game_label": "117416", "game_time": "2017-08-19 23:00:39", "is_win": "0", "kill_cnt": "12", "pick_heros": "118|178|134|121|123", "team_id": "13", "team_name": "eStar" },
    { "ban_heros": "139|128|140", "camp": "1", "game_label": "117416", "game_time": "2017-08-19 23:00:40", "is_win": "1", "kill_cnt": "15", "pick_heros": "154|157|113|107|133", "team_id": "25", "team_name": "QGhappy" }
]