[
    { "hero1_id": "132", "hero1_name": "马可波罗", "hero2_id": "163", "hero2_name": "橘右京", "played": "17", "win_rate": "0.5294" },
    { "hero1_id": "163", "hero1_name": "橘右京", "hero2_id": "171", "hero2_name": "张飞", "played": "16", "win_rate": "0.5625" },
    { "hero1_id": "140", "hero1_name": "关羽", "hero2_id": "529", "hero2_name": "盘古", "played": "14", "win_rate": "0.5714" },
    { "hero1_id": "123", "hero1_name": "吕布", "hero2_id": "163", "hero2_name": "橘右京", "played": "14", "win_rate": "0.2857" },
    { "hero1_id": "163", "hero1_name": "橘右京", "hero2_id": "511", "hero2_name": "猪八戒", "played": "14", "win_rate": "0.5714" },
    { "hero1_id": "123", "hero1_name": "吕布", "hero2_id": "502", "hero2_name": "裴擒虎", "played": "13", "win_rate": "0.4615" },
    { "hero1_id": "123", "hero1_name": "吕布", "hero2_id": "195", "hero2_name": "百里玄策", "played": "13", "win_rate": "0.2308" },
    { "hero1_id": "163", "hero1_name": "橘右京", "hero2_id": "186", "hero2_name": "太乙真人", "played": "12", "win_rate": "0.4167" },
    { "hero1_id": "123", "hero1_name": "吕布", "hero2_id": "515", "hero2_name": "嫦娥", "played": "12", "win_rate": "0.2500" },
    { "hero1_id": "163", "hero1_name": "橘右京", "hero2_id": "168", "hero2_name": "牛魔", "played": "12", "win_rate": "0.5833" },
    { "hero1_id": "163", "hero1_name": "橘右京", "hero2_id": "312", "hero2_name": "沈梦溪", "played": "12", "win_rate": "0.4167" },
    { "hero1_id": "123", "hero1_name": "吕布", "hero2_id": "132", "hero2_name": "马可波罗", "played": "12", "win_rate": "0.3333" },
    { "hero1_id": "140", "hero1_name": "关羽", "hero2_id": "312", "hero2_name": "沈梦溪", "played": "12", "win_rate": "0.5833" },
    { "hero1_id": "502", "hero1_name": "裴擒虎", "hero2_id": "529", "hero2_name": "盘古", "played": "12", "win_rate": "0.8333" },
    { "hero1_id": "132", "hero1_name": "马可波罗", "hero2_id": "171", "hero2_name": "张飞", "played": "12", "win_rate": "0.5833" },
    { "hero1_id": "132", "hero1_name": "马可波罗", "hero2_id": "511", "hero2_name": "猪八戒", "played": "11", "win_rate": "0.6364" },
    { "hero1_id": "312", "hero1_name": "沈梦溪", "hero2_id": "529", "hero2_name": "盘古", "played": "11", "win_rate": "0.6364" },
    { "hero1_id": "123", "hero1_name": "吕布", "hero2_id": "186", "hero2_name": "太乙真人", "played": "11", "win_rate": "0.3636" },
    { "hero1_id": "118", "hero1_name": "孙膑", "hero2_id": "123", "hero2_name": "吕布", "played": "11", "win_rate": "0.4545" },
    { "hero1_id": "171", "hero1_name": "张飞", "hero2_id": "312", "hero2_name": "沈梦溪", "played": "11", "win_rate": "0.4545" },
    { "hero1_id": "132", "hero1_name": "马可波罗", "hero2_id": "186", "hero2_name": "太乙真人", "played": "10", "win_rate": "0.6000" },
    { "hero1_id": "123", "hero1_name": "吕布", "hero2_id": "510", "hero2_name": "孙策", "played": "10", "win_rate": "0.2000" },
    { "hero1_id": "123", "hero1_name": "吕布", "hero2_id": "312", "hero2_name": "沈梦溪", "played": "10", "win_rate": "0.3000" },
    { "hero1_id": "118", "hero1_name": "孙膑", "hero2_id": "529", "hero2_name": "盘古", "played": "10", "win_rate": "0.7000" },
    { "hero1_id": "163", "hero1_name": "橘右京", "hero2_id": "199", "hero2_name": "公孙离", "played": "10", "win_rate": "0.4000" },
    { "hero1_id": "132", "hero1_name": "马可波罗", "hero2_id": "157", "hero2_name": "不知火舞", "played": "10", "win_rate": "0.8000" },
    { "hero1_id": "133", "hero1_name": "狄仁杰", "hero2_id": "171", "hero2_name": "张飞", "played": "9", "win_rate": "0.4444" },
    { "hero1_id": "132", "hero1_name": "马可波罗", "hero2_id": "510", "hero2_name": "孙策", "played": "9", "win_rate": "0.6667" },
    { "hero1_id": "132", "hero1_name": "马可波罗", "hero2_id": "312", "hero2_name": "沈梦溪", "played": "9", "win_rate": "0.5556" },
    { "hero1_id": "118", "hero1_name": "孙膑", "hero2_id": "511", "hero2_name": "猪八戒", "played": "9", "win_rate": "0.7778" },
    { "hero1_id": "194", "hero1_name": "苏烈", "hero2_id": "529", "hero2_name": "盘古", "played": "9", "win_rate": "0.5556" },
    { "hero1_id": "110", "hero1_name": "嬴政", "hero2_id": "163", "hero2_name": "橘右京", "played": "8", "win_rate": "0.3750" },
    { "hero1_id": "163", "hero1_name": "橘右京", "hero2_id": "502", "hero2_name": "裴擒虎", "played": "8", "win_rate": "0.3750" },
    { "hero1_id": "171", "hero1_name": "张飞", "hero2_id": "506", "hero2_name": "云中君", "played": "8", "win_rate": "0.5000" },
    { "hero1_id": "123", "hero1_name": "吕布", "hero2_id": "168", "hero2_name": "牛魔", "played": "8", "win_rate": "0.2500" },
    { "hero1_id": "163", "hero1_name": "橘右京", "hero2_id": "195", "hero2_name": "百里玄策", "played": "8", "win_rate": "0.2500" },
    { "hero1_id": "171", "hero1_name": "张飞", "hero2_id": "510", "hero2_name": "孙策", "played": "8", "win_rate": "0.7500" },
    { "hero1_id": "312", "hero1_name": "沈梦溪", "hero2_id": "507", "hero2_name": "李信", "played": "8", "win_rate": "0.7500" },
    { "hero1_id": "168", "hero1_name": "牛魔", "hero2_id": "312", "hero2_name": "沈梦溪", "played": "8", "win_rate": "0.6250" },
    { "hero1_id": "123", "hero1_name": "吕布", "hero2_id": "199", "hero2_name": "公孙离", "played": "8", "win_rate": "0.2500" },
    { "hero1_id": "171", "hero1_name": "张飞", "hero2_id": "507", "hero2_name": "李信", "played": "8", "win_rate": "0.6250" },
    { "hero1_id": "132", "hero1_name": "马可波罗", "hero2_id": "507", "hero2_name": "李信", "played": "8", "win_rate": "0.6250" },
    { "hero1_id": "123", "hero1_name": "吕布", "hero2_id": "171", "hero2_name": "张飞", "played": "8", "win_rate": "0.5000" },
    { "hero1_id": "123", "hero1_name": "吕布", "hero2_id": "506", "hero2_name": "云中君", "played": "8", "win_rate": "0.5000" },
    { "hero1_id": "186", "hero1_name": "太乙真人", "hero2_id": "529", "hero2_name": "盘古", "played": "7", "win_rate": "0.4286" },
    { "hero1_id": "132", "hero1_name": "马可波罗", "hero2_id": "529", "hero2_name": "盘古", "played": "7", "win_rate": "0.5714" },
    { "hero1_id": "132", "hero1_name": "马可波罗", "hero2_id": "140", "hero2_name": "关羽", "played": "7", "win_rate": "0.4286" },
    { "hero1_id": "140", "hero1_name": "关羽", "hero2_id": "502", "hero2_name": "裴擒虎", "played": "7", "win_rate": "0.5714" },
    { "hero1_id": "118", "hero1_name": "孙膑", "hero2_id": "163", "hero2_name": "橘右京", "played": "7", "win_rate": "0.8571" },
    { "hero1_id": "163", "hero1_name": "橘右京", "hero2_id": "513", "hero2_name": "上官婉儿", "played": "7", "win_rate": "0.4286" },
    { "hero1_id": "118", "hero1_name": "孙膑", "hero2_id": "502", "hero2_name": "裴擒虎", "played": "7", "win_rate": "1.0000" },
    { "hero1_id": "133", "hero1_name": "狄仁杰", "hero2_id": "163", "hero2_name": "橘右京", "played": "7", "win_rate": "0.4286" },
    { "hero1_id": "152", "hero1_name": "王昭君", "hero2_id": "163", "hero2_name": "橘右京", "played": "7", "win_rate": "0.5714" },
    { "hero1_id": "132", "hero1_name": "马可波罗", "hero2_id": "194", "hero2_name": "苏烈", "played": "7", "win_rate": "0.4286" },
    { "hero1_id": "186", "hero1_name": "太乙真人", "hero2_id": "502", "hero2_name": "裴擒虎", "played": "7", "win_rate": "0.4286" },
    { "hero1_id": "171", "hero1_name": "张飞", "hero2_id": "511", "hero2_name": "猪八戒", "played": "7", "win_rate": "0.4286" },
    { "hero1_id": "139", "hero1_name": "老夫子", "hero2_id": "312", "hero2_name": "沈梦溪", "played": "6", "win_rate": "0.5000" },
    { "hero1_id": "123", "hero1_name": "吕布", "hero2_id": "157", "hero2_name": "不知火舞", "played": "6", "win_rate": "0.8333" },
    { "hero1_id": "163", "hero1_name": "橘右京", "hero2_id": "515", "hero2_name": "嫦娥", "played": "6", "win_rate": "0.5000" },
    { "hero1_id": "171", "hero1_name": "张飞", "hero2_id": "529", "hero2_name": "盘古", "played": "6", "win_rate": "0.5000" },
    { "hero1_id": "157", "hero1_name": "不知火舞", "hero2_id": "529", "hero2_name": "盘古", "played": "6", "win_rate": "0.8333" },
    { "hero1_id": "132", "hero1_name": "马可波罗", "hero2_id": "506", "hero2_name": "云中君", "played": "6", "win_rate": "0.6667" },
    { "hero1_id": "140", "hero1_name": "关羽", "hero2_id": "509", "hero2_name": "盾山", "played": "6", "win_rate": "0.5000" },
    { "hero1_id": "168", "hero1_name": "牛魔", "hero2_id": "529", "hero2_name": "盘古", "played": "6", "win_rate": "0.8333" },
    { "hero1_id": "186", "hero1_name": "太乙真人", "hero2_id": "515", "hero2_name": "嫦娥", "played": "6", "win_rate": "0.3333" },
    { "hero1_id": "123", "hero1_name": "吕布", "hero2_id": "182", "hero2_name": "干将莫邪", "played": "6", "win_rate": "0.1667" },
    { "hero1_id": "140", "hero1_name": "关羽", "hero2_id": "168", "hero2_name": "牛魔", "played": "6", "win_rate": "0.8333" },
    { "hero1_id": "511", "hero1_name": "猪八戒", "hero2_id": "529", "hero2_name": "盘古", "played": "6", "win_rate": "0.5000" },
    { "hero1_id": "163", "hero1_name": "橘右京", "hero2_id": "507", "hero2_name": "李信", "played": "6", "win_rate": "0.5000" },
    { "hero1_id": "128", "hero1_name": "曹操", "hero2_id": "502", "hero2_name": "裴擒虎", "played": "6", "win_rate": "0.6667" },
    { "hero1_id": "157", "hero1_name": "不知火舞", "hero2_id": "171", "hero2_name": "张飞", "played": "6", "win_rate": "0.8333" },
    { "hero1_id": "123", "hero1_name": "吕布", "hero2_id": "507", "hero2_name": "李信", "played": "6", "win_rate": "0.5000" },
    { "hero1_id": "140", "hero1_name": "关羽", "hero2_id": "163", "hero2_name": "橘右京", "played": "6", "win_rate": "0.3333" },
    { "hero1_id": "118", "hero1_name": "孙膑", "hero2_id": "195", "hero2_name": "百里玄策", "played": "6", "win_rate": "0.3333" },
    { "hero1_id": "312", "hero1_name": "沈梦溪", "hero2_id": "506", "hero2_name": "云中君", "played": "6", "win_rate": "0.3333" },
    { "hero1_id": "163", "hero1_name": "橘右京", "hero2_id": "193", "hero2_name": "铠", "played": "6", "win_rate": "0.0000" },
    { "hero1_id": "157", "hero1_name": "不知火舞", "hero2_id": "189", "hero2_name": "鬼谷子", "played": "6", "win_rate": "0.8333" },
    { "hero1_id": "194", "hero1_name": "苏烈", "hero2_id": "312", "hero2_name": "沈梦溪", "played": "6", "win_rate": "0.3333" },
    { "hero1_id": "199", "hero1_name": "公孙离", "hero2_id": "529", "hero2_name": "盘古", "played": "6", "win_rate": "0.3333" },
    { "hero1_id": "502", "hero1_name": "裴擒虎", "hero2_id": "507", "hero2_name": "李信", "played": "6", "win_rate": "0.1667" },
    { "hero1_id": "123", "hero1_name": "吕布", "hero2_id": "529", "hero2_name": "盘古", "played": "5", "win_rate": "0.6000" },
    { "hero1_id": "312", "hero1_name": "沈梦溪", "hero2_id": "502", "hero2_name": "裴擒虎", "played": "5", "win_rate": "0.8000" },
    { "hero1_id": "140", "hero1_name": "关羽", "hero2_id": "506", "hero2_name": "云中君", "played": "5", "win_rate": "0.6000" },
    { "hero1_id": "168", "hero1_name": "牛魔", "hero2_id": "195", "hero2_name": "百里玄策", "played": "5", "win_rate": "0.2000" },
    { "hero1_id": "162", "hero1_name": "娜可露露", "hero2_id": "529", "hero2_name": "盘古", "played": "5", "win_rate": "0.4000" },
    { "hero1_id": "139", "hero1_name": "老夫子", "hero2_id": "163", "hero2_name": "橘右京", "played": "5", "win_rate": "0.8000" },
    { "hero1_id": "199", "hero1_name": "公孙离", "hero2_id": "312", "hero2_name": "沈梦溪", "played": "5", "win_rate": "0.6000" },
    { "hero1_id": "140", "hero1_name": "关羽", "hero2_id": "171", "hero2_name": "张飞", "played": "5", "win_rate": "0.6000" },
    { "hero1_id": "119", "hero1_name": "扁鹊", "hero2_id": "132", "hero2_name": "马可波罗", "played": "5", "win_rate": "0.6000" },
    { "hero1_id": "119", "hero1_name": "扁鹊", "hero2_id": "529", "hero2_name": "盘古", "played": "5", "win_rate": "0.8000" },
    { "hero1_id": "148", "hero1_name": "姜子牙", "hero2_id": "171", "hero2_name": "张飞", "played": "5", "win_rate": "0.6000" },
    { "hero1_id": "133", "hero1_name": "狄仁杰", "hero2_id": "312", "hero2_name": "沈梦溪", "played": "5", "win_rate": "0.6000" },
    { "hero1_id": "123", "hero1_name": "吕布", "hero2_id": "153", "hero2_name": "兰陵王", "played": "5", "win_rate": "0.6000" },
    { "hero1_id": "148", "hero1_name": "姜子牙", "hero2_id": "195", "hero2_name": "百里玄策", "played": "5", "win_rate": "0.4000" },
    { "hero1_id": "152", "hero1_name": "王昭君", "hero2_id": "529", "hero2_name": "盘古", "played": "5", "win_rate": "0.4000" },
    { "hero1_id": "140", "hero1_name": "关羽", "hero2_id": "194", "hero2_name": "苏烈", "played": "5", "win_rate": "0.4000" },
    { "hero1_id": "132", "hero1_name": "马可波罗", "hero2_id": "515", "hero2_name": "嫦娥", "played": "5", "win_rate": "0.2000" },
    { "hero1_id": "163", "hero1_name": "橘右京", "hero2_id": "194", "hero2_name": "苏烈", "played": "5", "win_rate": "0.2000" },
    { "hero1_id": "194", "hero1_name": "苏烈", "hero2_id": "502", "hero2_name": "裴擒虎", "played": "5", "win_rate": "0.2000" },
    { "hero1_id": "141", "hero1_name": "貂蝉", "hero2_id": "529", "hero2_name": "盘古", "played": "5", "win_rate": "0.6000" },
    { "hero1_id": "123", "hero1_name": "吕布", "hero2_id": "513", "hero2_name": "上官婉儿", "played": "5", "win_rate": "0.4000" },
    { "hero1_id": "510", "hero1_name": "孙策", "hero2_id": "529", "hero2_name": "盘古", "played": "5", "win_rate": "0.6000" },
    { "hero1_id": "132", "hero1_name": "马可波罗", "hero2_id": "509", "hero2_name": "盾山", "played": "5", "win_rate": "0.8000" },
    { "hero1_id": "128", "hero1_name": "曹操", "hero2_id": "132", "hero2_name": "马可波罗", "played": "5", "win_rate": "0.6000" },
    { "hero1_id": "176", "hero1_name": "杨玉环", "hero2_id": "502", "hero2_name": "裴擒虎", "played": "5", "win_rate": "0.8000" },
    { "hero1_id": "123", "hero1_name": "吕布", "hero2_id": "176", "hero2_name": "杨玉环", "played": "5", "win_rate": "0.6000" },
    { "hero1_id": "193", "hero1_name": "铠", "hero2_id": "195", "hero2_name": "百里玄策", "played": "5", "win_rate": "0.2000" },
    { "hero1_id": "128", "hero1_name": "曹操", "hero2_id": "157", "hero2_name": "不知火舞", "played": "5", "win_rate": "1.0000" },
    { "hero1_id": "132", "hero1_name": "马可波罗", "hero2_id": "152", "hero2_name": "王昭君", "played": "5", "win_rate": "0.6000" },
    { "hero1_id": "153", "hero1_name": "兰陵王", "hero2_id": "312", "hero2_name": "沈梦溪", "played": "5", "win_rate": "0.6000" },
    { "hero1_id": "163", "hero1_name": "橘右京", "hero2_id": "506", "hero2_name": "云中君", "played": "5", "win_rate": "0.8000" },
    { "hero1_id": "157", "hero1_name": "不知火舞", "hero2_id": "506", "hero2_name": "云中君", "played": "5", "win_rate": "0.8000" },
    { "hero1_id": "186", "hero1_name": "太乙真人", "hero2_id": "511", "hero2_name": "猪八戒", "played": "5", "win_rate": "0.4000" },
    { "hero1_id": "118", "hero1_name": "孙膑", "hero2_id": "312", "hero2_name": "沈梦溪", "played": "5", "win_rate": "0.4000" },
    { "hero1_id": "182", "hero1_name": "干将莫邪", "hero2_id": "502", "hero2_name": "裴擒虎", "played": "5", "win_rate": "0.4000" },
    { "hero1_id": "168", "hero1_name": "牛魔", "hero2_id": "506", "hero2_name": "云中君", "played": "5", "win_rate": "0.8000" },
    { "hero1_id": "133", "hero1_name": "狄仁杰", "hero2_id": "529", "hero2_name": "盘古", "played": "4", "win_rate": "0.5000" },
    { "hero1_id": "199", "hero1_name": "公孙离", "hero2_id": "510", "hero2_name": "孙策", "played": "4", "win_rate": "0.2500" },
    { "hero1_id": "120", "hero1_name": "白起", "hero2_id": "506", "hero2_name": "云中君", "played": "4", "win_rate": "0.2500" },
    { "hero1_id": "162", "hero1_name": "娜可露露", "hero2_id": "189", "hero2_name": "鬼谷子", "played": "4", "win_rate": "0.5000" },
    { "hero1_id": "195", "hero1_name": "百里玄策", "hero2_id": "513", "hero2_name": "上官婉儿", "played": "4", "win_rate": "0.5000" },
    { "hero1_id": "152", "hero1_name": "王昭君", "hero2_id": "171", "hero2_name": "张飞", "played": "4", "win_rate": "0.7500" },
    { "hero1_id": "118", "hero1_name": "孙膑", "hero2_id": "176", "hero2_name": "杨玉环", "played": "4", "win_rate": "0.7500" },
    { "hero1_id": "186", "hero1_name": "太乙真人", "hero2_id": "510", "hero2_name": "孙策", "played": "4", "win_rate": "0.5000" },
    { "hero1_id": "110", "hero1_name": "嬴政", "hero2_id": "132", "hero2_name": "马可波罗", "played": "4", "win_rate": "0.7500" },
    { "hero1_id": "118", "hero1_name": "孙膑", "hero2_id": "199", "hero2_name": "公孙离", "played": "4", "win_rate": "0.5000" },
    { "hero1_id": "510", "hero1_name": "孙策", "hero2_id": "513", "hero2_name": "上官婉儿", "played": "4", "win_rate": "0.2500" },
    { "hero1_id": "110", "hero1_name": "嬴政", "hero2_id": "511", "hero2_name": "猪八戒", "played": "4", "win_rate": "0.5000" },
    { "hero1_id": "186", "hero1_name": "太乙真人", "hero2_id": "312", "hero2_name": "沈梦溪", "played": "4", "win_rate": "0.7500" },
    { "hero1_id": "163", "hero1_name": "橘右京", "hero2_id": "509", "hero2_name": "盾山", "played": "4", "win_rate": "0.2500" },
    { "hero1_id": "140", "hero1_name": "关羽", "hero2_id": "157", "hero2_name": "不知火舞", "played": "4", "win_rate": "0.7500" },
    { "hero1_id": "123", "hero1_name": "吕布", "hero2_id": "133", "hero2_name": "狄仁杰", "played": "4", "win_rate": "0.5000" },
    { "hero1_id": "502", "hero1_name": "裴擒虎", "hero2_id": "509", "hero2_name": "盾山", "played": "4", "win_rate": "0.2500" },
    { "hero1_id": "195", "hero1_name": "百里玄策", "hero2_id": "511", "hero2_name": "猪八戒", "played": "4", "win_rate": "0.2500" },
    { "hero1_id": "123", "hero1_name": "吕布", "hero2_id": "509", "hero2_name": "盾山", "played": "4", "win_rate": "0.0000" },
    { "hero1_id": "157", "hero1_name": "不知火舞", "hero2_id": "511", "hero2_name": "猪八戒", "played": "4", "win_rate": "0.7500" },
    { "hero1_id": "105", "hero1_name": "廉颇", "hero2_id": "123", "hero2_name": "吕布", "played": "4", "win_rate": "0.0000" },
    { "hero1_id": "110", "hero1_name": "嬴政", "hero2_id": "186", "hero2_name": "太乙真人", "played": "4", "win_rate": "0.5000" },
    { "hero1_id": "118", "hero1_name": "孙膑", "hero2_id": "132", "hero2_name": "马可波罗", "played": "4", "win_rate": "0.7500" },
    { "hero1_id": "123", "hero1_name": "吕布", "hero2_id": "189", "hero2_name": "鬼谷子", "played": "4", "win_rate": "0.2500" },
    { "hero1_id": "171", "hero1_name": "张飞", "hero2_id": "195", "hero2_name": "百里玄策", "played": "4", "win_rate": "0.7500" },
    { "hero1_id": "118", "hero1_name": "孙膑", "hero2_id": "152", "hero2_name": "王昭君", "played": "4", "win_rate": "1.0000" },
    { "hero1_id": "128", "hero1_name": "曹操", "hero2_id": "182", "hero2_name": "干将莫邪", "played": "4", "win_rate": "0.2500" },
    { "hero1_id": "119", "hero1_name": "扁鹊", "hero2_id": "511", "hero2_name": "猪八戒", "played": "4", "win_rate": "0.5000" },
    { "hero1_id": "139", "hero1_name": "老夫子", "hero2_id": "171", "hero2_name": "张飞", "played": "4", "win_rate": "0.5000" },
    { "hero1_id": "189", "hero1_name": "鬼谷子", "hero2_id": "529", "hero2_name": "盘古", "played": "4", "win_rate": "0.7500" },
    { "hero1_id": "163", "hero1_name": "橘右京", "hero2_id": "189", "hero2_name": "鬼谷子", "played": "4", "win_rate": "0.2500" },
    { "hero1_id": "118", "hero1_name": "孙膑", "hero2_id": "140", "hero2_name": "关羽", "played": "4", "win_rate": "0.5000" },
    { "hero1_id": "194", "hero1_name": "苏烈", "hero2_id": "507", "hero2_name": "李信", "played": "4", "win_rate": "0.0000" },
    { "hero1_id": "141", "hero1_name": "貂蝉", "hero2_id": "502", "hero2_name": "裴擒虎", "played": "4", "win_rate": "0.5000" },
    { "hero1_id": "171", "hero1_name": "张飞", "hero2_id": "513", "hero2_name": "上官婉儿", "played": "4", "win_rate": "0.2500" },
    { "hero1_id": "511", "hero1_name": "猪八戒", "hero2_id": "515", "hero2_name": "嫦娥", "played": "4", "win_rate": "0.5000" },
    { "hero1_id": "152", "hero1_name": "王昭君", "hero2_id": "511", "hero2_name": "猪八戒", "played": "4", "win_rate": "0.7500" },
    { "hero1_id": "199", "hero1_name": "公孙离", "hero2_id": "511", "hero2_name": "猪八戒", "played": "4", "win_rate": "0.5000" },
    { "hero1_id": "163", "hero1_name": "橘右京", "hero2_id": "176", "hero2_name": "杨玉环", "played": "4", "win_rate": "0.7500" },
    { "hero1_id": "168", "hero1_name": "牛魔", "hero2_id": "199", "hero2_name": "公孙离", "played": "4", "win_rate": "0.5000" },
    { "hero1_id": "171", "hero1_name": "张飞", "hero2_id": "193", "hero2_name": "铠", "played": "4", "win_rate": "0.2500" },
    { "hero1_id": "193", "hero1_name": "铠", "hero2_id": "506", "hero2_name": "云中君", "played": "4", "win_rate": "0.2500" },
    { "hero1_id": "119", "hero1_name": "扁鹊", "hero2_id": "510", "hero2_name": "孙策", "played": "4", "win_rate": "0.7500" },
    { "hero1_id": "168", "hero1_name": "牛魔", "hero2_id": "513", "hero2_name": "上官婉儿", "played": "4", "win_rate": "0.5000" },
    { "hero1_id": "120", "hero1_name": "白起", "hero2_id": "152", "hero2_name": "王昭君", "played": "4", "win_rate": "0.2500" },
    { "hero1_id": "123", "hero1_name": "吕布", "hero2_id": "128", "hero2_name": "曹操", "played": "4", "win_rate": "0.7500" },
    { "hero1_id": "152", "hero1_name": "王昭君", "hero2_id": "506", "hero2_name": "云中君", "played": "4", "win_rate": "0.7500" },
    { "hero1_id": "312", "hero1_name": "沈梦溪", "hero2_id": "509", "hero2_name": "盾山", "played": "4", "win_rate": "0.5000" },
    { "hero1_id": "118", "hero1_name": "孙膑", "hero2_id": "515", "hero2_name": "嫦娥", "played": "4", "win_rate": "0.5000" },
    { "hero1_id": "119", "hero1_name": "扁鹊", "hero2_id": "139", "hero2_name": "老夫子", "played": "4", "win_rate": "0.5000" },
    { "hero1_id": "132", "hero1_name": "马可波罗", "hero2_id": "144", "hero2_name": "程咬金", "played": "4", "win_rate": "0.7500" },
    { "hero1_id": "171", "hero1_name": "张飞", "hero2_id": "199", "hero2_name": "公孙离", "played": "4", "win_rate": "0.5000" },
    { "hero1_id": "163", "hero1_name": "橘右京", "hero2_id": "510", "hero2_name": "孙策", "played": "4", "win_rate": "1.0000" },
    { "hero1_id": "182", "hero1_name": "干将莫邪", "hero2_id": "187", "hero2_name": "东皇太一", "played": "4", "win_rate": "0.5000" },
    { "hero1_id": "132", "hero1_name": "马可波罗", "hero2_id": "193", "hero2_name": "铠", "played": "3", "win_rate": "0.3333" },
    { "hero1_id": "511", "hero1_name": "猪八戒", "hero2_id": "513", "hero2_name": "上官婉儿", "played": "3", "win_rate": "0.3333" },
    { "hero1_id": "187", "hero1_name": "东皇太一", "hero2_id": "502", "hero2_name": "裴擒虎", "played": "3", "win_rate": "0.6667" },
    { "hero1_id": "110", "hero1_name": "嬴政", "hero2_id": "507", "hero2_name": "李信", "played": "3", "win_rate": "0.3333" },
    { "hero1_id": "502", "hero1_name": "裴擒虎", "hero2_id": "510", "hero2_name": "孙策", "played": "3", "win_rate": "0.3333" },
    { "hero1_id": "193", "hero1_name": "铠", "hero2_id": "312", "hero2_name": "沈梦溪", "played": "3", "win_rate": "0.3333" },
    { "hero1_id": "157", "hero1_name": "不知火舞", "hero2_id": "502", "hero2_name": "裴擒虎", "played": "3", "win_rate": "1.0000" },
    { "hero1_id": "189", "hero1_name": "鬼谷子", "hero2_id": "511", "hero2_name": "猪八戒", "played": "3", "win_rate": "0.6667" },
    { "hero1_id": "513", "hero1_name": "上官婉儿", "hero2_id": "529", "hero2_name": "盘古", "played": "3", "win_rate": "0.3333" },
    { "hero1_id": "152", "hero1_name": "王昭君", "hero2_id": "502", "hero2_name": "裴擒虎", "played": "3", "win_rate": "0.0000" },
    { "hero1_id": "199", "hero1_name": "公孙离", "hero2_id": "515", "hero2_name": "嫦娥", "played": "3", "win_rate": "0.3333" },
    { "hero1_id": "139", "hero1_name": "老夫子", "hero2_id": "507", "hero2_name": "李信", "played": "3", "win_rate": "0.6667" },
    { "hero1_id": "125", "hero1_name": "元歌", "hero2_id": "163", "hero2_name": "橘右京", "played": "3", "win_rate": "0.3333" },
    { "hero1_id": "157", "hero1_name": "不知火舞", "hero2_id": "163", "hero2_name": "橘右京", "played": "3", "win_rate": "0.6667" },
    { "hero1_id": "506", "hero1_name": "云中君", "hero2_id": "511", "hero2_name": "猪八戒", "played": "3", "win_rate": "1.0000" },
    { "hero1_id": "123", "hero1_name": "吕布", "hero2_id": "190", "hero2_name": "诸葛亮", "played": "3", "win_rate": "0.0000" },
    { "hero1_id": "139", "hero1_name": "老夫子", "hero2_id": "140", "hero2_name": "关羽", "played": "3", "win_rate": "0.6667" },
    { "hero1_id": "128", "hero1_name": "曹操", "hero2_id": "187", "hero2_name": "东皇太一", "played": "3", "win_rate": "0.3333" },
    { "hero1_id": "132", "hero1_name": "马可波罗", "hero2_id": "168", "hero2_name": "牛魔", "played": "3", "win_rate": "0.3333" },
    { "hero1_id": "189", "hero1_name": "鬼谷子", "hero2_id": "502", "hero2_name": "裴擒虎", "played": "3", "win_rate": "0.3333" },
    { "hero1_id": "118", "hero1_name": "孙膑", "hero2_id": "193", "hero2_name": "铠", "played": "3", "win_rate": "0.0000" },
    { "hero1_id": "163", "hero1_name": "橘右京", "hero2_id": "190", "hero2_name": "诸葛亮", "played": "3", "win_rate": "0.3333" },
    { "hero1_id": "118", "hero1_name": "孙膑", "hero2_id": "141", "hero2_name": "貂蝉", "played": "3", "win_rate": "1.0000" },
    { "hero1_id": "119", "hero1_name": "扁鹊", "hero2_id": "163", "hero2_name": "橘右京", "played": "3", "win_rate": "0.6667" },
    { "hero1_id": "162", "hero1_name": "娜可露露", "hero2_id": "513", "hero2_name": "上官婉儿", "played": "3", "win_rate": "0.3333" },
    { "hero1_id": "132", "hero1_name": "马可波罗", "hero2_id": "153", "hero2_name": "兰陵王", "played": "3", "win_rate": "0.6667" },
    { "hero1_id": "168", "hero1_name": "牛魔", "hero2_id": "510", "hero2_name": "孙策", "played": "3", "win_rate": "0.3333" },
    { "hero1_id": "171", "hero1_name": "张飞", "hero2_id": "502", "hero2_name": "裴擒虎", "played": "3", "win_rate": "0.6667" },
    { "hero1_id": "128", "hero1_name": "曹操", "hero2_id": "195", "hero2_name": "百里玄策", "played": "3", "win_rate": "0.3333" },
    { "hero1_id": "186", "hero1_name": "太乙真人", "hero2_id": "507", "hero2_name": "李信", "played": "3", "win_rate": "0.6667" },
    { "hero1_id": "171", "hero1_name": "张飞", "hero2_id": "515", "hero2_name": "嫦娥", "played": "3", "win_rate": "0.3333" },
    { "hero1_id": "509", "hero1_name": "盾山", "hero2_id": "529", "hero2_name": "盘古", "played": "3", "win_rate": "0.6667" },
    { "hero1_id": "128", "hero1_name": "曹操", "hero2_id": "509", "hero2_name": "盾山", "played": "3", "win_rate": "1.0000" },
    { "hero1_id": "510", "hero1_name": "孙策", "hero2_id": "511", "hero2_name": "猪八戒", "played": "3", "win_rate": "0.6667" },
    { "hero1_id": "199", "hero1_name": "公孙离", "hero2_id": "513", "hero2_name": "上官婉儿", "played": "3", "win_rate": "0.3333" },
    { "hero1_id": "139", "hero1_name": "老夫子", "hero2_id": "506", "hero2_name": "云中君", "played": "3", "win_rate": "1.0000" },
    { "hero1_id": "186", "hero1_name": "太乙真人", "hero2_id": "199", "hero2_name": "公孙离", "played": "3", "win_rate": "0.0000" },
    { "hero1_id": "168", "hero1_name": "牛魔", "hero2_id": "515", "hero2_name": "嫦娥", "played": "3", "win_rate": "0.3333" },
    { "hero1_id": "140", "hero1_name": "关羽", "hero2_id": "153", "hero2_name": "兰陵王", "played": "3", "win_rate": "1.0000" },
    { "hero1_id": "152", "hero1_name": "王昭君", "hero2_id": "507", "hero2_name": "李信", "played": "3", "win_rate": "0.6667" },
    { "hero1_id": "120", "hero1_name": "白起", "hero2_id": "312", "hero2_name": "沈梦溪", "played": "3", "win_rate": "0.3333" },
    { "hero1_id": "168", "hero1_name": "牛魔", "hero2_id": "182", "hero2_name": "干将莫邪", "played": "3", "win_rate": "0.3333" },
    { "hero1_id": "119", "hero1_name": "扁鹊", "hero2_id": "140", "hero2_name": "关羽", "played": "3", "win_rate": "0.6667" },
    { "hero1_id": "107", "hero1_name": "赵云", "hero2_id": "132", "hero2_name": "马可波罗", "played": "3", "win_rate": "0.3333" },
    { "hero1_id": "111", "hero1_name": "孙尚香", "hero2_id": "171", "hero2_name": "张飞", "played": "3", "win_rate": "0.6667" },
    { "hero1_id": "111", "hero1_name": "孙尚香", "hero2_id": "529", "hero2_name": "盘古", "played": "3", "win_rate": "1.0000" },
    { "hero1_id": "123", "hero1_name": "吕布", "hero2_id": "139", "hero2_name": "老夫子", "played": "3", "win_rate": "0.0000" },
    { "hero1_id": "110", "hero1_name": "嬴政", "hero2_id": "171", "hero2_name": "张飞", "played": "3", "win_rate": "0.6667" },
    { "hero1_id": "139", "hero1_name": "老夫子", "hero2_id": "502", "hero2_name": "裴擒虎", "played": "3", "win_rate": "0.6667" },
    { "hero1_id": "176", "hero1_name": "杨玉环", "hero2_id": "186", "hero2_name": "太乙真人", "played": "3", "win_rate": "0.6667" },
    { "hero1_id": "118", "hero1_name": "孙膑", "hero2_id": "510", "hero2_name": "孙策", "played": "3", "win_rate": "0.3333" },
    { "hero1_id": "182", "hero1_name": "干将莫邪", "hero2_id": "510", "hero2_name": "孙策", "played": "3", "win_rate": "0.6667" },
    { "hero1_id": "132", "hero1_name": "马可波罗", "hero2_id": "513", "hero2_name": "上官婉儿", "played": "3", "win_rate": "0.0000" },
    { "hero1_id": "139", "hero1_name": "老夫子", "hero2_id": "529", "hero2_name": "盘古", "played": "3", "win_rate": "0.6667" },
    { "hero1_id": "502", "hero1_name": "裴擒虎", "hero2_id": "511", "hero2_name": "猪八戒", "played": "3", "win_rate": "0.6667" },
    { "hero1_id": "195", "hero1_name": "百里玄策", "hero2_id": "312", "hero2_name": "沈梦溪", "played": "3", "win_rate": "0.3333" },
    { "hero1_id": "133", "hero1_name": "狄仁杰", "hero2_id": "140", "hero2_name": "关羽", "played": "3", "win_rate": "0.6667" },
    { "hero1_id": "123", "hero1_name": "吕布", "hero2_id": "187", "hero2_name": "东皇太一", "played": "3", "win_rate": "0.3333" },
    { "hero1_id": "189", "hero1_name": "鬼谷子", "hero2_id": "195", "hero2_name": "百里玄策", "played": "3", "win_rate": "0.3333" },
    { "hero1_id": "139", "hero1_name": "老夫子", "hero2_id": "168", "hero2_name": "牛魔", "played": "3", "win_rate": "0.6667" },
    { "hero1_id": "191", "hero1_name": "大乔", "hero2_id": "511", "hero2_name": "猪八戒", "played": "3", "win_rate": "0.3333" },
    { "hero1_id": "140", "hero1_name": "关羽", "hero2_id": "152", "hero2_name": "王昭君", "played": "3", "win_rate": "0.3333" },
    { "hero1_id": "128", "hero1_name": "曹操", "hero2_id": "312", "hero2_name": "沈梦溪", "played": "3", "win_rate": "0.3333" },
    { "hero1_id": "163", "hero1_name": "橘右京", "hero2_id": "529", "hero2_name": "盘古", "played": "3", "win_rate": "0.6667" },
    { "hero1_id": "139", "hero1_name": "老夫子", "hero2_id": "195", "hero2_name": "百里玄策", "played": "3", "win_rate": "0.0000" },
    { "hero1_id": "510", "hero1_name": "孙策", "hero2_id": "515", "hero2_name": "嫦娥", "played": "3", "win_rate": "0.3333" },
    { "hero1_id": "105", "hero1_name": "廉颇", "hero2_id": "132", "hero2_name": "马可波罗", "played": "3", "win_rate": "0.0000" },
    { "hero1_id": "506", "hero1_name": "云中君", "hero2_id": "515", "hero2_name": "嫦娥", "played": "3", "win_rate": "0.6667" },
    { "hero1_id": "123", "hero1_name": "吕布", "hero2_id": "193", "hero2_name": "铠", "played": "3", "win_rate": "0.0000" },
    { "hero1_id": "515", "hero1_name": "嫦娥", "hero2_id": "529", "hero2_name": "盘古", "played": "3", "win_rate": "0.6667" },
    { "hero1_id": "118", "hero1_name": "孙膑", "hero2_id": "157", "hero2_name": "不知火舞", "played": "3", "win_rate": "1.0000" },
    { "hero1_id": "148", "hero1_name": "姜子牙", "hero2_id": "193", "hero2_name": "铠", "played": "3", "win_rate": "0.3333" },
    { "hero1_id": "509", "hero1_name": "盾山", "hero2_id": "510", "hero2_name": "孙策", "played": "3", "win_rate": "0.6667" },
    { "hero1_id": "140", "hero1_name": "关羽", "hero2_id": "162", "hero2_name": "娜可露露", "played": "3", "win_rate": "0.3333" }
]