[
    { "avg_assist": "4.02", "avg_ban_seq": "2.3", "avg_bekill": "2.68", "avg_kill": "2.68", "avg_pick_seq": "0.0", "ban_cnt": "28", "gpm": "653", "hero_id": "163", "hero_name": "橘右京", "kda": "3.65", "pick_cnt": "63", "played": "63", "win_rate": "0.4603" },
    { "avg_assist": "3.86", "avg_ban_seq": "2.6", "avg_bekill": "2.49", "avg_kill": "1.93", "avg_pick_seq": "0.0", "ban_cnt": "32", "gpm": "584", "hero_id": "123", "hero_name": "吕布", "kda": "3.04", "pick_cnt": "57", "played": "57", "win_rate": "0.3333" },
    { "avg_assist": "4.08", "avg_ban_seq": "3.9", "avg_bekill": "1.96", "avg_kill": "3.84", "avg_pick_seq": "0.0", "ban_cnt": "26", "gpm": "716", "hero_id": "132", "hero_name": "马可波罗", "kda": "4.98", "pick_cnt": "49", "played": "49", "win_rate": "0.5510" },
    { "avg_assist": "5.88", "avg_ban_seq": "1.9", "avg_bekill": "2.35", "avg_kill": "2.00", "avg_pick_seq": "0.0", "ban_cnt": "49", "gpm": "639", "hero_id": "529", "hero_name": "盘古", "kda": "4.39", "pick_cnt": "43", "played": "43", "win_rate": "0.6279" },
    { "avg_assist": "7.20", "avg_ban_seq": "5.0", "avg_bekill": "2.07", "avg_kill": "0.78", "avg_pick_seq": "0.0", "ban_cnt": "21", "gpm": "430", "hero_id": "171", "hero_name": "张飞", "kda": "5.04", "pick_cnt": "41", "played": "41", "win_rate": "0.5610" },
    { "avg_assist": "5.92", "avg_ban_seq": "6.5", "avg_bekill": "1.57", "avg_kill": "3.12", "avg_pick_seq": "0.0", "ban_cnt": "30", "gpm": "631", "hero_id": "312", "hero_name": "沈梦溪", "kda": "6.99", "pick_cnt": "40", "played": "40", "win_rate": "0.5000" },
    { "avg_assist": "3.94", "avg_ban_seq": "5.3", "avg_bekill": "2.26", "avg_kill": "3.76", "avg_pick_seq": "0.0", "ban_cnt": "12", "gpm": "699", "hero_id": "502", "hero_name": "裴擒虎", "kda": "4.79", "pick_cnt": "34", "played": "34", "win_rate": "0.5294" },
    { "avg_assist": "5.31", "avg_ban_seq": "6.0", "avg_bekill": "2.38", "avg_kill": "2.28", "avg_pick_seq": "0.0", "ban_cnt": "12", "gpm": "642", "hero_id": "140", "hero_name": "关羽", "kda": "4.36", "pick_cnt": "32", "played": "32", "win_rate": "0.5313" },
    { "avg_assist": "5.50", "avg_ban_seq": "7.2", "avg_bekill": "2.10", "avg_kill": "1.37", "avg_pick_seq": "0.0", "ban_cnt": "4", "gpm": "533", "hero_id": "511", "hero_name": "猪八戒", "kda": "3.97", "pick_cnt": "30", "played": "30", "win_rate": "0.5667" },
    { "avg_assist": "8.77", "avg_ban_seq": "4.4", "avg_bekill": "1.50", "avg_kill": "0.83", "avg_pick_seq": "0.0", "ban_cnt": "25", "gpm": "443", "hero_id": "118", "hero_name": "孙膑", "kda": "7.50", "pick_cnt": "30", "played": "30", "win_rate": "0.6333" },
    { "avg_assist": "6.31", "avg_ban_seq": "6.0", "avg_bekill": "2.65", "avg_kill": "0.42", "avg_pick_seq": "0.0", "ban_cnt": "16", "gpm": "431", "hero_id": "186", "hero_name": "太乙真人", "kda": "3.13", "pick_cnt": "26", "played": "26", "win_rate": "0.4615" },
    { "avg_assist": "4.68", "avg_ban_seq": "6.4", "avg_bekill": "3.12", "avg_kill": "1.44", "avg_pick_seq": "0.0", "ban_cnt": "8", "gpm": "591", "hero_id": "510", "hero_name": "孙策", "kda": "2.40", "pick_cnt": "25", "played": "25", "win_rate": "0.5200" },
    { "avg_assist": "3.24", "avg_ban_seq": "5.0", "avg_bekill": "2.56", "avg_kill": "1.36", "avg_pick_seq": "0.0", "ban_cnt": "19", "gpm": "702", "hero_id": "507", "hero_name": "李信", "kda": "2.56", "pick_cnt": "25", "played": "25", "win_rate": "0.5600" },
    { "avg_assist": "4.67", "avg_ban_seq": "3.0", "avg_bekill": "2.83", "avg_kill": "4.50", "avg_pick_seq": "0.0", "ban_cnt": "51", "gpm": "653", "hero_id": "506", "hero_name": "云中君", "kda": "4.52", "pick_cnt": "24", "played": "24", "win_rate": "0.6250" },
    { "avg_assist": "8.26", "avg_ban_seq": "7.1", "avg_bekill": "2.52", "avg_kill": "0.91", "avg_pick_seq": "0.0", "ban_cnt": "7", "gpm": "403", "hero_id": "168", "hero_name": "牛魔", "kda": "5.68", "pick_cnt": "23", "played": "23", "win_rate": "0.5652" },
    { "avg_assist": "4.13", "avg_ban_seq": "5.9", "avg_bekill": "2.39", "avg_kill": "3.04", "avg_pick_seq": "0.0", "ban_cnt": "12", "gpm": "697", "hero_id": "195", "hero_name": "百里玄策", "kda": "4.41", "pick_cnt": "23", "played": "23", "win_rate": "0.3043" },
    { "avg_assist": "6.23", "avg_ban_seq": "5.4", "avg_bekill": "2.41", "avg_kill": "3.64", "avg_pick_seq": "0.0", "ban_cnt": "16", "gpm": "617", "hero_id": "157", "hero_name": "不知火舞", "kda": "5.48", "pick_cnt": "22", "played": "22", "win_rate": "0.7727" },
    { "avg_assist": "4.24", "avg_ban_seq": "5.0", "avg_bekill": "2.67", "avg_kill": "3.67", "avg_pick_seq": "0.0", "ban_cnt": "31", "gpm": "665", "hero_id": "199", "hero_name": "公孙离", "kda": "3.79", "pick_cnt": "21", "played": "21", "win_rate": "0.3810" },
    { "avg_assist": "5.60", "avg_ban_seq": "7.3", "avg_bekill": "2.60", "avg_kill": "0.70", "avg_pick_seq": "0.0", "ban_cnt": "1", "gpm": "471", "hero_id": "194", "hero_name": "苏烈", "kda": "2.64", "pick_cnt": "20", "played": "20", "win_rate": "0.3500" },
    { "avg_assist": "4.63", "avg_ban_seq": "6.2", "avg_bekill": "2.79", "avg_kill": "1.37", "avg_pick_seq": "0.0", "ban_cnt": "14", "gpm": "585", "hero_id": "139", "hero_name": "老夫子", "kda": "2.81", "pick_cnt": "19", "played": "19", "win_rate": "0.5789" },
    { "avg_assist": "4.35", "avg_ban_seq": "6.4", "avg_bekill": "2.18", "avg_kill": "2.41", "avg_pick_seq": "0.0", "ban_cnt": "8", "gpm": "650", "hero_id": "128", "hero_name": "曹操", "kda": "4.83", "pick_cnt": "17", "played": "17", "win_rate": "0.5882" },
    { "avg_assist": "6.88", "avg_ban_seq": "6.8", "avg_bekill": "2.24", "avg_kill": "2.59", "avg_pick_seq": "0.0", "ban_cnt": "15", "gpm": "610", "hero_id": "152", "hero_name": "王昭君", "kda": "5.86", "pick_cnt": "17", "played": "17", "win_rate": "0.5294" },
    { "avg_assist": "4.71", "avg_ban_seq": "6.5", "avg_bekill": "1.53", "avg_kill": "2.59", "avg_pick_seq": "0.0", "ban_cnt": "32", "gpm": "695", "hero_id": "515", "hero_name": "嫦娥", "kda": "5.64", "pick_cnt": "17", "played": "17", "win_rate": "0.3529" },
    { "avg_assist": "3.62", "avg_ban_seq": "6.2", "avg_bekill": "2.50", "avg_kill": "3.44", "avg_pick_seq": "0.0", "ban_cnt": "29", "gpm": "611", "hero_id": "513", "hero_name": "上官婉儿", "kda": "4.42", "pick_cnt": "16", "played": "16", "win_rate": "0.3750" },
    { "avg_assist": "2.53", "avg_ban_seq": "6.8", "avg_bekill": "3.40", "avg_kill": "1.47", "avg_pick_seq": "0.0", "ban_cnt": "8", "gpm": "598", "hero_id": "193", "hero_name": "铠", "kda": "1.51", "pick_cnt": "15", "played": "15", "win_rate": "0.2000" },
    { "avg_assist": "7.73", "avg_ban_seq": "4.5", "avg_bekill": "3.00", "avg_kill": "0.40", "avg_pick_seq": "0.0", "ban_cnt": "29", "gpm": "399", "hero_id": "509", "hero_name": "盾山", "kda": "3.96", "pick_cnt": "15", "played": "15", "win_rate": "0.5333" },
    { "avg_assist": "5.14", "avg_ban_seq": "6.0", "avg_bekill": "1.93", "avg_kill": "3.29", "avg_pick_seq": "0.0", "ban_cnt": "6", "gpm": "712", "hero_id": "133", "hero_name": "狄仁杰", "kda": "5.59", "pick_cnt": "14", "played": "14", "win_rate": "0.5000" },
    { "avg_assist": "5.58", "avg_ban_seq": "7.0", "avg_bekill": "1.33", "avg_kill": "1.75", "avg_pick_seq": "0.0", "ban_cnt": "7", "gpm": "671", "hero_id": "182", "hero_name": "干将莫邪", "kda": "5.65", "pick_cnt": "12", "played": "12", "win_rate": "0.4167" },
    { "avg_assist": "4.83", "avg_ban_seq": "7.1", "avg_bekill": "1.08", "avg_kill": "4.33", "avg_pick_seq": "0.0", "ban_cnt": "11", "gpm": "684", "hero_id": "119", "hero_name": "扁鹊", "kda": "7.89", "pick_cnt": "12", "played": "12", "win_rate": "0.6667" },
    { "avg_assist": "8.17", "avg_ban_seq": "6.3", "avg_bekill": "2.92", "avg_kill": "0.83", "avg_pick_seq": "0.0", "ban_cnt": "14", "gpm": "400", "hero_id": "189", "hero_name": "鬼谷子", "kda": "4.69", "pick_cnt": "12", "played": "12", "win_rate": "0.5000" },
    { "avg_assist": "4.82", "avg_ban_seq": "8.6", "avg_bekill": "1.27", "avg_kill": "2.64", "avg_pick_seq": "0.0", "ban_cnt": "2", "gpm": "674", "hero_id": "110", "hero_name": "嬴政", "kda": "5.64", "pick_cnt": "11", "played": "11", "win_rate": "0.3636" },
    { "avg_assist": "4.91", "avg_ban_seq": "2.3", "avg_bekill": "1.45", "avg_kill": "1.27", "avg_pick_seq": "0.0", "ban_cnt": "78", "gpm": "516", "hero_id": "148", "hero_name": "姜子牙", "kda": "4.62", "pick_cnt": "11", "played": "11", "win_rate": "0.4545" },
    { "avg_assist": "5.60", "avg_ban_seq": "5.3", "avg_bekill": "4.90", "avg_kill": "4.30", "avg_pick_seq": "0.0", "ban_cnt": "22", "gpm": "507", "hero_id": "153", "hero_name": "兰陵王", "kda": "2.05", "pick_cnt": "10", "played": "10", "win_rate": "0.6000" },
    { "avg_assist": "4.62", "avg_ban_seq": "7.2", "avg_bekill": "1.25", "avg_kill": "4.25", "avg_pick_seq": "0.0", "ban_cnt": "4", "gpm": "716", "hero_id": "162", "hero_name": "娜可露露", "kda": "6.71", "pick_cnt": "8", "played": "8", "win_rate": "0.5000" },
    { "avg_assist": "5.00", "avg_ban_seq": "7.2", "avg_bekill": "2.14", "avg_kill": "3.14", "avg_pick_seq": "0.0", "ban_cnt": "12", "gpm": "641", "hero_id": "141", "hero_name": "貂蝉", "kda": "5.70", "pick_cnt": "7", "played": "7", "win_rate": "0.4286" },
    { "avg_assist": "7.00", "avg_ban_seq": "7.9", "avg_bekill": "1.57", "avg_kill": "3.14", "avg_pick_seq": "0.0", "ban_cnt": "9", "gpm": "692", "hero_id": "176", "hero_name": "杨玉环", "kda": "7.27", "pick_cnt": "7", "played": "7", "win_rate": "0.7143" },
    { "avg_assist": "6.29", "avg_ban_seq": "8.1", "avg_bekill": "2.14", "avg_kill": "2.00", "avg_pick_seq": "0.0", "ban_cnt": "3", "gpm": "556", "hero_id": "120", "hero_name": "白起", "kda": "5.07", "pick_cnt": "7", "played": "7", "win_rate": "0.2857" },
    { "avg_assist": "5.17", "avg_ban_seq": "7.2", "avg_bekill": "4.67", "avg_kill": "0.50", "avg_pick_seq": "0.0", "ban_cnt": "0", "gpm": "387", "hero_id": "105", "hero_name": "廉颇", "kda": "1.33", "pick_cnt": "6", "played": "6", "win_rate": "0.0000" },
    { "avg_assist": "2.50", "avg_ban_seq": "7.8", "avg_bekill": "1.50", "avg_kill": "3.00", "avg_pick_seq": "0.0", "ban_cnt": "3", "gpm": "589", "hero_id": "125", "hero_name": "元歌", "kda": "4.42", "pick_cnt": "6", "played": "6", "win_rate": "0.1667" },
    { "avg_assist": "4.17", "avg_ban_seq": "6.8", "avg_bekill": "1.67", "avg_kill": "6.00", "avg_pick_seq": "0.0", "ban_cnt": "4", "gpm": "733", "hero_id": "111", "hero_name": "孙尚香", "kda": "5.44", "pick_cnt": "6", "played": "6", "win_rate": "0.8333" },
    { "avg_assist": "3.67", "avg_ban_seq": "5.7", "avg_bekill": "1.33", "avg_kill": "3.33", "avg_pick_seq": "0.0", "ban_cnt": "6", "gpm": "636", "hero_id": "196", "hero_name": "百里守约", "kda": "5.12", "pick_cnt": "6", "played": "6", "win_rate": "0.6667" },
    { "avg_assist": "5.20", "avg_ban_seq": "8.0", "avg_bekill": "4.80", "avg_kill": "1.40", "avg_pick_seq": "0.0", "ban_cnt": "1", "gpm": "402", "hero_id": "187", "hero_name": "东皇太一", "kda": "1.69", "pick_cnt": "5", "played": "5", "win_rate": "0.4000" },
    { "avg_assist": "2.60", "avg_ban_seq": "10.0", "avg_bekill": "2.00", "avg_kill": "3.80", "avg_pick_seq": "0.0", "ban_cnt": "0", "gpm": "666", "hero_id": "190", "hero_name": "诸葛亮", "kda": "4.25", "pick_cnt": "5", "played": "5", "win_rate": "0.2000" },
    { "avg_assist": "7.25", "avg_ban_seq": "7.9", "avg_bekill": "1.50", "avg_kill": "3.00", "avg_pick_seq": "0.0", "ban_cnt": "3", "gpm": "648", "hero_id": "144", "hero_name": "程咬金", "kda": "7.58", "pick_cnt": "4", "played": "4", "win_rate": "0.7500" },
    { "avg_assist": "4.75", "avg_ban_seq": "7.7", "avg_bekill": "2.75", "avg_kill": "0.75", "avg_pick_seq": "0.0", "ban_cnt": "3", "gpm": "460", "hero_id": "191", "hero_name": "大乔", "kda": "2.76", "pick_cnt": "4", "played": "4", "win_rate": "0.2500" },
    { "avg_assist": "2.67", "avg_ban_seq": "6.3", "avg_bekill": "3.33", "avg_kill": "2.67", "avg_pick_seq": "0.0", "ban_cnt": "0", "gpm": "565", "hero_id": "107", "hero_name": "赵云", "kda": "1.42", "pick_cnt": "3", "played": "3", "win_rate": "0.3333" },
    { "avg_assist": "3.33", "avg_ban_seq": "6.6", "avg_bekill": "1.33", "avg_kill": "0.33", "avg_pick_seq": "0.0", "ban_cnt": "5", "gpm": "698", "hero_id": "121", "hero_name": "芈月", "kda": "3.50", "pick_cnt": "3", "played": "3", "win_rate": "0.6667" },
    { "avg_assist": "4.50", "avg_ban_seq": "8.5", "avg_bekill": "2.00", "avg_kill": "2.00", "avg_pick_seq": "0.0", "ban_cnt": "0", "gpm": "505", "hero_id": "126", "hero_name": "夏侯惇", "kda": "4.17", "pick_cnt": "2", "played": "2", "win_rate": "0.5000" },
    { "avg_assist": "3.00", "avg_ban_seq": "9.5", "avg_bekill": "2.00", "avg_kill": "0.50", "avg_pick_seq": "0.0", "ban_cnt": "0", "gpm": "441", "hero_id": "113", "hero_name": "庄周", "kda": "3.17", "pick_cnt": "2", "played": "2", "win_rate": "0.5000" },
    { "avg_assist": "4.50", "avg_ban_seq": "9.0", "avg_bekill": "0.50", "avg_kill": "2.00", "avg_pick_seq": "0.0", "ban_cnt": "0", "gpm": "773", "hero_id": "177", "hero_name": "成吉思汗", "kda": "6.50", "pick_cnt": "2", "played": "2", "win_rate": "1.0000" },
    { "avg_assist": "3.50", "avg_ban_seq": "8.0", "avg_bekill": "1.00", "avg_kill": "5.00", "avg_pick_seq": "0.0", "ban_cnt": "0", "gpm": "789", "hero_id": "129", "hero_name": "典韦", "kda": "6.50", "pick_cnt": "2", "played": "2", "win_rate": "1.0000" },
    { "avg_assist": "4.50", "avg_ban_seq": "7.0", "avg_bekill": "4.00", "avg_kill": "0.50", "avg_pick_seq": "0.0", "ban_cnt": "0", "gpm": "641", "hero_id": "503", "hero_name": "狂铁", "kda": "1.25", "pick_cnt": "2", "played": "2", "win_rate": "0.0000" },
    { "avg_assist": "7.00", "avg_ban_seq": "6.8", "avg_bekill": "2.50", "avg_kill": "4.50", "avg_pick_seq": "0.0", "ban_cnt": "2", "gpm": "639", "hero_id": "508", "hero_name": "伽罗", "kda": "8.12", "pick_cnt": "2", "played": "2", "win_rate": "1.0000" },
    { "avg_assist": "11.00", "avg_ban_seq": "9.0", "avg_bekill": "2.00", "avg_kill": "1.00", "avg_pick_seq": "0.0", "ban_cnt": "0", "gpm": "613", "hero_id": "149", "hero_name": "刘邦", "kda": "6.00", "pick_cnt": "1", "played": "1", "win_rate": "1.0000" },
    { "avg_assist": "4.00", "avg_ban_seq": "7.0", "avg_bekill": "2.00", "avg_kill": "2.00", "avg_pick_seq": "0.0", "ban_cnt": "0", "gpm": "666", "hero_id": "154", "hero_name": "花木兰", "kda": "3.00", "pick_cnt": "1", "played": "1", "win_rate": "0.0000" },
    { "avg_assist": "5.00", "avg_ban_seq": "9.0", "avg_bekill": "2.00", "avg_kill": "0.00", "avg_pick_seq": "0.0", "ban_cnt": "0", "gpm": "528", "hero_id": "136", "hero_name": "武则天", "kda": "2.50", "pick_cnt": "1", "played": "1", "win_rate": "0.0000" },
    { "avg_assist": "6.00", "avg_ban_seq": "10.0", "avg_bekill": "7.00", "avg_kill": "2.00", "avg_pick_seq": "0.0", "ban_cnt": "0", "gpm": "516", "hero_id": "137", "hero_name": "司马懿", "kda": "1.14", "pick_cnt": "1", "played": "1", "win_rate": "0.0000" },
    { "avg_assist": "9.00", "avg_ban_seq": "10.0", "avg_bekill": "1.00", "avg_kill": "3.00", "avg_pick_seq": "0.0", "ban_cnt": "0", "gpm": "680", "hero_id": "124", "hero_name": "周瑜", "kda": "12.00", "pick_cnt": "1", "played": "1", "win_rate": "1.0000" },
    { "avg_assist": "0.00", "avg_ban_seq": "8.0", "avg_bekill": "0.00", "avg_kill": "0.00", "avg_pick_seq": "0.0", "ban_cnt": "1", "gpm": "0", "hero_id": "127", "hero_name": "甄姬", "kda": "0.00", "pick_cnt": "0", "played": "0", "win_rate": "0.0000" },
    { "avg_assist": "0.00", "avg_ban_seq": "6.6", "avg_bekill": "0.00", "avg_kill": "0.00", "avg_pick_seq": "0.0", "ban_cnt": "5", "gpm": "0", "hero_id": "156", "hero_name": "张良", "kda": "0.00", "pick_cnt": "0", "played": "0", "win_rate": "0.0000" }
]