[
    { "hero_id": "106", "hero_name": "小乔" },
    { "hero_id": "108", "hero_name": "墨子" },
    { "hero_id": "109", "hero_name": "妲己" },
    { "hero_id": "112", "hero_name": "鲁班七号" },
    { "hero_id": "114", "hero_name": "刘禅" },
    { "hero_id": "115", "hero_name": "高渐离" },
    { "hero_id": "116", "hero_name": "阿轲" },
    { "hero_id": "117", "hero_name": "钟无艳" },
    { "hero_id": "130", "hero_name": "宫本武藏" },
    { "hero_id": "131", "hero_name": "李白" },
    { "hero_id": "134", "hero_name": "达摩" },
    { "hero_id": "135", "hero_name": "项羽" },
    { "hero_id": "142", "hero_name": "安琪拉" },
    { "hero_id": "146", "hero_name": "露娜" },
    { "hero_id": "150", "hero_name": "韩信" },
    { "hero_id": "155", "hero_name": "艾琳" },
    { "hero_id": "166", "hero_name": "亚瑟" },
    { "hero_id": "167", "hero_name": "孙悟空" },
    { "hero_id": "169", "hero_name": "后羿" },
    { "hero_id": "170", "hero_name": "刘备" },
    { "hero_id": "173", "hero_name": "李元芳" },
    { "hero_id": "174", "hero_name": "虞姬" },
    { "hero_id": "175", "hero_name": "钟馗" },
    { "hero_id": "178", "hero_name": "杨戬" },
    { "hero_id": "179", "hero_name": "女娲" },
    { "hero_id": "180", "hero_name": "哪吒" },
    { "hero_id": "183", "hero_name": "雅典娜" },
    { "hero_id": "184", "hero_name": "蔡文姬" },
    { "hero_id": "192", "hero_name": "黄忠" },
    { "hero_id": "197", "hero_name": "弈星" },
    { "hero_id": "198", "hero_name": "梦奇" },
    { "hero_id": "501", "hero_name": "明世隐" },
    { "hero_id": "504", "hero_name": "米莱狄" },
    { "hero_id": "505", "hero_name": "瑶" },
    { "hero_id": "518", "hero_name": "马超" },
    { "hero_id": "522", "hero_name": "曜" },
    { "hero_id": "523", "hero_name": "西施" },
    { "hero_id": "525", "hero_name": "鲁班大师" }
]