[
    { "avg_assist": "5.61", "avg_bekill": "2.57", "avg_kill": "3.17", "gpm": "608", "kda": "4.69", "name": "sViper.烬", "openid": "12ED93A3618081BF263DFB9643CD4825", "played": "23", "rating": "5.60", "total_kill": "73", "win_rate": "0.4348", "xpm": "820" },
    { "avg_assist": "5.00", "avg_bekill": "3.00", "avg_kill": "1.70", "gpm": "632", "kda": "3.03", "name": "sViper.涛涛", "openid": "FD8A3C52B3CF02E26D6675C8D1E0964B", "played": "23", "rating": "5.60", "total_kill": "39", "win_rate": "0.4348", "xpm": "803" },
    { "avg_assist": "4.30", "avg_bekill": "2.13", "avg_kill": "3.35", "gpm": "688", "kda": "4.42", "name": "sViper.海王", "openid": "BF9DFCA9A5F4DECD44E62AF037E1E527", "played": "23", "rating": "5.60", "total_kill": "77", "win_rate": "0.4348", "xpm": "808" },
    { "avg_assist": "4.73", "avg_bekill": "1.86", "avg_kill": "1.36", "gpm": "592", "kda": "4.04", "name": "TDG.Ma", "openid": "E93B7CD95C7DAFFA70B3707EE834A417", "played": "22", "rating": "5.60", "total_kill": "30", "win_rate": "0.5909", "xpm": "826" },
    { "avg_assist": "6.77", "avg_bekill": "1.73", "avg_kill": "0.73", "gpm": "436", "kda": "5.90", "name": "33常凯瑞.凯旋", "openid": "793156F8E8B7A53450B450CF9A7AFF7E", "played": "22", "rating": "5.60", "total_kill": "16", "win_rate": "0.5909", "xpm": "788" },
    { "avg_assist": "7.45", "avg_bekill": "2.50", "avg_kill": "0.82", "gpm": "409", "kda": "4.31", "name": "TDG.清醒", "openid": "CDE10885ECE006343C5D91C5625A62D0", "played": "22", "rating": "5.60", "total_kill": "18", "win_rate": "0.5909", "xpm": "773" },
    { "avg_assist": "3.59", "avg_bekill": "2.00", "avg_kill": "2.27", "gpm": "695", "kda": "4.20", "name": "33常凯瑞百兽", "openid": "75F1305CE134654648696BDFCD536C54", "played": "22", "rating": "5.60", "total_kill": "50", "win_rate": "0.5909", "xpm": "857" },
    { "avg_assist": "5.23", "avg_bekill": "0.95", "avg_kill": "2.45", "gpm": "635", "kda": "7.20", "name": "33常凯瑞.七诺", "openid": "FCF25B6CC13F7709F0E56872CBAD3FE2", "played": "22", "rating": "5.60", "total_kill": "54", "win_rate": "0.5909", "xpm": "841" },
    { "avg_assist": "4.23", "avg_bekill": "3.00", "avg_kill": "2.82", "gpm": "651", "kda": "3.52", "name": "TDG.孤意", "openid": "4207260836B245F6B72481FE8613C529", "played": "22", "rating": "5.60", "total_kill": "62", "win_rate": "0.5909", "xpm": "854" },
    { "avg_assist": "5.73", "avg_bekill": "2.00", "avg_kill": "2.91", "gpm": "661", "kda": "6.01", "name": "TDG.千世", "openid": "F1B2BA5A27FE61518DCC510C73288D9C", "played": "22", "rating": "5.60", "total_kill": "64", "win_rate": "0.5909", "xpm": "846" },
    { "avg_assist": "5.18", "avg_bekill": "2.00", "avg_kill": "1.64", "gpm": "597", "kda": "4.45", "name": "33常凯瑞芒果", "openid": "5AECE1391070C0E5133F21DF980366EF", "played": "22", "rating": "5.60", "total_kill": "36", "win_rate": "0.5909", "xpm": "825" },
    { "avg_assist": "3.45", "avg_bekill": "1.91", "avg_kill": "3.27", "gpm": "677", "kda": "4.56", "name": "33常凯瑞城南", "openid": "B363E28FD95A35BF82FE215242049CFC", "played": "22", "rating": "5.60", "total_kill": "72", "win_rate": "0.5909", "xpm": "862" },
    { "avg_assist": "4.86", "avg_bekill": "1.64", "avg_kill": "3.77", "gpm": "727", "kda": "6.00", "name": "TDG.湘军", "openid": "07DA0ABB073DFD9BBEF79B4AA9C19AD9", "played": "22", "rating": "5.60", "total_kill": "83", "win_rate": "0.5909", "xpm": "866" },
    { "avg_assist": "5.24", "avg_bekill": "3.05", "avg_kill": "2.76", "gpm": "589", "kda": "4.65", "name": "NWG.TiGer", "openid": "44519BEABF41B3C9C5BAB0AC33E3F6B7", "played": "21", "rating": "5.60", "total_kill": "58", "win_rate": "0.7143", "xpm": "784" },
    { "avg_assist": "3.76", "avg_bekill": "2.00", "avg_kill": "3.29", "gpm": "677", "kda": "5.29", "name": "NWG.阿东", "openid": "FCF580CE0E791FE7920ECA8083FBF097", "played": "21", "rating": "5.60", "total_kill": "69", "win_rate": "0.7143", "xpm": "782" },
    { "avg_assist": "5.10", "avg_bekill": "2.29", "avg_kill": "3.71", "gpm": "739", "kda": "5.51", "name": "NWG.酷酷", "openid": "139912C9D006D280322C3F5115E72581", "played": "21", "rating": "5.60", "total_kill": "78", "win_rate": "0.7143", "xpm": "801" },
    { "avg_assist": "7.71", "avg_bekill": "2.19", "avg_kill": "0.86", "gpm": "488", "kda": "5.71", "name": "NWG.火火火", "openid": "FC77CF248F34D310BB413002A620A5F1", "played": "21", "rating": "5.60", "total_kill": "18", "win_rate": "0.7143", "xpm": "757" },
    { "avg_assist": "5.90", "avg_bekill": "2.19", "avg_kill": "3.24", "gpm": "603", "kda": "5.62", "name": "NWG.土狗", "openid": "D1B7C017167A9473B8C53A077331CAAB", "played": "21", "rating": "5.60", "total_kill": "68", "win_rate": "0.7143", "xpm": "780" },
    { "avg_assist": "5.15", "avg_bekill": "3.20", "avg_kill": "1.90", "gpm": "612", "kda": "2.83", "name": "QPZ.926", "openid": "65DC654224B21D872812B1C24DDF9C5F", "played": "20", "rating": "5.60", "total_kill": "38", "win_rate": "0.5000", "xpm": "585" },
    { "avg_assist": "6.80", "avg_bekill": "2.85", "avg_kill": "1.90", "gpm": "582", "kda": "3.69", "name": "KSSC.无忌", "openid": "66EC81766B148ED74236686E7F1C8493", "played": "20", "rating": "5.60", "total_kill": "38", "win_rate": "0.7500", "xpm": "661" },
    { "avg_assist": "8.10", "avg_bekill": "2.30", "avg_kill": "0.95", "gpm": "420", "kda": "4.91", "name": "QPZ.冰尘", "openid": "B60BEC66456FDE26DDF9B6F7BCCE6131", "played": "20", "rating": "5.60", "total_kill": "19", "win_rate": "0.5000", "xpm": "555" },
    { "avg_assist": "6.65", "avg_bekill": "1.50", "avg_kill": "3.10", "gpm": "643", "kda": "6.93", "name": "KSSC.无邪", "openid": "F7E6BD9D6B8D3648E3C8F54974BF15C1", "played": "20", "rating": "5.60", "total_kill": "62", "win_rate": "0.7500", "xpm": "661" },
    { "avg_assist": "4.65", "avg_bekill": "2.15", "avg_kill": "2.80", "gpm": "629", "kda": "4.92", "name": "sViper.小超", "openid": "3CFC8836B37AC921691F9352A8BE68E3", "played": "20", "rating": "5.60", "total_kill": "56", "win_rate": "0.4000", "xpm": "791" },
    { "avg_assist": "5.20", "avg_bekill": "2.80", "avg_kill": "2.20", "gpm": "586", "kda": "3.02", "name": "QPZ.阿四", "openid": "48C2342D4B15F30DD1C38067CCD5F242", "played": "20", "rating": "5.60", "total_kill": "44", "win_rate": "0.5000", "xpm": "589" },
    { "avg_assist": "6.40", "avg_bekill": "1.30", "avg_kill": "3.00", "gpm": "658", "kda": "7.47", "name": "QPZ.超神", "openid": "AE49061AE340DB9A2A8C01F6FA1D12A3", "played": "20", "rating": "5.60", "total_kill": "60", "win_rate": "0.5000", "xpm": "599" },
    { "avg_assist": "9.35", "avg_bekill": "1.70", "avg_kill": "0.55", "gpm": "406", "kda": "6.78", "name": "KSSC.筱辉", "openid": "EE3CCB62FB60F968EE47D3F7E0B0BB57", "played": "20", "rating": "5.60", "total_kill": "11", "win_rate": "0.7500", "xpm": "636" },
    { "avg_assist": "4.80", "avg_bekill": "2.45", "avg_kill": "5.10", "gpm": "675", "kda": "5.05", "name": "QPZ.汤汤", "openid": "7DE8C75A050BE3A6615F952899C1782E", "played": "20", "rating": "5.60", "total_kill": "102", "win_rate": "0.5000", "xpm": "597" },
    { "avg_assist": "4.60", "avg_bekill": "1.50", "avg_kill": "5.80", "gpm": "732", "kda": "7.52", "name": "KSSC.小义", "openid": "7D1D29C1629432D8FA2E1CE299D1DF0C", "played": "20", "rating": "5.60", "total_kill": "116", "win_rate": "0.7500", "xpm": "676" },
    { "avg_assist": "5.10", "avg_bekill": "1.95", "avg_kill": "2.65", "gpm": "668", "kda": "4.80", "name": "KSSC.无畏", "openid": "F95EE73A43207678BF73129A2717E243", "played": "20", "rating": "5.60", "total_kill": "53", "win_rate": "0.7500", "xpm": "671" },
    { "avg_assist": "4.37", "avg_bekill": "2.26", "avg_kill": "1.11", "gpm": "603", "kda": "2.72", "name": "JV.温柔", "openid": "D0C5B4A0C2A50194AB17F29B22F0DA55", "played": "19", "rating": "5.60", "total_kill": "21", "win_rate": "0.3158", "xpm": "824" },
    { "avg_assist": "3.00", "avg_bekill": "2.89", "avg_kill": "3.11", "gpm": "670", "kda": "2.99", "name": "HOPE.德服", "openid": "5AA400805580667B53C5010F6B1C47CC", "played": "19", "rating": "5.60", "total_kill": "59", "win_rate": "0.1579", "xpm": "762" },
    { "avg_assist": "4.79", "avg_bekill": "1.95", "avg_kill": "3.05", "gpm": "640", "kda": "4.79", "name": "JV.小千", "openid": "BB498D0D35CDDBE9137CC8920E86F056", "played": "19", "rating": "5.60", "total_kill": "58", "win_rate": "0.3158", "xpm": "830" },
    { "avg_assist": "4.05", "avg_bekill": "2.53", "avg_kill": "2.11", "gpm": "615", "kda": "2.96", "name": "JV.一幻", "openid": "F268A95CE9095898566333AE3CB47318", "played": "19", "rating": "5.60", "total_kill": "40", "win_rate": "0.3158", "xpm": "822" },
    { "avg_assist": "3.47", "avg_bekill": "3.00", "avg_kill": "1.21", "gpm": "531", "kda": "1.82", "name": "HOPE.言路", "openid": "682652D7CF68279CE75D0C43455D58D9", "played": "19", "rating": "5.60", "total_kill": "23", "win_rate": "0.1579", "xpm": "702" },
    { "avg_assist": "3.95", "avg_bekill": "2.63", "avg_kill": "3.42", "gpm": "695", "kda": "3.67", "name": "JV.清风", "openid": "4E807031C0F9AF10591B4EFC083C9735", "played": "19", "rating": "5.60", "total_kill": "65", "win_rate": "0.3158", "xpm": "868" },
    { "avg_assist": "3.22", "avg_bekill": "2.78", "avg_kill": "1.78", "gpm": "603", "kda": "2.29", "name": "VSR.Vv", "openid": "30936661D0227A5A83DC27246BAE9AD6", "played": "18", "rating": "5.60", "total_kill": "32", "win_rate": "0.3889", "xpm": "707" },
    { "avg_assist": "5.11", "avg_bekill": "2.61", "avg_kill": "0.72", "gpm": "394", "kda": "2.97", "name": "VSR.Mssss", "openid": "9A7776308B153BD50C9A29E9041CB5B0", "played": "18", "rating": "5.60", "total_kill": "13", "win_rate": "0.3889", "xpm": "650" },
    { "avg_assist": "6.17", "avg_bekill": "3.44", "avg_kill": "0.83", "gpm": "418", "kda": "3.80", "name": "JV.输出", "openid": "55AAFDD722B74557DB02A8E1639C5C88", "played": "18", "rating": "5.60", "total_kill": "15", "win_rate": "0.3333", "xpm": "746" },
    { "avg_assist": "3.89", "avg_bekill": "2.61", "avg_kill": "1.33", "gpm": "606", "kda": "2.69", "name": "VSR.FF", "openid": "1CBC9A148A8AF8A4C23F1C437674EB87", "played": "18", "rating": "5.60", "total_kill": "24", "win_rate": "0.3889", "xpm": "739" },
    { "avg_assist": "4.61", "avg_bekill": "1.44", "avg_kill": "3.61", "gpm": "651", "kda": "6.06", "name": "VSR.Jx", "openid": "5CB464E6753E0DF3D0D9EA6D1B050604", "played": "18", "rating": "5.60", "total_kill": "65", "win_rate": "0.3889", "xpm": "739" },
    { "avg_assist": "5.17", "avg_bekill": "3.44", "avg_kill": "0.94", "gpm": "521", "kda": "3.25", "name": "HOPE.無緣", "openid": "1B53F1D968D2449302BC0959A96C729B", "played": "18", "rating": "5.60", "total_kill": "17", "win_rate": "0.1667", "xpm": "701" },
    { "avg_assist": "4.12", "avg_bekill": "2.29", "avg_kill": "2.06", "gpm": "656", "kda": "3.21", "name": "VSR.Qy", "openid": "D6D4C5BC0F9EA17C73027A40EA70EA47", "played": "17", "rating": "5.60", "total_kill": "35", "win_rate": "0.3529", "xpm": "733" },
    { "avg_assist": "3.47", "avg_bekill": "2.73", "avg_kill": "2.33", "gpm": "637", "kda": "3.23", "name": "HOPE.阿皮", "openid": "3ECBC9542086930FBA84408AC2C8127C", "played": "15", "rating": "5.60", "total_kill": "35", "win_rate": "0.1333", "xpm": "726" },
    { "avg_assist": "3.93", "avg_bekill": "3.27", "avg_kill": "1.07", "gpm": "572", "kda": "1.62", "name": "HOPE.凡", "openid": "25822801F76AF7A8471C0145FFDAC065", "played": "15", "rating": "5.60", "total_kill": "16", "win_rate": "0.2000", "xpm": "704" },
    { "avg_assist": "8.07", "avg_bekill": "2.86", "avg_kill": "0.43", "gpm": "413", "kda": "3.96", "name": "sViper.妄", "openid": "61FB4978731530DB27226AB575EA1129", "played": "14", "rating": "5.60", "total_kill": "6", "win_rate": "0.5714", "xpm": "770" },
    { "avg_assist": "3.33", "avg_bekill": "2.67", "avg_kill": "2.33", "gpm": "500", "kda": "2.88", "name": "HOPE.酒神", "openid": "738D2585E2C93CBAD09ED12BF393FCC0", "played": "9", "rating": "5.60", "total_kill": "21", "win_rate": "0.1111", "xpm": "726" },
    { "avg_assist": "7.11", "avg_bekill": "2.67", "avg_kill": "1.44", "gpm": "392", "kda": "4.37", "name": "sViper.Monkey", "openid": "1E9FF5EBFEE6447134269B4CC282A9A8", "played": "9", "rating": "5.60", "total_kill": "13", "win_rate": "0.2222", "xpm": "698" },
    { "avg_assist": "8.00", "avg_bekill": "1.33", "avg_kill": "4.33", "gpm": "665", "kda": "9.89", "name": "sViper.齐木", "openid": "DA97C708BDBD991102E9A49DFF4D785F", "played": "3", "rating": "5.60", "total_kill": "13", "win_rate": "0.6667", "xpm": "833" },
    { "avg_assist": "5.00", "avg_bekill": "0.00", "avg_kill": "2.00", "gpm": "640", "kda": "7.00", "name": "VSR.凌鸢", "openid": "3FFE05BEA4AD9D60F6FADB671B7C805F", "played": "1", "rating": "5.60", "total_kill": "2", "win_rate": "1.0000", "xpm": "949" },
    { "avg_assist": "7.00", "avg_bekill": "6.00", "avg_kill": "0.00", "gpm": "355", "kda": "1.17", "name": "JV.韩叙", "openid": "26B0203EC20D99B07FE7FCA77CB762FB", "played": "1", "rating": "5.60", "total_kill": "0", "win_rate": "0.0000", "xpm": "720" }
]