[
    { "ban_heros": "513|506|507|132", "camp": "1", "game_label": "119202", "game_time": "2019-05-27 15:10:34", "is_win": "1", "kill_cnt": "17", "pick_heros": "529|312|168|140|502", "team_id": "18", "team_name": "sViper" },
    { "ban_heros": "148|123|195|199", "camp": "2", "game_label": "119202", "game_time": "2019-05-27 15:10:34", "is_win": "0", "kill_cnt": "3", "pick_heros": "163|186|515|511|193", "team_id": "46", "team_name": "33常凯瑞" },
    { "ban_heros": "148|186|312|152", "camp": "1", "game_label": "119201", "game_time": "2019-05-27 15:19:16", "is_win": "0", "kill_cnt": "7", "pick_heros": "163|199|509|125|193", "team_id": "47", "team_name": "JV" },
    { "ban_heros": "529|513|156|140", "camp": "2", "game_label": "119201", "game_time": "2019-05-27 15:19:16", "is_win": "1", "kill_cnt": "19", "pick_heros": "123|132|506|157|171", "team_id": "76", "team_name": "NWG" },
    { "ban_heros": "529|148|132|507", "camp": "2", "game_label": "119202", "game_time": "2019-05-27 15:36:46", "is_win": "0", "kill_cnt": "4", "pick_heros": "123|168|195|182|139", "team_id": "18", "team_name": "sViper" },
    { "ban_heros": "513|312|156|128", "camp": "1", "game_label": "119202", "game_time": "2019-05-27 15:36:46", "is_win": "1", "kill_cnt": "15", "pick_heros": "163|171|152|506|120", "team_id": "46", "team_name": "33常凯瑞" },
    { "ban_heros": "513|506|507|123", "camp": "1", "game_label": "119202", "game_time": "2019-05-27 16:03:19", "is_win": "0", "kill_cnt": "6", "pick_heros": "529|152|194|162|120", "team_id": "18", "team_name": "sViper" },
    { "ban_heros": "148|312|140|199", "camp": "2", "game_label": "119202", "game_time": "2019-05-27 16:03:19", "is_win": "1", "kill_cnt": "15", "pick_heros": "163|168|132|511|125", "team_id": "46", "team_name": "33常凯瑞" },
    { "ban_heros": "529|132|152|515", "camp": "2", "game_label": "119201", "game_time": "2019-05-27 15:50:17", "is_win": "1", "kill_cnt": "19", "pick_heros": "199|163|171|312|511", "team_id": "47", "team_name": "JV" },
    { "ban_heros": "506|148|156|128", "camp": "1", "game_label": "119201", "game_time": "2019-05-27 15:50:17", "is_win": "0", "kill_cnt": "11", "pick_heros": "123|502|509|510|110", "team_id": "76", "team_name": "NWG" },
    { "ban_heros": "132|199|506|509", "camp": "1", "game_label": "119201", "game_time": "2019-05-27 16:24:43", "is_win": "0", "kill_cnt": "8", "pick_heros": "148|171|195|193|126", "team_id": "47", "team_name": "JV" },
    { "ban_heros": "132|199|506|509", "camp": "1", "game_label": "119206", "game_time": "2019-05-27 16:24:43", "is_win": "0", "kill_cnt": "8", "pick_heros": "148|171|195|193|126", "team_id": "47", "team_name": "JV" },
    { "ban_heros": "529|513|196|121", "camp": "2", "game_label": "119201", "game_time": "2019-05-27 16:24:43", "is_win": "1", "kill_cnt": "13", "pick_heros": "312|123|153|128|502", "team_id": "76", "team_name": "NWG" },
    { "ban_heros": "132|199|182|152", "camp": "1", "game_label": "119204", "game_time": "2019-05-27 16:45:36", "is_win": "0", "kill_cnt": "5", "pick_heros": "163|502|194|191|312", "team_id": "46", "team_name": "33常凯瑞" },
    { "ban_heros": "509|148|189|139", "camp": "2", "game_label": "119204", "game_time": "2019-05-27 16:45:36", "is_win": "1", "kill_cnt": "11", "pick_heros": "529|133|123|118|515", "team_id": "72", "team_name": "QPZ" },
    { "ban_heros": "506|529|199|132", "camp": "1", "game_label": "119203", "game_time": "2019-05-27 17:03:49", "is_win": "1", "kill_cnt": "12", "pick_heros": "148|121|196|128|113", "team_id": "73", "team_name": "VSTAR" },
    { "ban_heros": "163|509|502|511", "camp": "2", "game_label": "119203", "game_time": "2019-05-27 17:03:49", "is_win": "0", "kill_cnt": "4", "pick_heros": "123|510|513|189|162", "team_id": "77", "team_name": "TDG" },
    { "ban_heros": "163|509|502|511", "camp": "2", "game_label": "119206", "game_time": "2019-05-27 17:03:49", "is_win": "0", "kill_cnt": "4", "pick_heros": "123|510|513|189|162", "team_id": "77", "team_name": "TDG" },
    { "ban_heros": "132|163|182|171", "camp": "2", "game_label": "119204", "game_time": "2019-05-27 17:24:00", "is_win": "1", "kill_cnt": "8", "pick_heros": "511|118|196|507|152", "team_id": "46", "team_name": "33常凯瑞" },
    { "ban_heros": "148|529|176|141", "camp": "1", "game_label": "119204", "game_time": "2019-05-27 17:24:00", "is_win": "0", "kill_cnt": "7", "pick_heros": "199|153|123|186|515", "team_id": "72", "team_name": "QPZ" },
    { "ban_heros": "506|199|515|141", "camp": "2", "game_label": "119203", "game_time": "2019-05-27 17:33:50", "is_win": "0", "kill_cnt": "7", "pick_heros": "163|132|140|194|119", "team_id": "73", "team_name": "VSTAR" },
    { "ban_heros": "509|148|171|186", "camp": "1", "game_label": "119203", "game_time": "2019-05-27 17:33:51", "is_win": "1", "kill_cnt": "15", "pick_heros": "529|123|118|502|176", "team_id": "77", "team_name": "TDG" },
    { "ban_heros": "509|148|171|186", "camp": "1", "game_label": "119206", "game_time": "2019-05-27 17:33:51", "is_win": "1", "kill_cnt": "15", "pick_heros": "529|123|118|502|176", "team_id": "77", "team_name": "TDG" },
    { "ban_heros": "132|199|118|515", "camp": "1", "game_label": "119204", "game_time": "2019-05-27 17:53:38", "is_win": "1", "kill_cnt": "8", "pick_heros": "529|171|510|182|111", "team_id": "46", "team_name": "33常凯瑞" },
    { "ban_heros": "148|123|506|312", "camp": "2", "game_label": "119204", "game_time": "2019-05-27 17:53:38", "is_win": "0", "kill_cnt": "1", "pick_heros": "163|133|511|186|110", "team_id": "72", "team_name": "QPZ" },
    { "ban_heros": "506|163|502|195", "camp": "1", "game_label": "119203", "game_time": "2019-05-27 18:01:46", "is_win": "1", "kill_cnt": "13", "pick_heros": "529|199|186|119|139", "team_id": "73", "team_name": "VSTAR" },
    { "ban_heros": "148|509|508|141", "camp": "2", "game_label": "119203", "game_time": "2019-05-27 18:01:46", "is_win": "0", "kill_cnt": "1", "pick_heros": "123|118|515|510|132", "team_id": "77", "team_name": "TDG" },
    { "ban_heros": "148|509|508|141", "camp": "2", "game_label": "119206", "game_time": "2019-05-27 18:01:46", "is_win": "0", "kill_cnt": "1", "pick_heros": "123|118|515|510|132", "team_id": "77", "team_name": "TDG" },
    { "ban_heros": "132|513|312|141", "camp": "1", "game_label": "119205", "game_time": "2019-05-27 18:35:27", "is_win": "0", "kill_cnt": "5", "pick_heros": "148|503|195|125|128", "team_id": "18", "team_name": "sViper" },
    { "ban_heros": "529|123|515|139", "camp": "2", "game_label": "119205", "game_time": "2019-05-27 18:35:27", "is_win": "1", "kill_cnt": "15", "pick_heros": "506|163|168|140|182", "team_id": "75", "team_name": "KSSC" },
    { "ban_heros": "506|118|157|152", "camp": "1", "game_label": "119201", "game_time": "2019-05-27 18:36:57", "is_win": "0", "kill_cnt": "7", "pick_heros": "529|123|199|182|186", "team_id": "47", "team_name": "JV" },
    { "ban_heros": "506|118|157|152", "camp": "1", "game_label": "119206", "game_time": "2019-05-27 18:36:57", "is_win": "0", "kill_cnt": "7", "pick_heros": "529|123|199|182|186", "team_id": "47", "team_name": "JV" },
    { "ban_heros": "148|509|312|189", "camp": "2", "game_label": "119203", "game_time": "2019-05-27 18:36:57", "is_win": "1", "kill_cnt": "9", "pick_heros": "163|132|171|110|507", "team_id": "77", "team_name": "TDG" },
    { "ban_heros": "148|509|312|189", "camp": "2", "game_label": "119206", "game_time": "2019-05-27 18:36:57", "is_win": "1", "kill_cnt": "9", "pick_heros": "163|132|171|110|507", "team_id": "77", "team_name": "TDG" },
    { "ban_heros": "506|529|171|191", "camp": "2", "game_label": "119206", "game_time": "2019-05-27 19:07:04", "is_win": "0", "kill_cnt": "9", "pick_heros": "118|123|195|193|190", "team_id": "47", "team_name": "JV" },
    { "ban_heros": "148|509|125|176", "camp": "1", "game_label": "119206", "game_time": "2019-05-27 19:07:04", "is_win": "1", "kill_cnt": "21", "pick_heros": "163|132|139|189|157", "team_id": "77", "team_name": "TDG" },
    { "ban_heros": "529|132|513|312", "camp": "2", "game_label": "119205", "game_time": "2019-05-27 19:06:19", "is_win": "0", "kill_cnt": "10", "pick_heros": "502|148|507|194|503", "team_id": "18", "team_name": "sViper" },
    { "ban_heros": "123|163|515|168", "camp": "1", "game_label": "119205", "game_time": "2019-05-27 19:06:19", "is_win": "1", "kill_cnt": "16", "pick_heros": "506|128|509|139|119", "team_id": "75", "team_name": "KSSC" },
    { "ban_heros": "132|506|195|502", "camp": "1", "game_label": "119207", "game_time": "2019-05-28 15:14:48", "is_win": "1", "kill_cnt": "9", "pick_heros": "148|510|507|171|111", "team_id": "46", "team_name": "33常凯瑞" },
    { "ban_heros": "529|152|162|515", "camp": "2", "game_label": "119207", "game_time": "2019-05-28 15:14:48", "is_win": "0", "kill_cnt": "4", "pick_heros": "163|123|312|509|199", "team_id": "75", "team_name": "KSSC" },
    { "ban_heros": "163|123|119|513", "camp": "1", "game_label": "119208", "game_time": "2019-05-28 15:01:26", "is_win": "0", "kill_cnt": "19", "pick_heros": "506|312|140|120|168", "team_id": "18", "team_name": "sViper" },
    { "ban_heros": "529|148|189|139", "camp": "2", "game_label": "119208", "game_time": "2019-05-28 15:01:26", "is_win": "1", "kill_cnt": "13", "pick_heros": "132|194|510|193|144", "team_id": "73", "team_name": "VSTAR" },
    { "ban_heros": "132|139|312|513", "camp": "2", "game_label": "119207", "game_time": "2019-05-28 15:45:07", "is_win": "0", "kill_cnt": "6", "pick_heros": "506|148|152|140|120", "team_id": "46", "team_name": "33常凯瑞" },
    { "ban_heros": "123|163|507|144", "camp": "1", "game_label": "119207", "game_time": "2019-05-28 15:45:07", "is_win": "1", "kill_cnt": "12", "pick_heros": "529|509|502|510|119", "team_id": "75", "team_name": "KSSC" },
    { "ban_heros": "148|121|119|186", "camp": "2", "game_label": "119208", "game_time": "2019-05-28 15:57:01", "is_win": "1", "kill_cnt": "15", "pick_heros": "123|163|502|118|176", "team_id": "18", "team_name": "sViper" },
    { "ban_heros": "513|506|515|141", "camp": "1", "game_label": "119208", "game_time": "2019-05-28 15:57:01", "is_win": "0", "kill_cnt": "7", "pick_heros": "529|199|140|312|194", "team_id": "73", "team_name": "VSTAR" },
    { "ban_heros": "132|506|168|509", "camp": "1", "game_label": "119207", "game_time": "2019-05-28 16:18:43", "is_win": "0", "kill_cnt": "7", "pick_heros": "163|171|502|152|120", "team_id": "46", "team_name": "33常凯瑞" },
    { "ban_heros": "529|148|312|119", "camp": "2", "game_label": "119207", "game_time": "2019-05-28 16:18:43", "is_win": "1", "kill_cnt": "15", "pick_heros": "507|123|195|189|124", "team_id": "75", "team_name": "KSSC" },
    { "ban_heros": "163|123|132|199", "camp": "1", "game_label": "119208", "game_time": "2019-05-28 16:24:27", "is_win": "1", "kill_cnt": "16", "pick_heros": "529|506|140|152|168", "team_id": "18", "team_name": "sViper" },
    { "ban_heros": "513|148|118|189", "camp": "2", "game_label": "119208", "game_time": "2019-05-28 16:24:27", "is_win": "0", "kill_cnt": "12", "pick_heros": "139|510|119|171|511", "team_id": "73", "team_name": "VSTAR" },
    { "ban_heros": "199|132|182|312", "camp": "1", "game_label": "119209", "game_time": "2019-05-28 17:01:59", "is_win": "0", "kill_cnt": "4", "pick_heros": "123|502|194|507|125", "team_id": "47", "team_name": "JV" },
    { "ban_heros": "529|148|140|139", "camp": "2", "game_label": "119209", "game_time": "2019-05-28 17:01:59", "is_win": "1", "kill_cnt": "14", "pick_heros": "163|171|133|152|510", "team_id": "72", "team_name": "QPZ" },
    { "ban_heros": "506|515|513|157", "camp": "1", "game_label": "119210", "game_time": "2019-05-28 17:11:24", "is_win": "1", "kill_cnt": "23", "pick_heros": "529|312|132|120|186", "team_id": "18", "team_name": "sViper" },
    { "ban_heros": "148|507|171|168", "camp": "2", "game_label": "119210", "game_time": "2019-05-28 17:11:24", "is_win": "0", "kill_cnt": "10", "pick_heros": "123|163|189|195|137", "team_id": "77", "team_name": "TDG" },
    { "ban_heros": "506|507|132|199", "camp": "2", "game_label": "119210", "game_time": "2019-05-28 17:41:09", "is_win": "0", "kill_cnt": "4", "pick_heros": "163|168|513|195|194", "team_id": "18", "team_name": "sViper" },
    { "ban_heros": "123|148|502|120", "camp": "1", "game_label": "119210", "game_time": "2019-05-28 17:41:09", "is_win": "1", "kill_cnt": "16", "pick_heros": "529|189|157|511|162", "team_id": "77", "team_name": "TDG" },
    { "ban_heros": "199|132|515|152", "camp": "2", "game_label": "119209", "game_time": "2019-05-28 17:31:14", "is_win": "0", "kill_cnt": "10", "pick_heros": "123|171|312|506|133", "team_id": "47", "team_name": "JV" },
    { "ban_heros": "148|163|195|140", "camp": "1", "game_label": "119209", "game_time": "2019-05-28 17:31:14", "is_win": "1", "kill_cnt": "14", "pick_heros": "529|111|118|141|511", "team_id": "72", "team_name": "QPZ" },
    { "ban_heros": "506|148|141|515", "camp": "2", "game_label": "119211", "game_time": "2019-05-28 18:19:19", "is_win": "0", "kill_cnt": "1", "pick_heros": "132|123|163|186|190", "team_id": "73", "team_name": "VSTAR" },
    { "ban_heros": "196|199|171|509", "camp": "1", "game_label": "119211", "game_time": "2019-05-28 18:19:19", "is_win": "1", "kill_cnt": "8", "pick_heros": "529|118|140|177|312", "team_id": "76", "team_name": "NWG" },
    { "ban_heros": "506|163|507|157", "camp": "1", "game_label": "119210", "game_time": "2019-05-28 18:12:08", "is_win": "0", "kill_cnt": "13", "pick_heros": "123|140|502|189|152", "team_id": "18", "team_name": "sViper" },
    { "ban_heros": "148|529|312|118", "camp": "2", "game_label": "119210", "game_time": "2019-05-28 18:12:08", "is_win": "1", "kill_cnt": "16", "pick_heros": "510|132|171|110|511", "team_id": "77", "team_name": "TDG" },
    { "ban_heros": "140|506|312|513", "camp": "1", "game_label": "119211", "game_time": "2019-05-28 18:43:34", "is_win": "0", "kill_cnt": "20", "pick_heros": "163|133|171|507|110", "team_id": "73", "team_name": "VSTAR" },
    { "ban_heros": "529|196|193|139", "camp": "2", "game_label": "119211", "game_time": "2019-05-28 18:43:34", "is_win": "1", "kill_cnt": "20", "pick_heros": "132|123|118|157|153", "team_id": "76", "team_name": "NWG" },
    { "ban_heros": "506|509|189|186", "camp": "2", "game_label": "119212", "game_time": "2019-05-28 19:10:28", "is_win": "0", "kill_cnt": "2", "pick_heros": "163|148|171|511|199", "team_id": "74", "team_name": "HOPE" },
    { "ban_heros": "123|153|111|132", "camp": "1", "game_label": "119212", "game_time": "2019-05-28 19:10:28", "is_win": "1", "kill_cnt": "12", "pick_heros": "529|312|140|133|168", "team_id": "75", "team_name": "KSSC" },
    { "ban_heros": "148|123|162|502", "camp": "1", "game_label": "119212", "game_time": "2019-05-28 19:40:19", "is_win": "0", "kill_cnt": "12", "pick_heros": "163|195|152|128|168", "team_id": "74", "team_name": "HOPE" },
    { "ban_heros": "529|506|171|189", "camp": "2", "game_label": "119212", "game_time": "2019-05-28 19:40:19", "is_win": "1", "kill_cnt": "26", "pick_heros": "140|509|312|153|132", "team_id": "75", "team_name": "KSSC" },
    { "ban_heros": "506|132|157|513", "camp": "1", "game_label": "119214", "game_time": "2019-05-29 14:08:45", "is_win": "1", "kill_cnt": "15", "pick_heros": "529|502|118|141|511", "team_id": "46", "team_name": "33常凯瑞" },
    { "ban_heros": "148|509|120|507", "camp": "2", "game_label": "119214", "game_time": "2019-05-29 14:08:45", "is_win": "0", "kill_cnt": "3", "pick_heros": "123|163|195|312|168", "team_id": "77", "team_name": "TDG" },
    { "ban_heros": "506|502|199|140", "camp": "2", "game_label": "119214", "game_time": "2019-05-29 14:40:30", "is_win": "0", "kill_cnt": "1", "pick_heros": "132|163|511|125|113", "team_id": "46", "team_name": "33常凯瑞" },
    { "ban_heros": "123|148|118|515", "camp": "1", "game_label": "119214", "game_time": "2019-05-29 14:40:30", "is_win": "1", "kill_cnt": "11", "pick_heros": "529|157|189|162|194", "team_id": "77", "team_name": "TDG" },
    { "ban_heros": "506|157|515|507", "camp": "1", "game_label": "119214", "game_time": "2019-05-29 15:02:49", "is_win": "0", "kill_cnt": "12", "pick_heros": "529|199|171|513|510", "team_id": "46", "team_name": "33常凯瑞" },
    { "ban_heros": "148|123|152|312", "camp": "2", "game_label": "119214", "game_time": "2019-05-29 15:02:49", "is_win": "1", "kill_cnt": "13", "pick_heros": "132|163|186|511|110", "team_id": "77", "team_name": "TDG" },
    { "ban_heros": "148|529|140|193", "camp": "2", "game_label": "119213", "game_time": "2019-05-29 15:13:00", "is_win": "0", "kill_cnt": "6", "pick_heros": "132|123|168|510|182", "team_id": "72", "team_name": "QPZ" },
    { "ban_heros": "118|163|153|515", "camp": "1", "game_label": "119213", "game_time": "2019-05-29 15:13:00", "is_win": "1", "kill_cnt": "12", "pick_heros": "171|507|133|312|139", "team_id": "73", "team_name": "VSTAR" },
    { "ban_heros": "148|529|133|196", "camp": "1", "game_label": "119213", "game_time": "2019-05-29 15:43:12", "is_win": "0", "kill_cnt": "19", "pick_heros": "163|132|194|140|110", "team_id": "72", "team_name": "QPZ" },
    { "ban_heros": "118|171|515|119", "camp": "2", "game_label": "119213", "game_time": "2019-05-29 15:43:12", "is_win": "1", "kill_cnt": "18", "pick_heros": "507|123|312|199|153", "team_id": "73", "team_name": "VSTAR" },
    { "ban_heros": "506|529|193|139", "camp": "2", "game_label": "119216", "game_time": "2019-05-29 15:54:27", "is_win": "1", "kill_cnt": "30", "pick_heros": "509|140|153|513|133", "team_id": "75", "team_name": "KSSC" },
    { "ban_heros": "163|123|199|176", "camp": "1", "game_label": "119216", "game_time": "2019-05-29 15:54:27", "is_win": "0", "kill_cnt": "15", "pick_heros": "132|312|105|144|128", "team_id": "76", "team_name": "NWG" },
    { "ban_heros": "123|153|157|312", "camp": "1", "game_label": "119216", "game_time": "2019-05-29 16:33:02", "is_win": "0", "kill_cnt": "7", "pick_heros": "163|132|509|140|136", "team_id": "75", "team_name": "KSSC" },
    { "ban_heros": "529|506|128|513", "camp": "2", "game_label": "119216", "game_time": "2019-05-29 16:33:02", "is_win": "1", "kill_cnt": "13", "pick_heros": "148|193|195|129|171", "team_id": "76", "team_name": "NWG" },
    { "ban_heros": "529|148|118|515", "camp": "2", "game_label": "119215", "game_time": "2019-05-29 16:40:04", "is_win": "1", "kill_cnt": "19", "pick_heros": "132|507|107|186|312", "team_id": "18", "team_name": "sViper" },
    { "ban_heros": "163|506|171|152", "camp": "1", "game_label": "119215", "game_time": "2019-05-29 16:40:04", "is_win": "0", "kill_cnt": "11", "pick_heros": "123|199|510|105|157", "team_id": "47", "team_name": "JV" },
    { "ban_heros": "529|123|515|176", "camp": "2", "game_label": "119215", "game_time": "2019-05-29 17:11:44", "is_win": "1", "kill_cnt": "17", "pick_heros": "507|502|139|182|187", "team_id": "47", "team_name": "JV" },
    { "ban_heros": "148|163|125|509", "camp": "1", "game_label": "119215", "game_time": "2019-05-29 17:11:45", "is_win": "0", "kill_cnt": "8", "pick_heros": "506|118|193|120|312", "team_id": "18", "team_name": "sViper" },
    { "ban_heros": "506|529|157|171", "camp": "2", "game_label": "119216", "game_time": "2019-05-29 17:01:54", "is_win": "1", "kill_cnt": "11", "pick_heros": "132|509|312|510|507", "team_id": "75", "team_name": "KSSC" },
    { "ban_heros": "140|163|153|128", "camp": "1", "game_label": "119216", "game_time": "2019-05-29 17:01:55", "is_win": "0", "kill_cnt": "10", "pick_heros": "123|195|193|148|125", "team_id": "76", "team_name": "NWG" },
    { "ban_heros": "148|182|152|125", "camp": "2", "game_label": "119215", "game_time": "2019-05-29 17:40:19", "is_win": "1", "kill_cnt": "7", "pick_heros": "132|507|171|163|312", "team_id": "18", "team_name": "sViper" },
    { "ban_heros": "123|529|515|156", "camp": "1", "game_label": "119215", "game_time": "2019-05-29 17:40:19", "is_win": "0", "kill_cnt": "8", "pick_heros": "139|195|191|511|513", "team_id": "47", "team_name": "JV" },
    { "ban_heros": "148|506|312|513", "camp": "1", "game_label": "119217", "game_time": "2019-05-29 18:14:35", "is_win": "0", "kill_cnt": "1", "pick_heros": "529|118|199|511|110", "team_id": "74", "team_name": "HOPE" },
    { "ban_heros": "153|507|515|141", "camp": "2", "game_label": "119214", "game_time": "2019-05-29 18:14:35", "is_win": "1", "kill_cnt": "8", "pick_heros": "123|163|502|176|186", "team_id": "77", "team_name": "TDG" },
    { "ban_heros": "153|507|515|141", "camp": "2", "game_label": "119217", "game_time": "2019-05-29 18:14:35", "is_win": "1", "kill_cnt": "8", "pick_heros": "123|163|502|176|186", "team_id": "77", "team_name": "TDG" },
    { "ban_heros": "199|132|511|515", "camp": "1", "game_label": "119215", "game_time": "2019-05-29 18:19:19", "is_win": "0", "kill_cnt": "17", "pick_heros": "529|140|162|513|118", "team_id": "18", "team_name": "sViper" },
    { "ban_heros": "199|132|511|515", "camp": "1", "game_label": "119218", "game_time": "2019-05-29 18:19:19", "is_win": "0", "kill_cnt": "17", "pick_heros": "529|140|162|513|118", "team_id": "18", "team_name": "sViper" },
    { "ban_heros": "148|123|189|168", "camp": "2", "game_label": "119213", "game_time": "2019-05-29 18:19:19", "is_win": "1", "kill_cnt": "16", "pick_heros": "163|171|133|312|139", "team_id": "72", "team_name": "QPZ" },
    { "ban_heros": "148|123|189|168", "camp": "2", "game_label": "119218", "game_time": "2019-05-29 18:19:19", "is_win": "1", "kill_cnt": "16", "pick_heros": "163|171|133|312|139", "team_id": "72", "team_name": "QPZ" },
    { "ban_heros": "148|118|193|507", "camp": "2", "game_label": "119217", "game_time": "2019-05-29 18:40:35", "is_win": "0", "kill_cnt": "7", "pick_heros": "123|163|515|195|187", "team_id": "74", "team_name": "HOPE" },
    { "ban_heros": "153|529|186|509", "camp": "1", "game_label": "119214", "game_time": "2019-05-29 18:40:35", "is_win": "1", "kill_cnt": "18", "pick_heros": "506|189|157|511|132", "team_id": "77", "team_name": "TDG" },
    { "ban_heros": "153|529|186|509", "camp": "1", "game_label": "119217", "game_time": "2019-05-29 18:40:35", "is_win": "1", "kill_cnt": "18", "pick_heros": "506|189|157|511|132", "team_id": "77", "team_name": "TDG" },
    { "ban_heros": "199|139|513|312", "camp": "2", "game_label": "119218", "game_time": "2019-05-29 19:01:45", "is_win": "1", "kill_cnt": "11", "pick_heros": "163|132|507|186|176", "team_id": "18", "team_name": "sViper" },
    { "ban_heros": "148|123|152|141", "camp": "1", "game_label": "119218", "game_time": "2019-05-29 19:01:45", "is_win": "0", "kill_cnt": "6", "pick_heros": "529|133|171|515|140", "team_id": "72", "team_name": "QPZ" },
    { "ban_heros": "199|123|186|171", "camp": "1", "game_label": "119218", "game_time": "2019-05-29 19:32:38", "is_win": "0", "kill_cnt": "0", "pick_heros": "132|507|107|194|513", "team_id": "18", "team_name": "sViper" },
    { "ban_heros": "148|140|312|182", "camp": "2", "game_label": "119218", "game_time": "2019-05-29 19:32:38", "is_win": "1", "kill_cnt": "13", "pick_heros": "163|529|111|168|515", "team_id": "72", "team_name": "QPZ" },
    { "ban_heros": "148|529|153|118", "camp": "1", "game_label": "119220", "game_time": "2019-05-30 14:15:50", "is_win": "0", "kill_cnt": "8", "pick_heros": "163|502|507|152|189", "team_id": "47", "team_name": "JV" },
    { "ban_heros": "171|199|141|312", "camp": "2", "game_label": "119220", "game_time": "2019-05-30 14:15:50", "is_win": "1", "kill_cnt": "19", "pick_heros": "506|123|515|186|510", "team_id": "74", "team_name": "HOPE" },
    { "ban_heros": "529|186|515|157", "camp": "2", "game_label": "119220", "game_time": "2019-05-30 14:41:05", "is_win": "1", "kill_cnt": "16", "pick_heros": "195|507|511|171|513", "team_id": "47", "team_name": "JV" },
    { "ban_heros": "148|123|189|187", "camp": "1", "game_label": "119220", "game_time": "2019-05-30 14:41:05", "is_win": "0", "kill_cnt": "3", "pick_heros": "506|193|153|141|163", "team_id": "74", "team_name": "HOPE" },
    { "ban_heros": "186|148|153|171", "camp": "1", "game_label": "119220", "game_time": "2019-05-30 14:58:36", "is_win": "1", "kill_cnt": "21", "pick_heros": "123|182|187|502|128", "team_id": "47", "team_name": "JV" },
    { "ban_heros": "507|506|195|139", "camp": "2", "game_label": "119220", "game_time": "2019-05-30 14:58:36", "is_win": "0", "kill_cnt": "17", "pick_heros": "529|163|312|194|168", "team_id": "74", "team_name": "HOPE" },
    { "ban_heros": "529|163|144|153", "camp": "2", "game_label": "119219", "game_time": "2019-05-30 15:14:22", "is_win": "0", "kill_cnt": "4", "pick_heros": "506|123|507|171|312", "team_id": "46", "team_name": "33常凯瑞" },
    { "ban_heros": "148|510|513|119", "camp": "1", "game_label": "119219", "game_time": "2019-05-30 15:14:22", "is_win": "1", "kill_cnt": "12", "pick_heros": "132|157|128|126|118", "team_id": "76", "team_name": "NWG" },
    { "ban_heros": "506|502|171|153", "camp": "1", "game_label": "119219", "game_time": "2019-05-30 15:45:07", "is_win": "1", "kill_cnt": "18", "pick_heros": "163|118|123|195|513", "team_id": "46", "team_name": "33常凯瑞" },
    { "ban_heros": "529|148|111|199", "camp": "2", "game_label": "119219", "game_time": "2019-05-30 15:45:07", "is_win": "0", "kill_cnt": "6", "pick_heros": "510|312|132|128|194", "team_id": "76", "team_name": "NWG" },
    { "ban_heros": "529|506|507|144", "camp": "2", "game_label": "119219", "game_time": "2019-05-30 16:16:25", "is_win": "0", "kill_cnt": "3", "pick_heros": "128|502|511|182|191", "team_id": "46", "team_name": "33常凯瑞" },
    { "ban_heros": "163|123|118|153", "camp": "1", "game_label": "119219", "game_time": "2019-05-30 16:16:25", "is_win": "1", "kill_cnt": "12", "pick_heros": "148|195|171|121|129", "team_id": "76", "team_name": "NWG" },
    { "ban_heros": "163|132|119|110", "camp": "1", "game_label": "119219", "game_time": "2019-05-30 16:53:18", "is_win": "1", "kill_cnt": "12", "pick_heros": "529|123|186|502|513", "team_id": "46", "team_name": "33常凯瑞" },
    { "ban_heros": "163|132|119|110", "camp": "1", "game_label": "119222", "game_time": "2019-05-30 16:53:18", "is_win": "1", "kill_cnt": "12", "pick_heros": "529|123|186|502|513", "team_id": "46", "team_name": "33常凯瑞" },
    { "ban_heros": "148|118|195|515", "camp": "2", "game_label": "119222", "game_time": "2019-05-30 16:53:18", "is_win": "0", "kill_cnt": "3", "pick_heros": "507|171|196|312|139", "team_id": "73", "team_name": "VSTAR" },
    { "ban_heros": "123|148|186|189", "camp": "1", "game_label": "119221", "game_time": "2019-05-30 16:51:34", "is_win": "1", "kill_cnt": "17", "pick_heros": "529|502|118|141|149", "team_id": "75", "team_name": "KSSC" },
    { "ban_heros": "509|506|515|176", "camp": "2", "game_label": "119221", "game_time": "2019-05-30 16:51:34", "is_win": "0", "kill_cnt": "7", "pick_heros": "163|132|513|511|171", "team_id": "77", "team_name": "TDG" },
    { "ban_heros": "529|148|194|121", "camp": "2", "game_label": "119219", "game_time": "2019-05-30 17:16:11", "is_win": "1", "kill_cnt": "16", "pick_heros": "163|171|132|510|182", "team_id": "46", "team_name": "33常凯瑞" },
    { "ban_heros": "529|148|194|121", "camp": "2", "game_label": "119222", "game_time": "2019-05-30 17:16:11", "is_win": "1", "kill_cnt": "16", "pick_heros": "163|171|132|510|182", "team_id": "46", "team_name": "33常凯瑞" },
    { "ban_heros": "118|506|152|127", "camp": "1", "game_label": "119222", "game_time": "2019-05-30 17:16:11", "is_win": "0", "kill_cnt": "6", "pick_heros": "123|502|119|139|105", "team_id": "73", "team_name": "VSTAR" },
    { "ban_heros": "506|123|162|199", "camp": "2", "game_label": "119221", "game_time": "2019-05-30 17:28:16", "is_win": "0", "kill_cnt": "14", "pick_heros": "132|163|105|513|193", "team_id": "75", "team_name": "KSSC" },
    { "ban_heros": "509|148|515|312", "camp": "1", "game_label": "119221", "game_time": "2019-05-30 17:28:16", "is_win": "1", "kill_cnt": "20", "pick_heros": "529|189|157|502|139", "team_id": "77", "team_name": "TDG" },
    { "ban_heros": "123|148|502|162", "camp": "1", "game_label": "119221", "game_time": "2019-05-30 18:02:54", "is_win": "1", "kill_cnt": "14", "pick_heros": "506|168|139|140|312", "team_id": "75", "team_name": "KSSC" },
    { "ban_heros": "509|529|515|141", "camp": "2", "game_label": "119221", "game_time": "2019-05-30 18:02:54", "is_win": "0", "kill_cnt": "9", "pick_heros": "189|163|157|511|195", "team_id": "77", "team_name": "TDG" },
    { "ban_heros": "157|513|312|191", "camp": "1", "game_label": "119219", "game_time": "2019-05-30 18:40:50", "is_win": "0", "kill_cnt": "10", "pick_heros": "529|132|123|105|152", "team_id": "76", "team_name": "NWG" },
    { "ban_heros": "509|148|118|171", "camp": "2", "game_label": "119221", "game_time": "2019-05-30 18:40:50", "is_win": "1", "kill_cnt": "21", "pick_heros": "163|506|139|186|110", "team_id": "77", "team_name": "TDG" },
    { "ban_heros": "148|153|312|515", "camp": "2", "game_label": "119223", "game_time": "2019-05-30 18:39:27", "is_win": "1", "kill_cnt": "17", "pick_heros": "511|118|152|132|144", "team_id": "72", "team_name": "QPZ" },
    { "ban_heros": "529|163|199|111", "camp": "1", "game_label": "119223", "game_time": "2019-05-30 18:39:27", "is_win": "0", "kill_cnt": "12", "pick_heros": "123|509|502|182|140", "team_id": "74", "team_name": "HOPE" },
    { "ban_heros": "529|506|511|139", "camp": "2", "game_label": "119224", "game_time": "2019-05-30 19:04:28", "is_win": "1", "kill_cnt": "16", "pick_heros": "157|123|195|128|168", "team_id": "76", "team_name": "NWG" },
    { "ban_heros": "509|148|118|189", "camp": "1", "game_label": "119224", "game_time": "2019-05-30 19:04:28", "is_win": "0", "kill_cnt": "6", "pick_heros": "163|502|186|110|507", "team_id": "77", "team_name": "TDG" },
    { "ban_heros": "153|148|506|195", "camp": "1", "game_label": "119223", "game_time": "2019-05-30 19:20:38", "is_win": "1", "kill_cnt": "21", "pick_heros": "529|163|199|168|312", "team_id": "72", "team_name": "QPZ" },
    { "ban_heros": "171|118|141|152", "camp": "2", "game_label": "119223", "game_time": "2019-05-30 19:20:38", "is_win": "0", "kill_cnt": "10", "pick_heros": "123|186|515|502|510", "team_id": "74", "team_name": "HOPE" },
    { "ban_heros": "157|163|513|110", "camp": "1", "game_label": "119224", "game_time": "2019-05-30 19:32:06", "is_win": "1", "kill_cnt": "11", "pick_heros": "529|312|502|186|140", "team_id": "76", "team_name": "NWG" },
    { "ban_heros": "148|509|139|193", "camp": "2", "game_label": "119224", "game_time": "2019-05-30 19:32:06", "is_win": "0", "kill_cnt": "9", "pick_heros": "506|123|132|171|515", "team_id": "77", "team_name": "TDG" },
    { "ban_heros": "509|148|139|140", "camp": "2", "game_label": "119226", "game_time": "2019-05-31 14:09:36", "is_win": "0", "kill_cnt": "18", "pick_heros": "163|123|515|168|199", "team_id": "72", "team_name": "QPZ" },
    { "ban_heros": "132|171|118|186", "camp": "1", "game_label": "119226", "game_time": "2019-05-31 14:09:36", "is_win": "1", "kill_cnt": "17", "pick_heros": "529|506|312|193|194", "team_id": "75", "team_name": "KSSC" },
    { "ban_heros": "507|163|191|182", "camp": "1", "game_label": "119225", "game_time": "2019-05-31 15:13:11", "is_win": "1", "kill_cnt": "12", "pick_heros": "529|118|502|176|194", "team_id": "46", "team_name": "33常凯瑞" },
    { "ban_heros": "148|171|511|141", "camp": "2", "game_label": "119225", "game_time": "2019-05-31 15:13:11", "is_win": "0", "kill_cnt": "7", "pick_heros": "139|123|195|312|509", "team_id": "47", "team_name": "JV" },
    { "ban_heros": "509|148|140|139", "camp": "1", "game_label": "119226", "game_time": "2019-05-31 15:24:52", "is_win": "1", "kill_cnt": "19", "pick_heros": "163|199|510|513|168", "team_id": "72", "team_name": "QPZ" },
    { "ban_heros": "529|132|171|182", "camp": "2", "game_label": "119226", "game_time": "2019-05-31 15:24:52", "is_win": "0", "kill_cnt": "15", "pick_heros": "118|123|312|153|196", "team_id": "75", "team_name": "KSSC" },
    { "ban_heros": "529|507|193|502", "camp": "2", "game_label": "119225", "game_time": "2019-05-31 15:43:34", "is_win": "1", "kill_cnt": "20", "pick_heros": "163|118|312|195|194", "team_id": "46", "team_name": "33常凯瑞" },
    { "ban_heros": "148|186|199|132", "camp": "1", "game_label": "119225", "game_time": "2019-05-31 15:43:34", "is_win": "0", "kill_cnt": "9", "pick_heros": "123|182|187|128|506", "team_id": "47", "team_name": "JV" },
    { "ban_heros": "506|153|199|168", "camp": "2", "game_label": "119227", "game_time": "2019-05-31 16:21:52", "is_win": "1", "kill_cnt": "8", "pick_heros": "163|186|132|511|515", "team_id": "18", "team_name": "sViper" },
    { "ban_heros": "148|123|507|152", "camp": "1", "game_label": "119227", "game_time": "2019-05-31 16:21:52", "is_win": "0", "kill_cnt": "8", "pick_heros": "529|139|312|118|140", "team_id": "74", "team_name": "HOPE" },
    { "ban_heros": "509|148|195|506", "camp": "2", "game_label": "119226", "game_time": "2019-05-31 16:11:06", "is_win": "1", "kill_cnt": "15", "pick_heros": "163|118|515|502|511", "team_id": "72", "team_name": "QPZ" },
    { "ban_heros": "199|132|133|111", "camp": "1", "game_label": "119226", "game_time": "2019-05-31 16:11:06", "is_win": "0", "kill_cnt": "16", "pick_heros": "529|140|312|162|189", "team_id": "75", "team_name": "KSSC" },
    { "ban_heros": "153|506|199|312", "camp": "1", "game_label": "119227", "game_time": "2019-05-31 16:55:31", "is_win": "0", "kill_cnt": "19", "pick_heros": "529|132|186|152|511", "team_id": "18", "team_name": "sViper" },
    { "ban_heros": "148|507|128|193", "camp": "2", "game_label": "119227", "game_time": "2019-05-31 16:55:31", "is_win": "1", "kill_cnt": "18", "pick_heros": "163|123|171|133|157", "team_id": "74", "team_name": "HOPE" },
    { "ban_heros": "148|506|195|502", "camp": "2", "game_label": "119228", "game_time": "2019-05-31 17:25:24", "is_win": "0", "kill_cnt": "5", "pick_heros": "132|123|515|507|168", "team_id": "72", "team_name": "QPZ" },
    { "ban_heros": "199|163|153|510", "camp": "1", "game_label": "119228", "game_time": "2019-05-31 17:25:24", "is_win": "1", "kill_cnt": "19", "pick_heros": "529|157|140|509|508", "team_id": "76", "team_name": "NWG" },
    { "ban_heros": "163|153|133|510", "camp": "2", "game_label": "119227", "game_time": "2019-05-31 17:38:59", "is_win": "1", "kill_cnt": "15", "pick_heros": "507|506|152|118|199", "team_id": "18", "team_name": "sViper" },
    { "ban_heros": "529|148|189|168", "camp": "1", "game_label": "119227", "game_time": "2019-05-31 17:38:59", "is_win": "0", "kill_cnt": "8", "pick_heros": "123|515|186|107|132", "team_id": "74", "team_name": "HOPE" },
    { "ban_heros": "148|509|118|189", "camp": "1", "game_label": "119228", "game_time": "2019-05-31 17:48:24", "is_win": "0", "kill_cnt": "25", "pick_heros": "163|111|171|140|312", "team_id": "72", "team_name": "QPZ" },
    { "ban_heros": "199|529|119|513", "camp": "2", "game_label": "119228", "game_time": "2019-05-31 17:48:24", "is_win": "1", "kill_cnt": "19", "pick_heros": "506|132|157|511|191", "team_id": "76", "team_name": "NWG" },
    { "ban_heros": "506|509|118|513", "camp": "2", "game_label": "119229", "game_time": "2019-05-31 18:15:03", "is_win": "0", "kill_cnt": "3", "pick_heros": "163|171|133|312|193", "team_id": "73", "team_name": "VSTAR" },
    { "ban_heros": "196|123|121|139", "camp": "1", "game_label": "119229", "game_time": "2019-05-31 18:15:03", "is_win": "1", "kill_cnt": "8", "pick_heros": "529|132|140|194|119", "team_id": "75", "team_name": "KSSC" },
    { "ban_heros": "506|509|513|171", "camp": "1", "game_label": "119229", "game_time": "2019-05-31 18:42:07", "is_win": "0", "kill_cnt": "0", "pick_heros": "163|118|139|110|199", "team_id": "73", "team_name": "VSTAR" },
    { "ban_heros": "148|529|502|196", "camp": "2", "game_label": "119229", "game_time": "2019-05-31 18:42:07", "is_win": "1", "kill_cnt": "8", "pick_heros": "132|123|510|119|186", "team_id": "75", "team_name": "KSSC" },
    { "ban_heros": "148|509|168|186", "camp": "2", "game_label": "119227", "game_time": "2019-05-31 18:46:47", "is_win": "0", "kill_cnt": "4", "pick_heros": "123|118|195|510|190", "team_id": "74", "team_name": "HOPE" },
    { "ban_heros": "148|509|168|186", "camp": "2", "game_label": "119230", "game_time": "2019-05-31 18:46:47", "is_win": "0", "kill_cnt": "4", "pick_heros": "123|118|195|510|190", "team_id": "74", "team_name": "HOPE" },
    { "ban_heros": "153|163|312|513", "camp": "1", "game_label": "119228", "game_time": "2019-05-31 18:46:47", "is_win": "1", "kill_cnt": "16", "pick_heros": "529|502|157|171|128", "team_id": "76", "team_name": "NWG" },
    { "ban_heros": "153|163|312|513", "camp": "1", "game_label": "119230", "game_time": "2019-05-31 18:46:47", "is_win": "1", "kill_cnt": "16", "pick_heros": "529|502|157|171|128", "team_id": "76", "team_name": "NWG" },
    { "ban_heros": "148|506|186|118", "camp": "1", "game_label": "119230", "game_time": "2019-05-31 19:08:36", "is_win": "0", "kill_cnt": "7", "pick_heros": "163|123|171|133|513", "team_id": "74", "team_name": "HOPE" },
    { "ban_heros": "153|529|199|312", "camp": "2", "game_label": "119230", "game_time": "2019-05-31 19:08:36", "is_win": "1", "kill_cnt": "17", "pick_heros": "128|157|132|144|509", "team_id": "76", "team_name": "NWG" },
    { "ban_heros": "529|509|152|312", "camp": "2", "game_label": "119232", "game_time": "2019-06-01 15:17:48", "is_win": "0", "kill_cnt": "2", "pick_heros": "502|507|128|182|187", "team_id": "47", "team_name": "JV" },
    { "ban_heros": "529|509|152|312", "camp": "2", "game_label": "119234", "game_time": "2019-06-01 15:17:48", "is_win": "0", "kill_cnt": "2", "pick_heros": "502|507|128|182|187", "team_id": "47", "team_name": "JV" },
    { "ban_heros": "123|148|157|515", "camp": "1", "game_label": "119234", "game_time": "2019-06-01 15:17:48", "is_win": "1", "kill_cnt": "13", "pick_heros": "506|163|168|119|511", "team_id": "75", "team_name": "KSSC" },
    { "ban_heros": "132|123|133|515", "camp": "1", "game_label": "119231", "game_time": "2019-06-01 15:14:58", "is_win": "0", "kill_cnt": "7", "pick_heros": "529|502|186|141|194", "team_id": "46", "team_name": "33常凯瑞" },
    { "ban_heros": "148|506|157|176", "camp": "2", "game_label": "119231", "game_time": "2019-06-01 15:14:58", "is_win": "1", "kill_cnt": "13", "pick_heros": "163|118|511|510|119", "team_id": "74", "team_name": "HOPE" },
    { "ban_heros": "529|502|119|312", "camp": "1", "game_label": "119232", "game_time": "2019-06-01 15:39:28", "is_win": "0", "kill_cnt": "7", "pick_heros": "123|195|118|193|176", "team_id": "47", "team_name": "JV" },
    { "ban_heros": "529|502|119|312", "camp": "1", "game_label": "119234", "game_time": "2019-06-01 15:39:28", "is_win": "0", "kill_cnt": "7", "pick_heros": "123|195|118|193|176", "team_id": "47", "team_name": "JV" },
    { "ban_heros": "506|148|157|120", "camp": "2", "game_label": "119234", "game_time": "2019-06-01 15:39:28", "is_win": "1", "kill_cnt": "10", "pick_heros": "132|163|509|152|128", "team_id": "75", "team_name": "KSSC" },
    { "ban_heros": "171|133|119|513", "camp": "2", "game_label": "119231", "game_time": "2019-06-01 15:50:12", "is_win": "1", "kill_cnt": "14", "pick_heros": "118|163|511|152|199", "team_id": "46", "team_name": "33常凯瑞" },
    { "ban_heros": "148|123|176|156", "camp": "1", "game_label": "119231", "game_time": "2019-06-01 15:50:12", "is_win": "0", "kill_cnt": "6", "pick_heros": "529|502|509|141|140", "team_id": "74", "team_name": "HOPE" },
    { "ban_heros": "118|163|119|510", "camp": "1", "game_label": "119231", "game_time": "2019-06-01 16:19:06", "is_win": "1", "kill_cnt": "18", "pick_heros": "123|507|168|312|111", "team_id": "46", "team_name": "33常凯瑞" },
    { "ban_heros": "148|529|199|513", "camp": "2", "game_label": "119231", "game_time": "2019-06-01 16:19:06", "is_win": "0", "kill_cnt": "11", "pick_heros": "506|171|132|193|157", "team_id": "74", "team_name": "HOPE" },
    { "ban_heros": "118|171|186|189", "camp": "1", "game_label": "119236", "game_time": "2019-06-01 17:01:17", "is_win": "1", "kill_cnt": "14", "pick_heros": "529|194|140|119|132", "team_id": "73", "team_name": "VSTAR" },
    { "ban_heros": "148|506|508|509", "camp": "2", "game_label": "119231", "game_time": "2019-06-01 17:01:17", "is_win": "0", "kill_cnt": "9", "pick_heros": "163|123|141|105|121", "team_id": "74", "team_name": "HOPE" },
    { "ban_heros": "148|506|508|509", "camp": "2", "game_label": "119236", "game_time": "2019-06-01 17:01:17", "is_win": "0", "kill_cnt": "9", "pick_heros": "163|123|141|105|121", "team_id": "74", "team_name": "HOPE" },
    { "ban_heros": "529|128|118|510", "camp": "2", "game_label": "119233", "game_time": "2019-06-01 17:05:55", "is_win": "1", "kill_cnt": "22", "pick_heros": "123|171|199|506|515", "team_id": "18", "team_name": "sViper" },
    { "ban_heros": "163|148|513|153", "camp": "1", "game_label": "119233", "game_time": "2019-06-01 17:05:55", "is_win": "0", "kill_cnt": "10", "pick_heros": "157|132|507|140|194", "team_id": "76", "team_name": "NWG" },
    { "ban_heros": "118|506|515|193", "camp": "2", "game_label": "119236", "game_time": "2019-06-01 17:27:09", "is_win": "1", "kill_cnt": "13", "pick_heros": "163|171|196|140|190", "team_id": "73", "team_name": "VSTAR" },
    { "ban_heros": "148|123|312|152", "camp": "1", "game_label": "119231", "game_time": "2019-06-01 17:27:09", "is_win": "0", "kill_cnt": "4", "pick_heros": "529|186|133|510|157", "team_id": "74", "team_name": "HOPE" },
    { "ban_heros": "148|123|312|152", "camp": "1", "game_label": "119236", "game_time": "2019-06-01 17:27:09", "is_win": "0", "kill_cnt": "4", "pick_heros": "529|186|133|510|157", "team_id": "74", "team_name": "HOPE" },
    { "ban_heros": "128|148|195|133", "camp": "1", "game_label": "119233", "game_time": "2019-06-01 17:39:59", "is_win": "0", "kill_cnt": "9", "pick_heros": "163|132|123|186|312", "team_id": "18", "team_name": "sViper" },
    { "ban_heros": "529|506|515|509", "camp": "2", "game_label": "119233", "game_time": "2019-06-01 17:39:59", "is_win": "1", "kill_cnt": "17", "pick_heros": "171|157|140|153|177", "team_id": "76", "team_name": "NWG" },
    { "ban_heros": "529|148|128|121", "camp": "2", "game_label": "119233", "game_time": "2019-06-01 18:12:08", "is_win": "0", "kill_cnt": "10", "pick_heros": "118|123|515|195|511", "team_id": "18", "team_name": "sViper" },
    { "ban_heros": "506|163|510|153", "camp": "1", "game_label": "119233", "game_time": "2019-06-01 18:12:08", "is_win": "1", "kill_cnt": "17", "pick_heros": "171|502|312|508|140", "team_id": "76", "team_name": "NWG" },
    { "ban_heros": "157|506|195|199", "camp": "1", "game_label": "119235", "game_time": "2019-06-01 18:47:13", "is_win": "1", "kill_cnt": "21", "pick_heros": "529|171|132|152|510", "team_id": "72", "team_name": "QPZ" },
    { "ban_heros": "148|515|513|312", "camp": "2", "game_label": "119235", "game_time": "2019-06-01 18:47:13", "is_win": "0", "kill_cnt": "15", "pick_heros": "123|163|186|502|176", "team_id": "77", "team_name": "TDG" },
    { "ban_heros": "157|529|506|195", "camp": "2", "game_label": "119235", "game_time": "2019-06-01 19:24:48", "is_win": "0", "kill_cnt": "9", "pick_heros": "171|132|153|154|312", "team_id": "72", "team_name": "QPZ" },
    { "ban_heros": "163|510|507|513", "camp": "1", "game_label": "119235", "game_time": "2019-06-01 19:24:48", "is_win": "1", "kill_cnt": "13", "pick_heros": "148|139|140|162|196", "team_id": "77", "team_name": "TDG" },
    { "ban_heros": "157|148|189|186", "camp": "1", "game_label": "119235", "game_time": "2019-06-01 19:54:08", "is_win": "0", "kill_cnt": "6", "pick_heros": "529|171|132|119|511", "team_id": "72", "team_name": "QPZ" },
    { "ban_heros": "199|123|515|312", "camp": "2", "game_label": "119235", "game_time": "2019-06-01 19:54:08", "is_win": "1", "kill_cnt": "12", "pick_heros": "139|163|162|513|168", "team_id": "77", "team_name": "TDG" }
]