[
    { "hero1_id": "123", "hero1_name": "吕布", "hero2_id": "163", "hero2_name": "橘右京", "played": "60", "win_rate": "0.6333" },
    { "hero1_id": "111", "hero1_name": "孙尚香", "hero2_id": "123", "hero2_name": "吕布", "played": "57", "win_rate": "0.5088" },
    { "hero1_id": "123", "hero1_name": "吕布", "hero2_id": "132", "hero2_name": "马可波罗", "played": "53", "win_rate": "0.6038" },
    { "hero1_id": "132", "hero1_name": "马可波罗", "hero2_id": "163", "hero2_name": "橘右京", "played": "50", "win_rate": "0.6600" },
    { "hero1_id": "123", "hero1_name": "吕布", "hero2_id": "157", "hero2_name": "不知火舞", "played": "48", "win_rate": "0.5625" },
    { "hero1_id": "126", "hero1_name": "夏侯惇", "hero2_id": "178", "hero2_name": "杨戬", "played": "47", "win_rate": "0.5106" },
    { "hero1_id": "123", "hero1_name": "吕布", "hero2_id": "178", "hero2_name": "杨戬", "played": "46", "win_rate": "0.6087" },
    { "hero1_id": "163", "hero1_name": "橘右京", "hero2_id": "178", "hero2_name": "杨戬", "played": "45", "win_rate": "0.6889" },
    { "hero1_id": "107", "hero1_name": "赵云", "hero2_id": "123", "hero2_name": "吕布", "played": "44", "win_rate": "0.4318" },
    { "hero1_id": "132", "hero1_name": "马可波罗", "hero2_id": "149", "hero2_name": "刘邦", "played": "43", "win_rate": "0.5349" },
    { "hero1_id": "111", "hero1_name": "孙尚香", "hero2_id": "163", "hero2_name": "橘右京", "played": "43", "win_rate": "0.4651" },
    { "hero1_id": "126", "hero1_name": "夏侯惇", "hero2_id": "132", "hero2_name": "马可波罗", "played": "42", "win_rate": "0.4286" },
    { "hero1_id": "150", "hero1_name": "韩信", "hero2_id": "178", "hero2_name": "杨戬", "played": "41", "win_rate": "0.5610" },
    { "hero1_id": "107", "hero1_name": "赵云", "hero2_id": "132", "hero2_name": "马可波罗", "played": "40", "win_rate": "0.4750" },
    { "hero1_id": "157", "hero1_name": "不知火舞", "hero2_id": "163", "hero2_name": "橘右京", "played": "40", "win_rate": "0.5500" },
    { "hero1_id": "107", "hero1_name": "赵云", "hero2_id": "111", "hero2_name": "孙尚香", "played": "39", "win_rate": "0.4359" },
    { "hero1_id": "111", "hero1_name": "孙尚香", "hero2_id": "178", "hero2_name": "杨戬", "played": "39", "win_rate": "0.4872" },
    { "hero1_id": "123", "hero1_name": "吕布", "hero2_id": "149", "hero2_name": "刘邦", "played": "39", "win_rate": "0.5641" },
    { "hero1_id": "132", "hero1_name": "马可波罗", "hero2_id": "157", "hero2_name": "不知火舞", "played": "39", "win_rate": "0.6667" },
    { "hero1_id": "126", "hero1_name": "夏侯惇", "hero2_id": "157", "hero2_name": "不知火舞", "played": "38", "win_rate": "0.4474" },
    { "hero1_id": "111", "hero1_name": "孙尚香", "hero2_id": "157", "hero2_name": "不知火舞", "played": "37", "win_rate": "0.5135" },
    { "hero1_id": "132", "hero1_name": "马可波罗", "hero2_id": "178", "hero2_name": "杨戬", "played": "37", "win_rate": "0.6486" },
    { "hero1_id": "107", "hero1_name": "赵云", "hero2_id": "149", "hero2_name": "刘邦", "played": "36", "win_rate": "0.3333" },
    { "hero1_id": "149", "hero1_name": "刘邦", "hero2_id": "163", "hero2_name": "橘右京", "played": "36", "win_rate": "0.5278" },
    { "hero1_id": "123", "hero1_name": "吕布", "hero2_id": "150", "hero2_name": "韩信", "played": "36", "win_rate": "0.5833" },
    { "hero1_id": "141", "hero1_name": "貂蝉", "hero2_id": "163", "hero2_name": "橘右京", "played": "36", "win_rate": "0.6667" },
    { "hero1_id": "107", "hero1_name": "赵云", "hero2_id": "157", "hero2_name": "不知火舞", "played": "36", "win_rate": "0.5833" },
    { "hero1_id": "132", "hero1_name": "马可波罗", "hero2_id": "141", "hero2_name": "貂蝉", "played": "35", "win_rate": "0.6286" },
    { "hero1_id": "126", "hero1_name": "夏侯惇", "hero2_id": "163", "hero2_name": "橘右京", "played": "35", "win_rate": "0.4286" },
    { "hero1_id": "107", "hero1_name": "赵云", "hero2_id": "178", "hero2_name": "杨戬", "played": "35", "win_rate": "0.5429" },
    { "hero1_id": "106", "hero1_name": "小乔", "hero2_id": "178", "hero2_name": "杨戬", "played": "33", "win_rate": "0.6667" },
    { "hero1_id": "157", "hero1_name": "不知火舞", "hero2_id": "178", "hero2_name": "杨戬", "played": "33", "win_rate": "0.6970" },
    { "hero1_id": "106", "hero1_name": "小乔", "hero2_id": "123", "hero2_name": "吕布", "played": "32", "win_rate": "0.5625" },
    { "hero1_id": "107", "hero1_name": "赵云", "hero2_id": "126", "hero2_name": "夏侯惇", "played": "32", "win_rate": "0.3438" },
    { "hero1_id": "149", "hero1_name": "刘邦", "hero2_id": "157", "hero2_name": "不知火舞", "played": "32", "win_rate": "0.5313" },
    { "hero1_id": "123", "hero1_name": "吕布", "hero2_id": "141", "hero2_name": "貂蝉", "played": "31", "win_rate": "0.4839" },
    { "hero1_id": "141", "hero1_name": "貂蝉", "hero2_id": "178", "hero2_name": "杨戬", "played": "31", "win_rate": "0.5161" },
    { "hero1_id": "107", "hero1_name": "赵云", "hero2_id": "141", "hero2_name": "貂蝉", "played": "28", "win_rate": "0.3214" },
    { "hero1_id": "106", "hero1_name": "小乔", "hero2_id": "163", "hero2_name": "橘右京", "played": "27", "win_rate": "0.5926" },
    { "hero1_id": "106", "hero1_name": "小乔", "hero2_id": "132", "hero2_name": "马可波罗", "played": "27", "win_rate": "0.5185" },
    { "hero1_id": "107", "hero1_name": "赵云", "hero2_id": "163", "hero2_name": "橘右京", "played": "27", "win_rate": "0.5556" },
    { "hero1_id": "141", "hero1_name": "貂蝉", "hero2_id": "149", "hero2_name": "刘邦", "played": "26", "win_rate": "0.4231" },
    { "hero1_id": "123", "hero1_name": "吕布", "hero2_id": "146", "hero2_name": "露娜", "played": "26", "win_rate": "0.6538" },
    { "hero1_id": "150", "hero1_name": "韩信", "hero2_id": "157", "hero2_name": "不知火舞", "played": "25", "win_rate": "0.6400" },
    { "hero1_id": "107", "hero1_name": "赵云", "hero2_id": "118", "hero2_name": "孙膑", "played": "24", "win_rate": "0.4583" },
    { "hero1_id": "111", "hero1_name": "孙尚香", "hero2_id": "149", "hero2_name": "刘邦", "played": "23", "win_rate": "0.3478" },
    { "hero1_id": "123", "hero1_name": "吕布", "hero2_id": "140", "hero2_name": "关羽", "played": "22", "win_rate": "0.4545" },
    { "hero1_id": "132", "hero1_name": "马可波罗", "hero2_id": "140", "hero2_name": "关羽", "played": "22", "win_rate": "0.5455" },
    { "hero1_id": "106", "hero1_name": "小乔", "hero2_id": "107", "hero2_name": "赵云", "played": "21", "win_rate": "0.4286" },
    { "hero1_id": "150", "hero1_name": "韩信", "hero2_id": "163", "hero2_name": "橘右京", "played": "20", "win_rate": "0.6500" },
    { "hero1_id": "126", "hero1_name": "夏侯惇", "hero2_id": "150", "hero2_name": "韩信", "played": "20", "win_rate": "0.6000" },
    { "hero1_id": "132", "hero1_name": "马可波罗", "hero2_id": "150", "hero2_name": "韩信", "played": "20", "win_rate": "0.6000" },
    { "hero1_id": "107", "hero1_name": "赵云", "hero2_id": "110", "hero2_name": "嬴政", "played": "20", "win_rate": "0.3500" },
    { "hero1_id": "111", "hero1_name": "孙尚香", "hero2_id": "150", "hero2_name": "韩信", "played": "20", "win_rate": "0.4000" },
    { "hero1_id": "126", "hero1_name": "夏侯惇", "hero2_id": "141", "hero2_name": "貂蝉", "played": "19", "win_rate": "0.4737" },
    { "hero1_id": "118", "hero1_name": "孙膑", "hero2_id": "132", "hero2_name": "马可波罗", "played": "19", "win_rate": "0.6842" },
    { "hero1_id": "146", "hero1_name": "露娜", "hero2_id": "163", "hero2_name": "橘右京", "played": "19", "win_rate": "0.5789" },
    { "hero1_id": "141", "hero1_name": "貂蝉", "hero2_id": "150", "hero2_name": "韩信", "played": "19", "win_rate": "0.5789" },
    { "hero1_id": "113", "hero1_name": "庄周", "hero2_id": "132", "hero2_name": "马可波罗", "played": "18", "win_rate": "0.6667" },
    { "hero1_id": "123", "hero1_name": "吕布", "hero2_id": "131", "hero2_name": "李白", "played": "18", "win_rate": "0.2778" },
    { "hero1_id": "118", "hero1_name": "孙膑", "hero2_id": "157", "hero2_name": "不知火舞", "played": "18", "win_rate": "0.7778" },
    { "hero1_id": "140", "hero1_name": "关羽", "hero2_id": "163", "hero2_name": "橘右京", "played": "18", "win_rate": "0.6667" },
    { "hero1_id": "118", "hero1_name": "孙膑", "hero2_id": "163", "hero2_name": "橘右京", "played": "17", "win_rate": "0.7647" },
    { "hero1_id": "146", "hero1_name": "露娜", "hero2_id": "178", "hero2_name": "杨戬", "played": "17", "win_rate": "0.5294" },
    { "hero1_id": "123", "hero1_name": "吕布", "hero2_id": "153", "hero2_name": "兰陵王", "played": "17", "win_rate": "0.4118" },
    { "hero1_id": "111", "hero1_name": "孙尚香", "hero2_id": "141", "hero2_name": "貂蝉", "played": "17", "win_rate": "0.3529" },
    { "hero1_id": "110", "hero1_name": "嬴政", "hero2_id": "163", "hero2_name": "橘右京", "played": "17", "win_rate": "0.5882" },
    { "hero1_id": "123", "hero1_name": "吕布", "hero2_id": "126", "hero2_name": "夏侯惇", "played": "17", "win_rate": "0.2941" },
    { "hero1_id": "111", "hero1_name": "孙尚香", "hero2_id": "126", "hero2_name": "夏侯惇", "played": "17", "win_rate": "0.2353" },
    { "hero1_id": "106", "hero1_name": "小乔", "hero2_id": "111", "hero2_name": "孙尚香", "played": "17", "win_rate": "0.5882" },
    { "hero1_id": "110", "hero1_name": "嬴政", "hero2_id": "178", "hero2_name": "杨戬", "played": "17", "win_rate": "0.3529" },
    { "hero1_id": "113", "hero1_name": "庄周", "hero2_id": "150", "hero2_name": "韩信", "played": "16", "win_rate": "0.5625" },
    { "hero1_id": "113", "hero1_name": "庄周", "hero2_id": "178", "hero2_name": "杨戬", "played": "16", "win_rate": "0.5625" },
    { "hero1_id": "131", "hero1_name": "李白", "hero2_id": "132", "hero2_name": "马可波罗", "played": "16", "win_rate": "0.5000" },
    { "hero1_id": "110", "hero1_name": "嬴政", "hero2_id": "111", "hero2_name": "孙尚香", "played": "16", "win_rate": "0.2500" },
    { "hero1_id": "126", "hero1_name": "夏侯惇", "hero2_id": "146", "hero2_name": "露娜", "played": "16", "win_rate": "0.3750" },
    { "hero1_id": "110", "hero1_name": "嬴政", "hero2_id": "126", "hero2_name": "夏侯惇", "played": "16", "win_rate": "0.3125" },
    { "hero1_id": "110", "hero1_name": "嬴政", "hero2_id": "123", "hero2_name": "吕布", "played": "16", "win_rate": "0.5000" },
    { "hero1_id": "126", "hero1_name": "夏侯惇", "hero2_id": "149", "hero2_name": "刘邦", "played": "15", "win_rate": "0.2000" },
    { "hero1_id": "118", "hero1_name": "孙膑", "hero2_id": "149", "hero2_name": "刘邦", "played": "15", "win_rate": "0.6000" },
    { "hero1_id": "107", "hero1_name": "赵云", "hero2_id": "113", "hero2_name": "庄周", "played": "15", "win_rate": "0.4667" },
    { "hero1_id": "118", "hero1_name": "孙膑", "hero2_id": "178", "hero2_name": "杨戬", "played": "15", "win_rate": "0.5333" },
    { "hero1_id": "110", "hero1_name": "嬴政", "hero2_id": "132", "hero2_name": "马可波罗", "played": "14", "win_rate": "0.6429" },
    { "hero1_id": "131", "hero1_name": "李白", "hero2_id": "178", "hero2_name": "杨戬", "played": "14", "win_rate": "0.5714" },
    { "hero1_id": "111", "hero1_name": "孙尚香", "hero2_id": "140", "hero2_name": "关羽", "played": "14", "win_rate": "0.4286" },
    { "hero1_id": "113", "hero1_name": "庄周", "hero2_id": "141", "hero2_name": "貂蝉", "played": "14", "win_rate": "0.5714" },
    { "hero1_id": "106", "hero1_name": "小乔", "hero2_id": "150", "hero2_name": "韩信", "played": "13", "win_rate": "0.4615" },
    { "hero1_id": "107", "hero1_name": "赵云", "hero2_id": "140", "hero2_name": "关羽", "played": "13", "win_rate": "0.6154" },
    { "hero1_id": "118", "hero1_name": "孙膑", "hero2_id": "141", "hero2_name": "貂蝉", "played": "13", "win_rate": "0.4615" },
    { "hero1_id": "111", "hero1_name": "孙尚香", "hero2_id": "146", "hero2_name": "露娜", "played": "13", "win_rate": "0.6923" },
    { "hero1_id": "107", "hero1_name": "赵云", "hero2_id": "150", "hero2_name": "韩信", "played": "13", "win_rate": "0.5385" },
    { "hero1_id": "113", "hero1_name": "庄周", "hero2_id": "163", "hero2_name": "橘右京", "played": "13", "win_rate": "0.5385" },
    { "hero1_id": "113", "hero1_name": "庄周", "hero2_id": "157", "hero2_name": "不知火舞", "played": "12", "win_rate": "0.6667" },
    { "hero1_id": "111", "hero1_name": "孙尚香", "hero2_id": "118", "hero2_name": "孙膑", "played": "12", "win_rate": "0.5833" },
    { "hero1_id": "146", "hero1_name": "露娜", "hero2_id": "157", "hero2_name": "不知火舞", "played": "12", "win_rate": "0.6667" },
    { "hero1_id": "110", "hero1_name": "嬴政", "hero2_id": "150", "hero2_name": "韩信", "played": "12", "win_rate": "0.3333" },
    { "hero1_id": "140", "hero1_name": "关羽", "hero2_id": "157", "hero2_name": "不知火舞", "played": "11", "win_rate": "0.3636" },
    { "hero1_id": "115", "hero1_name": "高渐离", "hero2_id": "132", "hero2_name": "马可波罗", "played": "11", "win_rate": "0.1818" },
    { "hero1_id": "113", "hero1_name": "庄周", "hero2_id": "149", "hero2_name": "刘邦", "played": "11", "win_rate": "0.3636" },
    { "hero1_id": "153", "hero1_name": "兰陵王", "hero2_id": "178", "hero2_name": "杨戬", "played": "11", "win_rate": "0.2727" },
    { "hero1_id": "140", "hero1_name": "关羽", "hero2_id": "141", "hero2_name": "貂蝉", "played": "11", "win_rate": "0.7273" },
    { "hero1_id": "135", "hero1_name": "项羽", "hero2_id": "163", "hero2_name": "橘右京", "played": "11", "win_rate": "0.6364" },
    { "hero1_id": "148", "hero1_name": "姜子牙", "hero2_id": "150", "hero2_name": "韩信", "played": "11", "win_rate": "0.6364" },
    { "hero1_id": "126", "hero1_name": "夏侯惇", "hero2_id": "131", "hero2_name": "李白", "played": "11", "win_rate": "0.2727" },
    { "hero1_id": "148", "hero1_name": "姜子牙", "hero2_id": "163", "hero2_name": "橘右京", "played": "11", "win_rate": "0.5455" },
    { "hero1_id": "126", "hero1_name": "夏侯惇", "hero2_id": "167", "hero2_name": "孙悟空", "played": "11", "win_rate": "0.5455" },
    { "hero1_id": "106", "hero1_name": "小乔", "hero2_id": "140", "hero2_name": "关羽", "played": "11", "win_rate": "0.3636" },
    { "hero1_id": "167", "hero1_name": "孙悟空", "hero2_id": "178", "hero2_name": "杨戬", "played": "10", "win_rate": "0.6000" },
    { "hero1_id": "107", "hero1_name": "赵云", "hero2_id": "146", "hero2_name": "露娜", "played": "10", "win_rate": "0.4000" },
    { "hero1_id": "132", "hero1_name": "马可波罗", "hero2_id": "135", "hero2_name": "项羽", "played": "10", "win_rate": "0.6000" },
    { "hero1_id": "106", "hero1_name": "小乔", "hero2_id": "118", "hero2_name": "孙膑", "played": "10", "win_rate": "0.5000" },
    { "hero1_id": "115", "hero1_name": "高渐离", "hero2_id": "123", "hero2_name": "吕布", "played": "10", "win_rate": "0.5000" },
    { "hero1_id": "146", "hero1_name": "露娜", "hero2_id": "149", "hero2_name": "刘邦", "played": "9", "win_rate": "0.4444" },
    { "hero1_id": "111", "hero1_name": "孙尚香", "hero2_id": "113", "hero2_name": "庄周", "played": "9", "win_rate": "0.4444" },
    { "hero1_id": "123", "hero1_name": "吕布", "hero2_id": "148", "hero2_name": "姜子牙", "played": "9", "win_rate": "0.5556" },
    { "hero1_id": "106", "hero1_name": "小乔", "hero2_id": "126", "hero2_name": "夏侯惇", "played": "9", "win_rate": "0.4444" },
    { "hero1_id": "110", "hero1_name": "嬴政", "hero2_id": "149", "hero2_name": "刘邦", "played": "9", "win_rate": "0.4444" },
    { "hero1_id": "132", "hero1_name": "马可波罗", "hero2_id": "146", "hero2_name": "露娜", "played": "9", "win_rate": "0.5556" },
    { "hero1_id": "140", "hero1_name": "关羽", "hero2_id": "150", "hero2_name": "韩信", "played": "9", "win_rate": "0.6667" },
    { "hero1_id": "106", "hero1_name": "小乔", "hero2_id": "149", "hero2_name": "刘邦", "played": "9", "win_rate": "0.4444" },
    { "hero1_id": "106", "hero1_name": "小乔", "hero2_id": "131", "hero2_name": "李白", "played": "9", "win_rate": "0.4444" },
    { "hero1_id": "107", "hero1_name": "赵云", "hero2_id": "115", "hero2_name": "高渐离", "played": "8", "win_rate": "0.2500" },
    { "hero1_id": "106", "hero1_name": "小乔", "hero2_id": "117", "hero2_name": "钟无艳", "played": "8", "win_rate": "0.2500" },
    { "hero1_id": "107", "hero1_name": "赵云", "hero2_id": "169", "hero2_name": "后羿", "played": "8", "win_rate": "0.5000" },
    { "hero1_id": "126", "hero1_name": "夏侯惇", "hero2_id": "154", "hero2_name": "花木兰", "played": "8", "win_rate": "0.2500" },
    { "hero1_id": "157", "hero1_name": "不知火舞", "hero2_id": "167", "hero2_name": "孙悟空", "played": "8", "win_rate": "0.7500" },
    { "hero1_id": "118", "hero1_name": "孙膑", "hero2_id": "123", "hero2_name": "吕布", "played": "8", "win_rate": "0.7500" },
    { "hero1_id": "146", "hero1_name": "露娜", "hero2_id": "153", "hero2_name": "兰陵王", "played": "8", "win_rate": "0.2500" },
    { "hero1_id": "126", "hero1_name": "夏侯惇", "hero2_id": "153", "hero2_name": "兰陵王", "played": "8", "win_rate": "0.3750" },
    { "hero1_id": "132", "hero1_name": "马可波罗", "hero2_id": "153", "hero2_name": "兰陵王", "played": "8", "win_rate": "0.3750" },
    { "hero1_id": "117", "hero1_name": "钟无艳", "hero2_id": "163", "hero2_name": "橘右京", "played": "8", "win_rate": "0.6250" },
    { "hero1_id": "117", "hero1_name": "钟无艳", "hero2_id": "132", "hero2_name": "马可波罗", "played": "8", "win_rate": "0.5000" },
    { "hero1_id": "141", "hero1_name": "貂蝉", "hero2_id": "157", "hero2_name": "不知火舞", "played": "7", "win_rate": "0.4286" },
    { "hero1_id": "117", "hero1_name": "钟无艳", "hero2_id": "123", "hero2_name": "吕布", "played": "7", "win_rate": "0.4286" },
    { "hero1_id": "110", "hero1_name": "嬴政", "hero2_id": "113", "hero2_name": "庄周", "played": "7", "win_rate": "0.5714" },
    { "hero1_id": "146", "hero1_name": "露娜", "hero2_id": "148", "hero2_name": "姜子牙", "played": "7", "win_rate": "0.7143" },
    { "hero1_id": "126", "hero1_name": "夏侯惇", "hero2_id": "148", "hero2_name": "姜子牙", "played": "7", "win_rate": "0.4286" },
    { "hero1_id": "107", "hero1_name": "赵云", "hero2_id": "131", "hero2_name": "李白", "played": "7", "win_rate": "0.0000" },
    { "hero1_id": "107", "hero1_name": "赵云", "hero2_id": "148", "hero2_name": "姜子牙", "played": "7", "win_rate": "0.4286" },
    { "hero1_id": "110", "hero1_name": "嬴政", "hero2_id": "131", "hero2_name": "李白", "played": "7", "win_rate": "0.2857" },
    { "hero1_id": "107", "hero1_name": "赵云", "hero2_id": "167", "hero2_name": "孙悟空", "played": "7", "win_rate": "0.4286" },
    { "hero1_id": "126", "hero1_name": "夏侯惇", "hero2_id": "140", "hero2_name": "关羽", "played": "7", "win_rate": "0.4286" },
    { "hero1_id": "153", "hero1_name": "兰陵王", "hero2_id": "157", "hero2_name": "不知火舞", "played": "7", "win_rate": "0.5714" },
    { "hero1_id": "110", "hero1_name": "嬴政", "hero2_id": "140", "hero2_name": "关羽", "played": "7", "win_rate": "0.5714" },
    { "hero1_id": "157", "hero1_name": "不知火舞", "hero2_id": "169", "hero2_name": "后羿", "played": "7", "win_rate": "0.5714" },
    { "hero1_id": "146", "hero1_name": "露娜", "hero2_id": "150", "hero2_name": "韩信", "played": "7", "win_rate": "0.5714" },
    { "hero1_id": "118", "hero1_name": "孙膑", "hero2_id": "169", "hero2_name": "后羿", "played": "7", "win_rate": "0.7143" },
    { "hero1_id": "149", "hero1_name": "刘邦", "hero2_id": "167", "hero2_name": "孙悟空", "played": "6", "win_rate": "0.5000" },
    { "hero1_id": "135", "hero1_name": "项羽", "hero2_id": "141", "hero2_name": "貂蝉", "played": "6", "win_rate": "0.6667" },
    { "hero1_id": "149", "hero1_name": "刘邦", "hero2_id": "153", "hero2_name": "兰陵王", "played": "6", "win_rate": "0.5000" },
    { "hero1_id": "163", "hero1_name": "橘右京", "hero2_id": "167", "hero2_name": "孙悟空", "played": "6", "win_rate": "0.8333" },
    { "hero1_id": "115", "hero1_name": "高渐离", "hero2_id": "140", "hero2_name": "关羽", "played": "6", "win_rate": "0.5000" },
    { "hero1_id": "154", "hero1_name": "花木兰", "hero2_id": "178", "hero2_name": "杨戬", "played": "6", "win_rate": "0.1667" },
    { "hero1_id": "123", "hero1_name": "吕布", "hero2_id": "169", "hero2_name": "后羿", "played": "6", "win_rate": "0.3333" },
    { "hero1_id": "115", "hero1_name": "高渐离", "hero2_id": "149", "hero2_name": "刘邦", "played": "6", "win_rate": "0.3333" },
    { "hero1_id": "123", "hero1_name": "吕布", "hero2_id": "144", "hero2_name": "程咬金", "played": "6", "win_rate": "0.3333" },
    { "hero1_id": "131", "hero1_name": "李白", "hero2_id": "149", "hero2_name": "刘邦", "played": "6", "win_rate": "0.6667" },
    { "hero1_id": "135", "hero1_name": "项羽", "hero2_id": "157", "hero2_name": "不知火舞", "played": "6", "win_rate": "0.6667" },
    { "hero1_id": "118", "hero1_name": "孙膑", "hero2_id": "150", "hero2_name": "韩信", "played": "6", "win_rate": "0.6667" },
    { "hero1_id": "123", "hero1_name": "吕布", "hero2_id": "167", "hero2_name": "孙悟空", "played": "6", "win_rate": "0.8333" },
    { "hero1_id": "148", "hero1_name": "姜子牙", "hero2_id": "157", "hero2_name": "不知火舞", "played": "6", "win_rate": "0.5000" },
    { "hero1_id": "118", "hero1_name": "孙膑", "hero2_id": "140", "hero2_name": "关羽", "played": "6", "win_rate": "0.5000" },
    { "hero1_id": "132", "hero1_name": "马可波罗", "hero2_id": "134", "hero2_name": "达摩", "played": "5", "win_rate": "0.4000" },
    { "hero1_id": "163", "hero1_name": "橘右京", "hero2_id": "169", "hero2_name": "后羿", "played": "5", "win_rate": "0.6000" },
    { "hero1_id": "131", "hero1_name": "李白", "hero2_id": "148", "hero2_name": "姜子牙", "played": "5", "win_rate": "0.0000" },
    { "hero1_id": "146", "hero1_name": "露娜", "hero2_id": "169", "hero2_name": "后羿", "played": "5", "win_rate": "0.4000" },
    { "hero1_id": "154", "hero1_name": "花木兰", "hero2_id": "157", "hero2_name": "不知火舞", "played": "5", "win_rate": "0.4000" },
    { "hero1_id": "113", "hero1_name": "庄周", "hero2_id": "140", "hero2_name": "关羽", "played": "5", "win_rate": "0.8000" },
    { "hero1_id": "111", "hero1_name": "孙尚香", "hero2_id": "131", "hero2_name": "李白", "played": "5", "win_rate": "0.2000" },
    { "hero1_id": "148", "hero1_name": "姜子牙", "hero2_id": "154", "hero2_name": "花木兰", "played": "5", "win_rate": "0.6000" },
    { "hero1_id": "140", "hero1_name": "关羽", "hero2_id": "153", "hero2_name": "兰陵王", "played": "5", "win_rate": "0.0000" },
    { "hero1_id": "131", "hero1_name": "李白", "hero2_id": "163", "hero2_name": "橘右京", "played": "5", "win_rate": "0.4000" },
    { "hero1_id": "140", "hero1_name": "关羽", "hero2_id": "178", "hero2_name": "杨戬", "played": "5", "win_rate": "0.6000" },
    { "hero1_id": "115", "hero1_name": "高渐离", "hero2_id": "131", "hero2_name": "李白", "played": "5", "win_rate": "0.2000" },
    { "hero1_id": "117", "hero1_name": "钟无艳", "hero2_id": "150", "hero2_name": "韩信", "played": "5", "win_rate": "0.6000" },
    { "hero1_id": "111", "hero1_name": "孙尚香", "hero2_id": "148", "hero2_name": "姜子牙", "played": "5", "win_rate": "0.4000" },
    { "hero1_id": "144", "hero1_name": "程咬金", "hero2_id": "157", "hero2_name": "不知火舞", "played": "5", "win_rate": "0.4000" },
    { "hero1_id": "115", "hero1_name": "高渐离", "hero2_id": "178", "hero2_name": "杨戬", "played": "5", "win_rate": "0.6000" },
    { "hero1_id": "113", "hero1_name": "庄周", "hero2_id": "146", "hero2_name": "露娜", "played": "5", "win_rate": "0.4000" },
    { "hero1_id": "117", "hero1_name": "钟无艳", "hero2_id": "140", "hero2_name": "关羽", "played": "5", "win_rate": "0.6000" },
    { "hero1_id": "131", "hero1_name": "李白", "hero2_id": "157", "hero2_name": "不知火舞", "played": "5", "win_rate": "0.6000" },
    { "hero1_id": "107", "hero1_name": "赵云", "hero2_id": "135", "hero2_name": "项羽", "played": "5", "win_rate": "0.4000" },
    { "hero1_id": "117", "hero1_name": "钟无艳", "hero2_id": "178", "hero2_name": "杨戬", "played": "5", "win_rate": "0.6000" },
    { "hero1_id": "169", "hero1_name": "后羿", "hero2_id": "178", "hero2_name": "杨戬", "played": "5", "win_rate": "0.6000" },
    { "hero1_id": "149", "hero1_name": "刘邦", "hero2_id": "169", "hero2_name": "后羿", "played": "5", "win_rate": "0.4000" },
    { "hero1_id": "115", "hero1_name": "高渐离", "hero2_id": "163", "hero2_name": "橘右京", "played": "5", "win_rate": "0.2000" },
    { "hero1_id": "131", "hero1_name": "李白", "hero2_id": "140", "hero2_name": "关羽", "played": "5", "win_rate": "0.2000" },
    { "hero1_id": "132", "hero1_name": "马可波罗", "hero2_id": "144", "hero2_name": "程咬金", "played": "5", "win_rate": "0.4000" },
    { "hero1_id": "123", "hero1_name": "吕布", "hero2_id": "154", "hero2_name": "花木兰", "played": "4", "win_rate": "0.7500" },
    { "hero1_id": "131", "hero1_name": "李白", "hero2_id": "135", "hero2_name": "项羽", "played": "4", "win_rate": "0.2500" },
    { "hero1_id": "107", "hero1_name": "赵云", "hero2_id": "154", "hero2_name": "花木兰", "played": "4", "win_rate": "0.2500" },
    { "hero1_id": "131", "hero1_name": "李白", "hero2_id": "146", "hero2_name": "露娜", "played": "4", "win_rate": "1.0000" },
    { "hero1_id": "106", "hero1_name": "小乔", "hero2_id": "113", "hero2_name": "庄周", "played": "4", "win_rate": "0.2500" },
    { "hero1_id": "117", "hero1_name": "钟无艳", "hero2_id": "141", "hero2_name": "貂蝉", "played": "4", "win_rate": "0.7500" },
    { "hero1_id": "121", "hero1_name": "芈月", "hero2_id": "163", "hero2_name": "橘右京", "played": "4", "win_rate": "0.0000" },
    { "hero1_id": "135", "hero1_name": "项羽", "hero2_id": "149", "hero2_name": "刘邦", "played": "4", "win_rate": "0.2500" },
    { "hero1_id": "115", "hero1_name": "高渐离", "hero2_id": "150", "hero2_name": "韩信", "played": "4", "win_rate": "0.7500" },
    { "hero1_id": "118", "hero1_name": "孙膑", "hero2_id": "146", "hero2_name": "露娜", "played": "4", "win_rate": "1.0000" },
    { "hero1_id": "141", "hero1_name": "貂蝉", "hero2_id": "167", "hero2_name": "孙悟空", "played": "4", "win_rate": "0.5000" },
    { "hero1_id": "149", "hero1_name": "刘邦", "hero2_id": "150", "hero2_name": "韩信", "played": "4", "win_rate": "0.7500" },
    { "hero1_id": "141", "hero1_name": "貂蝉", "hero2_id": "153", "hero2_name": "兰陵王", "played": "4", "win_rate": "0.2500" },
    { "hero1_id": "131", "hero1_name": "李白", "hero2_id": "141", "hero2_name": "貂蝉", "played": "4", "win_rate": "0.5000" },
    { "hero1_id": "121", "hero1_name": "芈月", "hero2_id": "123", "hero2_name": "吕布", "played": "4", "win_rate": "0.0000" },
    { "hero1_id": "115", "hero1_name": "高渐离", "hero2_id": "126", "hero2_name": "夏侯惇", "played": "4", "win_rate": "0.2500" },
    { "hero1_id": "121", "hero1_name": "芈月", "hero2_id": "178", "hero2_name": "杨戬", "played": "4", "win_rate": "0.0000" },
    { "hero1_id": "118", "hero1_name": "孙膑", "hero2_id": "131", "hero2_name": "李白", "played": "4", "win_rate": "0.5000" },
    { "hero1_id": "107", "hero1_name": "赵云", "hero2_id": "144", "hero2_name": "程咬金", "played": "4", "win_rate": "0.5000" },
    { "hero1_id": "150", "hero1_name": "韩信", "hero2_id": "154", "hero2_name": "花木兰", "played": "4", "win_rate": "0.5000" },
    { "hero1_id": "106", "hero1_name": "小乔", "hero2_id": "135", "hero2_name": "项羽", "played": "3", "win_rate": "0.3333" },
    { "hero1_id": "135", "hero1_name": "项羽", "hero2_id": "150", "hero2_name": "韩信", "played": "3", "win_rate": "0.6667" },
    { "hero1_id": "123", "hero1_name": "吕布", "hero2_id": "174", "hero2_name": "虞姬", "played": "3", "win_rate": "0.0000" },
    { "hero1_id": "106", "hero1_name": "小乔", "hero2_id": "153", "hero2_name": "兰陵王", "played": "3", "win_rate": "0.3333" },
    { "hero1_id": "110", "hero1_name": "嬴政", "hero2_id": "167", "hero2_name": "孙悟空", "played": "3", "win_rate": "0.3333" },
    { "hero1_id": "150", "hero1_name": "韩信", "hero2_id": "167", "hero2_name": "孙悟空", "played": "3", "win_rate": "0.3333" },
    { "hero1_id": "146", "hero1_name": "露娜", "hero2_id": "154", "hero2_name": "花木兰", "played": "3", "win_rate": "0.6667" },
    { "hero1_id": "140", "hero1_name": "关羽", "hero2_id": "148", "hero2_name": "姜子牙", "played": "3", "win_rate": "0.3333" },
    { "hero1_id": "131", "hero1_name": "李白", "hero2_id": "153", "hero2_name": "兰陵王", "played": "3", "win_rate": "0.3333" },
    { "hero1_id": "132", "hero1_name": "马可波罗", "hero2_id": "154", "hero2_name": "花木兰", "played": "3", "win_rate": "0.3333" },
    { "hero1_id": "140", "hero1_name": "关羽", "hero2_id": "167", "hero2_name": "孙悟空", "played": "3", "win_rate": "0.3333" },
    { "hero1_id": "115", "hero1_name": "高渐离", "hero2_id": "118", "hero2_name": "孙膑", "played": "3", "win_rate": "0.3333" },
    { "hero1_id": "106", "hero1_name": "小乔", "hero2_id": "146", "hero2_name": "露娜", "played": "3", "win_rate": "0.6667" },
    { "hero1_id": "150", "hero1_name": "韩信", "hero2_id": "153", "hero2_name": "兰陵王", "played": "3", "win_rate": "0.3333" },
    { "hero1_id": "106", "hero1_name": "小乔", "hero2_id": "167", "hero2_name": "孙悟空", "played": "3", "win_rate": "0.6667" },
    { "hero1_id": "141", "hero1_name": "貂蝉", "hero2_id": "154", "hero2_name": "花木兰", "played": "3", "win_rate": "0.0000" },
    { "hero1_id": "146", "hero1_name": "露娜", "hero2_id": "167", "hero2_name": "孙悟空", "played": "3", "win_rate": "0.6667" },
    { "hero1_id": "121", "hero1_name": "芈月", "hero2_id": "126", "hero2_name": "夏侯惇", "played": "3", "win_rate": "0.0000" },
    { "hero1_id": "131", "hero1_name": "李白", "hero2_id": "150", "hero2_name": "韩信", "played": "3", "win_rate": "0.3333" },
    { "hero1_id": "135", "hero1_name": "项羽", "hero2_id": "140", "hero2_name": "关羽", "played": "3", "win_rate": "0.6667" },
    { "hero1_id": "134", "hero1_name": "达摩", "hero2_id": "157", "hero2_name": "不知火舞", "played": "3", "win_rate": "0.3333" },
    { "hero1_id": "123", "hero1_name": "吕布", "hero2_id": "134", "hero2_name": "达摩", "played": "3", "win_rate": "0.3333" },
    { "hero1_id": "111", "hero1_name": "孙尚香", "hero2_id": "117", "hero2_name": "钟无艳", "played": "3", "win_rate": "0.3333" },
    { "hero1_id": "111", "hero1_name": "孙尚香", "hero2_id": "153", "hero2_name": "兰陵王", "played": "3", "win_rate": "0.3333" },
    { "hero1_id": "110", "hero1_name": "嬴政", "hero2_id": "153", "hero2_name": "兰陵王", "played": "3", "win_rate": "0.0000" },
    { "hero1_id": "121", "hero1_name": "芈月", "hero2_id": "132", "hero2_name": "马可波罗", "played": "3", "win_rate": "0.0000" },
    { "hero1_id": "111", "hero1_name": "孙尚香", "hero2_id": "115", "hero2_name": "高渐离", "played": "3", "win_rate": "0.6667" },
    { "hero1_id": "111", "hero1_name": "孙尚香", "hero2_id": "135", "hero2_name": "项羽", "played": "3", "win_rate": "0.3333" },
    { "hero1_id": "106", "hero1_name": "小乔", "hero2_id": "169", "hero2_name": "后羿", "played": "3", "win_rate": "0.3333" }
]