[
    { "avg_assist": "7.72", "avg_ban_seq": "4.8", "avg_bekill": "3.57", "avg_kill": "1.65", "avg_pick_seq": "0.0", "ban_cnt": "4", "gpm": "359", "hero_id": "123", "hero_name": "吕布", "kda": "4.02", "pick_cnt": "159", "played": "159", "win_rate": "0.5283" },
    { "avg_assist": "7.26", "avg_ban_seq": "3.9", "avg_bekill": "3.19", "avg_kill": "2.45", "avg_pick_seq": "0.0", "ban_cnt": "26", "gpm": "472", "hero_id": "163", "hero_name": "橘右京", "kda": "4.82", "pick_cnt": "142", "played": "142", "win_rate": "0.5845" },
    { "avg_assist": "6.48", "avg_ban_seq": "4.2", "avg_bekill": "2.03", "avg_kill": "4.14", "avg_pick_seq": "0.0", "ban_cnt": "31", "gpm": "609", "hero_id": "132", "hero_name": "马可波罗", "kda": "6.53", "pick_cnt": "138", "played": "138", "win_rate": "0.5580" },
    { "avg_assist": "5.42", "avg_ban_seq": "3.3", "avg_bekill": "3.08", "avg_kill": "3.86", "avg_pick_seq": "0.0", "ban_cnt": "34", "gpm": "501", "hero_id": "178", "hero_name": "杨戬", "kda": "4.37", "pick_cnt": "132", "played": "132", "win_rate": "0.5606" },
    { "avg_assist": "6.50", "avg_ban_seq": "3.0", "avg_bekill": "3.10", "avg_kill": "2.61", "avg_pick_seq": "0.0", "ban_cnt": "48", "gpm": "446", "hero_id": "107", "hero_name": "赵云", "kda": "4.55", "pick_cnt": "123", "played": "123", "win_rate": "0.4309" },
    { "avg_assist": "6.87", "avg_ban_seq": "2.6", "avg_bekill": "2.39", "avg_kill": "3.66", "avg_pick_seq": "0.0", "ban_cnt": "59", "gpm": "508", "hero_id": "157", "hero_name": "不知火舞", "kda": "5.82", "pick_cnt": "113", "played": "113", "win_rate": "0.5752" },
    { "avg_assist": "4.71", "avg_ban_seq": "7.8", "avg_bekill": "2.24", "avg_kill": "3.55", "avg_pick_seq": "0.0", "ban_cnt": "7", "gpm": "548", "hero_id": "111", "hero_name": "孙尚香", "kda": "4.84", "pick_cnt": "101", "played": "101", "win_rate": "0.4455" },
    { "avg_assist": "7.40", "avg_ban_seq": "6.4", "avg_bekill": "3.86", "avg_kill": "1.28", "avg_pick_seq": "0.0", "ban_cnt": "0", "gpm": "335", "hero_id": "126", "hero_name": "夏侯惇", "kda": "3.55", "pick_cnt": "99", "played": "99", "win_rate": "0.3939" },
    { "avg_assist": "6.03", "avg_ban_seq": "6.0", "avg_bekill": "2.41", "avg_kill": "2.67", "avg_pick_seq": "0.0", "ban_cnt": "31", "gpm": "518", "hero_id": "149", "hero_name": "刘邦", "kda": "5.23", "pick_cnt": "87", "played": "87", "win_rate": "0.4598" },
    { "avg_assist": "4.70", "avg_ban_seq": "4.9", "avg_bekill": "3.05", "avg_kill": "2.74", "avg_pick_seq": "0.0", "ban_cnt": "35", "gpm": "617", "hero_id": "150", "hero_name": "韩信", "kda": "3.41", "pick_cnt": "82", "played": "82", "win_rate": "0.5488" },
    { "avg_assist": "6.44", "avg_ban_seq": "4.9", "avg_bekill": "2.62", "avg_kill": "4.29", "avg_pick_seq": "0.0", "ban_cnt": "43", "gpm": "520", "hero_id": "141", "hero_name": "貂蝉", "kda": "6.27", "pick_cnt": "80", "played": "80", "win_rate": "0.5000" },
    { "avg_assist": "5.29", "avg_ban_seq": "8.1", "avg_bekill": "2.03", "avg_kill": "3.62", "avg_pick_seq": "0.0", "ban_cnt": "0", "gpm": "504", "hero_id": "106", "hero_name": "小乔", "kda": "5.48", "pick_cnt": "63", "played": "63", "win_rate": "0.5079" },
    { "avg_assist": "5.56", "avg_ban_seq": "2.4", "avg_bekill": "2.52", "avg_kill": "4.42", "avg_pick_seq": "0.0", "ban_cnt": "126", "gpm": "556", "hero_id": "140", "hero_name": "关羽", "kda": "5.94", "pick_cnt": "50", "played": "50", "win_rate": "0.5000" },
    { "avg_assist": "5.85", "avg_ban_seq": "2.5", "avg_bekill": "2.66", "avg_kill": "4.04", "avg_pick_seq": "0.0", "ban_cnt": "125", "gpm": "604", "hero_id": "146", "hero_name": "露娜", "kda": "5.00", "pick_cnt": "47", "played": "47", "win_rate": "0.5745" },
    { "avg_assist": "11.33", "avg_ban_seq": "8.3", "avg_bekill": "1.85", "avg_kill": "1.15", "avg_pick_seq": "0.0", "ban_cnt": "3", "gpm": "331", "hero_id": "118", "hero_name": "孙膑", "kda": "8.71", "pick_cnt": "46", "played": "46", "win_rate": "0.6087" },
    { "avg_assist": "6.38", "avg_ban_seq": "8.3", "avg_bekill": "2.10", "avg_kill": "2.64", "avg_pick_seq": "0.0", "ban_cnt": "0", "gpm": "540", "hero_id": "110", "hero_name": "嬴政", "kda": "5.53", "pick_cnt": "42", "played": "42", "win_rate": "0.4048" },
    { "avg_assist": "9.72", "avg_ban_seq": "8.1", "avg_bekill": "3.08", "avg_kill": "0.49", "avg_pick_seq": "0.0", "ban_cnt": "2", "gpm": "340", "hero_id": "113", "hero_name": "庄周", "kda": "4.58", "pick_cnt": "39", "played": "39", "win_rate": "0.5385" },
    { "avg_assist": "5.11", "avg_ban_seq": "2.5", "avg_bekill": "3.49", "avg_kill": "3.03", "avg_pick_seq": "0.0", "ban_cnt": "99", "gpm": "532", "hero_id": "131", "hero_name": "李白", "kda": "3.34", "pick_cnt": "37", "played": "37", "win_rate": "0.3784" },
    { "avg_assist": "5.62", "avg_ban_seq": "8.8", "avg_bekill": "4.46", "avg_kill": "2.79", "avg_pick_seq": "0.0", "ban_cnt": "0", "gpm": "458", "hero_id": "153", "hero_name": "兰陵王", "kda": "2.78", "pick_cnt": "24", "played": "24", "win_rate": "0.3333" },
    { "avg_assist": "5.05", "avg_ban_seq": "7.1", "avg_bekill": "1.90", "avg_kill": "1.24", "avg_pick_seq": "0.0", "ban_cnt": "6", "gpm": "416", "hero_id": "148", "hero_name": "姜子牙", "kda": "4.52", "pick_cnt": "21", "played": "21", "win_rate": "0.4762" },
    { "avg_assist": "4.50", "avg_ban_seq": "8.9", "avg_bekill": "3.70", "avg_kill": "4.40", "avg_pick_seq": "0.0", "ban_cnt": "0", "gpm": "534", "hero_id": "167", "hero_name": "孙悟空", "kda": "3.38", "pick_cnt": "20", "played": "20", "win_rate": "0.6000" },
    { "avg_assist": "6.11", "avg_ban_seq": "8.9", "avg_bekill": "3.95", "avg_kill": "3.42", "avg_pick_seq": "0.0", "ban_cnt": "0", "gpm": "493", "hero_id": "115", "hero_name": "高渐离", "kda": "3.83", "pick_cnt": "19", "played": "19", "win_rate": "0.3684" },
    { "avg_assist": "8.29", "avg_ban_seq": "8.9", "avg_bekill": "3.35", "avg_kill": "0.59", "avg_pick_seq": "0.0", "ban_cnt": "0", "gpm": "332", "hero_id": "135", "hero_name": "项羽", "kda": "3.92", "pick_cnt": "17", "played": "17", "win_rate": "0.5294" },
    { "avg_assist": "7.12", "avg_ban_seq": "8.6", "avg_bekill": "3.50", "avg_kill": "2.62", "avg_pick_seq": "0.0", "ban_cnt": "0", "gpm": "491", "hero_id": "169", "hero_name": "后羿", "kda": "3.76", "pick_cnt": "16", "played": "16", "win_rate": "0.4375" },
    { "avg_assist": "6.38", "avg_ban_seq": "7.5", "avg_bekill": "3.25", "avg_kill": "0.81", "avg_pick_seq": "0.0", "ban_cnt": "1", "gpm": "323", "hero_id": "117", "hero_name": "钟无艳", "kda": "3.24", "pick_cnt": "16", "played": "16", "win_rate": "0.5000" },
    { "avg_assist": "5.29", "avg_ban_seq": "3.7", "avg_bekill": "3.21", "avg_kill": "4.21", "avg_pick_seq": "0.0", "ban_cnt": "28", "gpm": "488", "hero_id": "154", "hero_name": "花木兰", "kda": "3.81", "pick_cnt": "14", "played": "14", "win_rate": "0.3571" },
    { "avg_assist": "3.43", "avg_ban_seq": "8.3", "avg_bekill": "3.71", "avg_kill": "2.29", "avg_pick_seq": "0.0", "ban_cnt": "0", "gpm": "477", "hero_id": "121", "hero_name": "芈月", "kda": "1.58", "pick_cnt": "7", "played": "7", "win_rate": "0.0000" },
    { "avg_assist": "4.86", "avg_ban_seq": "8.9", "avg_bekill": "3.57", "avg_kill": "1.71", "avg_pick_seq": "0.0", "ban_cnt": "0", "gpm": "516", "hero_id": "144", "hero_name": "程咬金", "kda": "2.60", "pick_cnt": "7", "played": "7", "win_rate": "0.2857" },
    { "avg_assist": "9.80", "avg_ban_seq": "8.6", "avg_bekill": "4.80", "avg_kill": "1.60", "avg_pick_seq": "0.0", "ban_cnt": "0", "gpm": "379", "hero_id": "134", "hero_name": "达摩", "kda": "2.92", "pick_cnt": "5", "played": "5", "win_rate": "0.4000" },
    { "avg_assist": "3.75", "avg_ban_seq": "9.5", "avg_bekill": "2.25", "avg_kill": "1.25", "avg_pick_seq": "0.0", "ban_cnt": "0", "gpm": "432", "hero_id": "174", "hero_name": "虞姬", "kda": "2.25", "pick_cnt": "4", "played": "4", "win_rate": "0.0000" },
    { "avg_assist": "6.00", "avg_ban_seq": "10.0", "avg_bekill": "3.00", "avg_kill": "2.33", "avg_pick_seq": "0.0", "ban_cnt": "0", "gpm": "439", "hero_id": "171", "hero_name": "张飞", "kda": "3.11", "pick_cnt": "3", "played": "3", "win_rate": "0.6667" },
    { "avg_assist": "2.50", "avg_ban_seq": "9.5", "avg_bekill": "4.00", "avg_kill": "0.50", "avg_pick_seq": "0.0", "ban_cnt": "0", "gpm": "298", "hero_id": "108", "hero_name": "墨子", "kda": "1.00", "pick_cnt": "2", "played": "2", "win_rate": "0.0000" },
    { "avg_assist": "2.50", "avg_ban_seq": "8.5", "avg_bekill": "5.00", "avg_kill": "1.00", "avg_pick_seq": "0.0", "ban_cnt": "0", "gpm": "450", "hero_id": "112", "hero_name": "鲁班七号", "kda": "0.67", "pick_cnt": "2", "played": "2", "win_rate": "0.0000" },
    { "avg_assist": "3.00", "avg_ban_seq": "10.0", "avg_bekill": "4.00", "avg_kill": "0.00", "avg_pick_seq": "0.0", "ban_cnt": "0", "gpm": "282", "hero_id": "105", "hero_name": "廉颇", "kda": "0.75", "pick_cnt": "1", "played": "1", "win_rate": "0.0000" },
    { "avg_assist": "2.00", "avg_ban_seq": "10.0", "avg_bekill": "6.00", "avg_kill": "0.00", "avg_pick_seq": "0.0", "ban_cnt": "0", "gpm": "460", "hero_id": "166", "hero_name": "亚瑟", "kda": "0.33", "pick_cnt": "1", "played": "1", "win_rate": "0.0000" },
    { "avg_assist": "5.00", "avg_ban_seq": "9.0", "avg_bekill": "1.00", "avg_kill": "0.00", "avg_pick_seq": "0.0", "ban_cnt": "0", "gpm": "334", "hero_id": "168", "hero_name": "牛魔", "kda": "5.00", "pick_cnt": "1", "played": "1", "win_rate": "1.0000" },
    { "avg_assist": "6.00", "avg_ban_seq": "9.0", "avg_bekill": "2.00", "avg_kill": "1.00", "avg_pick_seq": "0.0", "ban_cnt": "0", "gpm": "340", "hero_id": "124", "hero_name": "周瑜", "kda": "3.50", "pick_cnt": "1", "played": "1", "win_rate": "1.0000" },
    { "avg_assist": "0.00", "avg_ban_seq": "10.0", "avg_bekill": "6.00", "avg_kill": "1.00", "avg_pick_seq": "0.0", "ban_cnt": "0", "gpm": "358", "hero_id": "109", "hero_name": "妲己", "kda": "0.17", "pick_cnt": "1", "played": "1", "win_rate": "0.0000" },
    { "avg_assist": "5.00", "avg_ban_seq": "10.0", "avg_bekill": "6.00", "avg_kill": "0.00", "avg_pick_seq": "0.0", "ban_cnt": "0", "gpm": "490", "hero_id": "129", "hero_name": "典韦", "kda": "0.83", "pick_cnt": "1", "played": "1", "win_rate": "0.0000" },
    { "avg_assist": "1.00", "avg_ban_seq": "8.0", "avg_bekill": "3.00", "avg_kill": "1.00", "avg_pick_seq": "0.0", "ban_cnt": "0", "gpm": "260", "hero_id": "175", "hero_name": "钟馗", "kda": "0.67", "pick_cnt": "1", "played": "1", "win_rate": "0.0000" },
    { "avg_assist": "8.00", "avg_ban_seq": "9.0", "avg_bekill": "3.00", "avg_kill": "3.00", "avg_pick_seq": "0.0", "ban_cnt": "0", "gpm": "503", "hero_id": "184", "hero_name": "蔡文姬", "kda": "3.67", "pick_cnt": "1", "played": "1", "win_rate": "1.0000" },
    { "avg_assist": "5.00", "avg_ban_seq": "8.0", "avg_bekill": "3.00", "avg_kill": "2.00", "avg_pick_seq": "0.0", "ban_cnt": "0", "gpm": "485", "hero_id": "162", "hero_name": "娜可露露", "kda": "2.33", "pick_cnt": "1", "played": "1", "win_rate": "0.0000" },
    { "avg_assist": "13.00", "avg_ban_seq": "5.0", "avg_bekill": "3.00", "avg_kill": "2.00", "avg_pick_seq": "0.0", "ban_cnt": "0", "gpm": "464", "hero_id": "186", "hero_name": "太乙真人", "kda": "5.00", "pick_cnt": "1", "played": "1", "win_rate": "1.0000" }
]