[
    { "avg_assist": "6.00", "avg_bekill": "2.79", "avg_kill": "4.70", "gpm": "530", "kda": "5.77", "name": "SC丶空山", "openid": "5FC09D335EEA9270BAE822AE149DFDCA", "played": "43", "rating": "5.60", "total_kill": "202", "win_rate": "0.5814", "xpm": "200" },
    { "avg_assist": "8.19", "avg_bekill": "2.26", "avg_kill": "3.88", "gpm": "547", "kda": "6.89", "name": "SC丶安然", "openid": "B1510934B4CEB391610D9B817C6C369C", "played": "43", "rating": "5.60", "total_kill": "167", "win_rate": "0.5814", "xpm": "199" },
    { "avg_assist": "8.23", "avg_bekill": "3.49", "avg_kill": "2.09", "gpm": "445", "kda": "4.84", "name": "SC丶月痕", "openid": "128CE25D8E57F245975656BC5218F16A", "played": "43", "rating": "5.60", "total_kill": "90", "win_rate": "0.5814", "xpm": "195" },
    { "avg_assist": "9.86", "avg_bekill": "3.00", "avg_kill": "1.42", "gpm": "347", "kda": "5.19", "name": "SC丶阿纯", "openid": "A422EEA48A910BCEE3158EC2CB2C2253", "played": "43", "rating": "5.60", "total_kill": "61", "win_rate": "0.5814", "xpm": "178" },
    { "avg_assist": "6.02", "avg_bekill": "3.02", "avg_kill": "4.77", "gpm": "596", "kda": "5.07", "name": "SC丶王子", "openid": "92CD9B43700546FF91CCE9B6F94519BC", "played": "43", "rating": "5.60", "total_kill": "205", "win_rate": "0.5814", "xpm": "204" },
    { "avg_assist": "6.51", "avg_bekill": "2.17", "avg_kill": "3.44", "gpm": "513", "kda": "5.86", "name": "EDGM.浪浪", "openid": "B58E5BEB1CAC18ADF1300F9877348CA4", "played": "41", "rating": "5.60", "total_kill": "141", "win_rate": "0.5610", "xpm": "213" },
    { "avg_assist": "5.98", "avg_bekill": "2.63", "avg_kill": "3.10", "gpm": "456", "kda": "4.60", "name": "EDGM.阿楚", "openid": "B24AE898D77397EFB00E1CA9BC8C9E61", "played": "41", "rating": "5.60", "total_kill": "127", "win_rate": "0.5610", "xpm": "199" },
    { "avg_assist": "7.85", "avg_bekill": "2.46", "avg_kill": "1.56", "gpm": "369", "kda": "5.58", "name": "EDGM.PJJ", "openid": "C01ECCCEA8C5A9BFFC3A3347F143CCF8", "played": "41", "rating": "5.60", "total_kill": "64", "win_rate": "0.5610", "xpm": "183" },
    { "avg_assist": "6.27", "avg_bekill": "2.46", "avg_kill": "2.59", "gpm": "528", "kda": "4.65", "name": "EDGM.喻然", "openid": "81BFD90CD474933CF04485F736A1D964", "played": "41", "rating": "5.60", "total_kill": "106", "win_rate": "0.5610", "xpm": "206" },
    { "avg_assist": "6.20", "avg_bekill": "2.44", "avg_kill": "3.51", "gpm": "555", "kda": "5.66", "name": "EDGM.阿澈", "openid": "BDA5D3D8B600DC8ACD800F77FFE41BE0", "played": "41", "rating": "5.60", "total_kill": "144", "win_rate": "0.5610", "xpm": "218" },
    { "avg_assist": "5.57", "avg_bekill": "2.34", "avg_kill": "4.11", "gpm": "503", "kda": "6.30", "name": "Mu灬如歌", "openid": "47D1521096295B149FD316A9B7F4BB0B", "played": "35", "rating": "5.60", "total_kill": "144", "win_rate": "0.5429", "xpm": "207" },
    { "avg_assist": "8.17", "avg_bekill": "2.57", "avg_kill": "1.40", "gpm": "351", "kda": "5.69", "name": "Mu灬七罪", "openid": "C8E16253F577E213B1FB389FF96E2402", "played": "35", "rating": "5.60", "total_kill": "49", "win_rate": "0.5429", "xpm": "190" },
    { "avg_assist": "6.40", "avg_bekill": "2.14", "avg_kill": "3.00", "gpm": "534", "kda": "5.95", "name": "Mu灬刺痛", "openid": "B8982198AC67B048D317C07DE73F4962", "played": "35", "rating": "5.60", "total_kill": "105", "win_rate": "0.5429", "xpm": "221" },
    { "avg_assist": "5.60", "avg_bekill": "2.40", "avg_kill": "3.09", "gpm": "507", "kda": "5.09", "name": "MU.阿浩", "openid": "A1FAC32FE7114CF014B882EED39C84A7", "played": "35", "rating": "5.60", "total_kill": "108", "win_rate": "0.5429", "xpm": "211" },
    { "avg_assist": "6.37", "avg_bekill": "3.14", "avg_kill": "2.74", "gpm": "521", "kda": "3.94", "name": "MU.虔诚", "openid": "F1BCCA006C3701F765FD5D8AE9DC349F", "played": "35", "rating": "5.60", "total_kill": "96", "win_rate": "0.5429", "xpm": "214" },
    { "avg_assist": "7.09", "avg_bekill": "3.09", "avg_kill": "2.59", "gpm": "478", "kda": "4.74", "name": "GK.汐泽", "openid": "3DF6BA0DE4B16E66F90628447AE244B8", "played": "34", "rating": "5.60", "total_kill": "88", "win_rate": "0.5588", "xpm": "188" },
    { "avg_assist": "6.12", "avg_bekill": "2.85", "avg_kill": "3.32", "gpm": "484", "kda": "4.70", "name": "GK.9527", "openid": "50CCAE8C0DDE9DD17BB485C9E3EDA963", "played": "34", "rating": "5.60", "total_kill": "113", "win_rate": "0.5588", "xpm": "195" },
    { "avg_assist": "6.06", "avg_bekill": "1.38", "avg_kill": "3.94", "gpm": "569", "kda": "7.36", "name": "GK.未央", "openid": "FF015A729A354D88C932FB379A94F347", "played": "34", "rating": "5.60", "total_kill": "134", "win_rate": "0.5588", "xpm": "204" },
    { "avg_assist": "8.00", "avg_bekill": "3.67", "avg_kill": "3.24", "gpm": "469", "kda": "4.12", "name": "GK.淤青", "openid": "F74B10E1D290EF2213BFA2979238B3B2", "played": "33", "rating": "5.60", "total_kill": "107", "win_rate": "0.5758", "xpm": "197" },
    { "avg_assist": "9.27", "avg_bekill": "3.39", "avg_kill": "1.79", "gpm": "407", "kda": "5.33", "name": "GK.胖墩", "openid": "D524EC63CD87275ED44EFB2C898E0360", "played": "33", "rating": "5.60", "total_kill": "59", "win_rate": "0.5758", "xpm": "190" },
    { "avg_assist": "5.18", "avg_bekill": "3.75", "avg_kill": "3.75", "gpm": "481", "kda": "3.57", "name": "BWS丶Black", "openid": "8C0B91A38304DED955FC04A86B42957B", "played": "28", "rating": "5.60", "total_kill": "105", "win_rate": "0.3571", "xpm": "187" },
    { "avg_assist": "5.04", "avg_bekill": "4.00", "avg_kill": "3.68", "gpm": "493", "kda": "3.13", "name": "BWS丶Ku", "openid": "6690B40363495C6F757FF7B87B2E8631", "played": "28", "rating": "5.60", "total_kill": "103", "win_rate": "0.3571", "xpm": "202" },
    { "avg_assist": "7.25", "avg_bekill": "3.71", "avg_kill": "0.75", "gpm": "346", "kda": "3.04", "name": "BWS丶Dad", "openid": "DA24D346EDA29CC298FD04D0668A422C", "played": "28", "rating": "5.60", "total_kill": "21", "win_rate": "0.3571", "xpm": "180" },
    { "avg_assist": "6.00", "avg_bekill": "3.86", "avg_kill": "2.18", "gpm": "491", "kda": "3.53", "name": "BWS丶Colder", "openid": "C3A60878A7C19002E5467992AEC679B4", "played": "28", "rating": "5.60", "total_kill": "61", "win_rate": "0.3571", "xpm": "204" },
    { "avg_assist": "4.48", "avg_bekill": "2.63", "avg_kill": "2.93", "gpm": "549", "kda": "3.92", "name": "SYy.放纵", "openid": "1C57C0E4D7C8E2731335B8CAF5B6890F", "played": "27", "rating": "5.60", "total_kill": "79", "win_rate": "0.4444", "xpm": "209" },
    { "avg_assist": "4.52", "avg_bekill": "2.89", "avg_kill": "2.00", "gpm": "510", "kda": "3.70", "name": "SYy.诺言", "openid": "CFD5FB9589587760CD3C44425C336E21", "played": "27", "rating": "5.60", "total_kill": "54", "win_rate": "0.4444", "xpm": "200" },
    { "avg_assist": "6.56", "avg_bekill": "2.00", "avg_kill": "4.96", "gpm": "524", "kda": "7.35", "name": "YTG丶天明", "openid": "058506C735A0DBD8A03F11380393C811", "played": "27", "rating": "5.60", "total_kill": "134", "win_rate": "0.7037", "xpm": "203" },
    { "avg_assist": "7.11", "avg_bekill": "2.30", "avg_kill": "4.00", "gpm": "502", "kda": "6.01", "name": "YTG丶路西法", "openid": "B0CDF2F5F1199932608F6B65DC23DE54", "played": "27", "rating": "5.60", "total_kill": "108", "win_rate": "0.7037", "xpm": "200" },
    { "avg_assist": "5.26", "avg_bekill": "3.00", "avg_kill": "1.52", "gpm": "392", "kda": "2.97", "name": "SYy.凌斗", "openid": "BB703C83D02811F952CEDA140D17582F", "played": "27", "rating": "5.60", "total_kill": "41", "win_rate": "0.4444", "xpm": "185" },
    { "avg_assist": "9.33", "avg_bekill": "3.00", "avg_kill": "1.85", "gpm": "361", "kda": "4.56", "name": "YTG丶落幕", "openid": "9EABDFC2F259BCDBADECD4D3AFBAAB65", "played": "27", "rating": "5.60", "total_kill": "50", "win_rate": "0.7037", "xpm": "179" },
    { "avg_assist": "4.78", "avg_bekill": "3.41", "avg_kill": "1.41", "gpm": "423", "kda": "3.23", "name": "SYy.刻画", "openid": "2FB803C2164E2A8137E77EEB945727AE", "played": "27", "rating": "5.60", "total_kill": "38", "win_rate": "0.4444", "xpm": "191" },
    { "avg_assist": "3.93", "avg_bekill": "2.67", "avg_kill": "2.44", "gpm": "556", "kda": "3.57", "name": "SYy.雨雨", "openid": "F87C373893FEE91FC263955B00CA3D0B", "played": "27", "rating": "5.60", "total_kill": "66", "win_rate": "0.4444", "xpm": "205" },
    { "avg_assist": "7.70", "avg_bekill": "2.22", "avg_kill": "3.44", "gpm": "511", "kda": "6.28", "name": "YTG丶夏天", "openid": "7F7B2244B823795821247DD45B7572FD", "played": "27", "rating": "5.60", "total_kill": "93", "win_rate": "0.7037", "xpm": "220" },
    { "avg_assist": "7.50", "avg_bekill": "3.00", "avg_kill": "3.77", "gpm": "538", "kda": "5.48", "name": "QGhappy.Alan", "openid": "E5D1C89DE8A875B1187141E8BF55764B", "played": "26", "rating": "5.60", "total_kill": "98", "win_rate": "0.7308", "xpm": "214" },
    { "avg_assist": "7.38", "avg_bekill": "1.96", "avg_kill": "3.31", "gpm": "543", "kda": "7.34", "name": "YTG丶英噗", "openid": "BF2950D8020D9506029AE9DB9B103FF5", "played": "26", "rating": "5.60", "total_kill": "86", "win_rate": "0.7308", "xpm": "218" },
    { "avg_assist": "7.38", "avg_bekill": "2.08", "avg_kill": "4.85", "gpm": "627", "kda": "6.82", "name": "QGhappy.Mc", "openid": "09532532EF6D94EC800C92CE68540CC5", "played": "26", "rating": "5.60", "total_kill": "126", "win_rate": "0.7308", "xpm": "221" },
    { "avg_assist": "7.62", "avg_bekill": "2.38", "avg_kill": "3.81", "gpm": "529", "kda": "6.14", "name": "QGhappy.XX", "openid": "A12BC6CA65F630C0362A18C56C4AAB4A", "played": "26", "rating": "5.60", "total_kill": "99", "win_rate": "0.7308", "xpm": "193" },
    { "avg_assist": "7.00", "avg_bekill": "3.04", "avg_kill": "3.12", "gpm": "547", "kda": "5.35", "name": "QGhappy.Fly", "openid": "81AEA3A32BA205D61F400FA612808490", "played": "26", "rating": "5.60", "total_kill": "81", "win_rate": "0.7308", "xpm": "207" },
    { "avg_assist": "10.19", "avg_bekill": "3.15", "avg_kill": "1.42", "gpm": "361", "kda": "6.49", "name": "QGhappy.绅士", "openid": "698866C2345055D5159896254FAA07CA", "played": "26", "rating": "5.60", "total_kill": "37", "win_rate": "0.7308", "xpm": "180" },
    { "avg_assist": "5.88", "avg_bekill": "3.36", "avg_kill": "2.96", "gpm": "444", "kda": "4.25", "name": "TKG.伊恩", "openid": "1ADE7C65DFA7373C8DEC4B7477E636A1", "played": "25", "rating": "5.60", "total_kill": "74", "win_rate": "0.3600", "xpm": "193" },
    { "avg_assist": "4.52", "avg_bekill": "3.04", "avg_kill": "2.60", "gpm": "489", "kda": "3.48", "name": "TKG.老虎", "openid": "8DB48AACA82F90CAE252E6AEC1BADC6D", "played": "25", "rating": "5.60", "total_kill": "65", "win_rate": "0.3600", "xpm": "207" },
    { "avg_assist": "4.68", "avg_bekill": "3.28", "avg_kill": "2.52", "gpm": "473", "kda": "2.80", "name": "TKG.暴风锐", "openid": "C33F4D32C03321DF09F884E61C01394E", "played": "25", "rating": "5.60", "total_kill": "63", "win_rate": "0.3600", "xpm": "184" },
    { "avg_assist": "6.84", "avg_bekill": "3.40", "avg_kill": "1.40", "gpm": "370", "kda": "4.15", "name": "TKG.一笑", "openid": "994A5DE11D0CE4FA9E698DECE3DC22D2", "played": "25", "rating": "5.60", "total_kill": "35", "win_rate": "0.3600", "xpm": "177" },
    { "avg_assist": "8.12", "avg_bekill": "2.58", "avg_kill": "2.38", "gpm": "461", "kda": "6.38", "name": "Jc丶老王", "openid": "1C794E7920EBA8B92C81BC5FA9E4C864", "played": "24", "rating": "5.60", "total_kill": "57", "win_rate": "0.7500", "xpm": "193" },
    { "avg_assist": "10.29", "avg_bekill": "2.29", "avg_kill": "2.17", "gpm": "402", "kda": "7.55", "name": "Jc丶倾城", "openid": "C9370DD54FF93F6FC7FFB078FDC7CD17", "played": "24", "rating": "5.60", "total_kill": "52", "win_rate": "0.7500", "xpm": "194" },
    { "avg_assist": "7.38", "avg_bekill": "3.04", "avg_kill": "2.33", "gpm": "529", "kda": "4.73", "name": "Jc丶怼怼", "openid": "09059D196CF06A3C755C2E0393E899B6", "played": "24", "rating": "5.60", "total_kill": "56", "win_rate": "0.7500", "xpm": "215" },
    { "avg_assist": "6.67", "avg_bekill": "1.67", "avg_kill": "4.67", "gpm": "573", "kda": "8.77", "name": "Jc丶青浪", "openid": "6EF57E102F9A23CC825DDC1ED5D55F3B", "played": "24", "rating": "5.60", "total_kill": "112", "win_rate": "0.7500", "xpm": "213" },
    { "avg_assist": "7.17", "avg_bekill": "2.17", "avg_kill": "5.00", "gpm": "609", "kda": "6.86", "name": "Jc丶鬼迷", "openid": "6434A30A244B160C172DF4C6758754D5", "played": "24", "rating": "5.60", "total_kill": "120", "win_rate": "0.7500", "xpm": "216" },
    { "avg_assist": "4.36", "avg_bekill": "2.91", "avg_kill": "2.95", "gpm": "489", "kda": "3.04", "name": "VG.蚂蚁", "openid": "8181E7595BBEC2320E8E239BEE8472E2", "played": "22", "rating": "5.60", "total_kill": "65", "win_rate": "0.1818", "xpm": "190" },
    { "avg_assist": "4.55", "avg_bekill": "2.50", "avg_kill": "3.68", "gpm": "547", "kda": "4.48", "name": "VG.阿楠", "openid": "F20A79CABDFBFD552C72E1E72379A885", "played": "22", "rating": "5.60", "total_kill": "81", "win_rate": "0.1818", "xpm": "199" },
    { "avg_assist": "4.27", "avg_bekill": "3.77", "avg_kill": "2.86", "gpm": "546", "kda": "2.07", "name": "EP.小怪兽", "openid": "07B4EDF3EDFFE6EAA8EE349D3BADB4CF", "played": "22", "rating": "5.60", "total_kill": "63", "win_rate": "0.0000", "xpm": "203" },
    { "avg_assist": "3.45", "avg_bekill": "3.23", "avg_kill": "2.45", "gpm": "487", "kda": "2.41", "name": "EP.心醉", "openid": "03C692C2132AAF22135204F4A4F5B87F", "played": "22", "rating": "5.60", "total_kill": "54", "win_rate": "0.0000", "xpm": "204" },
    { "avg_assist": "4.41", "avg_bekill": "4.41", "avg_kill": "1.36", "gpm": "360", "kda": "1.52", "name": "EP.虎虎", "openid": "D4C945378CF5DEE480E05971AA604E0B", "played": "22", "rating": "5.60", "total_kill": "30", "win_rate": "0.0000", "xpm": "178" },
    { "avg_assist": "4.59", "avg_bekill": "4.27", "avg_kill": "1.27", "gpm": "353", "kda": "1.75", "name": "VG.豆豆", "openid": "8E9706FB856A657CDE2172AE4E0C784D", "played": "22", "rating": "5.60", "total_kill": "28", "win_rate": "0.1818", "xpm": "174" },
    { "avg_assist": "4.68", "avg_bekill": "2.86", "avg_kill": "1.91", "gpm": "454", "kda": "3.31", "name": "VG.Awei", "openid": "F66FD816383558B9BED477C9BED4DBF3", "played": "22", "rating": "5.60", "total_kill": "42", "win_rate": "0.1818", "xpm": "181" },
    { "avg_assist": "6.56", "avg_bekill": "3.94", "avg_kill": "1.50", "gpm": "405", "kda": "2.78", "name": "VG.捷大", "openid": "F686B27E276C95ED2ECC2347A55CAA3F", "played": "18", "rating": "5.60", "total_kill": "27", "win_rate": "0.2222", "xpm": "183" },
    { "avg_assist": "3.72", "avg_bekill": "3.89", "avg_kill": "1.56", "gpm": "397", "kda": "1.70", "name": "EP.KK", "openid": "0D11412F42A3BEC478F9F467F389C74C", "played": "18", "rating": "5.60", "total_kill": "28", "win_rate": "0.0000", "xpm": "182" },
    { "avg_assist": "3.88", "avg_bekill": "2.81", "avg_kill": "3.25", "gpm": "516", "kda": "3.58", "name": "TKG.凉晨", "openid": "5BD6D8E9DEB9362CC60A568244A18625", "played": "16", "rating": "5.60", "total_kill": "52", "win_rate": "0.3750", "xpm": "205" },
    { "avg_assist": "5.13", "avg_bekill": "3.13", "avg_kill": "3.47", "gpm": "544", "kda": "4.09", "name": "BWS丶Story", "openid": "3C3C9A98C6B4B08D2D35F5CF265A9412", "played": "15", "rating": "5.60", "total_kill": "52", "win_rate": "0.4000", "xpm": "197" },
    { "avg_assist": "4.85", "avg_bekill": "2.54", "avg_kill": "4.08", "gpm": "575", "kda": "5.11", "name": "BWS丶浅笑", "openid": "0C0BFEAA9F2C0075E2262D492BD4C212", "played": "13", "rating": "5.60", "total_kill": "53", "win_rate": "0.3077", "xpm": "225" },
    { "avg_assist": "4.67", "avg_bekill": "5.00", "avg_kill": "1.75", "gpm": "376", "kda": "2.05", "name": "EP.小云酱", "openid": "5ABF1979DF545DEBE2717475F0F7838C", "played": "12", "rating": "5.60", "total_kill": "21", "win_rate": "0.0000", "xpm": "198" },
    { "avg_assist": "4.67", "avg_bekill": "2.67", "avg_kill": "3.44", "gpm": "518", "kda": "4.52", "name": "TKG.姬木", "openid": "94695860B872D0B1B34E14778D7DC7DD", "played": "9", "rating": "5.60", "total_kill": "31", "win_rate": "0.3333", "xpm": "199" },
    { "avg_assist": "3.75", "avg_bekill": "4.38", "avg_kill": "1.12", "gpm": "405", "kda": "1.10", "name": "EP.俊神", "openid": "52B67183A7214B6E66DE2E31020B5F20", "played": "8", "rating": "5.60", "total_kill": "9", "win_rate": "0.0000", "xpm": "173" },
    { "avg_assist": "5.50", "avg_bekill": "4.33", "avg_kill": "1.83", "gpm": "498", "kda": "1.80", "name": "EP.轨迹", "openid": "4D1E939100B37AC721F4699DB6246657", "played": "6", "rating": "5.60", "total_kill": "11", "win_rate": "0.0000", "xpm": "216" },
    { "avg_assist": "2.75", "avg_bekill": "2.50", "avg_kill": "1.25", "gpm": "450", "kda": "1.48", "name": "VG.Damon", "openid": "D63729A3068E9E80771EA1946ABAE3C7", "played": "4", "rating": "5.60", "total_kill": "5", "win_rate": "0.0000", "xpm": "199" }
]