[
    { "ban_heros": "107|140", "camp": "1", "game_label": "217001", "game_time": "2016-12-23 14:06:14", "is_win": "0", "kill_cnt": "8", "pick_heros": "163|123|157|150|111", "team_id": "16", "team_name": "BWS" },
    { "ban_heros": "146|149", "camp": "2", "game_label": "217001", "game_time": "2016-12-23 14:06:14", "is_win": "1", "kill_cnt": "21", "pick_heros": "131|178|132|141|126", "team_id": "31", "team_name": "YTG" },
    { "ban_heros": "140|146", "camp": "2", "game_label": "217001", "game_time": "2016-12-23 14:26:45", "is_win": "0", "kill_cnt": "20", "pick_heros": "132|131|126|141|135", "team_id": "16", "team_name": "BWS" },
    { "ban_heros": "163|149", "camp": "1", "game_label": "217001", "game_time": "2016-12-23 14:26:45", "is_win": "1", "kill_cnt": "35", "pick_heros": "107|178|123|111|157", "team_id": "31", "team_name": "YTG" },
    { "ban_heros": "140|150", "camp": "2", "game_label": "217002", "game_time": "2016-12-23 15:27:53", "is_win": "1", "kill_cnt": "21", "pick_heros": "163|107|157|132|135", "team_id": "25", "team_name": "QGhappy" },
    { "ban_heros": "131|148", "camp": "1", "game_label": "217002", "game_time": "2016-12-23 15:27:53", "is_win": "0", "kill_cnt": "12", "pick_heros": "146|123|126|153|111", "team_id": "26", "team_name": "EDG.M" },
    { "ban_heros": "107|150", "camp": "1", "game_label": "217002", "game_time": "2016-12-23 15:53:41", "is_win": "1", "kill_cnt": "12", "pick_heros": "131|178|157|132|168", "team_id": "25", "team_name": "QGhappy" },
    { "ban_heros": "140|146", "camp": "2", "game_label": "217002", "game_time": "2016-12-23 15:53:41", "is_win": "0", "kill_cnt": "5", "pick_heros": "163|149|110|111|108", "team_id": "26", "team_name": "EDG.M" },
    { "ban_heros": "140|157", "camp": "2", "game_label": "117001", "game_time": "2016-12-23 16:17:00", "is_win": "1", "kill_cnt": "15", "pick_heros": "132|163|106|123|134", "team_id": "19", "team_name": "MU" },
    { "ban_heros": "131|146", "camp": "1", "game_label": "117001", "game_time": "2016-12-23 16:17:00", "is_win": "0", "kill_cnt": "3", "pick_heros": "107|178|141|154|126", "team_id": "20", "team_name": "SC" },
    { "ban_heros": "131|163", "camp": "1", "game_label": "117001", "game_time": "2016-12-23 16:43:37", "is_win": "0", "kill_cnt": "1", "pick_heros": "140|141|123|169|153", "team_id": "19", "team_name": "MU" },
    { "ban_heros": "146|132", "camp": "2", "game_label": "117001", "game_time": "2016-12-23 16:43:37", "is_win": "1", "kill_cnt": "14", "pick_heros": "107|157|111|178|113", "team_id": "20", "team_name": "SC" },
    { "ban_heros": "140|157", "camp": "2", "game_label": "117001", "game_time": "2016-12-23 17:08:20", "is_win": "0", "kill_cnt": "12", "pick_heros": "163|178|141|121|126", "team_id": "19", "team_name": "MU" },
    { "ban_heros": "146|131", "camp": "1", "game_label": "117001", "game_time": "2016-12-23 17:08:20", "is_win": "1", "kill_cnt": "20", "pick_heros": "107|132|123|110|149", "team_id": "20", "team_name": "SC" },
    { "ban_heros": "140|146", "camp": "2", "game_label": "217003", "game_time": "2016-12-23 18:05:45", "is_win": "0", "kill_cnt": "13", "pick_heros": "157|163|123|141|149", "team_id": "19", "team_name": "MU" },
    { "ban_heros": "131|107", "camp": "1", "game_label": "217003", "game_time": "2016-12-23 18:05:45", "is_win": "1", "kill_cnt": "22", "pick_heros": "150|178|132|106|117", "team_id": "26", "team_name": "EDG.M" },
    { "ban_heros": "131|150", "camp": "1", "game_label": "117002", "game_time": "2016-12-23 17:58:27", "is_win": "1", "kill_cnt": "21", "pick_heros": "157|132|123|126|178", "team_id": "27", "team_name": "GK" },
    { "ban_heros": "146|140", "camp": "2", "game_label": "117002", "game_time": "2016-12-23 17:58:27", "is_win": "0", "kill_cnt": "18", "pick_heros": "107|163|141|149|113", "team_id": "29", "team_name": "SYy" },
    { "ban_heros": "140|150", "camp": "2", "game_label": "117002", "game_time": "2016-12-23 18:35:41", "is_win": "1", "kill_cnt": "18", "pick_heros": "157|163|149|111|135", "team_id": "27", "team_name": "GK" },
    { "ban_heros": "132|131", "camp": "1", "game_label": "117002", "game_time": "2016-12-23 18:35:41", "is_win": "0", "kill_cnt": "2", "pick_heros": "146|107|123|126|153", "team_id": "29", "team_name": "SYy" },
    { "ban_heros": "131|163", "camp": "1", "game_label": "217003", "game_time": "2016-12-23 18:37:57", "is_win": "1", "kill_cnt": "14", "pick_heros": "146|157|126|111|123", "team_id": "19", "team_name": "MU" },
    { "ban_heros": "140|107", "camp": "2", "game_label": "217003", "game_time": "2016-12-23 18:37:57", "is_win": "0", "kill_cnt": "3", "pick_heros": "150|132|141|178|118", "team_id": "26", "team_name": "EDG.M" },
    { "ban_heros": "140|146", "camp": "2", "game_label": "217003", "game_time": "2016-12-23 19:05:14", "is_win": "1", "kill_cnt": "9", "pick_heros": "157|163|132|149|123", "team_id": "19", "team_name": "MU" },
    { "ban_heros": "131|107", "camp": "1", "game_label": "217003", "game_time": "2016-12-23 19:05:14", "is_win": "0", "kill_cnt": "4", "pick_heros": "150|178|117|169|106", "team_id": "26", "team_name": "EDG.M" },
    { "ban_heros": "140|149", "camp": "2", "game_label": "117003", "game_time": "2016-12-23 19:18:23", "is_win": "0", "kill_cnt": "8", "pick_heros": "178|163|141|126|154", "team_id": "24", "team_name": "TKG" },
    { "ban_heros": "131|146", "camp": "1", "game_label": "117003", "game_time": "2016-12-23 19:18:23", "is_win": "1", "kill_cnt": "15", "pick_heros": "107|132|157|144|123", "team_id": "25", "team_name": "QGhappy" },
    { "ban_heros": "131|107", "camp": "1", "game_label": "117003", "game_time": "2016-12-23 19:44:09", "is_win": "0", "kill_cnt": "8", "pick_heros": "132|163|126|149|115", "team_id": "24", "team_name": "TKG" },
    { "ban_heros": "140|146", "camp": "2", "game_label": "117003", "game_time": "2016-12-23 19:44:09", "is_win": "1", "kill_cnt": "17", "pick_heros": "178|157|123|153|111", "team_id": "25", "team_name": "QGhappy" },
    { "ban_heros": "131|163", "camp": "1", "game_label": "217004", "game_time": "2016-12-23 20:19:01", "is_win": "1", "kill_cnt": "16", "pick_heros": "140|107|132|113|141", "team_id": "20", "team_name": "SC" },
    { "ban_heros": "157|146", "camp": "2", "game_label": "217004", "game_time": "2016-12-23 20:19:01", "is_win": "0", "kill_cnt": "11", "pick_heros": "150|123|178|126|121", "team_id": "29", "team_name": "SYy" },
    { "ban_heros": "157|178", "camp": "1", "game_label": "117004", "game_time": "2016-12-23 20:22:55", "is_win": "1", "kill_cnt": "14", "pick_heros": "131|149|132|110|113", "team_id": "28", "team_name": "JC" },
    { "ban_heros": "140|146", "camp": "2", "game_label": "117004", "game_time": "2016-12-23 20:22:55", "is_win": "0", "kill_cnt": "11", "pick_heros": "141|107|123|150|171", "team_id": "31", "team_name": "YTG" },
    { "ban_heros": "157|178", "camp": "2", "game_label": "117004", "game_time": "2016-12-23 20:50:14", "is_win": "1", "kill_cnt": "15", "pick_heros": "140|163|141|132|118", "team_id": "28", "team_name": "JC" },
    { "ban_heros": "131|149", "camp": "1", "game_label": "117004", "game_time": "2016-12-23 20:50:14", "is_win": "0", "kill_cnt": "8", "pick_heros": "146|123|107|111|148", "team_id": "31", "team_name": "YTG" },
    { "ban_heros": "146|131", "camp": "2", "game_label": "217004", "game_time": "2016-12-23 20:51:24", "is_win": "0", "kill_cnt": "22", "pick_heros": "157|107|111|178|126", "team_id": "20", "team_name": "SC" },
    { "ban_heros": "132|113", "camp": "1", "game_label": "217004", "game_time": "2016-12-23 20:51:24", "is_win": "1", "kill_cnt": "24", "pick_heros": "140|163|123|167|110", "team_id": "29", "team_name": "SYy" },
    { "ban_heros": "131|163", "camp": "1", "game_label": "217004", "game_time": "2016-12-23 21:45:53", "is_win": "0", "kill_cnt": "24", "pick_heros": "140|178|107|115|118", "team_id": "20", "team_name": "SC" },
    { "ban_heros": "146|157", "camp": "2", "game_label": "217004", "game_time": "2016-12-23 21:45:53", "is_win": "1", "kill_cnt": "18", "pick_heros": "132|123|113|141|150", "team_id": "29", "team_name": "SYy" },
    { "ban_heros": "146|107", "camp": "1", "game_label": "217005", "game_time": "2016-12-24 14:16:43", "is_win": "1", "kill_cnt": "18", "pick_heros": "140|150|126|115|111", "team_id": "24", "team_name": "TKG" },
    { "ban_heros": "131|157", "camp": "2", "game_label": "217005", "game_time": "2016-12-24 14:16:43", "is_win": "0", "kill_cnt": "16", "pick_heros": "163|132|113|141|149", "team_id": "27", "team_name": "GK" },
    { "ban_heros": "146|149", "camp": "2", "game_label": "217005", "game_time": "2016-12-24 14:47:00", "is_win": "1", "kill_cnt": "24", "pick_heros": "140|107|126|132|106", "team_id": "24", "team_name": "TKG" },
    { "ban_heros": "131|141", "camp": "1", "game_label": "217005", "game_time": "2016-12-24 14:47:00", "is_win": "0", "kill_cnt": "11", "pick_heros": "157|163|150|111|135", "team_id": "27", "team_name": "GK" },
    { "ban_heros": "131|140", "camp": "2", "game_label": "217006", "game_time": "2016-12-24 16:01:42", "is_win": "1", "kill_cnt": "28", "pick_heros": "163|132|141|126|149", "team_id": "20", "team_name": "SC" },
    { "ban_heros": "107|157", "camp": "1", "game_label": "217006", "game_time": "2016-12-24 16:01:42", "is_win": "0", "kill_cnt": "26", "pick_heros": "146|123|178|153|111", "team_id": "28", "team_name": "JC" },
    { "ban_heros": "131|150", "camp": "1", "game_label": "117005", "game_time": "2016-12-24 16:16:43", "is_win": "0", "kill_cnt": "9", "pick_heros": "140|132|107|141|126", "team_id": "23", "team_name": "VG" },
    { "ban_heros": "149|146", "camp": "2", "game_label": "117005", "game_time": "2016-12-24 16:16:43", "is_win": "1", "kill_cnt": "19", "pick_heros": "157|123|178|163|111", "team_id": "29", "team_name": "SYy" },
    { "ban_heros": "140|146", "camp": "2", "game_label": "117005", "game_time": "2016-12-24 16:43:08", "is_win": "0", "kill_cnt": "11", "pick_heros": "150|178|113|141|174", "team_id": "23", "team_name": "VG" },
    { "ban_heros": "149|157", "camp": "1", "game_label": "117005", "game_time": "2016-12-24 16:43:08", "is_win": "1", "kill_cnt": "10", "pick_heros": "123|132|163|110|131", "team_id": "29", "team_name": "SYy" },
    { "ban_heros": "157|111", "camp": "1", "game_label": "217006", "game_time": "2016-12-24 16:39:39", "is_win": "0", "kill_cnt": "11", "pick_heros": "140|131|123|153|110", "team_id": "20", "team_name": "SC" },
    { "ban_heros": "107|163", "camp": "2", "game_label": "217006", "game_time": "2016-12-24 16:39:39", "is_win": "1", "kill_cnt": "18", "pick_heros": "132|141|150|113|135", "team_id": "28", "team_name": "JC" },
    { "ban_heros": "150|149", "camp": "1", "game_label": "117006", "game_time": "2016-12-24 17:21:41", "is_win": "1", "kill_cnt": "13", "pick_heros": "157|126|132|163|178", "team_id": "24", "team_name": "TKG" },
    { "ban_heros": "140|146", "camp": "2", "game_label": "117006", "game_time": "2016-12-24 17:21:41", "is_win": "0", "kill_cnt": "12", "pick_heros": "107|131|123|106|169", "team_id": "26", "team_name": "EDG.M" },
    { "ban_heros": "131|111", "camp": "2", "game_label": "217006", "game_time": "2016-12-24 17:19:23", "is_win": "1", "kill_cnt": "18", "pick_heros": "141|163|178|123|150", "team_id": "20", "team_name": "SC" },
    { "ban_heros": "157|140", "camp": "1", "game_label": "217006", "game_time": "2016-12-24 17:19:23", "is_win": "0", "kill_cnt": "16", "pick_heros": "132|149|107|110|113", "team_id": "28", "team_name": "JC" },
    { "ban_heros": "146|150", "camp": "2", "game_label": "117006", "game_time": "2016-12-24 17:47:11", "is_win": "0", "kill_cnt": "8", "pick_heros": "157|107|113|149|111", "team_id": "24", "team_name": "TKG" },
    { "ban_heros": "131|178", "camp": "1", "game_label": "117006", "game_time": "2016-12-24 17:47:11", "is_win": "1", "kill_cnt": "24", "pick_heros": "140|163|132|126|110", "team_id": "26", "team_name": "EDG.M" },
    { "ban_heros": "150|149", "camp": "1", "game_label": "117006", "game_time": "2016-12-24 18:15:19", "is_win": "0", "kill_cnt": "14", "pick_heros": "146|178|163|126|111", "team_id": "24", "team_name": "TKG" },
    { "ban_heros": "140|131", "camp": "2", "game_label": "117006", "game_time": "2016-12-24 18:15:19", "is_win": "1", "kill_cnt": "21", "pick_heros": "107|157|123|132|144", "team_id": "26", "team_name": "EDG.M" },
    { "ban_heros": "131|178", "camp": "1", "game_label": "217007", "game_time": "2016-12-24 18:20:25", "is_win": "0", "kill_cnt": "8", "pick_heros": "140|150|157|132|108", "team_id": "23", "team_name": "VG" },
    { "ban_heros": "149|107", "camp": "2", "game_label": "217007", "game_time": "2016-12-24 18:20:25", "is_win": "1", "kill_cnt": "13", "pick_heros": "163|146|111|123|171", "team_id": "31", "team_name": "YTG" },
    { "ban_heros": "140|146", "camp": "2", "game_label": "217007", "game_time": "2016-12-24 18:49:45", "is_win": "0", "kill_cnt": "0", "pick_heros": "123|131|121|150|111", "team_id": "23", "team_name": "VG" },
    { "ban_heros": "107|157", "camp": "1", "game_label": "217007", "game_time": "2016-12-24 18:49:45", "is_win": "1", "kill_cnt": "12", "pick_heros": "163|141|132|126|178", "team_id": "31", "team_name": "YTG" },
    { "ban_heros": "131|150", "camp": "1", "game_label": "117007", "game_time": "2016-12-24 19:06:14", "is_win": "1", "kill_cnt": "19", "pick_heros": "146|132|178|123|153", "team_id": "16", "team_name": "BWS" },
    { "ban_heros": "107|149", "camp": "2", "game_label": "117007", "game_time": "2016-12-24 19:06:14", "is_win": "0", "kill_cnt": "14", "pick_heros": "163|140|126|157|111", "team_id": "30", "team_name": "EP" },
    { "ban_heros": "131|146", "camp": "2", "game_label": "117007", "game_time": "2016-12-24 19:32:52", "is_win": "1", "kill_cnt": "19", "pick_heros": "150|123|111|149|110", "team_id": "16", "team_name": "BWS" },
    { "ban_heros": "107|163", "camp": "1", "game_label": "117007", "game_time": "2016-12-24 19:32:52", "is_win": "0", "kill_cnt": "20", "pick_heros": "140|126|132|162|115", "team_id": "30", "team_name": "EP" },
    { "ban_heros": "146|107", "camp": "2", "game_label": "217008", "game_time": "2016-12-24 19:41:38", "is_win": "1", "kill_cnt": "26", "pick_heros": "140|163|178|141|117", "team_id": "26", "team_name": "EDG.M" },
    { "ban_heros": "131|150", "camp": "1", "game_label": "217008", "game_time": "2016-12-24 19:41:38", "is_win": "0", "kill_cnt": "11", "pick_heros": "157|132|123|144|126", "team_id": "27", "team_name": "GK" },
    { "ban_heros": "107|146", "camp": "1", "game_label": "217008", "game_time": "2016-12-24 20:14:58", "is_win": "1", "kill_cnt": "17", "pick_heros": "157|150|178|141|126", "team_id": "26", "team_name": "EDG.M" },
    { "ban_heros": "131|140", "camp": "2", "game_label": "217008", "game_time": "2016-12-24 20:14:58", "is_win": "0", "kill_cnt": "9", "pick_heros": "163|132|149|135|110", "team_id": "27", "team_name": "GK" },
    { "ban_heros": "131|157", "camp": "1", "game_label": "117008", "game_time": "2016-12-24 20:16:01", "is_win": "1", "kill_cnt": "21", "pick_heros": "140|123|150|106|111", "team_id": "19", "team_name": "MU" },
    { "ban_heros": "146|163", "camp": "2", "game_label": "117008", "game_time": "2016-12-24 20:16:01", "is_win": "0", "kill_cnt": "9", "pick_heros": "107|132|178|126|110", "team_id": "25", "team_name": "QGhappy" },
    { "ban_heros": "146|140", "camp": "2", "game_label": "117008", "game_time": "2016-12-24 20:45:17", "is_win": "0", "kill_cnt": "29", "pick_heros": "157|132|126|123|134", "team_id": "19", "team_name": "MU" },
    { "ban_heros": "131|150", "camp": "1", "game_label": "117008", "game_time": "2016-12-24 20:45:17", "is_win": "1", "kill_cnt": "28", "pick_heros": "107|178|163|106|111", "team_id": "25", "team_name": "QGhappy" },
    { "ban_heros": "131|157", "camp": "1", "game_label": "117008", "game_time": "2016-12-24 21:19:40", "is_win": "1", "kill_cnt": "14", "pick_heros": "107|163|123|110|111", "team_id": "19", "team_name": "MU" },
    { "ban_heros": "140|146", "camp": "2", "game_label": "117008", "game_time": "2016-12-24 21:19:40", "is_win": "0", "kill_cnt": "5", "pick_heros": "178|132|150|118|106", "team_id": "25", "team_name": "QGhappy" },
    { "ban_heros": "131|140", "camp": "1", "game_label": "217009", "game_time": "2016-12-25 14:17:00", "is_win": "0", "kill_cnt": "18", "pick_heros": "157|107|178|111|126", "team_id": "26", "team_name": "EDG.M" },
    { "ban_heros": "146|150", "camp": "2", "game_label": "217009", "game_time": "2016-12-25 14:17:00", "is_win": "1", "kill_cnt": "16", "pick_heros": "163|132|123|141|118", "team_id": "28", "team_name": "JC" },
    { "ban_heros": "131|140", "camp": "2", "game_label": "217009", "game_time": "2016-12-25 14:59:20", "is_win": "0", "kill_cnt": "10", "pick_heros": "157|107|141|149|135", "team_id": "26", "team_name": "EDG.M" },
    { "ban_heros": "146|150", "camp": "1", "game_label": "217009", "game_time": "2016-12-25 14:59:20", "is_win": "1", "kill_cnt": "6", "pick_heros": "163|123|178|106|111", "team_id": "28", "team_name": "JC" },
    { "ban_heros": "131|157", "camp": "1", "game_label": "217010", "game_time": "2016-12-25 16:06:21", "is_win": "1", "kill_cnt": "19", "pick_heros": "107|178|132|126|106", "team_id": "19", "team_name": "MU" },
    { "ban_heros": "146|140", "camp": "2", "game_label": "217010", "game_time": "2016-12-25 16:06:21", "is_win": "0", "kill_cnt": "2", "pick_heros": "123|163|110|150|111", "team_id": "29", "team_name": "SYy" },
    { "ban_heros": "146|150", "camp": "2", "game_label": "117009", "game_time": "2016-12-25 16:15:53", "is_win": "0", "kill_cnt": "4", "pick_heros": "107|157|126|149|111", "team_id": "30", "team_name": "EP" },
    { "ban_heros": "163|131", "camp": "1", "game_label": "117009", "game_time": "2016-12-25 16:15:53", "is_win": "1", "kill_cnt": "18", "pick_heros": "140|123|132|141|117", "team_id": "31", "team_name": "YTG" },
    { "ban_heros": "107|178", "camp": "1", "game_label": "117009", "game_time": "2016-12-25 16:37:44", "is_win": "0", "kill_cnt": "8", "pick_heros": "146|123|126|149|169", "team_id": "30", "team_name": "EP" },
    { "ban_heros": "131|150", "camp": "2", "game_label": "117009", "game_time": "2016-12-25 16:37:44", "is_win": "1", "kill_cnt": "27", "pick_heros": "163|140|141|132|135", "team_id": "31", "team_name": "YTG" },
    { "ban_heros": "140|146", "camp": "2", "game_label": "217010", "game_time": "2016-12-25 16:40:02", "is_win": "1", "kill_cnt": "23", "pick_heros": "131|123|106|149|153", "team_id": "19", "team_name": "MU" },
    { "ban_heros": "107|132", "camp": "1", "game_label": "217010", "game_time": "2016-12-25 16:40:02", "is_win": "0", "kill_cnt": "16", "pick_heros": "157|178|163|111|126", "team_id": "29", "team_name": "SYy" },
    { "ban_heros": "140|150", "camp": "2", "game_label": "117010", "game_time": "2016-12-25 17:15:39", "is_win": "0", "kill_cnt": "5", "pick_heros": "157|123|148|107|163", "team_id": "23", "team_name": "VG" },
    { "ban_heros": "146|178", "camp": "1", "game_label": "117010", "game_time": "2016-12-25 17:15:39", "is_win": "1", "kill_cnt": "13", "pick_heros": "131|149|132|141|118", "team_id": "28", "team_name": "JC" },
    { "ban_heros": "146|140", "camp": "2", "game_label": "217011", "game_time": "2016-12-25 17:43:30", "is_win": "1", "kill_cnt": "19", "pick_heros": "107|178|163|126|110", "team_id": "20", "team_name": "SC" },
    { "ban_heros": "154|149", "camp": "1", "game_label": "217011", "game_time": "2016-12-25 17:43:30", "is_win": "0", "kill_cnt": "8", "pick_heros": "157|132|123|141|150", "team_id": "24", "team_name": "TKG" },
    { "ban_heros": "157|146", "camp": "1", "game_label": "117011", "game_time": "2016-12-25 17:51:10", "is_win": "1", "kill_cnt": "19", "pick_heros": "107|178|123|106|111", "team_id": "25", "team_name": "QGhappy" },
    { "ban_heros": "140|131", "camp": "2", "game_label": "117011", "game_time": "2016-12-25 17:51:10", "is_win": "0", "kill_cnt": "20", "pick_heros": "163|132|141|126|149", "team_id": "27", "team_name": "GK" },
    { "ban_heros": "146|149", "camp": "1", "game_label": "217011", "game_time": "2016-12-25 18:07:32", "is_win": "1", "kill_cnt": "22", "pick_heros": "178|163|132|141|113", "team_id": "20", "team_name": "SC" },
    { "ban_heros": "140|157", "camp": "2", "game_label": "217011", "game_time": "2016-12-25 18:07:32", "is_win": "0", "kill_cnt": "14", "pick_heros": "107|123|117|115|111", "team_id": "24", "team_name": "TKG" },
    { "ban_heros": "146|140", "camp": "2", "game_label": "117011", "game_time": "2016-12-25 18:31:17", "is_win": "1", "kill_cnt": "22", "pick_heros": "132|107|106|149|118", "team_id": "25", "team_name": "QGhappy" },
    { "ban_heros": "131|150", "camp": "1", "game_label": "117011", "game_time": "2016-12-25 18:31:17", "is_win": "0", "kill_cnt": "19", "pick_heros": "157|123|163|111|178", "team_id": "27", "team_name": "GK" },
    { "ban_heros": "140|146", "camp": "2", "game_label": "117010", "game_time": "2016-12-25 19:06:21", "is_win": "1", "kill_cnt": "24", "pick_heros": "157|126|178|163|153", "team_id": "23", "team_name": "VG" },
    { "ban_heros": "140|146", "camp": "2", "game_label": "217012", "game_time": "2016-12-25 19:06:21", "is_win": "1", "kill_cnt": "24", "pick_heros": "157|126|178|163|153", "team_id": "23", "team_name": "VG" },
    { "ban_heros": "131|141", "camp": "1", "game_label": "217012", "game_time": "2016-12-25 19:06:21", "is_win": "0", "kill_cnt": "15", "pick_heros": "107|150|123|132|106", "team_id": "30", "team_name": "EP" },
    { "ban_heros": "146|140", "camp": "2", "game_label": "117012", "game_time": "2016-12-25 19:16:11", "is_win": "0", "kill_cnt": "11", "pick_heros": "123|131|126|107|110", "team_id": "29", "team_name": "SYy" },
    { "ban_heros": "150|157", "camp": "1", "game_label": "117012", "game_time": "2016-12-25 19:16:11", "is_win": "1", "kill_cnt": "26", "pick_heros": "163|178|141|135|132", "team_id": "31", "team_name": "YTG" },
    { "ban_heros": "131|149", "camp": "1", "game_label": "217012", "game_time": "2016-12-25 19:39:30", "is_win": "1", "kill_cnt": "18", "pick_heros": "157|123|126|153|150", "team_id": "23", "team_name": "VG" },
    { "ban_heros": "146|140", "camp": "2", "game_label": "217012", "game_time": "2016-12-25 19:39:30", "is_win": "0", "kill_cnt": "17", "pick_heros": "107|163|117|132|141", "team_id": "30", "team_name": "EP" },
    { "ban_heros": "149|146", "camp": "1", "game_label": "117012", "game_time": "2016-12-25 19:48:44", "is_win": "0", "kill_cnt": "7", "pick_heros": "140|123|157|153|132", "team_id": "29", "team_name": "SYy" },
    { "ban_heros": "107|131", "camp": "2", "game_label": "117012", "game_time": "2016-12-25 19:48:44", "is_win": "1", "kill_cnt": "18", "pick_heros": "163|150|126|178|141", "team_id": "31", "team_name": "YTG" },
    { "ban_heros": "141|148", "camp": "1", "game_label": "217013", "game_time": "2016-12-30 14:03:19", "is_win": "1", "kill_cnt": "13", "pick_heros": "146|132|178|126|131", "team_id": "16", "team_name": "BWS" },
    { "ban_heros": "149|107", "camp": "2", "game_label": "217013", "game_time": "2016-12-30 14:03:19", "is_win": "0", "kill_cnt": "8", "pick_heros": "157|140|163|123|111", "team_id": "29", "team_name": "SYy" },
    { "ban_heros": "148|146", "camp": "2", "game_label": "217013", "game_time": "2016-12-30 14:26:04", "is_win": "0", "kill_cnt": "5", "pick_heros": "107|132|126|150|110", "team_id": "16", "team_name": "BWS" },
    { "ban_heros": "178|149", "camp": "1", "game_label": "217013", "game_time": "2016-12-30 14:26:04", "is_win": "1", "kill_cnt": "11", "pick_heros": "140|157|163|117|111", "team_id": "29", "team_name": "SYy" },
    { "ban_heros": "148|140", "camp": "1", "game_label": "217013", "game_time": "2016-12-30 14:52:23", "is_win": "1", "kill_cnt": "14", "pick_heros": "149|132|107|118|157", "team_id": "16", "team_name": "BWS" },
    { "ban_heros": "146|178", "camp": "2", "game_label": "217013", "game_time": "2016-12-30 14:52:23", "is_win": "0", "kill_cnt": "0", "pick_heros": "123|141|126|163|111", "team_id": "29", "team_name": "SYy" },
    { "ban_heros": "131|107", "camp": "1", "game_label": "217014", "game_time": "2016-12-30 15:33:06", "is_win": "0", "kill_cnt": "8", "pick_heros": "140|111|123|157|150", "team_id": "19", "team_name": "MU" },
    { "ban_heros": "146|132", "camp": "2", "game_label": "217014", "game_time": "2016-12-30 15:33:06", "is_win": "1", "kill_cnt": "15", "pick_heros": "141|163|178|126|167", "team_id": "31", "team_name": "YTG" },
    { "ban_heros": "140|131", "camp": "2", "game_label": "217014", "game_time": "2016-12-30 15:54:14", "is_win": "0", "kill_cnt": "5", "pick_heros": "132|178|106|153|117", "team_id": "19", "team_name": "MU" },
    { "ban_heros": "146|163", "camp": "1", "game_label": "217014", "game_time": "2016-12-30 15:54:14", "is_win": "1", "kill_cnt": "19", "pick_heros": "123|141|107|111|149", "team_id": "31", "team_name": "YTG" },
    { "ban_heros": "146|140", "camp": "2", "game_label": "117013", "game_time": "2016-12-30 16:14:15", "is_win": "1", "kill_cnt": "14", "pick_heros": "178|123|141|163|111", "team_id": "24", "team_name": "TKG" },
    { "ban_heros": "157|131", "camp": "1", "game_label": "117013", "game_time": "2016-12-30 16:14:15", "is_win": "0", "kill_cnt": "5", "pick_heros": "107|132|126|149|106", "team_id": "30", "team_name": "EP" },
    { "ban_heros": "131|146", "camp": "1", "game_label": "117013", "game_time": "2016-12-30 16:44:25", "is_win": "1", "kill_cnt": "20", "pick_heros": "178|126|163|106|167", "team_id": "24", "team_name": "TKG" },
    { "ban_heros": "107|140", "camp": "2", "game_label": "117013", "game_time": "2016-12-30 16:44:25", "is_win": "0", "kill_cnt": "15", "pick_heros": "123|150|157|113|154", "team_id": "30", "team_name": "EP" },
    { "ban_heros": "131|178", "camp": "1", "game_label": "217015", "game_time": "2016-12-30 16:50:42", "is_win": "1", "kill_cnt": "17", "pick_heros": "107|163|126|111|110", "team_id": "20", "team_name": "SC" },
    { "ban_heros": "140|157", "camp": "2", "game_label": "217015", "game_time": "2016-12-30 16:50:42", "is_win": "0", "kill_cnt": "10", "pick_heros": "132|123|149|141|153", "team_id": "25", "team_name": "QGhappy" },
    { "ban_heros": "107|140", "camp": "2", "game_label": "217015", "game_time": "2016-12-30 17:18:26", "is_win": "1", "kill_cnt": "19", "pick_heros": "163|123|146|154|148", "team_id": "20", "team_name": "SC" },
    { "ban_heros": "157|178", "camp": "1", "game_label": "217015", "game_time": "2016-12-30 17:18:26", "is_win": "0", "kill_cnt": "9", "pick_heros": "131|132|149|115|135", "team_id": "25", "team_name": "QGhappy" },
    { "ban_heros": "146|149", "camp": "2", "game_label": "117014", "game_time": "2016-12-30 17:30:31", "is_win": "0", "kill_cnt": "8", "pick_heros": "157|178|126|150|111", "team_id": "23", "team_name": "VG" },
    { "ban_heros": "131|107", "camp": "1", "game_label": "117014", "game_time": "2016-12-30 17:30:31", "is_win": "1", "kill_cnt": "18", "pick_heros": "140|123|163|141|132", "team_id": "27", "team_name": "GK" },
    { "ban_heros": "131|146", "camp": "1", "game_label": "217016", "game_time": "2016-12-30 18:05:47", "is_win": "0", "kill_cnt": "5", "pick_heros": "107|123|132|149|115", "team_id": "24", "team_name": "TKG" },
    { "ban_heros": "178|140", "camp": "2", "game_label": "217016", "game_time": "2016-12-30 18:05:47", "is_win": "1", "kill_cnt": "15", "pick_heros": "157|163|126|150|148", "team_id": "29", "team_name": "SYy" },
    { "ban_heros": "146|141", "camp": "1", "game_label": "117014", "game_time": "2016-12-30 17:56:56", "is_win": "0", "kill_cnt": "20", "pick_heros": "157|126|163|132|149", "team_id": "23", "team_name": "VG" },
    { "ban_heros": "140|131", "camp": "2", "game_label": "117014", "game_time": "2016-12-30 17:56:56", "is_win": "1", "kill_cnt": "10", "pick_heros": "150|107|123|111|148", "team_id": "27", "team_name": "GK" },
    { "ban_heros": "146|140", "camp": "2", "game_label": "217016", "game_time": "2016-12-30 18:29:36", "is_win": "0", "kill_cnt": "1", "pick_heros": "107|123|111|126|110", "team_id": "24", "team_name": "TKG" },
    { "ban_heros": "178|131", "camp": "1", "game_label": "217016", "game_time": "2016-12-30 18:29:36", "is_win": "1", "kill_cnt": "8", "pick_heros": "157|163|150|135|148", "team_id": "29", "team_name": "SYy" },
    { "ban_heros": "140|111", "camp": "1", "game_label": "117015", "game_time": "2016-12-30 18:47:35", "is_win": "0", "kill_cnt": "5", "pick_heros": "132|107|141|149|118", "team_id": "16", "team_name": "BWS" },
    { "ban_heros": "146|131", "camp": "2", "game_label": "117015", "game_time": "2016-12-30 18:47:35", "is_win": "1", "kill_cnt": "12", "pick_heros": "178|123|150|163|106", "team_id": "28", "team_name": "JC" },
    { "ban_heros": "111|141", "camp": "2", "game_label": "117015", "game_time": "2016-12-30 19:13:44", "is_win": "0", "kill_cnt": "5", "pick_heros": "157|132|126|107|154", "team_id": "16", "team_name": "BWS" },
    { "ban_heros": "123|146", "camp": "1", "game_label": "117015", "game_time": "2016-12-30 19:13:44", "is_win": "1", "kill_cnt": "26", "pick_heros": "140|178|131|118|106", "team_id": "28", "team_name": "JC" },
    { "ban_heros": "141|178", "camp": "1", "game_label": "117016", "game_time": "2016-12-30 19:54:11", "is_win": "0", "kill_cnt": "9", "pick_heros": "140|107|157|167|126", "team_id": "26", "team_name": "EDG.M" },
    { "ban_heros": "146|150", "camp": "2", "game_label": "117016", "game_time": "2016-12-30 19:54:11", "is_win": "1", "kill_cnt": "15", "pick_heros": "123|163|132|106|149", "team_id": "31", "team_name": "YTG" },
    { "ban_heros": "141|140", "camp": "2", "game_label": "117016", "game_time": "2016-12-30 20:22:22", "is_win": "1", "kill_cnt": "0", "pick_heros": "157|123|107|111|149", "team_id": "26", "team_name": "EDG.M" },
    { "ban_heros": "146|163", "camp": "1", "game_label": "117016", "game_time": "2016-12-30 20:22:22", "is_win": "0", "kill_cnt": "0", "pick_heros": "178|126|154|106", "team_id": "31", "team_name": "YTG" },
    { "ban_heros": "141|140", "camp": "2", "game_label": "117016", "game_time": "2016-12-30 20:32:12", "is_win": "0", "kill_cnt": "13", "pick_heros": "157|123|111|107|149", "team_id": "26", "team_name": "EDG.M" },
    { "ban_heros": "146|163", "camp": "1", "game_label": "117016", "game_time": "2016-12-30 20:32:12", "is_win": "1", "kill_cnt": "25", "pick_heros": "178|126|132|154|106", "team_id": "31", "team_name": "YTG" },
    { "ban_heros": "141|107", "camp": "1", "game_label": "217017", "game_time": "2016-12-31 14:07:49", "is_win": "0", "kill_cnt": "19", "pick_heros": "140|123|132|131|115", "team_id": "27", "team_name": "GK" },
    { "ban_heros": "146|163", "camp": "2", "game_label": "217017", "game_time": "2016-12-31 14:07:49", "is_win": "1", "kill_cnt": "27", "pick_heros": "157|178|126|150|167", "team_id": "31", "team_name": "YTG" },
    { "ban_heros": "140|141", "camp": "2", "game_label": "217017", "game_time": "2016-12-31 14:30:54", "is_win": "1", "kill_cnt": "23", "pick_heros": "157|107|111|149|113", "team_id": "27", "team_name": "GK" },
    { "ban_heros": "146|150", "camp": "1", "game_label": "217017", "game_time": "2016-12-31 14:30:54", "is_win": "0", "kill_cnt": "20", "pick_heros": "178|123|132|106|163", "team_id": "31", "team_name": "YTG" },
    { "ban_heros": "0", "camp": "1", "game_label": "217017", "game_time": "2016-12-31 14:56:42", "is_win": "0", "kill_cnt": "3", "pick_heros": "107|132|113", "team_id": "27", "team_name": "GK" },
    { "ban_heros": "146|157", "camp": "2", "game_label": "217017", "game_time": "2016-12-31 14:56:42", "is_win": "1", "kill_cnt": "4", "pick_heros": "163|178|123|111|106", "team_id": "31", "team_name": "YTG" },
    { "ban_heros": "141|150", "camp": "1", "game_label": "217017", "game_time": "2016-12-31 15:08:52", "is_win": "1", "kill_cnt": "19", "pick_heros": "140|132|110|107|113", "team_id": "27", "team_name": "GK" },
    { "ban_heros": "146|157", "camp": "2", "game_label": "217017", "game_time": "2016-12-31 15:08:52", "is_win": "0", "kill_cnt": "11", "pick_heros": "178|106|163|111|123", "team_id": "31", "team_name": "YTG" },
    { "ban_heros": "141|140", "camp": "2", "game_label": "217018", "game_time": "2016-12-31 15:44:32", "is_win": "0", "kill_cnt": "9", "pick_heros": "107|178|131|126|110", "team_id": "24", "team_name": "TKG" },
    { "ban_heros": "146|163", "camp": "1", "game_label": "217017", "game_time": "2016-12-31 15:44:32", "is_win": "1", "kill_cnt": "20", "pick_heros": "123|157|132|149|150", "team_id": "31", "team_name": "YTG" },
    { "ban_heros": "146|163", "camp": "1", "game_label": "217018", "game_time": "2016-12-31 15:44:32", "is_win": "1", "kill_cnt": "20", "pick_heros": "123|157|132|149|150", "team_id": "31", "team_name": "YTG" },
    { "ban_heros": "141|149", "camp": "1", "game_label": "217018", "game_time": "2016-12-31 16:06:09", "is_win": "0", "kill_cnt": "11", "pick_heros": "140|131|132|106|123", "team_id": "24", "team_name": "TKG" },
    { "ban_heros": "146|163", "camp": "2", "game_label": "217018", "game_time": "2016-12-31 16:06:09", "is_win": "1", "kill_cnt": "20", "pick_heros": "157|107|126|178|167", "team_id": "31", "team_name": "YTG" },
    { "ban_heros": "131|107", "camp": "1", "game_label": "117017", "game_time": "2016-12-31 16:22:23", "is_win": "0", "kill_cnt": "4", "pick_heros": "157|126|123|112|150", "team_id": "23", "team_name": "VG" },
    { "ban_heros": "140|146", "camp": "2", "game_label": "117017", "game_time": "2016-12-31 16:22:23", "is_win": "1", "kill_cnt": "13", "pick_heros": "178|163|132|106|135", "team_id": "25", "team_name": "QGhappy" },
    { "ban_heros": "146|140", "camp": "2", "game_label": "117017", "game_time": "2016-12-31 16:41:50", "is_win": "0", "kill_cnt": "27", "pick_heros": "157|163|132|126|144", "team_id": "23", "team_name": "VG" },
    { "ban_heros": "149|107", "camp": "1", "game_label": "117017", "game_time": "2016-12-31 16:41:50", "is_win": "1", "kill_cnt": "27", "pick_heros": "178|131|123|111|106", "team_id": "25", "team_name": "QGhappy" },
    { "ban_heros": "149|140", "camp": "2", "game_label": "217019", "game_time": "2016-12-31 17:34:14", "is_win": "1", "kill_cnt": "24", "pick_heros": "107|178|126|132|141", "team_id": "19", "team_name": "MU" },
    { "ban_heros": "146|131", "camp": "1", "game_label": "117017", "game_time": "2016-12-31 17:34:14", "is_win": "0", "kill_cnt": "8", "pick_heros": "157|123|163|144|112", "team_id": "23", "team_name": "VG" },
    { "ban_heros": "146|131", "camp": "1", "game_label": "217019", "game_time": "2016-12-31 17:34:14", "is_win": "0", "kill_cnt": "8", "pick_heros": "157|123|163|144|112", "team_id": "23", "team_name": "VG" },
    { "ban_heros": "131|150", "camp": "1", "game_label": "117018", "game_time": "2016-12-31 17:34:50", "is_win": "1", "kill_cnt": "15", "pick_heros": "140|132|157|134|113", "team_id": "27", "team_name": "GK" },
    { "ban_heros": "146|163", "camp": "2", "game_label": "117018", "game_time": "2016-12-31 17:34:50", "is_win": "0", "kill_cnt": "15", "pick_heros": "178|107|123|141|118", "team_id": "28", "team_name": "JC" },
    { "ban_heros": "131|157", "camp": "1", "game_label": "217019", "game_time": "2016-12-31 17:57:36", "is_win": "1", "kill_cnt": "23", "pick_heros": "107|123|132|115|149", "team_id": "19", "team_name": "MU" },
    { "ban_heros": "140|146", "camp": "2", "game_label": "217019", "game_time": "2016-12-31 17:57:36", "is_win": "0", "kill_cnt": "9", "pick_heros": "178|150|126|110|153", "team_id": "23", "team_name": "VG" },
    { "ban_heros": "140|131", "camp": "2", "game_label": "117018", "game_time": "2016-12-31 18:00:37", "is_win": "0", "kill_cnt": "8", "pick_heros": "141|132|113|107|149", "team_id": "27", "team_name": "GK" },
    { "ban_heros": "146|157", "camp": "1", "game_label": "117018", "game_time": "2016-12-31 18:00:37", "is_win": "1", "kill_cnt": "17", "pick_heros": "178|163|123|106|111", "team_id": "28", "team_name": "JC" },
    { "ban_heros": "131|150", "camp": "1", "game_label": "117018", "game_time": "2016-12-31 18:31:01", "is_win": "0", "kill_cnt": "6", "pick_heros": "157|107|149|113|111", "team_id": "27", "team_name": "GK" },
    { "ban_heros": "146|140", "camp": "2", "game_label": "117018", "game_time": "2016-12-31 18:31:01", "is_win": "1", "kill_cnt": "10", "pick_heros": "132|178|123|163|106", "team_id": "28", "team_name": "JC" },
    { "ban_heros": "157|131", "camp": "1", "game_label": "117019", "game_time": "2016-12-31 19:03:47", "is_win": "1", "kill_cnt": "25", "pick_heros": "140|107|123|132|106", "team_id": "25", "team_name": "QGhappy" },
    { "ban_heros": "178|149", "camp": "2", "game_label": "117019", "game_time": "2016-12-31 19:03:47", "is_win": "0", "kill_cnt": "5", "pick_heros": "163|150|126|146|148", "team_id": "29", "team_name": "SYy" },
    { "ban_heros": "178|140", "camp": "2", "game_label": "217020", "game_time": "2016-12-31 19:26:43", "is_win": "1", "kill_cnt": "27", "pick_heros": "123|163|149|132|110", "team_id": "28", "team_name": "JC" },
    { "ban_heros": "141|131", "camp": "1", "game_label": "217020", "game_time": "2016-12-31 19:26:43", "is_win": "0", "kill_cnt": "17", "pick_heros": "146|107|126|157|169", "team_id": "30", "team_name": "EP" },
    { "ban_heros": "157|131", "camp": "2", "game_label": "117019", "game_time": "2016-12-31 19:42:58", "is_win": "0", "kill_cnt": "5", "pick_heros": "123|107|132|106|144", "team_id": "25", "team_name": "QGhappy" },
    { "ban_heros": "178|140", "camp": "1", "game_label": "117019", "game_time": "2016-12-31 19:42:58", "is_win": "1", "kill_cnt": "15", "pick_heros": "146|126|163|148|150", "team_id": "29", "team_name": "SYy" },
    { "ban_heros": "146|107", "camp": "1", "game_label": "217020", "game_time": "2016-12-31 19:55:44", "is_win": "1", "kill_cnt": "33", "pick_heros": "140|157|150|132|113", "team_id": "28", "team_name": "JC" },
    { "ban_heros": "141|163", "camp": "2", "game_label": "217020", "game_time": "2016-12-31 19:55:44", "is_win": "0", "kill_cnt": "9", "pick_heros": "131|178|123|110|153", "team_id": "30", "team_name": "EP" },
    { "ban_heros": "148|157", "camp": "1", "game_label": "117019", "game_time": "2016-12-31 20:07:02", "is_win": "1", "kill_cnt": "10", "pick_heros": "146|123|126|132|153", "team_id": "25", "team_name": "QGhappy" },
    { "ban_heros": "178|140", "camp": "2", "game_label": "117019", "game_time": "2016-12-31 20:07:02", "is_win": "0", "kill_cnt": "4", "pick_heros": "163|107|110|111|135", "team_id": "29", "team_name": "SYy" },
    { "ban_heros": "154|150", "camp": "2", "game_label": "117020", "game_time": "2016-12-31 20:38:00", "is_win": "1", "kill_cnt": "28", "pick_heros": "163|178|157|132|126", "team_id": "16", "team_name": "BWS" },
    { "ban_heros": "131|146", "camp": "1", "game_label": "117020", "game_time": "2016-12-31 20:38:00", "is_win": "0", "kill_cnt": "20", "pick_heros": "140|123|107|111|110", "team_id": "20", "team_name": "SC" },
    { "ban_heros": "154|150", "camp": "1", "game_label": "117020", "game_time": "2016-12-31 21:17:10", "is_win": "0", "kill_cnt": "20", "pick_heros": "178|140|123|106|153", "team_id": "16", "team_name": "BWS" },
    { "ban_heros": "146|131", "camp": "2", "game_label": "117020", "game_time": "2016-12-31 21:17:10", "is_win": "1", "kill_cnt": "20", "pick_heros": "157|163|132|107|113", "team_id": "20", "team_name": "SC" },
    { "ban_heros": "154|107", "camp": "2", "game_label": "117020", "game_time": "2016-12-31 21:45:09", "is_win": "0", "kill_cnt": "9", "pick_heros": "146|163|126|132|149", "team_id": "16", "team_name": "BWS" },
    { "ban_heros": "140|131", "camp": "1", "game_label": "117020", "game_time": "2016-12-31 21:45:09", "is_win": "1", "kill_cnt": "12", "pick_heros": "178|123|150|141|111", "team_id": "20", "team_name": "SC" },
    { "ban_heros": "131|132", "camp": "1", "game_label": "217021", "game_time": "2017-01-01 14:04:45", "is_win": "1", "kill_cnt": "28", "pick_heros": "178|107|157|169|118", "team_id": "25", "team_name": "QGhappy" },
    { "ban_heros": "146|140", "camp": "2", "game_label": "217021", "game_time": "2017-01-01 14:04:45", "is_win": "0", "kill_cnt": "8", "pick_heros": "163|123|141|111|149", "team_id": "28", "team_name": "JC" },
    { "ban_heros": "131|140", "camp": "2", "game_label": "217021", "game_time": "2017-01-01 14:26:40", "is_win": "1", "kill_cnt": "15", "pick_heros": "107|163|132|106|118", "team_id": "25", "team_name": "QGhappy" },
    { "ban_heros": "157|146", "camp": "1", "game_label": "217021", "game_time": "2017-01-01 14:26:40", "is_win": "0", "kill_cnt": "4", "pick_heros": "178|123|126|111|141", "team_id": "28", "team_name": "JC" },
    { "ban_heros": "157|146", "camp": "2", "game_label": "217022", "game_time": "2017-01-01 15:05:51", "is_win": "1", "kill_cnt": "13", "pick_heros": "107|163|178|110|113", "team_id": "20", "team_name": "SC" },
    { "ban_heros": "131|141", "camp": "1", "game_label": "217022", "game_time": "2017-01-01 15:05:51", "is_win": "0", "kill_cnt": "0", "pick_heros": "140|123|117|174|106", "team_id": "23", "team_name": "VG" },
    { "ban_heros": "157|131", "camp": "1", "game_label": "217022", "game_time": "2017-01-01 15:25:23", "is_win": "1", "kill_cnt": "15", "pick_heros": "178|163|132|126|110", "team_id": "20", "team_name": "SC" },
    { "ban_heros": "140|146", "camp": "2", "game_label": "217022", "game_time": "2017-01-01 15:25:23", "is_win": "0", "kill_cnt": "4", "pick_heros": "123|107|141|149|111", "team_id": "23", "team_name": "VG" },
    { "ban_heros": "131|146", "camp": "1", "game_label": "117021", "game_time": "2017-01-01 16:11:58", "is_win": "0", "kill_cnt": "14", "pick_heros": "132|126|141|107|149", "team_id": "26", "team_name": "EDG.M" },
    { "ban_heros": "157|140", "camp": "2", "game_label": "117021", "game_time": "2017-01-01 16:11:58", "is_win": "1", "kill_cnt": "12", "pick_heros": "123|178|150|163|106", "team_id": "29", "team_name": "SYy" },
    { "ban_heros": "140|146", "camp": "2", "game_label": "117021", "game_time": "2017-01-01 16:41:18", "is_win": "1", "kill_cnt": "17", "pick_heros": "150|132|106|123|117", "team_id": "26", "team_name": "EDG.M" },
    { "ban_heros": "178|141", "camp": "1", "game_label": "117021", "game_time": "2017-01-01 16:41:18", "is_win": "0", "kill_cnt": "4", "pick_heros": "157|126|163|131|148", "team_id": "29", "team_name": "SYy" },
    { "ban_heros": "163|107", "camp": "1", "game_label": "217023", "game_time": "2017-01-01 16:45:16", "is_win": "1", "kill_cnt": "22", "pick_heros": "146|123|150|154|148", "team_id": "16", "team_name": "BWS" },
    { "ban_heros": "131|140", "camp": "2", "game_label": "217023", "game_time": "2017-01-01 16:45:16", "is_win": "0", "kill_cnt": "7", "pick_heros": "178|157|132|126|153", "team_id": "25", "team_name": "QGhappy" },
    { "ban_heros": "140|146", "camp": "1", "game_label": "117021", "game_time": "2017-01-01 17:06:34", "is_win": "1", "kill_cnt": "16", "pick_heros": "178|141|163|111|118", "team_id": "26", "team_name": "EDG.M" },
    { "ban_heros": "157|131", "camp": "2", "game_label": "117021", "game_time": "2017-01-01 17:06:34", "is_win": "0", "kill_cnt": "6", "pick_heros": "132|123|117|150|106", "team_id": "29", "team_name": "SYy" },
    { "ban_heros": "107|132", "camp": "2", "game_label": "217023", "game_time": "2017-01-01 17:09:19", "is_win": "0", "kill_cnt": "21", "pick_heros": "146|178|113|150|153", "team_id": "16", "team_name": "BWS" },
    { "ban_heros": "131|157", "camp": "1", "game_label": "217023", "game_time": "2017-01-01 17:09:19", "is_win": "1", "kill_cnt": "29", "pick_heros": "140|163|123|111|110", "team_id": "25", "team_name": "QGhappy" },
    { "ban_heros": "163|140", "camp": "1", "game_label": "217023", "game_time": "2017-01-01 17:39:44", "is_win": "0", "kill_cnt": "11", "pick_heros": "178|123|131|111|141", "team_id": "16", "team_name": "BWS" },
    { "ban_heros": "148|146", "camp": "2", "game_label": "217023", "game_time": "2017-01-01 17:39:44", "is_win": "1", "kill_cnt": "24", "pick_heros": "157|107|132|149|118", "team_id": "25", "team_name": "QGhappy" },
    { "ban_heros": "131|146", "camp": "1", "game_label": "117022", "game_time": "2017-01-01 17:46:24", "is_win": "1", "kill_cnt": "21", "pick_heros": "107|132|141|149|126", "team_id": "19", "team_name": "MU" },
    { "ban_heros": "157|140", "camp": "2", "game_label": "117022", "game_time": "2017-01-01 17:46:24", "is_win": "0", "kill_cnt": "3", "pick_heros": "178|123|110|150|111", "team_id": "30", "team_name": "EP" },
    { "ban_heros": "140|146", "camp": "2", "game_label": "117022", "game_time": "2017-01-01 18:10:26", "is_win": "1", "kill_cnt": "21", "pick_heros": "123|107|149|132|141", "team_id": "19", "team_name": "MU" },
    { "ban_heros": "157|178", "camp": "1", "game_label": "117022", "game_time": "2017-01-01 18:10:26", "is_win": "0", "kill_cnt": "8", "pick_heros": "131|126|163|106|135", "team_id": "30", "team_name": "EP" },
    { "ban_heros": "149|131", "camp": "1", "game_label": "217024", "game_time": "2017-01-01 18:46:56", "is_win": "1", "kill_cnt": "14", "pick_heros": "140|163|123|141|111", "team_id": "29", "team_name": "SYy" },
    { "ban_heros": "150|107", "camp": "2", "game_label": "117022", "game_time": "2017-01-01 18:46:56", "is_win": "0", "kill_cnt": "8", "pick_heros": "146|132|126|178|157", "team_id": "30", "team_name": "EP" },
    { "ban_heros": "150|107", "camp": "2", "game_label": "217024", "game_time": "2017-01-01 18:46:56", "is_win": "0", "kill_cnt": "8", "pick_heros": "146|132|126|178|157", "team_id": "30", "team_name": "EP" },
    { "ban_heros": "131|132", "camp": "1", "game_label": "117023", "game_time": "2017-01-01 18:42:27", "is_win": "0", "kill_cnt": "10", "pick_heros": "107|123|111|144|141", "team_id": "24", "team_name": "TKG" },
    { "ban_heros": "140|178", "camp": "2", "game_label": "117023", "game_time": "2017-01-01 18:42:27", "is_win": "1", "kill_cnt": "23", "pick_heros": "157|163|149|150|118", "team_id": "28", "team_name": "JC" },
    { "ban_heros": "140|146", "camp": "2", "game_label": "217024", "game_time": "2017-01-01 19:04:55", "is_win": "1", "kill_cnt": "19", "pick_heros": "157|150|154|126|148", "team_id": "29", "team_name": "SYy" },
    { "ban_heros": "107|178", "camp": "1", "game_label": "117022", "game_time": "2017-01-01 19:04:55", "is_win": "0", "kill_cnt": "9", "pick_heros": "163|123|132|106|117", "team_id": "30", "team_name": "EP" },
    { "ban_heros": "107|178", "camp": "1", "game_label": "217024", "game_time": "2017-01-01 19:04:55", "is_win": "0", "kill_cnt": "9", "pick_heros": "163|123|132|106|117", "team_id": "30", "team_name": "EP" },
    { "ban_heros": "140|157", "camp": "2", "game_label": "117023", "game_time": "2017-01-01 19:12:07", "is_win": "0", "kill_cnt": "11", "pick_heros": "107|131|132|123|115", "team_id": "24", "team_name": "TKG" },
    { "ban_heros": "146|149", "camp": "1", "game_label": "117023", "game_time": "2017-01-01 19:12:07", "is_win": "1", "kill_cnt": "18", "pick_heros": "178|163|106|150|118", "team_id": "28", "team_name": "JC" },
    { "ban_heros": "140|178", "camp": "2", "game_label": "117024", "game_time": "2017-01-01 19:55:23", "is_win": "0", "kill_cnt": "13", "pick_heros": "107|163|132|118|115", "team_id": "20", "team_name": "SC" },
    { "ban_heros": "157|154", "camp": "1", "game_label": "117024", "game_time": "2017-01-01 19:55:23", "is_win": "1", "kill_cnt": "20", "pick_heros": "141|149|123|153|167", "team_id": "31", "team_name": "YTG" },
    { "ban_heros": "140|141", "camp": "1", "game_label": "117024", "game_time": "2017-01-01 20:24:30", "is_win": "1", "kill_cnt": "25", "pick_heros": "178|107|123|150|110", "team_id": "20", "team_name": "SC" },
    { "ban_heros": "157|163", "camp": "2", "game_label": "117024", "game_time": "2017-01-01 20:24:30", "is_win": "0", "kill_cnt": "27", "pick_heros": "146|154|126|132|149", "team_id": "31", "team_name": "YTG" },
    { "ban_heros": "146|141", "camp": "2", "game_label": "117024", "game_time": "2017-01-01 21:05:30", "is_win": "0", "kill_cnt": "8", "pick_heros": "107|163|132|126|110", "team_id": "20", "team_name": "SC" },
    { "ban_heros": "157|154", "camp": "1", "game_label": "117024", "game_time": "2017-01-01 21:05:30", "is_win": "1", "kill_cnt": "17", "pick_heros": "140|123|178|150|115", "team_id": "31", "team_name": "YTG" },
    { "ban_heros": "146|140", "camp": "2", "game_label": "217025", "game_time": "2017-01-06 14:09:09", "is_win": "1", "kill_cnt": "14", "pick_heros": "157|132|150|123|118", "team_id": "27", "team_name": "GK" },
    { "ban_heros": "131|141", "camp": "1", "game_label": "217025", "game_time": "2017-01-06 14:09:09", "is_win": "0", "kill_cnt": "4", "pick_heros": "107|163|178|111|106", "team_id": "30", "team_name": "EP" },
    { "ban_heros": "150|149", "camp": "1", "game_label": "217025", "game_time": "2017-01-06 14:26:51", "is_win": "1", "kill_cnt": "14", "pick_heros": "146|107|163|118|111", "team_id": "27", "team_name": "GK" },
    { "ban_heros": "157|141", "camp": "2", "game_label": "217025", "game_time": "2017-01-06 14:26:51", "is_win": "0", "kill_cnt": "8", "pick_heros": "140|131|123|148|132", "team_id": "30", "team_name": "EP" },
    { "ban_heros": "107|131", "camp": "1", "game_label": "117025", "game_time": "2017-01-06 16:17:09", "is_win": "1", "kill_cnt": "16", "pick_heros": "178|132|123|150|124", "team_id": "16", "team_name": "BWS" },
    { "ban_heros": "146|140", "camp": "2", "game_label": "117025", "game_time": "2017-01-06 16:17:09", "is_win": "0", "kill_cnt": "11", "pick_heros": "157|163|126|149|167", "team_id": "23", "team_name": "VG" },
    { "ban_heros": "146|157", "camp": "2", "game_label": "117025", "game_time": "2017-01-06 16:54:16", "is_win": "0", "kill_cnt": "18", "pick_heros": "123|178|163|132|121", "team_id": "16", "team_name": "BWS" },
    { "ban_heros": "131|141", "camp": "1", "game_label": "117025", "game_time": "2017-01-06 16:54:16", "is_win": "1", "kill_cnt": "31", "pick_heros": "140|150|107|148|111", "team_id": "23", "team_name": "VG" },
    { "ban_heros": "140|141", "camp": "1", "game_label": "117025", "game_time": "2017-01-06 17:29:16", "is_win": "0", "kill_cnt": "6", "pick_heros": "157|123|107|111|149", "team_id": "16", "team_name": "BWS" },
    { "ban_heros": "146|131", "camp": "2", "game_label": "117025", "game_time": "2017-01-06 17:29:16", "is_win": "1", "kill_cnt": "14", "pick_heros": "126|178|132|150|110", "team_id": "23", "team_name": "VG" },
    { "ban_heros": "140|146", "camp": "2", "game_label": "117026", "game_time": "2017-01-06 18:24:34", "is_win": "0", "kill_cnt": "16", "pick_heros": "107|178|150|113|110", "team_id": "20", "team_name": "SC" },
    { "ban_heros": "154|141", "camp": "1", "game_label": "117026", "game_time": "2017-01-06 18:24:34", "is_win": "1", "kill_cnt": "24", "pick_heros": "157|132|163|118|149", "team_id": "27", "team_name": "GK" },
    { "ban_heros": "157|141", "camp": "1", "game_label": "117026", "game_time": "2017-01-06 19:01:23", "is_win": "1", "kill_cnt": "16", "pick_heros": "146|123|163|148|167", "team_id": "20", "team_name": "SC" },
    { "ban_heros": "140|154", "camp": "2", "game_label": "117026", "game_time": "2017-01-06 19:01:23", "is_win": "0", "kill_cnt": "6", "pick_heros": "132|107|118|178|106", "team_id": "27", "team_name": "GK" },
    { "ban_heros": "140|163", "camp": "2", "game_label": "117026", "game_time": "2017-01-06 19:32:07", "is_win": "0", "kill_cnt": "10", "pick_heros": "107|132|149|113|106", "team_id": "20", "team_name": "SC" },
    { "ban_heros": "154|141", "camp": "1", "game_label": "117026", "game_time": "2017-01-06 19:32:07", "is_win": "1", "kill_cnt": "12", "pick_heros": "157|146|123|118|111", "team_id": "27", "team_name": "GK" },
    { "ban_heros": "131|157", "camp": "1", "game_label": "117027", "game_time": "2017-01-06 20:17:04", "is_win": "1", "kill_cnt": "16", "pick_heros": "107|146|178|106|111", "team_id": "19", "team_name": "MU" },
    { "ban_heros": "140|163", "camp": "2", "game_label": "117027", "game_time": "2017-01-06 20:17:04", "is_win": "0", "kill_cnt": "2", "pick_heros": "132|123|134|149|141", "team_id": "24", "team_name": "TKG" },
    { "ban_heros": "146|140", "camp": "2", "game_label": "117027", "game_time": "2017-01-06 20:38:39", "is_win": "0", "kill_cnt": "11", "pick_heros": "107|178|118|141|154", "team_id": "19", "team_name": "MU" },
    { "ban_heros": "131|132", "camp": "1", "game_label": "117027", "game_time": "2017-01-06 20:38:39", "is_win": "1", "kill_cnt": "23", "pick_heros": "157|163|123|149|111", "team_id": "24", "team_name": "TKG" },
    { "ban_heros": "131|146", "camp": "1", "game_label": "117027", "game_time": "2017-01-06 21:08:05", "is_win": "1", "kill_cnt": "13", "pick_heros": "163|123|178|111|106", "team_id": "19", "team_name": "MU" },
    { "ban_heros": "140|132", "camp": "2", "game_label": "117027", "game_time": "2017-01-06 21:08:05", "is_win": "0", "kill_cnt": "8", "pick_heros": "107|157|118|149|169", "team_id": "24", "team_name": "TKG" },
    { "ban_heros": "140|146", "camp": "2", "game_label": "117028", "game_time": "2017-01-06 21:58:31", "is_win": "1", "kill_cnt": "15", "pick_heros": "157|132|178|163|117", "team_id": "26", "team_name": "EDG.M" },
    { "ban_heros": "150|118", "camp": "1", "game_label": "117028", "game_time": "2017-01-06 21:58:31", "is_win": "0", "kill_cnt": "4", "pick_heros": "107|149|123|110|111", "team_id": "30", "team_name": "EP" },
    { "ban_heros": "131|141", "camp": "1", "game_label": "117028", "game_time": "2017-01-06 22:19:51", "is_win": "1", "kill_cnt": "19", "pick_heros": "146|123|163|126|111", "team_id": "26", "team_name": "EDG.M" },
    { "ban_heros": "157|178", "camp": "2", "game_label": "117028", "game_time": "2017-01-06 22:19:51", "is_win": "0", "kill_cnt": "5", "pick_heros": "140|132|135|107|106", "team_id": "30", "team_name": "EP" },
    { "ban_heros": "140|149", "camp": "2", "game_label": "217026", "game_time": "2017-01-07 14:13:17", "is_win": "0", "kill_cnt": "3", "pick_heros": "178|131|132|126|109", "team_id": "16", "team_name": "BWS" },
    { "ban_heros": "107|150", "camp": "1", "game_label": "217026", "game_time": "2017-01-07 14:13:17", "is_win": "1", "kill_cnt": "20", "pick_heros": "146|157|163|118|111", "team_id": "27", "team_name": "GK" },
    { "ban_heros": "107|157", "camp": "1", "game_label": "217026", "game_time": "2017-01-07 14:33:56", "is_win": "0", "kill_cnt": "1", "pick_heros": "150|110|178|111|167", "team_id": "16", "team_name": "BWS" },
    { "ban_heros": "140|146", "camp": "2", "game_label": "217026", "game_time": "2017-01-07 14:33:56", "is_win": "1", "kill_cnt": "20", "pick_heros": "163|132|118|141|149", "team_id": "27", "team_name": "GK" },
    { "ban_heros": "140|107", "camp": "2", "game_label": "217027", "game_time": "2017-01-07 15:14:25", "is_win": "0", "kill_cnt": "0", "pick_heros": "131|178|111|126|110", "team_id": "23", "team_name": "VG" },
    { "ban_heros": "150|146", "camp": "1", "game_label": "217027", "game_time": "2017-01-07 15:14:25", "is_win": "1", "kill_cnt": "11", "pick_heros": "157|132|163|123|149", "team_id": "26", "team_name": "EDG.M" },
    { "ban_heros": "131|107", "camp": "1", "game_label": "217027", "game_time": "2017-01-07 15:34:40", "is_win": "0", "kill_cnt": "14", "pick_heros": "146|178|157|153|123", "team_id": "23", "team_name": "VG" },
    { "ban_heros": "140|150", "camp": "2", "game_label": "217027", "game_time": "2017-01-07 15:34:40", "is_win": "1", "kill_cnt": "22", "pick_heros": "163|132|149|141|118", "team_id": "26", "team_name": "EDG.M" },
    { "ban_heros": "140|149", "camp": "2", "game_label": "117029", "game_time": "2017-01-07 16:18:00", "is_win": "1", "kill_cnt": "21", "pick_heros": "178|157|123|146|167", "team_id": "20", "team_name": "SC" },
    { "ban_heros": "141|154", "camp": "1", "game_label": "117029", "game_time": "2017-01-07 16:18:00", "is_win": "0", "kill_cnt": "8", "pick_heros": "163|107|126|106|148", "team_id": "30", "team_name": "EP" },
    { "ban_heros": "132|111", "camp": "1", "game_label": "117029", "game_time": "2017-01-07 16:38:03", "is_win": "1", "kill_cnt": "19", "pick_heros": "157|107|167|126|149", "team_id": "20", "team_name": "SC" },
    { "ban_heros": "154|140", "camp": "2", "game_label": "117029", "game_time": "2017-01-07 16:38:03", "is_win": "0", "kill_cnt": "17", "pick_heros": "178|146|123|163|174", "team_id": "30", "team_name": "EP" },
    { "ban_heros": "131|157", "camp": "1", "game_label": "117030", "game_time": "2017-01-07 17:17:27", "is_win": "1", "kill_cnt": "13", "pick_heros": "132|163|123|106|178", "team_id": "19", "team_name": "MU" },
    { "ban_heros": "140|146", "camp": "2", "game_label": "117030", "game_time": "2017-01-07 17:17:27", "is_win": "0", "kill_cnt": "3", "pick_heros": "141|107|149|118|111", "team_id": "27", "team_name": "GK" },
    { "ban_heros": "157|132", "camp": "2", "game_label": "117030", "game_time": "2017-01-07 17:39:30", "is_win": "1", "kill_cnt": "16", "pick_heros": "146|131|123|178|115", "team_id": "19", "team_name": "MU" },
    { "ban_heros": "141|107", "camp": "1", "game_label": "117030", "game_time": "2017-01-07 17:39:30", "is_win": "0", "kill_cnt": "10", "pick_heros": "140|163|111|118|106", "team_id": "27", "team_name": "GK" },
    { "ban_heros": "140|146", "camp": "2", "game_label": "117031", "game_time": "2017-01-07 18:20:28", "is_win": "0", "kill_cnt": "7", "pick_heros": "150|149|111|110|105", "team_id": "23", "team_name": "VG" },
    { "ban_heros": "131|178", "camp": "1", "game_label": "117031", "game_time": "2017-01-07 18:20:28", "is_win": "1", "kill_cnt": "20", "pick_heros": "157|123|132|107|163", "team_id": "24", "team_name": "TKG" },
    { "ban_heros": "178|107", "camp": "1", "game_label": "117031", "game_time": "2017-01-07 18:43:58", "is_win": "0", "kill_cnt": "16", "pick_heros": "157|131|126|154|148", "team_id": "23", "team_name": "VG" },
    { "ban_heros": "140|146", "camp": "2", "game_label": "117031", "game_time": "2017-01-07 18:43:58", "is_win": "1", "kill_cnt": "22", "pick_heros": "163|123|149|106|167", "team_id": "24", "team_name": "TKG" },
    { "ban_heros": "107|150", "camp": "1", "game_label": "117032", "game_time": "2017-01-07 19:30:42", "is_win": "0", "kill_cnt": "15", "pick_heros": "163|131|123|111|148", "team_id": "16", "team_name": "BWS" },
    { "ban_heros": "146|140", "camp": "2", "game_label": "117032", "game_time": "2017-01-07 19:30:42", "is_win": "1", "kill_cnt": "22", "pick_heros": "157|132|178|126|118", "team_id": "26", "team_name": "EDG.M" },
    { "ban_heros": "157|146", "camp": "2", "game_label": "117032", "game_time": "2017-01-07 19:57:23", "is_win": "0", "kill_cnt": "7", "pick_heros": "178|150|148|154|111", "team_id": "16", "team_name": "BWS" },
    { "ban_heros": "131|140", "camp": "1", "game_label": "117032", "game_time": "2017-01-07 19:57:23", "is_win": "1", "kill_cnt": "20", "pick_heros": "132|141|163|123|149", "team_id": "26", "team_name": "EDG.M" },
    { "ban_heros": "131|163", "camp": "1", "game_label": "217028", "game_time": "2017-01-08 14:03:36", "is_win": "0", "kill_cnt": "15", "pick_heros": "140|132|157|118|134", "team_id": "19", "team_name": "MU" },
    { "ban_heros": "146|123", "camp": "2", "game_label": "217028", "game_time": "2017-01-08 14:03:36", "is_win": "1", "kill_cnt": "20", "pick_heros": "107|178|150|141|113", "team_id": "28", "team_name": "JC" },
    { "ban_heros": "140|131", "camp": "2", "game_label": "217028", "game_time": "2017-01-08 14:36:26", "is_win": "0", "kill_cnt": "10", "pick_heros": "123|163|111|149|106", "team_id": "19", "team_name": "MU" },
    { "ban_heros": "132|146", "camp": "1", "game_label": "217028", "game_time": "2017-01-08 14:36:26", "is_win": "1", "kill_cnt": "15", "pick_heros": "107|157|178|169|118", "team_id": "28", "team_name": "JC" },
    { "ban_heros": "141|149", "camp": "1", "game_label": "217029", "game_time": "2017-01-08 15:10:23", "is_win": "0", "kill_cnt": "15", "pick_heros": "178|163|132|126|115", "team_id": "16", "team_name": "BWS" },
    { "ban_heros": "146|140", "camp": "2", "game_label": "217029", "game_time": "2017-01-08 15:10:23", "is_win": "1", "kill_cnt": "22", "pick_heros": "157|107|123|154|111", "team_id": "24", "team_name": "TKG" },
    { "ban_heros": "146|140", "camp": "2", "game_label": "217029", "game_time": "2017-01-08 15:34:18", "is_win": "1", "kill_cnt": "18", "pick_heros": "149|132|141|163|113", "team_id": "16", "team_name": "BWS" },
    { "ban_heros": "157|178", "camp": "1", "game_label": "217029", "game_time": "2017-01-08 15:34:18", "is_win": "0", "kill_cnt": "6", "pick_heros": "107|123|131|106|118", "team_id": "24", "team_name": "TKG" },
    { "ban_heros": "163|141", "camp": "1", "game_label": "217029", "game_time": "2017-01-08 15:57:15", "is_win": "1", "kill_cnt": "19", "pick_heros": "157|178|150|113|111", "team_id": "16", "team_name": "BWS" },
    { "ban_heros": "146|140", "camp": "2", "game_label": "217029", "game_time": "2017-01-08 15:57:15", "is_win": "0", "kill_cnt": "21", "pick_heros": "107|132|106|123|149", "team_id": "24", "team_name": "TKG" },
    { "ban_heros": "178|123", "camp": "2", "game_label": "117033", "game_time": "2017-01-08 16:11:52", "is_win": "1", "kill_cnt": "15", "pick_heros": "146|157|132|135|131", "team_id": "25", "team_name": "QGhappy" },
    { "ban_heros": "107|163", "camp": "1", "game_label": "117033", "game_time": "2017-01-08 16:11:52", "is_win": "0", "kill_cnt": "18", "pick_heros": "140|149|153|141|167", "team_id": "31", "team_name": "YTG" },
    { "ban_heros": "178|113", "camp": "1", "game_label": "117033", "game_time": "2017-01-08 16:41:32", "is_win": "0", "kill_cnt": "15", "pick_heros": "140|123|163|106|111", "team_id": "25", "team_name": "QGhappy" },
    { "ban_heros": "107|118", "camp": "2", "game_label": "117033", "game_time": "2017-01-08 16:41:32", "is_win": "1", "kill_cnt": "19", "pick_heros": "157|146|132|126|171", "team_id": "31", "team_name": "YTG" },
    { "ban_heros": "140|146", "camp": "2", "game_label": "117033", "game_time": "2017-01-08 17:05:19", "is_win": "1", "kill_cnt": "16", "pick_heros": "132|157|123|149|153", "team_id": "25", "team_name": "QGhappy" },
    { "ban_heros": "107|163", "camp": "1", "game_label": "117033", "game_time": "2017-01-08 17:05:19", "is_win": "0", "kill_cnt": "5", "pick_heros": "178|126|150|167|106", "team_id": "31", "team_name": "YTG" },
    { "ban_heros": "146|150", "camp": "1", "game_label": "117034", "game_time": "2017-01-08 17:39:57", "is_win": "1", "kill_cnt": "16", "pick_heros": "178|132|131|113|106", "team_id": "28", "team_name": "JC" },
    { "ban_heros": "157|140", "camp": "2", "game_label": "117034", "game_time": "2017-01-08 17:39:57", "is_win": "0", "kill_cnt": "8", "pick_heros": "163|107|141|118|111", "team_id": "29", "team_name": "SYy" },
    { "ban_heros": "146|178", "camp": "2", "game_label": "117034", "game_time": "2017-01-08 18:05:48", "is_win": "0", "kill_cnt": "9", "pick_heros": "131|107|106|149|118", "team_id": "28", "team_name": "JC" },
    { "ban_heros": "157|140", "camp": "1", "game_label": "117034", "game_time": "2017-01-08 18:05:48", "is_win": "1", "kill_cnt": "7", "pick_heros": "150|123|163|117|141", "team_id": "29", "team_name": "SYy" },
    { "ban_heros": "146|150", "camp": "1", "game_label": "117034", "game_time": "2017-01-08 18:36:00", "is_win": "1", "kill_cnt": "20", "pick_heros": "140|163|107|141|135", "team_id": "28", "team_name": "JC" },
    { "ban_heros": "178|131", "camp": "2", "game_label": "117034", "game_time": "2017-01-08 18:36:00", "is_win": "0", "kill_cnt": "4", "pick_heros": "157|132|126|123|166", "team_id": "29", "team_name": "SYy" },
    { "ban_heros": "140|149", "camp": "2", "game_label": "117035", "game_time": "2017-01-08 19:21:53", "is_win": "1", "kill_cnt": "25", "pick_heros": "146|178|123|107|150", "team_id": "20", "team_name": "SC" },
    { "ban_heros": "154|141", "camp": "1", "game_label": "117035", "game_time": "2017-01-08 19:21:53", "is_win": "0", "kill_cnt": "16", "pick_heros": "157|163|132|121|126", "team_id": "26", "team_name": "EDG.M" },
    { "ban_heros": "132|111", "camp": "1", "game_label": "117035", "game_time": "2017-01-08 19:55:32", "is_win": "0", "kill_cnt": "24", "pick_heros": "157|141|123|178|150", "team_id": "20", "team_name": "SC" },
    { "ban_heros": "154|140", "camp": "2", "game_label": "117035", "game_time": "2017-01-08 19:55:32", "is_win": "1", "kill_cnt": "24", "pick_heros": "163|149|146|117|169", "team_id": "26", "team_name": "EDG.M" },
    { "ban_heros": "117|118", "camp": "2", "game_label": "117035", "game_time": "2017-01-08 20:30:58", "is_win": "0", "kill_cnt": "21", "pick_heros": "146|157|163|178|113", "team_id": "20", "team_name": "SC" },
    { "ban_heros": "154|141", "camp": "1", "game_label": "117035", "game_time": "2017-01-08 20:30:58", "is_win": "1", "kill_cnt": "20", "pick_heros": "140|123|132|115|150", "team_id": "26", "team_name": "EDG.M" },
    { "ban_heros": "140|149", "camp": "2", "game_label": "117036", "game_time": "2017-01-08 21:19:25", "is_win": "0", "kill_cnt": "18", "pick_heros": "178|163|141|132|113", "team_id": "16", "team_name": "BWS" },
    { "ban_heros": "131|107", "camp": "1", "game_label": "117036", "game_time": "2017-01-08 21:19:25", "is_win": "1", "kill_cnt": "24", "pick_heros": "146|157|123|169|118", "team_id": "19", "team_name": "MU" },
    { "ban_heros": "178|141", "camp": "1", "game_label": "117036", "game_time": "2017-01-08 21:45:09", "is_win": "1", "kill_cnt": "22", "pick_heros": "157|132|186|167|184", "team_id": "16", "team_name": "BWS" },
    { "ban_heros": "146|140", "camp": "2", "game_label": "117036", "game_time": "2017-01-08 21:45:09", "is_win": "0", "kill_cnt": "12", "pick_heros": "107|131|148|150|115", "team_id": "19", "team_name": "MU" },
    { "ban_heros": "141|157", "camp": "2", "game_label": "117036", "game_time": "2017-01-08 22:10:19", "is_win": "0", "kill_cnt": "18", "pick_heros": "140|132|150|148|129", "team_id": "16", "team_name": "BWS" },
    { "ban_heros": "131|107", "camp": "1", "game_label": "117036", "game_time": "2017-01-08 22:10:19", "is_win": "1", "kill_cnt": "25", "pick_heros": "146|123|178|115|149", "team_id": "19", "team_name": "MU" },
    { "ban_heros": "146|140", "camp": "2", "game_label": "117041", "game_time": "2017-01-13 16:15:31", "is_win": "1", "kill_cnt": "23", "pick_heros": "107|178|106|118|169", "team_id": "19", "team_name": "MU" },
    { "ban_heros": "131|132", "camp": "1", "game_label": "117041", "game_time": "2017-01-13 16:15:31", "is_win": "0", "kill_cnt": "6", "pick_heros": "157|163|123|149|111", "team_id": "27", "team_name": "GK" },
    { "ban_heros": "107|146", "camp": "1", "game_label": "117041", "game_time": "2017-01-13 16:45:52", "is_win": "0", "kill_cnt": "11", "pick_heros": "157|149|163|123|111", "team_id": "19", "team_name": "MU" },
    { "ban_heros": "131|140", "camp": "2", "game_label": "117041", "game_time": "2017-01-13 16:45:52", "is_win": "1", "kill_cnt": "20", "pick_heros": "178|132|110|150|113", "team_id": "27", "team_name": "GK" },
    { "ban_heros": "146|140", "camp": "2", "game_label": "117041", "game_time": "2017-01-13 17:19:00", "is_win": "0", "kill_cnt": "8", "pick_heros": "107|157|149|123|174", "team_id": "19", "team_name": "MU" },
    { "ban_heros": "131|132", "camp": "1", "game_label": "117041", "game_time": "2017-01-13 17:19:00", "is_win": "1", "kill_cnt": "15", "pick_heros": "178|163|150|141|113", "team_id": "27", "team_name": "GK" },
    { "ban_heros": "107|132", "camp": "1", "game_label": "117041", "game_time": "2017-01-13 17:42:17", "is_win": "0", "kill_cnt": "3", "pick_heros": "146|163|150|113|106", "team_id": "19", "team_name": "MU" },
    { "ban_heros": "131|140", "camp": "2", "game_label": "117041", "game_time": "2017-01-13 17:42:17", "is_win": "1", "kill_cnt": "13", "pick_heros": "157|178|123|111|118", "team_id": "27", "team_name": "GK" },
    { "ban_heros": "146|140", "camp": "2", "game_label": "117042", "game_time": "2017-01-13 18:24:14", "is_win": "0", "kill_cnt": "17", "pick_heros": "107|178|126|110|167", "team_id": "20", "team_name": "SC" },
    { "ban_heros": "154|141", "camp": "1", "game_label": "117042", "game_time": "2017-01-13 18:24:14", "is_win": "1", "kill_cnt": "25", "pick_heros": "157|123|132|163|149", "team_id": "26", "team_name": "EDG.M" },
    { "ban_heros": "157|146", "camp": "1", "game_label": "117042", "game_time": "2017-01-13 18:55:02", "is_win": "1", "kill_cnt": "22", "pick_heros": "141|178|107|126|150", "team_id": "20", "team_name": "SC" },
    { "ban_heros": "154|140", "camp": "2", "game_label": "117042", "game_time": "2017-01-13 18:55:02", "is_win": "0", "kill_cnt": "9", "pick_heros": "123|132|163|149|115", "team_id": "26", "team_name": "EDG.M" },
    { "ban_heros": "146|132", "camp": "2", "game_label": "117042", "game_time": "2017-01-13 19:22:45", "is_win": "1", "kill_cnt": "15", "pick_heros": "157|178|126|107|167", "team_id": "20", "team_name": "SC" },
    { "ban_heros": "154|141", "camp": "1", "game_label": "117042", "game_time": "2017-01-13 19:22:45", "is_win": "0", "kill_cnt": "2", "pick_heros": "140|111|163|117|106", "team_id": "26", "team_name": "EDG.M" },
    { "ban_heros": "146|140", "camp": "1", "game_label": "117042", "game_time": "2017-01-13 19:42:19", "is_win": "0", "kill_cnt": "3", "pick_heros": "149|126|107|167|141", "team_id": "20", "team_name": "SC" },
    { "ban_heros": "154|178", "camp": "2", "game_label": "117042", "game_time": "2017-01-13 19:42:19", "is_win": "1", "kill_cnt": "9", "pick_heros": "157|150|132|123|118", "team_id": "26", "team_name": "EDG.M" },
    { "ban_heros": "146|132", "camp": "2", "game_label": "117042", "game_time": "2017-01-13 20:04:40", "is_win": "1", "kill_cnt": "17", "pick_heros": "157|140|107|163|123", "team_id": "20", "team_name": "SC" },
    { "ban_heros": "154|141", "camp": "1", "game_label": "117042", "game_time": "2017-01-13 20:04:40", "is_win": "0", "kill_cnt": "12", "pick_heros": "178|106|150|113|111", "team_id": "26", "team_name": "EDG.M" },
    { "ban_heros": "131|132", "camp": "1", "game_label": "117043", "game_time": "2017-01-14 16:14:58", "is_win": "1", "kill_cnt": "10", "pick_heros": "146|178|111|123|106", "team_id": "19", "team_name": "MU" },
    { "ban_heros": "140|107", "camp": "2", "game_label": "117043", "game_time": "2017-01-14 16:14:58", "is_win": "0", "kill_cnt": "9", "pick_heros": "157|163|169|149|118", "team_id": "26", "team_name": "EDG.M" },
    { "ban_heros": "146|157", "camp": "2", "game_label": "117043", "game_time": "2017-01-14 16:43:35", "is_win": "0", "kill_cnt": "8", "pick_heros": "178|107|126|110|111", "team_id": "19", "team_name": "MU" },
    { "ban_heros": "140|131", "camp": "1", "game_label": "117043", "game_time": "2017-01-14 16:43:35", "is_win": "1", "kill_cnt": "17", "pick_heros": "132|163|141|123|149", "team_id": "26", "team_name": "EDG.M" },
    { "ban_heros": "132|131", "camp": "1", "game_label": "117043", "game_time": "2017-01-14 17:10:38", "is_win": "0", "kill_cnt": "7", "pick_heros": "146|107|163|121|169", "team_id": "19", "team_name": "MU" },
    { "ban_heros": "140|149", "camp": "2", "game_label": "117043", "game_time": "2017-01-14 17:10:38", "is_win": "1", "kill_cnt": "21", "pick_heros": "178|157|123|150|111", "team_id": "26", "team_name": "EDG.M" },
    { "ban_heros": "146|132", "camp": "2", "game_label": "117043", "game_time": "2017-01-14 17:39:31", "is_win": "0", "kill_cnt": "5", "pick_heros": "107|178|111|141|118", "team_id": "19", "team_name": "MU" },
    { "ban_heros": "140|131", "camp": "1", "game_label": "117043", "game_time": "2017-01-14 17:39:31", "is_win": "1", "kill_cnt": "13", "pick_heros": "157|123|163|169|149", "team_id": "26", "team_name": "EDG.M" },
    { "ban_heros": "132|111", "camp": "1", "game_label": "117044", "game_time": "2017-01-14 18:27:47", "is_win": "0", "kill_cnt": "37", "pick_heros": "178|123|107|167|146", "team_id": "20", "team_name": "SC" },
    { "ban_heros": "154|140", "camp": "2", "game_label": "117044", "game_time": "2017-01-14 18:27:47", "is_win": "1", "kill_cnt": "33", "pick_heros": "157|150|141|163|113", "team_id": "27", "team_name": "GK" },
    { "ban_heros": "132|146", "camp": "2", "game_label": "117044", "game_time": "2017-01-14 19:11:42", "is_win": "1", "kill_cnt": "12", "pick_heros": "157|178|126|107|150", "team_id": "20", "team_name": "SC" },
    { "ban_heros": "154|141", "camp": "1", "game_label": "117044", "game_time": "2017-01-14 19:11:42", "is_win": "0", "kill_cnt": "2", "pick_heros": "140|163|111|113|110", "team_id": "27", "team_name": "GK" },
    { "ban_heros": "132|146", "camp": "1", "game_label": "117044", "game_time": "2017-01-14 19:34:51", "is_win": "0", "kill_cnt": "19", "pick_heros": "178|150|126|163|110", "team_id": "20", "team_name": "SC" },
    { "ban_heros": "154|140", "camp": "2", "game_label": "117044", "game_time": "2017-01-14 19:34:51", "is_win": "1", "kill_cnt": "30", "pick_heros": "141|157|123|107|111", "team_id": "27", "team_name": "GK" },
    { "ban_heros": "132|178", "camp": "2", "game_label": "117044", "game_time": "2017-01-14 20:09:33", "is_win": "0", "kill_cnt": "3", "pick_heros": "141|107|163|150|123", "team_id": "20", "team_name": "SC" },
    { "ban_heros": "154|140", "camp": "1", "game_label": "117044", "game_time": "2017-01-14 20:09:33", "is_win": "1", "kill_cnt": "13", "pick_heros": "157|146|149|113|111", "team_id": "27", "team_name": "GK" },
    { "ban_heros": "132|146", "camp": "2", "game_label": "117045", "game_time": "2017-01-15 16:17:54", "is_win": "1", "kill_cnt": "20", "pick_heros": "157|107|111|118|149", "team_id": "20", "team_name": "SC" },
    { "ban_heros": "154|140", "camp": "1", "game_label": "117045", "game_time": "2017-01-15 16:17:54", "is_win": "0", "kill_cnt": "9", "pick_heros": "178|123|150|141|169", "team_id": "26", "team_name": "EDG.M" },
    { "ban_heros": "132|141", "camp": "1", "game_label": "117045", "game_time": "2017-01-15 16:48:26", "is_win": "0", "kill_cnt": "11", "pick_heros": "157|107|111|149|118", "team_id": "20", "team_name": "SC" },
    { "ban_heros": "154|140", "camp": "2", "game_label": "117045", "game_time": "2017-01-15 16:48:26", "is_win": "1", "kill_cnt": "11", "pick_heros": "146|178|163|150|113", "team_id": "26", "team_name": "EDG.M" },
    { "ban_heros": "132|157", "camp": "2", "game_label": "117045", "game_time": "2017-01-15 17:22:23", "is_win": "1", "kill_cnt": "13", "pick_heros": "107|163|123|146|148", "team_id": "20", "team_name": "SC" },
    { "ban_heros": "154|140", "camp": "1", "game_label": "117045", "game_time": "2017-01-15 17:22:23", "is_win": "0", "kill_cnt": "3", "pick_heros": "178|141|111|150|113", "team_id": "26", "team_name": "EDG.M" },
    { "ban_heros": "132|157", "camp": "1", "game_label": "117045", "game_time": "2017-01-15 17:46:30", "is_win": "0", "kill_cnt": "3", "pick_heros": "178|107|111|175|141", "team_id": "20", "team_name": "SC" },
    { "ban_heros": "154|140", "camp": "2", "game_label": "117045", "game_time": "2017-01-15 17:46:30", "is_win": "1", "kill_cnt": "18", "pick_heros": "146|163|149|123|131", "team_id": "26", "team_name": "EDG.M" },
    { "ban_heros": "132|141", "camp": "2", "game_label": "117045", "game_time": "2017-01-15 18:08:31", "is_win": "1", "kill_cnt": "22", "pick_heros": "157|178|150|126|131", "team_id": "20", "team_name": "SC" },
    { "ban_heros": "154|140", "camp": "1", "game_label": "117045", "game_time": "2017-01-15 18:08:31", "is_win": "0", "kill_cnt": "12", "pick_heros": "146|107|163|123|149", "team_id": "26", "team_name": "EDG.M" }
]