[{ "avg_assist": "5.97", "avg_ban_seq": "5.0", "avg_bekill": "2.29", "avg_kill": "0.93", "avg_pick_seq": "0.0", "ban_cnt": "26", "gpm": "481", "hero_id": "105", "hero_name": "廉颇", "kda": "4.12", "pick_cnt": "186", "played": "186", "win_rate": "0.5000" },
    { "avg_assist": "7.33", "avg_ban_seq": "3.8", "avg_bekill": "2.37", "avg_kill": "0.48", "avg_pick_seq": "0.0", "ban_cnt": "80", "gpm": "459", "hero_id": "186", "hero_name": "太乙真人", "kda": "4.57", "pick_cnt": "183", "played": "184", "win_rate": "0.5761" },
    { "avg_assist": "5.67", "avg_ban_seq": "2.6", "avg_bekill": "2.27", "avg_kill": "1.02", "avg_pick_seq": "0.0", "ban_cnt": "249", "gpm": "505", "hero_id": "511", "hero_name": "猪八戒", "kda": "4.04", "pick_cnt": "175", "played": "178", "win_rate": "0.5056" },
    { "avg_assist": "6.85", "avg_ban_seq": "5.0", "avg_bekill": "1.93", "avg_kill": "0.59", "avg_pick_seq": "0.0", "ban_cnt": "56", "gpm": "415", "hero_id": "171", "hero_name": "张飞", "kda": "5.08", "pick_cnt": "169", "played": "169", "win_rate": "0.4793" },
    { "avg_assist": "5.61", "avg_ban_seq": "6.7", "avg_bekill": "1.37", "avg_kill": "2.55", "avg_pick_seq": "0.0", "ban_cnt": "108", "gpm": "611", "hero_id": "312", "hero_name": "沈梦溪", "kda": "6.42", "pick_cnt": "163", "played": "164", "win_rate": "0.4451" },
    { "avg_assist": "3.67", "avg_ban_seq": "3.0", "avg_bekill": "2.34", "avg_kill": "3.80", "avg_pick_seq": "0.0", "ban_cnt": "252", "gpm": "752", "hero_id": "531", "hero_name": "镜", "kda": "4.60", "pick_cnt": "161", "played": "166", "win_rate": "0.5602" },
    { "avg_assist": "4.64", "avg_ban_seq": "2.9", "avg_bekill": "1.71", "avg_kill": "3.14", "avg_pick_seq": "0.0", "ban_cnt": "184", "gpm": "737", "hero_id": "132", "hero_name": "马可波罗", "kda": "5.33", "pick_cnt": "159", "played": "161", "win_rate": "0.5404" },
    { "avg_assist": "4.01", "avg_ban_seq": "2.9", "avg_bekill": "2.33", "avg_kill": "3.32", "avg_pick_seq": "0.0", "ban_cnt": "214", "gpm": "719", "hero_id": "199", "hero_name": "公孙离", "kda": "4.22", "pick_cnt": "158", "played": "158", "win_rate": "0.4304" },
    { "avg_assist": "3.98", "avg_ban_seq": "5.8", "avg_bekill": "2.44", "avg_kill": "2.92", "avg_pick_seq": "0.0", "ban_cnt": "50", "gpm": "725", "hero_id": "107", "hero_name": "赵云", "kda": "4.00", "pick_cnt": "153", "played": "153", "win_rate": "0.4902" },
    { "avg_assist": "4.46", "avg_ban_seq": "5.4", "avg_bekill": "2.42", "avg_kill": "3.20", "avg_pick_seq": "0.0", "ban_cnt": "43", "gpm": "725", "hero_id": "163", "hero_name": "橘右京", "kda": "4.53", "pick_cnt": "153", "played": "153", "win_rate": "0.4837" },
    { "avg_assist": "5.54", "avg_ban_seq": "5.7", "avg_bekill": "2.30", "avg_kill": "1.61", "avg_pick_seq": "0.0", "ban_cnt": "43", "gpm": "529", "hero_id": "123", "hero_name": "吕布", "kda": "4.21", "pick_cnt": "147", "played": "147", "win_rate": "0.4966" },
    { "avg_assist": "3.80", "avg_ban_seq": "4.5", "avg_bekill": "1.68", "avg_kill": "4.09", "avg_pick_seq": "0.0", "ban_cnt": "68", "gpm": "808", "hero_id": "111", "hero_name": "孙尚香", "kda": "5.59", "pick_cnt": "147", "played": "148", "win_rate": "0.4865" },
    { "avg_assist": "3.42", "avg_ban_seq": "5.7", "avg_bekill": "2.62", "avg_kill": "3.68", "avg_pick_seq": "0.0", "ban_cnt": "72", "gpm": "755", "hero_id": "162", "hero_name": "娜可露露", "kda": "3.80", "pick_cnt": "146", "played": "146", "win_rate": "0.4726" },
    { "avg_assist": "5.48", "avg_ban_seq": "6.5", "avg_bekill": "1.52", "avg_kill": "2.03", "avg_pick_seq": "0.0", "ban_cnt": "120", "gpm": "543", "hero_id": "148", "hero_name": "姜子牙", "kda": "5.49", "pick_cnt": "141", "played": "141", "win_rate": "0.5745" },
    { "avg_assist": "6.28", "avg_ban_seq": "2.7", "avg_bekill": "4.17", "avg_kill": "0.36", "avg_pick_seq": "0.0", "ban_cnt": "311", "gpm": "393", "hero_id": "509", "hero_name": "盾山", "kda": "2.00", "pick_cnt": "136", "played": "137", "win_rate": "0.4526" },
    { "avg_assist": "4.26", "avg_ban_seq": "4.7", "avg_bekill": "2.08", "avg_kill": "2.45", "avg_pick_seq": "0.0", "ban_cnt": "111", "gpm": "630", "hero_id": "140", "hero_name": "关羽", "kda": "4.28", "pick_cnt": "126", "played": "128", "win_rate": "0.5156" },
    { "avg_assist": "4.06", "avg_ban_seq": "6.6", "avg_bekill": "2.37", "avg_kill": "2.87", "avg_pick_seq": "0.0", "ban_cnt": "171", "gpm": "622", "hero_id": "157", "hero_name": "不知火舞", "kda": "4.13", "pick_cnt": "126", "played": "127", "win_rate": "0.5591" },
    { "avg_assist": "6.98", "avg_ban_seq": "5.6", "avg_bekill": "1.78", "avg_kill": "1.74", "avg_pick_seq": "0.0", "ban_cnt": "142", "gpm": "489", "hero_id": "156", "hero_name": "张良", "kda": "6.20", "pick_cnt": "118", "played": "121", "win_rate": "0.5702" },
    { "avg_assist": "3.85", "avg_ban_seq": "5.2", "avg_bekill": "2.12", "avg_kill": "3.52", "avg_pick_seq": "0.0", "ban_cnt": "27", "gpm": "750", "hero_id": "502", "hero_name": "裴擒虎", "kda": "4.64", "pick_cnt": "113", "played": "113", "win_rate": "0.5044" },
    { "avg_assist": "3.48", "avg_ban_seq": "3.9", "avg_bekill": "2.13", "avg_kill": "3.53", "avg_pick_seq": "0.0", "ban_cnt": "120", "gpm": "722", "hero_id": "518", "hero_name": "马超", "kda": "4.52", "pick_cnt": "111", "played": "111", "win_rate": "0.5315" },
    { "avg_assist": "5.18", "avg_ban_seq": "6.4", "avg_bekill": "2.06", "avg_kill": "3.11", "avg_pick_seq": "0.0", "ban_cnt": "30", "gpm": "736", "hero_id": "133", "hero_name": "狄仁杰", "kda": "5.21", "pick_cnt": "109", "played": "111", "win_rate": "0.4955" },
    { "avg_assist": "7.98", "avg_ban_seq": "5.0", "avg_bekill": "1.60", "avg_kill": "0.60", "avg_pick_seq": "0.0", "ban_cnt": "65", "gpm": "429", "hero_id": "118", "hero_name": "孙膑", "kda": "6.16", "pick_cnt": "108", "played": "108", "win_rate": "0.4630" },
    { "avg_assist": "7.53", "avg_ban_seq": "3.5", "avg_bekill": "1.52", "avg_kill": "1.84", "avg_pick_seq": "0.0", "ban_cnt": "99", "gpm": "563", "hero_id": "533", "hero_name": "阿古朵", "kda": "7.34", "pick_cnt": "101", "played": "101", "win_rate": "0.5347" },
    { "avg_assist": "3.99", "avg_ban_seq": "5.6", "avg_bekill": "2.67", "avg_kill": "2.23", "avg_pick_seq": "0.0", "ban_cnt": "65", "gpm": "624", "hero_id": "527", "hero_name": "蒙恬", "kda": "3.30", "pick_cnt": "93", "played": "93", "win_rate": "0.4731" },
    { "avg_assist": "7.41", "avg_ban_seq": "7.0", "avg_bekill": "1.77", "avg_kill": "1.74", "avg_pick_seq": "0.0", "ban_cnt": "109", "gpm": "533", "hero_id": "523", "hero_name": "西施", "kda": "6.29", "pick_cnt": "93", "played": "94", "win_rate": "0.5319" },
    { "avg_assist": "5.07", "avg_ban_seq": "6.3", "avg_bekill": "2.10", "avg_kill": "3.76", "avg_pick_seq": "0.0", "ban_cnt": "19", "gpm": "744", "hero_id": "524", "hero_name": "蒙犽", "kda": "5.97", "pick_cnt": "86", "played": "86", "win_rate": "0.5233" },
    { "avg_assist": "6.65", "avg_ban_seq": "6.8", "avg_bekill": "2.55", "avg_kill": "1.67", "avg_pick_seq": "0.0", "ban_cnt": "38", "gpm": "528", "hero_id": "120", "hero_name": "白起", "kda": "4.85", "pick_cnt": "84", "played": "84", "win_rate": "0.5714" },
    { "avg_assist": "9.67", "avg_ban_seq": "2.1", "avg_bekill": "2.02", "avg_kill": "0.61", "avg_pick_seq": "0.0", "ban_cnt": "419", "gpm": "418", "hero_id": "525", "hero_name": "鲁班大师", "kda": "6.85", "pick_cnt": "81", "played": "84", "win_rate": "0.6548" },
    { "avg_assist": "8.32", "avg_ban_seq": "3.3", "avg_bekill": "2.05", "avg_kill": "0.88", "avg_pick_seq": "0.0", "ban_cnt": "152", "gpm": "447", "hero_id": "191", "hero_name": "大乔", "kda": "5.97", "pick_cnt": "80", "played": "80", "win_rate": "0.5250" },
    { "avg_assist": "4.77", "avg_ban_seq": "6.2", "avg_bekill": "3.35", "avg_kill": "3.64", "avg_pick_seq": "0.0", "ban_cnt": "116", "gpm": "628", "hero_id": "153", "hero_name": "兰陵王", "kda": "3.86", "pick_cnt": "78", "played": "78", "win_rate": "0.4615" },
    { "avg_assist": "4.01", "avg_ban_seq": "6.7", "avg_bekill": "1.78", "avg_kill": "3.38", "avg_pick_seq": "0.0", "ban_cnt": "52", "gpm": "722", "hero_id": "174", "hero_name": "虞姬", "kda": "5.23", "pick_cnt": "77", "played": "77", "win_rate": "0.4805" },
    { "avg_assist": "6.84", "avg_ban_seq": "7.3", "avg_bekill": "2.74", "avg_kill": "0.43", "avg_pick_seq": "0.0", "ban_cnt": "9", "gpm": "390", "hero_id": "168", "hero_name": "牛魔", "kda": "3.61", "pick_cnt": "69", "played": "69", "win_rate": "0.3913" },
    { "avg_assist": "6.22", "avg_ban_seq": "7.0", "avg_bekill": "2.32", "avg_kill": "1.49", "avg_pick_seq": "0.0", "ban_cnt": "25", "gpm": "516", "hero_id": "149", "hero_name": "刘邦", "kda": "4.82", "pick_cnt": "65", "played": "65", "win_rate": "0.4462" },
    { "avg_assist": "5.12", "avg_ban_seq": "6.8", "avg_bekill": "2.06", "avg_kill": "3.98", "avg_pick_seq": "0.0", "ban_cnt": "60", "gpm": "755", "hero_id": "508", "hero_name": "伽罗", "kda": "5.57", "pick_cnt": "64", "played": "64", "win_rate": "0.6094" },
    { "avg_assist": "6.84", "avg_ban_seq": "7.9", "avg_bekill": "1.92", "avg_kill": "1.98", "avg_pick_seq": "0.0", "ban_cnt": "20", "gpm": "561", "hero_id": "152", "hero_name": "王昭君", "kda": "5.54", "pick_cnt": "63", "played": "63", "win_rate": "0.3492" },
    { "avg_assist": "5.88", "avg_ban_seq": "8.1", "avg_bekill": "1.36", "avg_kill": "1.34", "avg_pick_seq": "0.0", "ban_cnt": "17", "gpm": "561", "hero_id": "108", "hero_name": "墨子", "kda": "5.64", "pick_cnt": "58", "played": "58", "win_rate": "0.6207" },
    { "avg_assist": "5.07", "avg_ban_seq": "7.0", "avg_bekill": "3.00", "avg_kill": "2.23", "avg_pick_seq": "0.0", "ban_cnt": "3", "gpm": "656", "hero_id": "529", "hero_name": "盘古", "kda": "3.52", "pick_cnt": "56", "played": "57", "win_rate": "0.4561" },
    { "avg_assist": "4.46", "avg_ban_seq": "7.5", "avg_bekill": "2.63", "avg_kill": "3.40", "avg_pick_seq": "0.0", "ban_cnt": "68", "gpm": "618", "hero_id": "513", "hero_name": "上官婉儿", "kda": "4.10", "pick_cnt": "52", "played": "52", "win_rate": "0.5000" },
    { "avg_assist": "5.28", "avg_ban_seq": "7.5", "avg_bekill": "1.94", "avg_kill": "1.80", "avg_pick_seq": "0.0", "ban_cnt": "27", "gpm": "589", "hero_id": "124", "hero_name": "周瑜", "kda": "4.76", "pick_cnt": "50", "played": "50", "win_rate": "0.3200" },
    { "avg_assist": "4.52", "avg_ban_seq": "6.1", "avg_bekill": "2.62", "avg_kill": "1.30", "avg_pick_seq": "0.0", "ban_cnt": "7", "gpm": "598", "hero_id": "503", "hero_name": "狂铁", "kda": "3.57", "pick_cnt": "50", "played": "50", "win_rate": "0.3800" },
    { "avg_assist": "4.85", "avg_ban_seq": "7.5", "avg_bekill": "1.98", "avg_kill": "3.65", "avg_pick_seq": "0.0", "ban_cnt": "18", "gpm": "732", "hero_id": "173", "hero_name": "李元芳", "kda": "5.84", "pick_cnt": "48", "played": "48", "win_rate": "0.4583" },
    { "avg_assist": "4.79", "avg_ban_seq": "5.0", "avg_bekill": "2.94", "avg_kill": "1.32", "avg_pick_seq": "0.0", "ban_cnt": "30", "gpm": "599", "hero_id": "139", "hero_name": "老夫子", "kda": "3.02", "pick_cnt": "47", "played": "47", "win_rate": "0.4468" },
    { "avg_assist": "5.00", "avg_ban_seq": "7.7", "avg_bekill": "2.21", "avg_kill": "4.07", "avg_pick_seq": "0.0", "ban_cnt": "9", "gpm": "761", "hero_id": "169", "hero_name": "后羿", "kda": "5.41", "pick_cnt": "42", "played": "42", "win_rate": "0.6190" },
    { "avg_assist": "7.14", "avg_ban_seq": "7.6", "avg_bekill": "1.90", "avg_kill": "0.36", "avg_pick_seq": "0.0", "ban_cnt": "20", "gpm": "427", "hero_id": "184", "hero_name": "蔡文姬", "kda": "5.09", "pick_cnt": "42", "played": "42", "win_rate": "0.5476" },
    { "avg_assist": "7.78", "avg_ban_seq": "7.2", "avg_bekill": "2.05", "avg_kill": "0.54", "avg_pick_seq": "0.0", "ban_cnt": "30", "gpm": "442", "hero_id": "505", "hero_name": "瑶", "kda": "5.30", "pick_cnt": "41", "played": "41", "win_rate": "0.5122" },
    { "avg_assist": "3.89", "avg_ban_seq": "6.4", "avg_bekill": "2.26", "avg_kill": "2.37", "avg_pick_seq": "0.0", "ban_cnt": "33", "gpm": "760", "hero_id": "146", "hero_name": "露娜", "kda": "3.93", "pick_cnt": "38", "played": "38", "win_rate": "0.5526" },
    { "avg_assist": "4.33", "avg_ban_seq": "7.8", "avg_bekill": "1.81", "avg_kill": "1.94", "avg_pick_seq": "0.0", "ban_cnt": "39", "gpm": "650", "hero_id": "515", "hero_name": "嫦娥", "kda": "4.33", "pick_cnt": "36", "played": "36", "win_rate": "0.4722" },
    { "avg_assist": "5.03", "avg_ban_seq": "7.9", "avg_bekill": "1.42", "avg_kill": "3.79", "avg_pick_seq": "0.0", "ban_cnt": "16", "gpm": "669", "hero_id": "182", "hero_name": "干将莫邪", "kda": "6.87", "pick_cnt": "33", "played": "33", "win_rate": "0.6364" },
    { "avg_assist": "5.16", "avg_ban_seq": "7.6", "avg_bekill": "2.59", "avg_kill": "0.97", "avg_pick_seq": "0.0", "ban_cnt": "4", "gpm": "471", "hero_id": "135", "hero_name": "项羽", "kda": "3.36", "pick_cnt": "32", "played": "32", "win_rate": "0.3750" },
    { "avg_assist": "3.00", "avg_ban_seq": "7.2", "avg_bekill": "1.22", "avg_kill": "2.41", "avg_pick_seq": "0.0", "ban_cnt": "19", "gpm": "607", "hero_id": "196", "hero_name": "百里守约", "kda": "4.59", "pick_cnt": "27", "played": "27", "win_rate": "0.4815" },
    { "avg_assist": "8.31", "avg_ban_seq": "7.9", "avg_bekill": "3.19", "avg_kill": "0.54", "avg_pick_seq": "0.0", "ban_cnt": "17", "gpm": "387", "hero_id": "189", "hero_name": "鬼谷子", "kda": "4.68", "pick_cnt": "26", "played": "26", "win_rate": "0.5000" },
    { "avg_assist": "7.04", "avg_ban_seq": "8.0", "avg_bekill": "5.00", "avg_kill": "1.17", "avg_pick_seq": "0.0", "ban_cnt": "4", "gpm": "400", "hero_id": "187", "hero_name": "东皇太一", "kda": "1.86", "pick_cnt": "23", "played": "23", "win_rate": "0.6087" },
    { "avg_assist": "3.13", "avg_ban_seq": "7.2", "avg_bekill": "3.13", "avg_kill": "2.61", "avg_pick_seq": "0.0", "ban_cnt": "9", "gpm": "670", "hero_id": "536", "hero_name": "夏洛特", "kda": "2.75", "pick_cnt": "23", "played": "23", "win_rate": "0.2609" },
    { "avg_assist": "4.65", "avg_ban_seq": "8.9", "avg_bekill": "1.35", "avg_kill": "1.35", "avg_pick_seq": "0.0", "ban_cnt": "2", "gpm": "630", "hero_id": "110", "hero_name": "嬴政", "kda": "4.33", "pick_cnt": "20", "played": "20", "win_rate": "0.3000" },
    { "avg_assist": "2.75", "avg_ban_seq": "7.3", "avg_bekill": "2.00", "avg_kill": "3.15", "avg_pick_seq": "0.0", "ban_cnt": "2", "gpm": "729", "hero_id": "522", "hero_name": "曜", "kda": "3.92", "pick_cnt": "19", "played": "20", "win_rate": "0.5500" },
    { "avg_assist": "3.61", "avg_ban_seq": "7.2", "avg_bekill": "1.89", "avg_kill": "3.67", "avg_pick_seq": "0.0", "ban_cnt": "9", "gpm": "780", "hero_id": "192", "hero_name": "黄忠", "kda": "5.03", "pick_cnt": "17", "played": "18", "win_rate": "0.4444" },
    { "avg_assist": "5.14", "avg_ban_seq": "8.9", "avg_bekill": "2.36", "avg_kill": "3.36", "avg_pick_seq": "0.0", "ban_cnt": "2", "gpm": "624", "hero_id": "142", "hero_name": "安琪拉", "kda": "4.82", "pick_cnt": "14", "played": "14", "win_rate": "0.3571" },
    { "avg_assist": "5.54", "avg_ban_seq": "8.5", "avg_bekill": "2.15", "avg_kill": "2.85", "avg_pick_seq": "0.0", "ban_cnt": "4", "gpm": "640", "hero_id": "125", "hero_name": "元歌", "kda": "4.98", "pick_cnt": "13", "played": "13", "win_rate": "0.6923" },
    { "avg_assist": "3.36", "avg_ban_seq": "7.6", "avg_bekill": "2.00", "avg_kill": "2.09", "avg_pick_seq": "0.0", "ban_cnt": "8", "gpm": "713", "hero_id": "121", "hero_name": "芈月", "kda": "3.84", "pick_cnt": "11", "played": "11", "win_rate": "0.4545" },
    { "avg_assist": "5.91", "avg_ban_seq": "7.5", "avg_bekill": "2.82", "avg_kill": "1.91", "avg_pick_seq": "0.0", "ban_cnt": "0", "gpm": "514", "hero_id": "126", "hero_name": "夏侯惇", "kda": "3.35", "pick_cnt": "11", "played": "11", "win_rate": "0.5455" },
    { "avg_assist": "2.55", "avg_ban_seq": "7.4", "avg_bekill": "2.27", "avg_kill": "2.91", "avg_pick_seq": "0.0", "ban_cnt": "2", "gpm": "783", "hero_id": "177", "hero_name": "成吉思汗", "kda": "3.68", "pick_cnt": "11", "played": "11", "win_rate": "0.4545" },
    { "avg_assist": "5.09", "avg_ban_seq": "7.6", "avg_bekill": "2.82", "avg_kill": "2.36", "avg_pick_seq": "0.0", "ban_cnt": "8", "gpm": "644", "hero_id": "141", "hero_name": "貂蝉", "kda": "4.05", "pick_cnt": "11", "played": "11", "win_rate": "0.3636" },
    { "avg_assist": "3.82", "avg_ban_seq": "8.7", "avg_bekill": "2.64", "avg_kill": "3.55", "avg_pick_seq": "0.0", "ban_cnt": "1", "gpm": "667", "hero_id": "128", "hero_name": "曹操", "kda": "3.50", "pick_cnt": "11", "played": "11", "win_rate": "0.4545" },
    { "avg_assist": "5.55", "avg_ban_seq": "7.2", "avg_bekill": "2.91", "avg_kill": "0.45", "avg_pick_seq": "0.0", "ban_cnt": "0", "gpm": "396", "hero_id": "194", "hero_name": "苏烈", "kda": "3.08", "pick_cnt": "10", "played": "11", "win_rate": "0.2727" },
    { "avg_assist": "6.90", "avg_ban_seq": "7.9", "avg_bekill": "2.40", "avg_kill": "2.20", "avg_pick_seq": "0.0", "ban_cnt": "5", "gpm": "601", "hero_id": "136", "hero_name": "武则天", "kda": "5.05", "pick_cnt": "10", "played": "10", "win_rate": "0.4000" },
    { "avg_assist": "5.50", "avg_ban_seq": "8.0", "avg_bekill": "3.25", "avg_kill": "2.75", "avg_pick_seq": "0.0", "ban_cnt": "1", "gpm": "682", "hero_id": "195", "hero_name": "百里玄策", "kda": "3.07", "pick_cnt": "8", "played": "8", "win_rate": "0.5000" },
    { "avg_assist": "4.88", "avg_ban_seq": "9.1", "avg_bekill": "2.75", "avg_kill": "4.00", "avg_pick_seq": "0.0", "ban_cnt": "0", "gpm": "676", "hero_id": "190", "hero_name": "诸葛亮", "kda": "4.41", "pick_cnt": "8", "played": "8", "win_rate": "0.2500" },
    { "avg_assist": "2.88", "avg_ban_seq": "6.6", "avg_bekill": "2.88", "avg_kill": "0.50", "avg_pick_seq": "0.0", "ban_cnt": "0", "gpm": "374", "hero_id": "114", "hero_name": "刘禅", "kda": "1.52", "pick_cnt": "8", "played": "8", "win_rate": "0.1250" },
    { "avg_assist": "5.38", "avg_ban_seq": "8.2", "avg_bekill": "2.75", "avg_kill": "3.38", "avg_pick_seq": "0.0", "ban_cnt": "5", "gpm": "590", "hero_id": "180", "hero_name": "哪吒", "kda": "4.48", "pick_cnt": "8", "played": "8", "win_rate": "0.6250" },
    { "avg_assist": "5.00", "avg_ban_seq": "8.3", "avg_bekill": "1.43", "avg_kill": "2.86", "avg_pick_seq": "0.0", "ban_cnt": "3", "gpm": "746", "hero_id": "112", "hero_name": "鲁班七号", "kda": "5.50", "pick_cnt": "7", "played": "7", "win_rate": "0.5714" },
    { "avg_assist": "7.86", "avg_ban_seq": "6.7", "avg_bekill": "2.57", "avg_kill": "1.43", "avg_pick_seq": "0.0", "ban_cnt": "4", "gpm": "459", "hero_id": "113", "hero_name": "庄周", "kda": "3.92", "pick_cnt": "7", "played": "7", "win_rate": "0.5714" },
    { "avg_assist": "5.17", "avg_ban_seq": "8.0", "avg_bekill": "1.67", "avg_kill": "2.50", "avg_pick_seq": "0.0", "ban_cnt": "1", "gpm": "658", "hero_id": "198", "hero_name": "梦奇", "kda": "5.83", "pick_cnt": "6", "played": "6", "win_rate": "0.6667" },
    { "avg_assist": "3.00", "avg_ban_seq": "7.6", "avg_bekill": "4.00", "avg_kill": "2.20", "avg_pick_seq": "0.0", "ban_cnt": "0", "gpm": "564", "hero_id": "178", "hero_name": "杨戬", "kda": "1.28", "pick_cnt": "5", "played": "5", "win_rate": "0.4000" },
    { "avg_assist": "4.20", "avg_ban_seq": "8.8", "avg_bekill": "3.00", "avg_kill": "0.80", "avg_pick_seq": "0.0", "ban_cnt": "0", "gpm": "524", "hero_id": "130", "hero_name": "宫本武藏", "kda": "1.75", "pick_cnt": "5", "played": "5", "win_rate": "0.2000" },
    { "avg_assist": "2.40", "avg_ban_seq": "9.4", "avg_bekill": "3.40", "avg_kill": "2.20", "avg_pick_seq": "0.0", "ban_cnt": "0", "gpm": "697", "hero_id": "193", "hero_name": "铠", "kda": "2.64", "pick_cnt": "5", "played": "5", "win_rate": "0.4000" },
    { "avg_assist": "4.00", "avg_ban_seq": "8.8", "avg_bekill": "1.75", "avg_kill": "3.50", "avg_pick_seq": "0.0", "ban_cnt": "1", "gpm": "644", "hero_id": "106", "hero_name": "小乔", "kda": "6.29", "pick_cnt": "4", "played": "4", "win_rate": "0.2500" },
    { "avg_assist": "4.75", "avg_ban_seq": "6.7", "avg_bekill": "14.25", "avg_kill": "1.00", "avg_pick_seq": "0.0", "ban_cnt": "3", "gpm": "451", "hero_id": "183", "hero_name": "雅典娜", "kda": "0.43", "pick_cnt": "4", "played": "4", "win_rate": "0.5000" },
    { "avg_assist": "5.00", "avg_ban_seq": "7.3", "avg_bekill": "1.00", "avg_kill": "1.25", "avg_pick_seq": "0.0", "ban_cnt": "3", "gpm": "635", "hero_id": "176", "hero_name": "杨玉环", "kda": "4.75", "pick_cnt": "4", "played": "4", "win_rate": "0.5000" },
    { "avg_assist": "5.00", "avg_ban_seq": "8.8", "avg_bekill": "3.50", "avg_kill": "1.50", "avg_pick_seq": "0.0", "ban_cnt": "1", "gpm": "435", "hero_id": "501", "hero_name": "明世隐", "kda": "1.88", "pick_cnt": "4", "played": "4", "win_rate": "0.2500" },
    { "avg_assist": "4.67", "avg_ban_seq": "9.0", "avg_bekill": "3.00", "avg_kill": "2.00", "avg_pick_seq": "0.0", "ban_cnt": "0", "gpm": "704", "hero_id": "507", "hero_name": "李信", "kda": "2.22", "pick_cnt": "3", "played": "3", "win_rate": "0.6667" },
    { "avg_assist": "5.67", "avg_ban_seq": "7.9", "avg_bekill": "2.33", "avg_kill": "2.00", "avg_pick_seq": "0.0", "ban_cnt": "4", "gpm": "555", "hero_id": "197", "hero_name": "弈星", "kda": "4.25", "pick_cnt": "3", "played": "3", "win_rate": "0.3333" },
    { "avg_assist": "3.50", "avg_ban_seq": "8.7", "avg_bekill": "1.00", "avg_kill": "2.50", "avg_pick_seq": "0.0", "ban_cnt": "1", "gpm": "639", "hero_id": "119", "hero_name": "扁鹊", "kda": "5.00", "pick_cnt": "2", "played": "2", "win_rate": "0.5000" },
    { "avg_assist": "2.50", "avg_ban_seq": "9.5", "avg_bekill": "4.50", "avg_kill": "1.00", "avg_pick_seq": "0.0", "ban_cnt": "0", "gpm": "709", "hero_id": "150", "hero_name": "韩信", "kda": "0.70", "pick_cnt": "2", "played": "2", "win_rate": "0.0000" },
    { "avg_assist": "4.50", "avg_ban_seq": "8.0", "avg_bekill": "4.00", "avg_kill": "3.50", "avg_pick_seq": "0.0", "ban_cnt": "0", "gpm": "604", "hero_id": "137", "hero_name": "司马懿", "kda": "2.13", "pick_cnt": "2", "played": "2", "win_rate": "0.0000" },
    { "avg_assist": "4.00", "avg_ban_seq": "8.5", "avg_bekill": "0.00", "avg_kill": "2.00", "avg_pick_seq": "0.0", "ban_cnt": "0", "gpm": "668", "hero_id": "179", "hero_name": "女娲", "kda": "6.00", "pick_cnt": "2", "played": "2", "win_rate": "0.0000" },
    { "avg_assist": "7.00", "avg_ban_seq": "8.5", "avg_bekill": "3.00", "avg_kill": "1.00", "avg_pick_seq": "0.0", "ban_cnt": "0", "gpm": "477", "hero_id": "117", "hero_name": "钟无艳", "kda": "6.40", "pick_cnt": "2", "played": "2", "win_rate": "0.5000" },
    { "avg_assist": "3.00", "avg_ban_seq": "9.0", "avg_bekill": "7.00", "avg_kill": "6.00", "avg_pick_seq": "0.0", "ban_cnt": "0", "gpm": "706", "hero_id": "506", "hero_name": "云中君", "kda": "1.29", "pick_cnt": "1", "played": "1", "win_rate": "0.0000" },
    { "avg_assist": "0.00", "avg_ban_seq": "8.0", "avg_bekill": "3.00", "avg_kill": "4.00", "avg_pick_seq": "0.0", "ban_cnt": "0", "gpm": "836", "hero_id": "170", "hero_name": "刘备", "kda": "1.33", "pick_cnt": "1", "played": "1", "win_rate": "1.0000" },
    { "avg_assist": "5.00", "avg_ban_seq": "7.0", "avg_bekill": "1.00", "avg_kill": "2.00", "avg_pick_seq": "0.0", "ban_cnt": "0", "gpm": "799", "hero_id": "528", "hero_name": "澜", "kda": "7.00", "pick_cnt": "1", "played": "1", "win_rate": "1.0000" },
    { "avg_assist": "3.00", "avg_ban_seq": "10.0", "avg_bekill": "3.00", "avg_kill": "3.00", "avg_pick_seq": "0.0", "ban_cnt": "0", "gpm": "679", "hero_id": "109", "hero_name": "妲己", "kda": "2.00", "pick_cnt": "1", "played": "1", "win_rate": "0.0000" },
    { "avg_assist": "7.00", "avg_ban_seq": "10.0", "avg_bekill": "7.00", "avg_kill": "1.00", "avg_pick_seq": "0.0", "ban_cnt": "0", "gpm": "331", "hero_id": "175", "hero_name": "钟馗", "kda": "1.14", "pick_cnt": "1", "played": "1", "win_rate": "0.0000" },
    { "avg_assist": "4.00", "avg_ban_seq": "9.0", "avg_bekill": "4.00", "avg_kill": "2.00", "avg_pick_seq": "0.0", "ban_cnt": "1", "gpm": "569", "hero_id": "144", "hero_name": "程咬金", "kda": "1.50", "pick_cnt": "1", "played": "1", "win_rate": "1.0000" },
    { "avg_assist": "5.00", "avg_ban_seq": "9.0", "avg_bekill": "4.00", "avg_kill": "2.00", "avg_pick_seq": "0.0", "ban_cnt": "0", "gpm": "650", "hero_id": "131", "hero_name": "李白", "kda": "1.75", "pick_cnt": "1", "played": "1", "win_rate": "1.0000" }
]