[{ "hero_id": "115", "hero_name": "高渐离" },
    { "hero_id": "116", "hero_name": "阿轲" },
    { "hero_id": "127", "hero_name": "甄姬" },
    { "hero_id": "129", "hero_name": "典韦" },
    { "hero_id": "134", "hero_name": "达摩" },
    { "hero_id": "154", "hero_name": "花木兰" },
    { "hero_id": "155", "hero_name": "艾琳" },
    { "hero_id": "166", "hero_name": "亚瑟" },
    { "hero_id": "167", "hero_name": "孙悟空" },
    { "hero_id": "504", "hero_name": "米莱狄" },
    { "hero_id": "510", "hero_name": "孙策" }
]