[{ "avg_assist": "5.46", "avg_bekill": "3.06", "avg_kill": "1.25", "gpm": "526", "kda": "3.36", "name": "LGD大鹅.君诏", "openid": "C19D0F7E18428F851F9CBED82071436D", "played": "87", "rating": "5.60", "total_kill": "109", "win_rate": "0.5287", "xpm": "200" },
    { "avg_assist": "5.46", "avg_bekill": "1.50", "avg_kill": "2.49", "gpm": "586", "kda": "6.09", "name": "杭州LGD大鹅.剑心", "openid": "5CB464E6753E0DF3D0D9EA6D1B050604", "played": "84", "rating": "5.60", "total_kill": "209", "win_rate": "0.5476", "xpm": "189" },
    { "avg_assist": "4.19", "avg_bekill": "2.54", "avg_kill": "3.15", "gpm": "752", "kda": "4.19", "name": "LGD大鹅.晨阳", "openid": "B0019B42DA5B187F036E30193F5BC1C6", "played": "84", "rating": "5.60", "total_kill": "265", "win_rate": "0.5476", "xpm": "229" },
    { "avg_assist": "4.65", "avg_bekill": "1.87", "avg_kill": "3.52", "gpm": "752", "kda": "5.68", "name": "LGD大鹅.江城", "openid": "576982DDE588DFBF070EE568BC165EE7", "played": "82", "rating": "5.60", "total_kill": "289", "win_rate": "0.5366", "xpm": "185" },
    { "avg_assist": "6.45", "avg_bekill": "1.62", "avg_kill": "2.57", "gpm": "575", "kda": "6.59", "name": "南京Hero.清融", "openid": "B9134A31BCF50E4600D1DEDFB79A2735", "played": "74", "rating": "5.60", "total_kill": "190", "win_rate": "0.5676", "xpm": "210" },
    { "avg_assist": "4.04", "avg_bekill": "2.05", "avg_kill": "3.76", "gpm": "789", "kda": "5.04", "name": "RNGM.虔诚", "openid": "F1BCCA006C3701F765FD5D8AE9DC349F", "played": "74", "rating": "5.60", "total_kill": "278", "win_rate": "0.4730", "xpm": "290" },
    { "avg_assist": "6.85", "avg_bekill": "2.81", "avg_kill": "0.58", "gpm": "412", "kda": "3.85", "name": "RNGM.Zero", "openid": "558B8536033B16FEC1FF02F3E02FC1D1", "played": "74", "rating": "5.60", "total_kill": "43", "win_rate": "0.4730", "xpm": "255" },
    { "avg_assist": "6.11", "avg_bekill": "1.55", "avg_kill": "2.59", "gpm": "637", "kda": "6.25", "name": "成都AG超玩会.笑影", "openid": "6D24B00C1B9E76BCA81D5D7A01DEA2FB", "played": "73", "rating": "5.60", "total_kill": "189", "win_rate": "0.6712", "xpm": "210" },
    { "avg_assist": "4.60", "avg_bekill": "2.52", "avg_kill": "4.00", "gpm": "790", "kda": "5.09", "name": "成都AG超玩会.一诺", "openid": "924F7C93F262FC99443B7C27E9A3D6AA", "played": "73", "rating": "5.60", "total_kill": "292", "win_rate": "0.6712", "xpm": "226" },
    { "avg_assist": "5.51", "avg_bekill": "2.18", "avg_kill": "2.08", "gpm": "569", "kda": "4.73", "name": "RNGM.暴风锐", "openid": "C33F4D32C03321DF09F884E61C01394E", "played": "73", "rating": "5.60", "total_kill": "152", "win_rate": "0.4795", "xpm": "267" },
    { "avg_assist": "4.58", "avg_bekill": "1.82", "avg_kill": "3.75", "gpm": "711", "kda": "5.77", "name": "广州TTG.钎城", "openid": "B85FF8B85DEC3E142B8FD38CF06AE36F", "played": "71", "rating": "5.60", "total_kill": "266", "win_rate": "0.5211", "xpm": "219" },
    { "avg_assist": "6.25", "avg_bekill": "1.90", "avg_kill": "3.10", "gpm": "719", "kda": "6.38", "name": "DYG.易峥", "openid": "E2DA8DAFB90822DA6DA39C6FC40C4172", "played": "71", "rating": "5.60", "total_kill": "220", "win_rate": "0.7606", "xpm": "249" },
    { "avg_assist": "5.13", "avg_bekill": "1.99", "avg_kill": "2.62", "gpm": "633", "kda": "5.23", "name": "广州TTG.九尾", "openid": "5CAC8191AF8F3503F7D7C9B3A3D5D171", "played": "71", "rating": "5.60", "total_kill": "186", "win_rate": "0.5211", "xpm": "215" },
    { "avg_assist": "4.61", "avg_bekill": "2.46", "avg_kill": "3.38", "gpm": "776", "kda": "4.51", "name": "南京Hero.无畏", "openid": "F95EE73A43207678BF73129A2717E243", "played": "71", "rating": "5.60", "total_kill": "240", "win_rate": "0.5775", "xpm": "235" },
    { "avg_assist": "8.08", "avg_bekill": "2.14", "avg_kill": "0.41", "gpm": "427", "kda": "5.66", "name": "广州TTG.冰尘", "openid": "B60BEC66456FDE26DDF9B6F7BCCE6131", "played": "71", "rating": "5.60", "total_kill": "29", "win_rate": "0.5211", "xpm": "199" },
    { "avg_assist": "7.93", "avg_bekill": "2.49", "avg_kill": "0.51", "gpm": "422", "kda": "5.09", "name": "南京Hero.久凡", "openid": "2AE8DD8F971354AEE07F078881E87AE9", "played": "70", "rating": "5.60", "total_kill": "36", "win_rate": "0.5714", "xpm": "205" },
    { "avg_assist": "3.83", "avg_bekill": "3.04", "avg_kill": "2.84", "gpm": "670", "kda": "3.47", "name": "RNGM.晚秋", "openid": "814C5DD9BC3171DB8804746F9842B92F", "played": "70", "rating": "5.60", "total_kill": "199", "win_rate": "0.4571", "xpm": "255" },
    { "avg_assist": "6.03", "avg_bekill": "2.04", "avg_kill": "2.70", "gpm": "624", "kda": "5.45", "name": "DYG.清清", "openid": "7E1379DA0DE522674BE6D3D950792E19", "played": "70", "rating": "5.60", "total_kill": "189", "win_rate": "0.7714", "xpm": "247" },
    { "avg_assist": "8.99", "avg_bekill": "2.16", "avg_kill": "0.67", "gpm": "455", "kda": "6.12", "name": "DYG.星宇", "openid": "8B242820C3F35C0DEFB9F257D4020BC4", "played": "70", "rating": "5.60", "total_kill": "47", "win_rate": "0.7714", "xpm": "225" },
    { "avg_assist": "5.82", "avg_bekill": "1.65", "avg_kill": "2.29", "gpm": "584", "kda": "6.00", "name": "GK.青枫", "openid": "5E31B5644BB92B93CAE202FDBF8CCD5B", "played": "68", "rating": "5.60", "total_kill": "156", "win_rate": "0.5147", "xpm": "176" },
    { "avg_assist": "4.53", "avg_bekill": "2.54", "avg_kill": "2.99", "gpm": "692", "kda": "4.38", "name": "GK.鹏鹏", "openid": "D218F9422931A172DFE2B9160C646C4B", "played": "68", "rating": "5.60", "total_kill": "203", "win_rate": "0.5147", "xpm": "183" },
    { "avg_assist": "4.94", "avg_bekill": "2.22", "avg_kill": "3.66", "gpm": "751", "kda": "5.16", "name": "Ts.暖阳", "openid": "B61E31C87EB42BE852DEADE5273AB0DE", "played": "68", "rating": "5.60", "total_kill": "249", "win_rate": "0.6471", "xpm": "199" },
    { "avg_assist": "4.69", "avg_bekill": "2.40", "avg_kill": "2.94", "gpm": "729", "kda": "4.36", "name": "佛山GK.梦岚", "openid": "891E14BB89089AB10610A3566750F687", "played": "68", "rating": "5.60", "total_kill": "200", "win_rate": "0.5147", "xpm": "179" },
    { "avg_assist": "8.56", "avg_bekill": "2.28", "avg_kill": "0.62", "gpm": "439", "kda": "5.21", "name": "Ts.阿豆", "openid": "6D54271544D17B374436D7189EEBC522", "played": "68", "rating": "5.60", "total_kill": "42", "win_rate": "0.6471", "xpm": "171" },
    { "avg_assist": "6.00", "avg_bekill": "1.75", "avg_kill": "2.50", "gpm": "587", "kda": "6.09", "name": "TS.千世", "openid": "F1B2BA5A27FE61518DCC510C73288D9C", "played": "68", "rating": "5.60", "total_kill": "170", "win_rate": "0.6471", "xpm": "178" },
    { "avg_assist": "4.91", "avg_bekill": "1.66", "avg_kill": "2.31", "gpm": "600", "kda": "5.09", "name": "GK.百兽", "openid": "75F1305CE134654648696BDFCD536C54", "played": "68", "rating": "5.60", "total_kill": "157", "win_rate": "0.5147", "xpm": "171" },
    { "avg_assist": "6.24", "avg_bekill": "2.40", "avg_kill": "1.59", "gpm": "512", "kda": "4.78", "name": "南京Hero.尘夏", "openid": "DBB1AA4588256E9DF8DEA01D8286A0CE", "played": "68", "rating": "5.60", "total_kill": "108", "win_rate": "0.5735", "xpm": "213" },
    { "avg_assist": "6.13", "avg_bekill": "1.64", "avg_kill": "1.69", "gpm": "542", "kda": "5.48", "name": "Ts.神人", "openid": "217E45134E48B0E55522590E23FFE479", "played": "67", "rating": "5.60", "total_kill": "113", "win_rate": "0.6418", "xpm": "180" },
    { "avg_assist": "4.90", "avg_bekill": "2.06", "avg_kill": "4.48", "gpm": "774", "kda": "5.67", "name": "TS.诗酒", "openid": "5D73362D8689CDE756564426B11DF410", "played": "67", "rating": "5.60", "total_kill": "300", "win_rate": "0.6418", "xpm": "197" },
    { "avg_assist": "3.97", "avg_bekill": "1.62", "avg_kill": "4.78", "gpm": "805", "kda": "6.42", "name": "DYG.小义", "openid": "7D1D29C1629432D8FA2E1CE299D1DF0C", "played": "65", "rating": "5.60", "total_kill": "311", "win_rate": "0.7538", "xpm": "271" },
    { "avg_assist": "4.88", "avg_bekill": "2.08", "avg_kill": "3.86", "gpm": "772", "kda": "5.99", "name": "武汉eStarPro.花海", "openid": "6317ACA4810A9CE2501FA24B0050C02F", "played": "65", "rating": "5.60", "total_kill": "251", "win_rate": "0.4923", "xpm": "233" },
    { "avg_assist": "7.51", "avg_bekill": "2.52", "avg_kill": "0.68", "gpm": "432", "kda": "4.80", "name": "武汉eStarPro.无铭", "openid": "BB176EBA5A040011260420E47F5D8D6C", "played": "65", "rating": "5.60", "total_kill": "44", "win_rate": "0.4923", "xpm": "200" },
    { "avg_assist": "4.69", "avg_bekill": "2.58", "avg_kill": "2.48", "gpm": "622", "kda": "3.68", "name": "武汉eStarPro.梓墨", "openid": "A4F5BBC8EF3DE26F0DB66A63C1DCC954", "played": "65", "rating": "5.60", "total_kill": "161", "win_rate": "0.4923", "xpm": "219" },
    { "avg_assist": "4.73", "avg_bekill": "2.54", "avg_kill": "1.68", "gpm": "553", "kda": "3.33", "name": "RNGM.雨雨", "openid": "F87C373893FEE91FC263955B00CA3D0B", "played": "63", "rating": "5.60", "total_kill": "106", "win_rate": "0.4921", "xpm": "179" },
    { "avg_assist": "8.26", "avg_bekill": "2.53", "avg_kill": "0.71", "gpm": "437", "kda": "5.22", "name": "WE.556", "openid": "25529FFCDDC56F87EF590AE5A502A142", "played": "58", "rating": "5.60", "total_kill": "41", "win_rate": "0.4828", "xpm": "161" },
    { "avg_assist": "5.16", "avg_bekill": "2.10", "avg_kill": "4.00", "gpm": "728", "kda": "6.03", "name": "WE.小新", "openid": "AE578BB17CFD55109721263CE8478536", "played": "58", "rating": "5.60", "total_kill": "232", "win_rate": "0.4828", "xpm": "189" },
    { "avg_assist": "6.28", "avg_bekill": "1.88", "avg_kill": "2.81", "gpm": "557", "kda": "6.37", "name": "WE.小A", "openid": "F15B75401D3045CF1AB81B47BF68D43A", "played": "58", "rating": "5.60", "total_kill": "163", "win_rate": "0.4828", "xpm": "174" },
    { "avg_assist": "7.14", "avg_bekill": "2.53", "avg_kill": "0.66", "gpm": "417", "kda": "4.14", "name": "LGD大鹅.清凡", "openid": "25822801F76AF7A8471C0145FFDAC065", "played": "58", "rating": "5.60", "total_kill": "38", "win_rate": "0.5345", "xpm": "120" },
    { "avg_assist": "6.05", "avg_bekill": "2.29", "avg_kill": "1.84", "gpm": "573", "kda": "4.98", "name": "WE.初心", "openid": "D54C8398557919DC2A1588AE1FE5AB63", "played": "58", "rating": "5.60", "total_kill": "107", "win_rate": "0.4828", "xpm": "181" },
    { "avg_assist": "5.56", "avg_bekill": "2.32", "avg_kill": "1.95", "gpm": "581", "kda": "4.53", "name": "VG.762", "openid": "EB48CF52432EABB8A847A1EA8CA6C7F8", "played": "57", "rating": "5.60", "total_kill": "111", "win_rate": "0.4737", "xpm": "206" },
    { "avg_assist": "4.70", "avg_bekill": "2.44", "avg_kill": "3.25", "gpm": "688", "kda": "4.38", "name": "VG.Qy", "openid": "D6D4C5BC0F9EA17C73027A40EA70EA47", "played": "57", "rating": "5.60", "total_kill": "185", "win_rate": "0.4737", "xpm": "219" },
    { "avg_assist": "3.81", "avg_bekill": "1.96", "avg_kill": "3.16", "gpm": "733", "kda": "4.50", "name": "VG.十三", "openid": "FD70952C1A9B936EDDB00609A7440670", "played": "57", "rating": "5.60", "total_kill": "180", "win_rate": "0.4737", "xpm": "221" },
    { "avg_assist": "4.36", "avg_bekill": "2.70", "avg_kill": "2.32", "gpm": "657", "kda": "4.04", "name": "TES.湘军", "openid": "07DA0ABB073DFD9BBEF79B4AA9C19AD9", "played": "56", "rating": "5.60", "total_kill": "130", "win_rate": "0.4107", "xpm": "253" },
    { "avg_assist": "4.80", "avg_bekill": "1.89", "avg_kill": "2.23", "gpm": "589", "kda": "4.24", "name": "TES.花卷", "openid": "72E2A6C9A3D10B063D0AC5FE559213DA", "played": "56", "rating": "5.60", "total_kill": "125", "win_rate": "0.4107", "xpm": "231" },
    { "avg_assist": "8.50", "avg_bekill": "2.23", "avg_kill": "0.71", "gpm": "466", "kda": "5.60", "name": "成都AG超玩会.爱思", "openid": "51C3A4979ADDE9E23CE73E176DE64319", "played": "56", "rating": "5.60", "total_kill": "40", "win_rate": "0.6607", "xpm": "168" },
    { "avg_assist": "3.79", "avg_bekill": "1.80", "avg_kill": "3.04", "gpm": "706", "kda": "4.53", "name": "TES.小鹏", "openid": "47C78EE0A4740C1AACA1C50839750428", "played": "56", "rating": "5.60", "total_kill": "170", "win_rate": "0.4107", "xpm": "242" },
    { "avg_assist": "4.22", "avg_bekill": "2.84", "avg_kill": "3.00", "gpm": "703", "kda": "3.80", "name": "广州TTG.绑兔", "openid": "45542A4391B5BE4A0240153385EE51AD", "played": "55", "rating": "5.60", "total_kill": "165", "win_rate": "0.5636", "xpm": "254" },
    { "avg_assist": "4.98", "avg_bekill": "2.54", "avg_kill": "2.70", "gpm": "641", "kda": "4.76", "name": "武汉eStarPro.纵情", "openid": "253E4A1FC4BABC9E6563A23D93070F4C", "played": "54", "rating": "5.60", "total_kill": "146", "win_rate": "0.5370", "xpm": "262" },
    { "avg_assist": "3.39", "avg_bekill": "1.65", "avg_kill": "2.78", "gpm": "698", "kda": "3.94", "name": "RW侠.Huayun", "openid": "E20DC214C3065406F4162B17E37030F4", "played": "54", "rating": "5.60", "total_kill": "150", "win_rate": "0.2963", "xpm": "227" },
    { "avg_assist": "3.72", "avg_bekill": "2.04", "avg_kill": "3.00", "gpm": "737", "kda": "4.52", "name": "上海EDGM.初晨", "openid": "65907C634614595853DF76D9708F0E04", "played": "54", "rating": "5.60", "total_kill": "162", "win_rate": "0.2778", "xpm": "204" },
    { "avg_assist": "3.74", "avg_bekill": "2.69", "avg_kill": "2.31", "gpm": "667", "kda": "3.32", "name": "RW侠.Djie", "openid": "8DE9AA986DBA66F6F9D813357E61D7C3", "played": "54", "rating": "5.60", "total_kill": "125", "win_rate": "0.2963", "xpm": "228" },
    { "avg_assist": "4.43", "avg_bekill": "1.41", "avg_kill": "1.57", "gpm": "563", "kda": "4.30", "name": "RW侠.Yguo", "openid": "F20A79CABDFBFD552C72E1E72379A885", "played": "54", "rating": "5.60", "total_kill": "85", "win_rate": "0.2963", "xpm": "210" },
    { "avg_assist": "4.22", "avg_bekill": "1.93", "avg_kill": "1.46", "gpm": "545", "kda": "3.47", "name": "上海EDGM.柠栀", "openid": "A7AAD11E26643813D72EFEBD3B0EBD28", "played": "54", "rating": "5.60", "total_kill": "79", "win_rate": "0.2778", "xpm": "179" },
    { "avg_assist": "7.58", "avg_bekill": "2.56", "avg_kill": "0.77", "gpm": "425", "kda": "5.21", "name": "GK.阿改", "openid": "1D9FE3C27E1D59E8DAC386A9962F0955", "played": "52", "rating": "5.60", "total_kill": "40", "win_rate": "0.5385", "xpm": "81" },
    { "avg_assist": "7.43", "avg_bekill": "1.82", "avg_kill": "2.16", "gpm": "587", "kda": "6.67", "name": "DYG.萧玦", "openid": "266AEF44E79032783D720F7709D50BEB", "played": "51", "rating": "5.60", "total_kill": "110", "win_rate": "0.8039", "xpm": "300" },
    { "avg_assist": "6.62", "avg_bekill": "2.36", "avg_kill": "0.62", "gpm": "406", "kda": "4.74", "name": "重庆QGhappy.许诺", "openid": "9C0EBC8C5FDAB2B947FE66D477F1F683", "played": "50", "rating": "5.60", "total_kill": "31", "win_rate": "0.5000", "xpm": "229" },
    { "avg_assist": "5.20", "avg_bekill": "1.76", "avg_kill": "2.58", "gpm": "563", "kda": "5.69", "name": "重庆QGhappy.末将", "openid": "73D09DF6368EAA1198B9B43DCDCA8536", "played": "50", "rating": "5.60", "total_kill": "129", "win_rate": "0.5000", "xpm": "257" },
    { "avg_assist": "5.00", "avg_bekill": "1.56", "avg_kill": "2.88", "gpm": "673", "kda": "6.06", "name": "重庆QGhappy.妖刀 ", "openid": "C9D941685D82271FE93B9D835B50BDBE", "played": "50", "rating": "5.60", "total_kill": "144", "win_rate": "0.5000", "xpm": "269" },
    { "avg_assist": "6.18", "avg_bekill": "1.78", "avg_kill": "1.98", "gpm": "563", "kda": "5.36", "name": "武汉eStarPro.无心", "openid": "F7E2ECFD7976D8FE5253CEA2909ACA39", "played": "49", "rating": "5.60", "total_kill": "97", "win_rate": "0.5714", "xpm": "253" },
    { "avg_assist": "5.37", "avg_bekill": "1.80", "avg_kill": "1.80", "gpm": "588", "kda": "4.85", "name": "重庆QGhappy.Fly", "openid": "81AEA3A32BA205D61F400FA612808490", "played": "49", "rating": "5.60", "total_kill": "88", "win_rate": "0.5102", "xpm": "253" },
    { "avg_assist": "6.17", "avg_bekill": "2.79", "avg_kill": "0.33", "gpm": "411", "kda": "3.34", "name": "TES.KoKo", "openid": "91C65C11C1BA16F63A59C4E571394E18", "played": "48", "rating": "5.60", "total_kill": "16", "win_rate": "0.4167", "xpm": "225" },
    { "avg_assist": "3.94", "avg_bekill": "1.89", "avg_kill": "3.23", "gpm": "725", "kda": "4.70", "name": "重庆QGhappy.Hurt", "openid": "B8982198AC67B048D317C07DE73F4962", "played": "47", "rating": "5.60", "total_kill": "152", "win_rate": "0.4468", "xpm": "265" },
    { "avg_assist": "5.53", "avg_bekill": "2.64", "avg_kill": "0.33", "gpm": "394", "kda": "2.79", "name": "上海EDGM.然然", "openid": "7CE77E2ED591290892C5403E8356D39A", "played": "45", "rating": "5.60", "total_kill": "15", "win_rate": "0.2667", "xpm": "189" },
    { "avg_assist": "4.84", "avg_bekill": "1.98", "avg_kill": "3.64", "gpm": "722", "kda": "5.52", "name": "成都AG超玩会.汤汤", "openid": "7DE8C75A050BE3A6615F952899C1782E", "played": "45", "rating": "5.60", "total_kill": "164", "win_rate": "0.7556", "xpm": "140" },
    { "avg_assist": "5.91", "avg_bekill": "2.43", "avg_kill": "1.57", "gpm": "526", "kda": "4.41", "name": "广州TTG.晨羽", "openid": "90CB31CB3488C2247942B6D1EB24891F", "played": "44", "rating": "5.60", "total_kill": "69", "win_rate": "0.5455", "xpm": "81" },
    { "avg_assist": "3.59", "avg_bekill": "2.02", "avg_kill": "3.66", "gpm": "737", "kda": "4.61", "name": "南京Hero.星痕", "openid": "9F13A5F29B96662F5C16147FB67AB955", "played": "44", "rating": "5.60", "total_kill": "161", "win_rate": "0.5227", "xpm": "108" },
    { "avg_assist": "6.86", "avg_bekill": "2.31", "avg_kill": "1.43", "gpm": "539", "kda": "5.33", "name": "成都AG超玩会.6.6 ", "openid": "38A1A5401569451A53BCA340154E5B3B", "played": "42", "rating": "5.60", "total_kill": "60", "win_rate": "0.6429", "xpm": "209" },
    { "avg_assist": "5.51", "avg_bekill": "2.71", "avg_kill": "0.88", "gpm": "395", "kda": "2.88", "name": "KS.YTG.小智", "openid": "F6F7F6E86FF0DF5B9B880A65672E2EC5", "played": "41", "rating": "5.60", "total_kill": "36", "win_rate": "0.1707", "xpm": "104" },
    { "avg_assist": "5.21", "avg_bekill": "1.97", "avg_kill": "3.77", "gpm": "741", "kda": "5.81", "name": "南京Hero.久酷", "openid": "173D32D798D7CA169EB60BE1B0D4E4FB", "played": "39", "rating": "5.60", "total_kill": "147", "win_rate": "0.5897", "xpm": "328" },
    { "avg_assist": "4.13", "avg_bekill": "2.55", "avg_kill": "2.11", "gpm": "676", "kda": "3.19", "name": "YTG.夏天", "openid": "7F7B2244B823795821247DD45B7572FD", "played": "38", "rating": "5.60", "total_kill": "80", "win_rate": "0.1842", "xpm": "77" },
    { "avg_assist": "3.72", "avg_bekill": "2.22", "avg_kill": "2.33", "gpm": "563", "kda": "4.06", "name": "KS.YTG.青浪", "openid": "6EF57E102F9A23CC825DDC1ED5D55F3B", "played": "36", "rating": "5.60", "total_kill": "84", "win_rate": "0.1667", "xpm": "141" },
    { "avg_assist": "7.29", "avg_bekill": "3.03", "avg_kill": "0.50", "gpm": "407", "kda": "4.27", "name": "VG.TiGer", "openid": "44519BEABF41B3C9C5BAB0AC33E3F6B7", "played": "34", "rating": "5.60", "total_kill": "17", "win_rate": "0.5588", "xpm": "138" },
    { "avg_assist": "4.70", "avg_bekill": "1.91", "avg_kill": "3.03", "gpm": "721", "kda": "5.40", "name": "重庆QGhappy.小胖", "openid": "32A60408B2D697ABC6F8F84919412C37", "played": "33", "rating": "5.60", "total_kill": "100", "win_rate": "0.5758", "xpm": "102" },
    { "avg_assist": "5.94", "avg_bekill": "1.94", "avg_kill": "1.79", "gpm": "571", "kda": "4.94", "name": "VG.月色", "openid": "C2A0F3FB93F7CD5613AE375B4B1D9C94", "played": "33", "rating": "5.60", "total_kill": "59", "win_rate": "0.4848", "xpm": "300" },
    { "avg_assist": "4.06", "avg_bekill": "1.85", "avg_kill": "3.33", "gpm": "727", "kda": "5.46", "name": "西安WE.依恋", "openid": "741E66A4E4BCEB1B6B2C881174B96FE3", "played": "33", "rating": "5.60", "total_kill": "110", "win_rate": "0.3333", "xpm": "251" },
    { "avg_assist": "6.16", "avg_bekill": "2.38", "avg_kill": "1.44", "gpm": "543", "kda": "4.07", "name": "成都AG超玩会.啊泽", "openid": "E975CFD0CBA30C4AD52FC03F255E772F", "played": "32", "rating": "5.60", "total_kill": "46", "win_rate": "0.6875", "xpm": "179" },
    { "avg_assist": "3.03", "avg_bekill": "2.81", "avg_kill": "1.65", "gpm": "620", "kda": "2.06", "name": "YTG.沽酒", "openid": "84D734C7C7990CE6518DAED05C25C8DF", "played": "31", "rating": "5.60", "total_kill": "51", "win_rate": "0.1935", "xpm": "247" },
    { "avg_assist": "3.32", "avg_bekill": "2.74", "avg_kill": "1.52", "gpm": "549", "kda": "2.50", "name": "RW侠.Dnan", "openid": "1B21D19644EBED5C05E13E37C648697D", "played": "31", "rating": "5.60", "total_kill": "47", "win_rate": "0.2258", "xpm": "312" },
    { "avg_assist": "3.26", "avg_bekill": "2.68", "avg_kill": "1.94", "gpm": "622", "kda": "2.73", "name": "TES.迷神", "openid": "5023AD9F6841811669BD74413DDD8A60", "played": "31", "rating": "5.60", "total_kill": "60", "win_rate": "0.4839", "xpm": "269" },
    { "avg_assist": "5.93", "avg_bekill": "2.79", "avg_kill": "0.45", "gpm": "419", "kda": "3.11", "name": "RW侠.Cbuqi", "openid": "E8A2A312B6A17CDAA74FF27EBEE1E75A", "played": "29", "rating": "5.60", "total_kill": "13", "win_rate": "0.3793", "xpm": "254" },
    { "avg_assist": "8.14", "avg_bekill": "2.21", "avg_kill": "0.72", "gpm": "432", "kda": "6.01", "name": "LGD大鹅.无羡", "openid": "3B5BEC2216BE2997B83ABAB7D5CF7EEE", "played": "29", "rating": "5.60", "total_kill": "21", "win_rate": "0.5172", "xpm": "312" },
    { "avg_assist": "2.82", "avg_bekill": "2.86", "avg_kill": "1.71", "gpm": "666", "kda": "2.04", "name": "YTG.晨晨", "openid": "4E807031C0F9AF10591B4EFC083C9735", "played": "28", "rating": "5.60", "total_kill": "48", "win_rate": "0.1071", "xpm": "334" },
    { "avg_assist": "3.81", "avg_bekill": "2.11", "avg_kill": "2.19", "gpm": "605", "kda": "3.71", "name": "广州TTG.易瞳", "openid": "11B1E4A5877119E38789702C7BCAECEE", "played": "27", "rating": "5.60", "total_kill": "59", "win_rate": "0.4815", "xpm": "390" },
    { "avg_assist": "5.12", "avg_bekill": "1.19", "avg_kill": "2.08", "gpm": "564", "kda": "6.15", "name": "上海EDGM.辰安", "openid": "F28BE03F74FEBD63DF5EFBD4AE057FDD", "played": "26", "rating": "5.60", "total_kill": "54", "win_rate": "0.3846", "xpm": "284" },
    { "avg_assist": "2.81", "avg_bekill": "2.69", "avg_kill": "2.31", "gpm": "663", "kda": "2.79", "name": "上海EDGM.yuan", "openid": "1B53F1D968D2449302BC0959A96C729B", "played": "26", "rating": "5.60", "total_kill": "60", "win_rate": "0.3077", "xpm": "98" },
    { "avg_assist": "5.52", "avg_bekill": "3.40", "avg_kill": "0.52", "gpm": "408", "kda": "3.20", "name": "RW侠.Chengkun", "openid": "9D87D9863D32421E8C9F6249E76CC60B", "played": "25", "rating": "5.60", "total_kill": "13", "win_rate": "0.2000", "xpm": "136" },
    { "avg_assist": "4.20", "avg_bekill": "2.60", "avg_kill": "1.88", "gpm": "559", "kda": "3.45", "name": "TES.苏沫", "openid": "A727955E2BBCC4F98A02DC882A4E0A69", "played": "25", "rating": "5.60", "total_kill": "47", "win_rate": "0.3200", "xpm": "179" },
    { "avg_assist": "6.32", "avg_bekill": "1.96", "avg_kill": "3.72", "gpm": "713", "kda": "6.49", "name": "WE.Best", "openid": "3DB7CBEEB6F80096A052005A0F1762F2", "played": "25", "rating": "5.60", "total_kill": "93", "win_rate": "0.6800", "xpm": "101" },
    { "avg_assist": "4.46", "avg_bekill": "2.75", "avg_kill": "2.58", "gpm": "621", "kda": "3.84", "name": "YTG.冷心", "openid": "6912EAD5AC03560B435FCDC45D02CDDA", "played": "24", "rating": "5.60", "total_kill": "62", "win_rate": "0.1667", "xpm": "174" },
    { "avg_assist": "5.83", "avg_bekill": "2.33", "avg_kill": "1.62", "gpm": "524", "kda": "3.68", "name": "VG.笑", "openid": "EBEFAF54423F49235FE48C34A3BD9722", "played": "24", "rating": "5.60", "total_kill": "39", "win_rate": "0.4583", "xpm": "75" },
    { "avg_assist": "6.61", "avg_bekill": "2.74", "avg_kill": "0.52", "gpm": "416", "kda": "4.27", "name": "VG.萌神", "openid": "B9E6B6FFCA0BBA0CA6E6545799E4C83D", "played": "23", "rating": "5.60", "total_kill": "12", "win_rate": "0.3478", "xpm": "276" },
    { "avg_assist": "3.87", "avg_bekill": "2.04", "avg_kill": "1.83", "gpm": "534", "kda": "3.65", "name": "上海EDGM.浪浪", "openid": "B58E5BEB1CAC18ADF1300F9877348CA4", "played": "23", "rating": "5.60", "total_kill": "42", "win_rate": "0.1739", "xpm": "69" },
    { "avg_assist": "4.64", "avg_bekill": "2.05", "avg_kill": "1.41", "gpm": "560", "kda": "3.89", "name": "上海EDGM.小北", "openid": "05051129D58DA746DB044EA37947978B", "played": "22", "rating": "5.60", "total_kill": "31", "win_rate": "0.3182", "xpm": "87" },
    { "avg_assist": "6.35", "avg_bekill": "1.85", "avg_kill": "2.45", "gpm": "595", "kda": "6.47", "name": "DYG.久诚", "openid": "919D5E5E2A9039A5E7393859C9B4E012", "played": "20", "rating": "5.60", "total_kill": "49", "win_rate": "0.6500", "xpm": "93" },
    { "avg_assist": "3.65", "avg_bekill": "2.90", "avg_kill": "1.40", "gpm": "561", "kda": "1.85", "name": "RW侠.洋洋", "openid": "DE37B5199733F907D9E678C85848DBEF", "played": "20", "rating": "5.60", "total_kill": "28", "win_rate": "0.4500", "xpm": "83" },
    { "avg_assist": "4.63", "avg_bekill": "1.95", "avg_kill": "1.79", "gpm": "603", "kda": "3.88", "name": "重庆QGhappy.杰杰", "openid": "24A0AD15444D76177EC6A396CD143DAE", "played": "19", "rating": "5.60", "total_kill": "34", "win_rate": "0.4737", "xpm": "120" },
    { "avg_assist": "4.11", "avg_bekill": "2.63", "avg_kill": "1.89", "gpm": "556", "kda": "3.15", "name": "YTG.一曲", "openid": "FC5ABA0CFD7BAB3E6AD935FC94980E3E", "played": "19", "rating": "5.60", "total_kill": "36", "win_rate": "0.0526", "xpm": "311" },
    { "avg_assist": "5.94", "avg_bekill": "3.17", "avg_kill": "0.61", "gpm": "412", "kda": "4.32", "name": "重庆QGhappy.帆帆", "openid": "29F240524C1D1CD365DEF6C5FB3163D0", "played": "18", "rating": "5.60", "total_kill": "11", "win_rate": "0.5000", "xpm": "73" },
    { "avg_assist": "5.61", "avg_bekill": "1.39", "avg_kill": "1.72", "gpm": "567", "kda": "5.18", "name": "重庆QGhappy.向鱼", "openid": "9D9BA884970D4843EBCBA67AE45DFB47", "played": "18", "rating": "5.60", "total_kill": "31", "win_rate": "0.5000", "xpm": "83" },
    { "avg_assist": "4.22", "avg_bekill": "4.06", "avg_kill": "1.17", "gpm": "558", "kda": "1.28", "name": "YTG.路西法", "openid": "B0CDF2F5F1199932608F6B65DC23DE54", "played": "18", "rating": "5.60", "total_kill": "21", "win_rate": "0.0556", "xpm": "76" },
    { "avg_assist": "3.00", "avg_bekill": "2.11", "avg_kill": "3.06", "gpm": "723", "kda": "3.97", "name": "成都AG超玩会.七年", "openid": "B55D06F690915809C40AF962152BE477", "played": "18", "rating": "5.60", "total_kill": "55", "win_rate": "0.5556", "xpm": "446" },
    { "avg_assist": "7.35", "avg_bekill": "3.06", "avg_kill": "0.47", "gpm": "421", "kda": "3.86", "name": "成都AG超玩会.最初", "openid": "75A0E028EC2BF9D41710669411CD19F8", "played": "17", "rating": "5.60", "total_kill": "8", "win_rate": "0.7059", "xpm": "249" },
    { "avg_assist": "4.56", "avg_bekill": "3.06", "avg_kill": "1.38", "gpm": "557", "kda": "2.13", "name": "武汉eStarPro.Cat", "openid": "A25A35A18EE5DC93117789871D929E83", "played": "16", "rating": "5.60", "total_kill": "22", "win_rate": "0.2500", "xpm": "97" },
    { "avg_assist": "3.44", "avg_bekill": "2.00", "avg_kill": "2.50", "gpm": "669", "kda": "3.86", "name": "广州TTG.XQ.1987", "openid": "B856AF18D07A0ABDCA896D7CFFAE20AB", "played": "16", "rating": "5.60", "total_kill": "40", "win_rate": "0.3750", "xpm": "113" },
    { "avg_assist": "6.31", "avg_bekill": "3.00", "avg_kill": "0.25", "gpm": "408", "kda": "3.41", "name": "GK.伊恩", "openid": "1ADE7C65DFA7373C8DEC4B7477E636A1", "played": "16", "rating": "5.60", "total_kill": "4", "win_rate": "0.4375", "xpm": "406" },
    { "avg_assist": "4.87", "avg_bekill": "2.53", "avg_kill": "1.00", "gpm": "544", "kda": "3.41", "name": "RNGM.Xduxiu", "openid": "B7EF489236AC3EEB0DBC5956CF8C2606", "played": "15", "rating": "5.60", "total_kill": "15", "win_rate": "0.4667", "xpm": "704" },
    { "avg_assist": "4.73", "avg_bekill": "2.00", "avg_kill": "1.67", "gpm": "602", "kda": "4.23", "name": "上海EDGM.旧梦", "openid": "6032526B0E40970311FC5BA4BC1CC987", "played": "15", "rating": "5.60", "total_kill": "25", "win_rate": "0.2000", "xpm": "433" },
    { "avg_assist": "3.91", "avg_bekill": "2.45", "avg_kill": "2.36", "gpm": "667", "kda": "3.56", "name": "武汉eStarPro.今屿", "openid": "4A0A09289775D2E149FAC04A94E8E706", "played": "11", "rating": "5.60", "total_kill": "26", "win_rate": "0.2727", "xpm": "115" },
    { "avg_assist": "2.22", "avg_bekill": "3.22", "avg_kill": "1.22", "gpm": "535", "kda": "1.04", "name": "KS.YTG.冷陌", "openid": "342FEDFF41F1D18B20B20B2B27A186A2", "played": "9", "rating": "5.60", "total_kill": "11", "win_rate": "0.0000", "xpm": "556" },
    { "avg_assist": "3.56", "avg_bekill": "2.44", "avg_kill": "3.22", "gpm": "662", "kda": "4.07", "name": "成都AG超玩会.麟羽", "openid": "A30C615EA7B9566AE41FBDCAA4CF16D9", "played": "9", "rating": "5.60", "total_kill": "29", "win_rate": "0.5556", "xpm": "210" },
    { "avg_assist": "5.25", "avg_bekill": "2.88", "avg_kill": "0.00", "gpm": "388", "kda": "2.44", "name": "TES.夏竹", "openid": "AD5024CF823765963E8F42BDA2EA51DE", "played": "8", "rating": "5.60", "total_kill": "0", "win_rate": "0.3750", "xpm": "67" },
    { "avg_assist": "6.67", "avg_bekill": "1.50", "avg_kill": "2.83", "gpm": "604", "kda": "7.28", "name": "DYG.Giao", "openid": "A3E0E22D1318A29370AF1C850A5BD45B", "played": "6", "rating": "5.60", "total_kill": "17", "win_rate": "0.8333", "xpm": "94" },
    { "avg_assist": "3.67", "avg_bekill": "2.67", "avg_kill": "2.17", "gpm": "626", "kda": "3.64", "name": "重庆QGhappy.139", "openid": "9F5F22A0D3101ED7B3AA6D637D5B4348", "played": "6", "rating": "5.60", "total_kill": "13", "win_rate": "0.5000", "xpm": "87" },
    { "avg_assist": "4.40", "avg_bekill": "1.60", "avg_kill": "1.00", "gpm": "510", "kda": "4.07", "name": "上海EDGM.温旭", "openid": "CAE449FCECAA014CB9B6C3CD335A9A69", "played": "5", "rating": "5.60", "total_kill": "5", "win_rate": "0.2000", "xpm": "59" },
    { "avg_assist": "4.80", "avg_bekill": "2.20", "avg_kill": "2.60", "gpm": "597", "kda": "5.55", "name": "杭州LGD大鹅.暖海", "openid": "B35B984A6AB21068B8FB77267735F93A", "played": "5", "rating": "5.60", "total_kill": "13", "win_rate": "0.4000", "xpm": "832" },
    { "avg_assist": "5.75", "avg_bekill": "4.25", "avg_kill": "0.00", "gpm": "421", "kda": "1.49", "name": "KS.YTG.九月", "openid": "55833AAED46B1045AFE756BA8C0B4F07", "played": "4", "rating": "5.60", "total_kill": "0", "win_rate": "0.0000", "xpm": "730" },
    { "avg_assist": "8.50", "avg_bekill": "3.50", "avg_kill": "0.50", "gpm": "417", "kda": "4.91", "name": "南京Hero.子阳", "openid": "6A3F17E8187CCCAB514B6BE9A8F7C209", "played": "4", "rating": "5.60", "total_kill": "2", "win_rate": "0.5000", "xpm": "81" },
    { "avg_assist": "4.33", "avg_bekill": "2.00", "avg_kill": "1.33", "gpm": "586", "kda": "3.33", "name": "LGD大鹅.一梦", "openid": "A62056113852C8BD1AE1171C33D32ABA", "played": "3", "rating": "5.60", "total_kill": "4", "win_rate": "0.0000", "xpm": "781" },
    { "avg_assist": "1.67", "avg_bekill": "3.67", "avg_kill": "2.67", "gpm": "645", "kda": "1.78", "name": "RW侠.不然", "openid": "C0BDDF50FB07FCE424537BFE33078807", "played": "3", "rating": "5.60", "total_kill": "8", "win_rate": "0.0000", "xpm": "91" },
    { "avg_assist": "2.33", "avg_bekill": "2.67", "avg_kill": "2.00", "gpm": "624", "kda": "1.42", "name": "杭州LGD大鹅.亦屿", "openid": "6CD61088CEB77461E80279446A0FD6D5", "played": "3", "rating": "5.60", "total_kill": "6", "win_rate": "0.0000", "xpm": "99" },
    { "avg_assist": "1.00", "avg_bekill": "4.00", "avg_kill": "0.00", "gpm": "558", "kda": "0.20", "name": "YTG.小壳", "openid": "DC038568C171B98D6EC9EE60B2F0F657", "played": "2", "rating": "5.60", "total_kill": "0", "win_rate": "0.0000", "xpm": "872" },
    { "avg_assist": "1.00", "avg_bekill": "4.00", "avg_kill": "2.00", "gpm": "606", "kda": "0.75", "name": "WB.TS.苏苏", "openid": "E884C61EEBC10323A6EF82E53F2CC55D", "played": "1", "rating": "5.60", "total_kill": "2", "win_rate": "1.0000", "xpm": "102" },
    { "avg_assist": "3.00", "avg_bekill": "2.00", "avg_kill": "5.00", "gpm": "917", "kda": "4.00", "name": "TS.闪光", "openid": "20319A5C29E6B4A8F0B803794650B527", "played": "1", "rating": "5.60", "total_kill": "5", "win_rate": "1.0000", "xpm": "102" },
    { "avg_assist": "4.00", "avg_bekill": "2.00", "avg_kill": "0.00", "gpm": "435", "kda": "2.00", "name": "DYG.风停", "openid": "C49BCF9F5A17F680042924470DDA58C6", "played": "1", "rating": "5.60", "total_kill": "0", "win_rate": "0.0000", "xpm": "111" },
    { "avg_assist": "0.00", "avg_bekill": "0.00", "avg_kill": "1.00", "gpm": "552", "kda": "1.00", "name": "RNGM.天真", "openid": "2CBC15A49E006EC46D2B4C10741ED097", "played": "1", "rating": "5.60", "total_kill": "1", "win_rate": "0.0000", "xpm": "96" },
    { "avg_assist": "4.00", "avg_bekill": "2.00", "avg_kill": "0.00", "gpm": "362", "kda": "2.00", "name": "DYG.晓明", "openid": "B3B7CBE7C8EC25DB986BB1D7AA674F72", "played": "1", "rating": "5.60", "total_kill": "0", "win_rate": "0.0000", "xpm": "55" }
]