[
    { "hero1_id": "134", "hero1_name": "达摩", "hero2_id": "190", "hero2_name": "诸葛亮", "played": "62", "win_rate": "0.5323" },
    { "hero1_id": "154", "hero1_name": "花木兰", "hero2_id": "157", "hero2_name": "不知火舞", "played": "53", "win_rate": "0.5283" },
    { "hero1_id": "134", "hero1_name": "达摩", "hero2_id": "157", "hero2_name": "不知火舞", "played": "52", "win_rate": "0.5000" },
    { "hero1_id": "171", "hero1_name": "张飞", "hero2_id": "190", "hero2_name": "诸葛亮", "played": "51", "win_rate": "0.6667" },
    { "hero1_id": "154", "hero1_name": "花木兰", "hero2_id": "171", "hero2_name": "张飞", "played": "49", "win_rate": "0.6327" },
    { "hero1_id": "128", "hero1_name": "曹操", "hero2_id": "190", "hero2_name": "诸葛亮", "played": "47", "win_rate": "0.4681" },
    { "hero1_id": "154", "hero1_name": "花木兰", "hero2_id": "189", "hero2_name": "鬼谷子", "played": "47", "win_rate": "0.5106" },
    { "hero1_id": "157", "hero1_name": "不知火舞", "hero2_id": "171", "hero2_name": "张飞", "played": "46", "win_rate": "0.5000" },
    { "hero1_id": "180", "hero1_name": "哪吒", "hero2_id": "190", "hero2_name": "诸葛亮", "played": "43", "win_rate": "0.5116" },
    { "hero1_id": "134", "hero1_name": "达摩", "hero2_id": "171", "hero2_name": "张飞", "played": "42", "win_rate": "0.5952" },
    { "hero1_id": "189", "hero1_name": "鬼谷子", "hero2_id": "190", "hero2_name": "诸葛亮", "played": "40", "win_rate": "0.5250" },
    { "hero1_id": "128", "hero1_name": "曹操", "hero2_id": "171", "hero2_name": "张飞", "played": "39", "win_rate": "0.5641" },
    { "hero1_id": "154", "hero1_name": "花木兰", "hero2_id": "190", "hero2_name": "诸葛亮", "played": "39", "win_rate": "0.6923" },
    { "hero1_id": "134", "hero1_name": "达摩", "hero2_id": "189", "hero2_name": "鬼谷子", "played": "37", "win_rate": "0.5135" },
    { "hero1_id": "118", "hero1_name": "孙膑", "hero2_id": "154", "hero2_name": "花木兰", "played": "36", "win_rate": "0.5278" },
    { "hero1_id": "134", "hero1_name": "达摩", "hero2_id": "154", "hero2_name": "花木兰", "played": "36", "win_rate": "0.6111" },
    { "hero1_id": "139", "hero1_name": "老夫子", "hero2_id": "171", "hero2_name": "张飞", "played": "36", "win_rate": "0.5556" },
    { "hero1_id": "118", "hero1_name": "孙膑", "hero2_id": "134", "hero2_name": "达摩", "played": "35", "win_rate": "0.4857" },
    { "hero1_id": "111", "hero1_name": "孙尚香", "hero2_id": "190", "hero2_name": "诸葛亮", "played": "35", "win_rate": "0.4571" },
    { "hero1_id": "139", "hero1_name": "老夫子", "hero2_id": "190", "hero2_name": "诸葛亮", "played": "35", "win_rate": "0.6571" },
    { "hero1_id": "139", "hero1_name": "老夫子", "hero2_id": "157", "hero2_name": "不知火舞", "played": "34", "win_rate": "0.5294" },
    { "hero1_id": "171", "hero1_name": "张飞", "hero2_id": "173", "hero2_name": "李元芳", "played": "34", "win_rate": "0.6176" },
    { "hero1_id": "157", "hero1_name": "不知火舞", "hero2_id": "189", "hero2_name": "鬼谷子", "played": "33", "win_rate": "0.5152" },
    { "hero1_id": "154", "hero1_name": "花木兰", "hero2_id": "174", "hero2_name": "虞姬", "played": "32", "win_rate": "0.6563" },
    { "hero1_id": "132", "hero1_name": "马可波罗", "hero2_id": "134", "hero2_name": "达摩", "played": "32", "win_rate": "0.4063" },
    { "hero1_id": "157", "hero1_name": "不知火舞", "hero2_id": "178", "hero2_name": "杨戬", "played": "32", "win_rate": "0.3750" },
    { "hero1_id": "118", "hero1_name": "孙膑", "hero2_id": "140", "hero2_name": "关羽", "played": "30", "win_rate": "0.5000" },
    { "hero1_id": "134", "hero1_name": "达摩", "hero2_id": "187", "hero2_name": "东皇太一", "played": "30", "win_rate": "0.6000" },
    { "hero1_id": "154", "hero1_name": "花木兰", "hero2_id": "173", "hero2_name": "李元芳", "played": "30", "win_rate": "0.6333" },
    { "hero1_id": "111", "hero1_name": "孙尚香", "hero2_id": "134", "hero2_name": "达摩", "played": "29", "win_rate": "0.4828" },
    { "hero1_id": "157", "hero1_name": "不知火舞", "hero2_id": "174", "hero2_name": "虞姬", "played": "28", "win_rate": "0.5357" },
    { "hero1_id": "162", "hero1_name": "娜可露露", "hero2_id": "190", "hero2_name": "诸葛亮", "played": "28", "win_rate": "0.5357" },
    { "hero1_id": "134", "hero1_name": "达摩", "hero2_id": "173", "hero2_name": "李元芳", "played": "28", "win_rate": "0.5357" },
    { "hero1_id": "128", "hero1_name": "曹操", "hero2_id": "173", "hero2_name": "李元芳", "played": "28", "win_rate": "0.4643" },
    { "hero1_id": "140", "hero1_name": "关羽", "hero2_id": "190", "hero2_name": "诸葛亮", "played": "27", "win_rate": "0.4815" },
    { "hero1_id": "187", "hero1_name": "东皇太一", "hero2_id": "190", "hero2_name": "诸葛亮", "played": "27", "win_rate": "0.5185" },
    { "hero1_id": "132", "hero1_name": "马可波罗", "hero2_id": "190", "hero2_name": "诸葛亮", "played": "27", "win_rate": "0.4815" },
    { "hero1_id": "111", "hero1_name": "孙尚香", "hero2_id": "154", "hero2_name": "花木兰", "played": "27", "win_rate": "0.5556" },
    { "hero1_id": "162", "hero1_name": "娜可露露", "hero2_id": "174", "hero2_name": "虞姬", "played": "27", "win_rate": "0.5556" },
    { "hero1_id": "178", "hero1_name": "杨戬", "hero2_id": "190", "hero2_name": "诸葛亮", "played": "27", "win_rate": "0.4815" },
    { "hero1_id": "157", "hero1_name": "不知火舞", "hero2_id": "162", "hero2_name": "娜可露露", "played": "27", "win_rate": "0.4444" },
    { "hero1_id": "132", "hero1_name": "马可波罗", "hero2_id": "171", "hero2_name": "张飞", "played": "27", "win_rate": "0.5556" },
    { "hero1_id": "173", "hero1_name": "李元芳", "hero2_id": "190", "hero2_name": "诸葛亮", "played": "26", "win_rate": "0.5000" },
    { "hero1_id": "134", "hero1_name": "达摩", "hero2_id": "174", "hero2_name": "虞姬", "played": "26", "win_rate": "0.5769" },
    { "hero1_id": "140", "hero1_name": "关羽", "hero2_id": "171", "hero2_name": "张飞", "played": "26", "win_rate": "0.5000" },
    { "hero1_id": "173", "hero1_name": "李元芳", "hero2_id": "187", "hero2_name": "东皇太一", "played": "26", "win_rate": "0.5385" },
    { "hero1_id": "162", "hero1_name": "娜可露露", "hero2_id": "171", "hero2_name": "张飞", "played": "25", "win_rate": "0.4000" },
    { "hero1_id": "139", "hero1_name": "老夫子", "hero2_id": "173", "hero2_name": "李元芳", "played": "25", "win_rate": "0.4800" },
    { "hero1_id": "128", "hero1_name": "曹操", "hero2_id": "134", "hero2_name": "达摩", "played": "25", "win_rate": "0.4800" },
    { "hero1_id": "174", "hero1_name": "虞姬", "hero2_id": "189", "hero2_name": "鬼谷子", "played": "25", "win_rate": "0.7200" },
    { "hero1_id": "140", "hero1_name": "关羽", "hero2_id": "189", "hero2_name": "鬼谷子", "played": "24", "win_rate": "0.5000" },
    { "hero1_id": "174", "hero1_name": "虞姬", "hero2_id": "190", "hero2_name": "诸葛亮", "played": "24", "win_rate": "0.7083" },
    { "hero1_id": "134", "hero1_name": "达摩", "hero2_id": "180", "hero2_name": "哪吒", "played": "24", "win_rate": "0.5000" },
    { "hero1_id": "134", "hero1_name": "达摩", "hero2_id": "140", "hero2_name": "关羽", "played": "24", "win_rate": "0.5417" },
    { "hero1_id": "128", "hero1_name": "曹操", "hero2_id": "189", "hero2_name": "鬼谷子", "played": "24", "win_rate": "0.5417" },
    { "hero1_id": "154", "hero1_name": "花木兰", "hero2_id": "178", "hero2_name": "杨戬", "played": "24", "win_rate": "0.5000" },
    { "hero1_id": "154", "hero1_name": "花木兰", "hero2_id": "162", "hero2_name": "娜可露露", "played": "24", "win_rate": "0.4167" },
    { "hero1_id": "171", "hero1_name": "张飞", "hero2_id": "178", "hero2_name": "杨戬", "played": "24", "win_rate": "0.5417" },
    { "hero1_id": "118", "hero1_name": "孙膑", "hero2_id": "178", "hero2_name": "杨戬", "played": "23", "win_rate": "0.3043" },
    { "hero1_id": "140", "hero1_name": "关羽", "hero2_id": "157", "hero2_name": "不知火舞", "played": "23", "win_rate": "0.5217" },
    { "hero1_id": "140", "hero1_name": "关羽", "hero2_id": "173", "hero2_name": "李元芳", "played": "23", "win_rate": "0.5652" },
    { "hero1_id": "190", "hero1_name": "诸葛亮", "hero2_id": "194", "hero2_name": "苏烈", "played": "23", "win_rate": "0.4783" },
    { "hero1_id": "162", "hero1_name": "娜可露露", "hero2_id": "189", "hero2_name": "鬼谷子", "played": "23", "win_rate": "0.5217" },
    { "hero1_id": "171", "hero1_name": "张飞", "hero2_id": "174", "hero2_name": "虞姬", "played": "22", "win_rate": "0.4545" },
    { "hero1_id": "171", "hero1_name": "张飞", "hero2_id": "180", "hero2_name": "哪吒", "played": "22", "win_rate": "0.4091" },
    { "hero1_id": "107", "hero1_name": "赵云", "hero2_id": "190", "hero2_name": "诸葛亮", "played": "22", "win_rate": "0.5909" },
    { "hero1_id": "134", "hero1_name": "达摩", "hero2_id": "139", "hero2_name": "老夫子", "played": "22", "win_rate": "0.5455" },
    { "hero1_id": "111", "hero1_name": "孙尚香", "hero2_id": "118", "hero2_name": "孙膑", "played": "22", "win_rate": "0.4091" },
    { "hero1_id": "139", "hero1_name": "老夫子", "hero2_id": "162", "hero2_name": "娜可露露", "played": "22", "win_rate": "0.5000" },
    { "hero1_id": "111", "hero1_name": "孙尚香", "hero2_id": "178", "hero2_name": "杨戬", "played": "21", "win_rate": "0.4286" },
    { "hero1_id": "111", "hero1_name": "孙尚香", "hero2_id": "157", "hero2_name": "不知火舞", "played": "21", "win_rate": "0.4762" },
    { "hero1_id": "128", "hero1_name": "曹操", "hero2_id": "162", "hero2_name": "娜可露露", "played": "21", "win_rate": "0.4762" },
    { "hero1_id": "139", "hero1_name": "老夫子", "hero2_id": "189", "hero2_name": "鬼谷子", "played": "21", "win_rate": "0.6667" },
    { "hero1_id": "134", "hero1_name": "达摩", "hero2_id": "194", "hero2_name": "苏烈", "played": "21", "win_rate": "0.4762" },
    { "hero1_id": "157", "hero1_name": "不知火舞", "hero2_id": "173", "hero2_name": "李元芳", "played": "21", "win_rate": "0.5238" },
    { "hero1_id": "171", "hero1_name": "张飞", "hero2_id": "196", "hero2_name": "百里守约", "played": "21", "win_rate": "0.6667" },
    { "hero1_id": "173", "hero1_name": "李元芳", "hero2_id": "193", "hero2_name": "铠", "played": "21", "win_rate": "0.4762" },
    { "hero1_id": "132", "hero1_name": "马可波罗", "hero2_id": "157", "hero2_name": "不知火舞", "played": "20", "win_rate": "0.3500" },
    { "hero1_id": "139", "hero1_name": "老夫子", "hero2_id": "174", "hero2_name": "虞姬", "played": "20", "win_rate": "0.6500" },
    { "hero1_id": "132", "hero1_name": "马可波罗", "hero2_id": "154", "hero2_name": "花木兰", "played": "20", "win_rate": "0.4500" },
    { "hero1_id": "162", "hero1_name": "娜可露露", "hero2_id": "180", "hero2_name": "哪吒", "played": "19", "win_rate": "0.3158" },
    { "hero1_id": "154", "hero1_name": "花木兰", "hero2_id": "187", "hero2_name": "东皇太一", "played": "19", "win_rate": "0.6842" },
    { "hero1_id": "154", "hero1_name": "花木兰", "hero2_id": "196", "hero2_name": "百里守约", "played": "19", "win_rate": "0.5789" },
    { "hero1_id": "111", "hero1_name": "孙尚香", "hero2_id": "171", "hero2_name": "张飞", "played": "19", "win_rate": "0.5263" },
    { "hero1_id": "118", "hero1_name": "孙膑", "hero2_id": "157", "hero2_name": "不知火舞", "played": "19", "win_rate": "0.3684" },
    { "hero1_id": "107", "hero1_name": "赵云", "hero2_id": "171", "hero2_name": "张飞", "played": "19", "win_rate": "0.4211" },
    { "hero1_id": "118", "hero1_name": "孙膑", "hero2_id": "190", "hero2_name": "诸葛亮", "played": "19", "win_rate": "0.6842" },
    { "hero1_id": "132", "hero1_name": "马可波罗", "hero2_id": "140", "hero2_name": "关羽", "played": "18", "win_rate": "0.5000" },
    { "hero1_id": "134", "hero1_name": "达摩", "hero2_id": "162", "hero2_name": "娜可露露", "played": "18", "win_rate": "0.5000" },
    { "hero1_id": "111", "hero1_name": "孙尚香", "hero2_id": "189", "hero2_name": "鬼谷子", "played": "18", "win_rate": "0.4444" },
    { "hero1_id": "119", "hero1_name": "扁鹊", "hero2_id": "154", "hero2_name": "花木兰", "played": "18", "win_rate": "0.5556" },
    { "hero1_id": "139", "hero1_name": "老夫子", "hero2_id": "154", "hero2_name": "花木兰", "played": "18", "win_rate": "0.6111" },
    { "hero1_id": "132", "hero1_name": "马可波罗", "hero2_id": "189", "hero2_name": "鬼谷子", "played": "18", "win_rate": "0.4444" },
    { "hero1_id": "107", "hero1_name": "赵云", "hero2_id": "154", "hero2_name": "花木兰", "played": "18", "win_rate": "0.6111" },
    { "hero1_id": "118", "hero1_name": "孙膑", "hero2_id": "139", "hero2_name": "老夫子", "played": "18", "win_rate": "0.5556" },
    { "hero1_id": "189", "hero1_name": "鬼谷子", "hero2_id": "193", "hero2_name": "铠", "played": "18", "win_rate": "0.6111" },
    { "hero1_id": "134", "hero1_name": "达摩", "hero2_id": "168", "hero2_name": "牛魔", "played": "17", "win_rate": "0.4706" },
    { "hero1_id": "146", "hero1_name": "露娜", "hero2_id": "174", "hero2_name": "虞姬", "played": "17", "win_rate": "0.5294" },
    { "hero1_id": "157", "hero1_name": "不知火舞", "hero2_id": "196", "hero2_name": "百里守约", "played": "17", "win_rate": "0.5294" },
    { "hero1_id": "140", "hero1_name": "关羽", "hero2_id": "187", "hero2_name": "东皇太一", "played": "17", "win_rate": "0.5882" },
    { "hero1_id": "118", "hero1_name": "孙膑", "hero2_id": "128", "hero2_name": "曹操", "played": "17", "win_rate": "0.5882" },
    { "hero1_id": "118", "hero1_name": "孙膑", "hero2_id": "132", "hero2_name": "马可波罗", "played": "17", "win_rate": "0.4706" },
    { "hero1_id": "134", "hero1_name": "达摩", "hero2_id": "196", "hero2_name": "百里守约", "played": "17", "win_rate": "0.7647" },
    { "hero1_id": "128", "hero1_name": "曹操", "hero2_id": "187", "hero2_name": "东皇太一", "played": "17", "win_rate": "0.4706" },
    { "hero1_id": "190", "hero1_name": "诸葛亮", "hero2_id": "196", "hero2_name": "百里守约", "played": "17", "win_rate": "0.7647" },
    { "hero1_id": "119", "hero1_name": "扁鹊", "hero2_id": "171", "hero2_name": "张飞", "played": "17", "win_rate": "0.6471" },
    { "hero1_id": "110", "hero1_name": "嬴政", "hero2_id": "189", "hero2_name": "鬼谷子", "played": "17", "win_rate": "0.4706" },
    { "hero1_id": "110", "hero1_name": "嬴政", "hero2_id": "134", "hero2_name": "达摩", "played": "17", "win_rate": "0.5882" },
    { "hero1_id": "119", "hero1_name": "扁鹊", "hero2_id": "128", "hero2_name": "曹操", "played": "16", "win_rate": "0.6250" },
    { "hero1_id": "178", "hero1_name": "杨戬", "hero2_id": "189", "hero2_name": "鬼谷子", "played": "16", "win_rate": "0.4375" },
    { "hero1_id": "121", "hero1_name": "芈月", "hero2_id": "174", "hero2_name": "虞姬", "played": "16", "win_rate": "0.5000" },
    { "hero1_id": "128", "hero1_name": "曹操", "hero2_id": "141", "hero2_name": "貂蝉", "played": "16", "win_rate": "0.5625" },
    { "hero1_id": "189", "hero1_name": "鬼谷子", "hero2_id": "194", "hero2_name": "苏烈", "played": "16", "win_rate": "0.6250" },
    { "hero1_id": "173", "hero1_name": "李元芳", "hero2_id": "180", "hero2_name": "哪吒", "played": "16", "win_rate": "0.4375" },
    { "hero1_id": "141", "hero1_name": "貂蝉", "hero2_id": "173", "hero2_name": "李元芳", "played": "16", "win_rate": "0.5625" },
    { "hero1_id": "173", "hero1_name": "李元芳", "hero2_id": "194", "hero2_name": "苏烈", "played": "16", "win_rate": "0.6875" },
    { "hero1_id": "174", "hero1_name": "虞姬", "hero2_id": "178", "hero2_name": "杨戬", "played": "16", "win_rate": "0.2500" },
    { "hero1_id": "134", "hero1_name": "达摩", "hero2_id": "146", "hero2_name": "露娜", "played": "16", "win_rate": "0.3750" },
    { "hero1_id": "140", "hero1_name": "关羽", "hero2_id": "162", "hero2_name": "娜可露露", "played": "16", "win_rate": "0.4375" },
    { "hero1_id": "121", "hero1_name": "芈月", "hero2_id": "154", "hero2_name": "花木兰", "played": "15", "win_rate": "0.5333" },
    { "hero1_id": "107", "hero1_name": "赵云", "hero2_id": "118", "hero2_name": "孙膑", "played": "15", "win_rate": "0.5333" },
    { "hero1_id": "180", "hero1_name": "哪吒", "hero2_id": "189", "hero2_name": "鬼谷子", "played": "15", "win_rate": "0.4000" },
    { "hero1_id": "154", "hero1_name": "花木兰", "hero2_id": "180", "hero2_name": "哪吒", "played": "15", "win_rate": "0.4667" },
    { "hero1_id": "121", "hero1_name": "芈月", "hero2_id": "162", "hero2_name": "娜可露露", "played": "15", "win_rate": "0.2667" },
    { "hero1_id": "157", "hero1_name": "不知火舞", "hero2_id": "180", "hero2_name": "哪吒", "played": "15", "win_rate": "0.4000" },
    { "hero1_id": "146", "hero1_name": "露娜", "hero2_id": "157", "hero2_name": "不知火舞", "played": "15", "win_rate": "0.5333" },
    { "hero1_id": "110", "hero1_name": "嬴政", "hero2_id": "193", "hero2_name": "铠", "played": "15", "win_rate": "0.4000" },
    { "hero1_id": "134", "hero1_name": "达摩", "hero2_id": "193", "hero2_name": "铠", "played": "15", "win_rate": "0.4000" },
    { "hero1_id": "178", "hero1_name": "杨戬", "hero2_id": "196", "hero2_name": "百里守约", "played": "15", "win_rate": "0.4000" },
    { "hero1_id": "157", "hero1_name": "不知火舞", "hero2_id": "195", "hero2_name": "百里玄策", "played": "15", "win_rate": "0.5333" },
    { "hero1_id": "128", "hero1_name": "曹操", "hero2_id": "193", "hero2_name": "铠", "played": "14", "win_rate": "0.5714" },
    { "hero1_id": "110", "hero1_name": "嬴政", "hero2_id": "128", "hero2_name": "曹操", "played": "14", "win_rate": "0.3571" },
    { "hero1_id": "157", "hero1_name": "不知火舞", "hero2_id": "194", "hero2_name": "苏烈", "played": "14", "win_rate": "0.3571" },
    { "hero1_id": "190", "hero1_name": "诸葛亮", "hero2_id": "195", "hero2_name": "百里玄策", "played": "14", "win_rate": "0.5714" },
    { "hero1_id": "150", "hero1_name": "韩信", "hero2_id": "190", "hero2_name": "诸葛亮", "played": "14", "win_rate": "0.7857" },
    { "hero1_id": "110", "hero1_name": "嬴政", "hero2_id": "154", "hero2_name": "花木兰", "played": "14", "win_rate": "0.6429" },
    { "hero1_id": "141", "hero1_name": "貂蝉", "hero2_id": "193", "hero2_name": "铠", "played": "14", "win_rate": "0.5000" },
    { "hero1_id": "132", "hero1_name": "马可波罗", "hero2_id": "178", "hero2_name": "杨戬", "played": "14", "win_rate": "0.3571" },
    { "hero1_id": "139", "hero1_name": "老夫子", "hero2_id": "187", "hero2_name": "东皇太一", "played": "14", "win_rate": "0.3571" },
    { "hero1_id": "171", "hero1_name": "张飞", "hero2_id": "193", "hero2_name": "铠", "played": "14", "win_rate": "0.5000" },
    { "hero1_id": "154", "hero1_name": "花木兰", "hero2_id": "195", "hero2_name": "百里玄策", "played": "14", "win_rate": "0.7857" },
    { "hero1_id": "119", "hero1_name": "扁鹊", "hero2_id": "173", "hero2_name": "李元芳", "played": "14", "win_rate": "0.5000" },
    { "hero1_id": "119", "hero1_name": "扁鹊", "hero2_id": "193", "hero2_name": "铠", "played": "14", "win_rate": "0.5714" },
    { "hero1_id": "128", "hero1_name": "曹操", "hero2_id": "180", "hero2_name": "哪吒", "played": "14", "win_rate": "0.2857" },
    { "hero1_id": "148", "hero1_name": "姜子牙", "hero2_id": "154", "hero2_name": "花木兰", "played": "14", "win_rate": "0.5714" },
    { "hero1_id": "154", "hero1_name": "花木兰", "hero2_id": "194", "hero2_name": "苏烈", "played": "14", "win_rate": "0.5714" },
    { "hero1_id": "111", "hero1_name": "孙尚香", "hero2_id": "140", "hero2_name": "关羽", "played": "14", "win_rate": "0.4286" },
    { "hero1_id": "128", "hero1_name": "曹操", "hero2_id": "148", "hero2_name": "姜子牙", "played": "14", "win_rate": "0.3571" },
    { "hero1_id": "110", "hero1_name": "嬴政", "hero2_id": "180", "hero2_name": "哪吒", "played": "13", "win_rate": "0.3846" },
    { "hero1_id": "128", "hero1_name": "曹操", "hero2_id": "132", "hero2_name": "马可波罗", "played": "13", "win_rate": "0.4615" },
    { "hero1_id": "110", "hero1_name": "嬴政", "hero2_id": "173", "hero2_name": "李元芳", "played": "13", "win_rate": "0.5385" },
    { "hero1_id": "139", "hero1_name": "老夫子", "hero2_id": "194", "hero2_name": "苏烈", "played": "13", "win_rate": "0.6154" },
    { "hero1_id": "173", "hero1_name": "李元芳", "hero2_id": "189", "hero2_name": "鬼谷子", "played": "13", "win_rate": "0.4615" },
    { "hero1_id": "132", "hero1_name": "马可波罗", "hero2_id": "194", "hero2_name": "苏烈", "played": "13", "win_rate": "0.4615" },
    { "hero1_id": "140", "hero1_name": "关羽", "hero2_id": "178", "hero2_name": "杨戬", "played": "13", "win_rate": "0.1538" },
    { "hero1_id": "148", "hero1_name": "姜子牙", "hero2_id": "190", "hero2_name": "诸葛亮", "played": "13", "win_rate": "0.5385" },
    { "hero1_id": "128", "hero1_name": "曹操", "hero2_id": "178", "hero2_name": "杨戬", "played": "13", "win_rate": "0.5385" },
    { "hero1_id": "119", "hero1_name": "扁鹊", "hero2_id": "134", "hero2_name": "达摩", "played": "13", "win_rate": "0.5385" },
    { "hero1_id": "134", "hero1_name": "达摩", "hero2_id": "150", "hero2_name": "韩信", "played": "12", "win_rate": "0.6667" },
    { "hero1_id": "134", "hero1_name": "达摩", "hero2_id": "141", "hero2_name": "貂蝉", "played": "12", "win_rate": "0.5833" },
    { "hero1_id": "139", "hero1_name": "老夫子", "hero2_id": "140", "hero2_name": "关羽", "played": "12", "win_rate": "0.5000" },
    { "hero1_id": "180", "hero1_name": "哪吒", "hero2_id": "195", "hero2_name": "百里玄策", "played": "12", "win_rate": "0.3333" },
    { "hero1_id": "189", "hero1_name": "鬼谷子", "hero2_id": "195", "hero2_name": "百里玄策", "played": "12", "win_rate": "0.5833" },
    { "hero1_id": "107", "hero1_name": "赵云", "hero2_id": "196", "hero2_name": "百里守约", "played": "12", "win_rate": "0.5833" },
    { "hero1_id": "118", "hero1_name": "孙膑", "hero2_id": "174", "hero2_name": "虞姬", "played": "12", "win_rate": "0.5833" },
    { "hero1_id": "148", "hero1_name": "姜子牙", "hero2_id": "157", "hero2_name": "不知火舞", "played": "12", "win_rate": "0.3333" },
    { "hero1_id": "128", "hero1_name": "曹操", "hero2_id": "157", "hero2_name": "不知火舞", "played": "12", "win_rate": "0.3333" },
    { "hero1_id": "180", "hero1_name": "哪吒", "hero2_id": "187", "hero2_name": "东皇太一", "played": "12", "win_rate": "0.5833" },
    { "hero1_id": "193", "hero1_name": "铠", "hero2_id": "194", "hero2_name": "苏烈", "played": "12", "win_rate": "0.5833" },
    { "hero1_id": "128", "hero1_name": "曹操", "hero2_id": "194", "hero2_name": "苏烈", "played": "12", "win_rate": "0.5833" },
    { "hero1_id": "128", "hero1_name": "曹操", "hero2_id": "140", "hero2_name": "关羽", "played": "12", "win_rate": "0.5833" },
    { "hero1_id": "111", "hero1_name": "孙尚香", "hero2_id": "180", "hero2_name": "哪吒", "played": "12", "win_rate": "0.4167" },
    { "hero1_id": "140", "hero1_name": "关羽", "hero2_id": "154", "hero2_name": "花木兰", "played": "12", "win_rate": "0.6667" },
    { "hero1_id": "162", "hero1_name": "娜可露露", "hero2_id": "187", "hero2_name": "东皇太一", "played": "12", "win_rate": "0.3333" },
    { "hero1_id": "118", "hero1_name": "孙膑", "hero2_id": "195", "hero2_name": "百里玄策", "played": "12", "win_rate": "0.5833" },
    { "hero1_id": "119", "hero1_name": "扁鹊", "hero2_id": "189", "hero2_name": "鬼谷子", "played": "12", "win_rate": "0.5833" },
    { "hero1_id": "121", "hero1_name": "芈月", "hero2_id": "171", "hero2_name": "张飞", "played": "12", "win_rate": "0.4167" },
    { "hero1_id": "128", "hero1_name": "曹操", "hero2_id": "139", "hero2_name": "老夫子", "played": "11", "win_rate": "0.5455" },
    { "hero1_id": "118", "hero1_name": "孙膑", "hero2_id": "189", "hero2_name": "鬼谷子", "played": "11", "win_rate": "0.6364" },
    { "hero1_id": "118", "hero1_name": "孙膑", "hero2_id": "162", "hero2_name": "娜可露露", "played": "11", "win_rate": "0.3636" },
    { "hero1_id": "168", "hero1_name": "牛魔", "hero2_id": "190", "hero2_name": "诸葛亮", "played": "11", "win_rate": "0.4545" },
    { "hero1_id": "110", "hero1_name": "嬴政", "hero2_id": "187", "hero2_name": "东皇太一", "played": "11", "win_rate": "0.5455" },
    { "hero1_id": "119", "hero1_name": "扁鹊", "hero2_id": "132", "hero2_name": "马可波罗", "played": "11", "win_rate": "0.3636" },
    { "hero1_id": "157", "hero1_name": "不知火舞", "hero2_id": "168", "hero2_name": "牛魔", "played": "11", "win_rate": "0.5455" },
    { "hero1_id": "154", "hero1_name": "花木兰", "hero2_id": "168", "hero2_name": "牛魔", "played": "11", "win_rate": "0.5455" },
    { "hero1_id": "134", "hero1_name": "达摩", "hero2_id": "148", "hero2_name": "姜子牙", "played": "11", "win_rate": "0.3636" },
    { "hero1_id": "118", "hero1_name": "孙膑", "hero2_id": "196", "hero2_name": "百里守约", "played": "11", "win_rate": "0.4545" },
    { "hero1_id": "190", "hero1_name": "诸葛亮", "hero2_id": "193", "hero2_name": "铠", "played": "11", "win_rate": "0.8182" },
    { "hero1_id": "146", "hero1_name": "露娜", "hero2_id": "171", "hero2_name": "张飞", "played": "11", "win_rate": "0.5455" },
    { "hero1_id": "118", "hero1_name": "孙膑", "hero2_id": "180", "hero2_name": "哪吒", "played": "11", "win_rate": "0.7273" },
    { "hero1_id": "174", "hero1_name": "虞姬", "hero2_id": "187", "hero2_name": "东皇太一", "played": "11", "win_rate": "0.6364" },
    { "hero1_id": "111", "hero1_name": "孙尚香", "hero2_id": "128", "hero2_name": "曹操", "played": "11", "win_rate": "0.5455" },
    { "hero1_id": "118", "hero1_name": "孙膑", "hero2_id": "171", "hero2_name": "张飞", "played": "10", "win_rate": "0.4000" },
    { "hero1_id": "148", "hero1_name": "姜子牙", "hero2_id": "173", "hero2_name": "李元芳", "played": "10", "win_rate": "0.3000" },
    { "hero1_id": "141", "hero1_name": "貂蝉", "hero2_id": "194", "hero2_name": "苏烈", "played": "10", "win_rate": "0.8000" },
    { "hero1_id": "118", "hero1_name": "孙膑", "hero2_id": "194", "hero2_name": "苏烈", "played": "10", "win_rate": "0.6000" },
    { "hero1_id": "121", "hero1_name": "芈月", "hero2_id": "189", "hero2_name": "鬼谷子", "played": "10", "win_rate": "0.6000" },
    { "hero1_id": "132", "hero1_name": "马可波罗", "hero2_id": "139", "hero2_name": "老夫子", "played": "10", "win_rate": "0.4000" },
    { "hero1_id": "171", "hero1_name": "张飞", "hero2_id": "194", "hero2_name": "苏烈", "played": "10", "win_rate": "0.6000" },
    { "hero1_id": "128", "hero1_name": "曹操", "hero2_id": "150", "hero2_name": "韩信", "played": "10", "win_rate": "0.7000" },
    { "hero1_id": "141", "hero1_name": "貂蝉", "hero2_id": "154", "hero2_name": "花木兰", "played": "10", "win_rate": "0.6000" },
    { "hero1_id": "180", "hero1_name": "哪吒", "hero2_id": "194", "hero2_name": "苏烈", "played": "10", "win_rate": "0.6000" },
    { "hero1_id": "140", "hero1_name": "关羽", "hero2_id": "194", "hero2_name": "苏烈", "played": "10", "win_rate": "0.5000" },
    { "hero1_id": "128", "hero1_name": "曹操", "hero2_id": "174", "hero2_name": "虞姬", "played": "10", "win_rate": "0.2000" },
    { "hero1_id": "111", "hero1_name": "孙尚香", "hero2_id": "168", "hero2_name": "牛魔", "played": "10", "win_rate": "0.3000" },
    { "hero1_id": "187", "hero1_name": "东皇太一", "hero2_id": "193", "hero2_name": "铠", "played": "10", "win_rate": "0.5000" },
    { "hero1_id": "139", "hero1_name": "老夫子", "hero2_id": "141", "hero2_name": "貂蝉", "played": "10", "win_rate": "0.5000" },
    { "hero1_id": "139", "hero1_name": "老夫子", "hero2_id": "178", "hero2_name": "杨戬", "played": "10", "win_rate": "0.4000" },
    { "hero1_id": "189", "hero1_name": "鬼谷子", "hero2_id": "196", "hero2_name": "百里守约", "played": "10", "win_rate": "0.4000" },
    { "hero1_id": "157", "hero1_name": "不知火舞", "hero2_id": "187", "hero2_name": "东皇太一", "played": "9", "win_rate": "0.6667" },
    { "hero1_id": "140", "hero1_name": "关羽", "hero2_id": "174", "hero2_name": "虞姬", "played": "9", "win_rate": "0.4444" },
    { "hero1_id": "154", "hero1_name": "花木兰", "hero2_id": "193", "hero2_name": "铠", "played": "9", "win_rate": "0.3333" },
    { "hero1_id": "128", "hero1_name": "曹操", "hero2_id": "196", "hero2_name": "百里守约", "played": "9", "win_rate": "0.5556" },
    { "hero1_id": "148", "hero1_name": "姜子牙", "hero2_id": "180", "hero2_name": "哪吒", "played": "9", "win_rate": "0.2222" },
    { "hero1_id": "110", "hero1_name": "嬴政", "hero2_id": "194", "hero2_name": "苏烈", "played": "9", "win_rate": "0.7778" },
    { "hero1_id": "110", "hero1_name": "嬴政", "hero2_id": "140", "hero2_name": "关羽", "played": "9", "win_rate": "0.5556" },
    { "hero1_id": "119", "hero1_name": "扁鹊", "hero2_id": "140", "hero2_name": "关羽", "played": "9", "win_rate": "0.6667" },
    { "hero1_id": "157", "hero1_name": "不知火舞", "hero2_id": "193", "hero2_name": "铠", "played": "9", "win_rate": "0.2222" },
    { "hero1_id": "162", "hero1_name": "娜可露露", "hero2_id": "196", "hero2_name": "百里守约", "played": "9", "win_rate": "0.3333" },
    { "hero1_id": "111", "hero1_name": "孙尚香", "hero2_id": "187", "hero2_name": "东皇太一", "played": "9", "win_rate": "0.6667" },
    { "hero1_id": "121", "hero1_name": "芈月", "hero2_id": "128", "hero2_name": "曹操", "played": "9", "win_rate": "0.2222" },
    { "hero1_id": "168", "hero1_name": "牛魔", "hero2_id": "195", "hero2_name": "百里玄策", "played": "9", "win_rate": "0.5556" },
    { "hero1_id": "139", "hero1_name": "老夫子", "hero2_id": "193", "hero2_name": "铠", "played": "9", "win_rate": "0.4444" },
    { "hero1_id": "118", "hero1_name": "孙膑", "hero2_id": "173", "hero2_name": "李元芳", "played": "9", "win_rate": "0.5556" },
    { "hero1_id": "121", "hero1_name": "芈月", "hero2_id": "134", "hero2_name": "达摩", "played": "9", "win_rate": "0.5556" },
    { "hero1_id": "148", "hero1_name": "姜子牙", "hero2_id": "174", "hero2_name": "虞姬", "played": "9", "win_rate": "0.5556" },
    { "hero1_id": "174", "hero1_name": "虞姬", "hero2_id": "195", "hero2_name": "百里玄策", "played": "9", "win_rate": "0.8889" },
    { "hero1_id": "132", "hero1_name": "马可波罗", "hero2_id": "187", "hero2_name": "东皇太一", "played": "9", "win_rate": "0.3333" },
    { "hero1_id": "128", "hero1_name": "曹操", "hero2_id": "154", "hero2_name": "花木兰", "played": "9", "win_rate": "0.6667" },
    { "hero1_id": "131", "hero1_name": "李白", "hero2_id": "189", "hero2_name": "鬼谷子", "played": "9", "win_rate": "0.6667" },
    { "hero1_id": "141", "hero1_name": "貂蝉", "hero2_id": "171", "hero2_name": "张飞", "played": "9", "win_rate": "0.4444" },
    { "hero1_id": "146", "hero1_name": "露娜", "hero2_id": "154", "hero2_name": "花木兰", "played": "9", "win_rate": "0.6667" },
    { "hero1_id": "134", "hero1_name": "达摩", "hero2_id": "163", "hero2_name": "橘右京", "played": "9", "win_rate": "0.5556" },
    { "hero1_id": "178", "hero1_name": "杨戬", "hero2_id": "180", "hero2_name": "哪吒", "played": "9", "win_rate": "0.2222" },
    { "hero1_id": "171", "hero1_name": "张飞", "hero2_id": "195", "hero2_name": "百里玄策", "played": "8", "win_rate": "0.6250" },
    { "hero1_id": "110", "hero1_name": "嬴政", "hero2_id": "162", "hero2_name": "娜可露露", "played": "8", "win_rate": "0.2500" },
    { "hero1_id": "139", "hero1_name": "老夫子", "hero2_id": "195", "hero2_name": "百里玄策", "played": "8", "win_rate": "0.7500" },
    { "hero1_id": "107", "hero1_name": "赵云", "hero2_id": "139", "hero2_name": "老夫子", "played": "8", "win_rate": "0.5000" },
    { "hero1_id": "119", "hero1_name": "扁鹊", "hero2_id": "187", "hero2_name": "东皇太一", "played": "8", "win_rate": "0.2500" },
    { "hero1_id": "107", "hero1_name": "赵云", "hero2_id": "157", "hero2_name": "不知火舞", "played": "8", "win_rate": "0.0000" },
    { "hero1_id": "150", "hero1_name": "韩信", "hero2_id": "180", "hero2_name": "哪吒", "played": "8", "win_rate": "0.7500" },
    { "hero1_id": "118", "hero1_name": "孙膑", "hero2_id": "187", "hero2_name": "东皇太一", "played": "8", "win_rate": "0.7500" },
    { "hero1_id": "139", "hero1_name": "老夫子", "hero2_id": "148", "hero2_name": "姜子牙", "played": "8", "win_rate": "0.2500" },
    { "hero1_id": "119", "hero1_name": "扁鹊", "hero2_id": "194", "hero2_name": "苏烈", "played": "8", "win_rate": "0.5000" },
    { "hero1_id": "139", "hero1_name": "老夫子", "hero2_id": "180", "hero2_name": "哪吒", "played": "8", "win_rate": "0.6250" },
    { "hero1_id": "128", "hero1_name": "曹操", "hero2_id": "195", "hero2_name": "百里玄策", "played": "8", "win_rate": "0.3750" },
    { "hero1_id": "110", "hero1_name": "嬴政", "hero2_id": "171", "hero2_name": "张飞", "played": "8", "win_rate": "0.3750" },
    { "hero1_id": "148", "hero1_name": "姜子牙", "hero2_id": "178", "hero2_name": "杨戬", "played": "8", "win_rate": "0.3750" },
    { "hero1_id": "113", "hero1_name": "庄周", "hero2_id": "118", "hero2_name": "孙膑", "played": "8", "win_rate": "0.5000" },
    { "hero1_id": "162", "hero1_name": "娜可露露", "hero2_id": "168", "hero2_name": "牛魔", "played": "8", "win_rate": "0.5000" },
    { "hero1_id": "150", "hero1_name": "韩信", "hero2_id": "194", "hero2_name": "苏烈", "played": "8", "win_rate": "0.8750" },
    { "hero1_id": "154", "hero1_name": "花木兰", "hero2_id": "163", "hero2_name": "橘右京", "played": "8", "win_rate": "0.6250" },
    { "hero1_id": "111", "hero1_name": "孙尚香", "hero2_id": "194", "hero2_name": "苏烈", "played": "8", "win_rate": "0.5000" },
    { "hero1_id": "119", "hero1_name": "扁鹊", "hero2_id": "139", "hero2_name": "老夫子", "played": "8", "win_rate": "0.6250" },
    { "hero1_id": "107", "hero1_name": "赵云", "hero2_id": "111", "hero2_name": "孙尚香", "played": "8", "win_rate": "0.2500" },
    { "hero1_id": "140", "hero1_name": "关羽", "hero2_id": "193", "hero2_name": "铠", "played": "8", "win_rate": "0.6250" },
    { "hero1_id": "132", "hero1_name": "马可波罗", "hero2_id": "193", "hero2_name": "铠", "played": "8", "win_rate": "0.7500" },
    { "hero1_id": "107", "hero1_name": "赵云", "hero2_id": "132", "hero2_name": "马可波罗", "played": "7", "win_rate": "0.1429" },
    { "hero1_id": "174", "hero1_name": "虞姬", "hero2_id": "194", "hero2_name": "苏烈", "played": "7", "win_rate": "0.7143" },
    { "hero1_id": "119", "hero1_name": "扁鹊", "hero2_id": "180", "hero2_name": "哪吒", "played": "7", "win_rate": "0.2857" },
    { "hero1_id": "131", "hero1_name": "李白", "hero2_id": "154", "hero2_name": "花木兰", "played": "7", "win_rate": "0.7143" },
    { "hero1_id": "132", "hero1_name": "马可波罗", "hero2_id": "180", "hero2_name": "哪吒", "played": "7", "win_rate": "0.2857" },
    { "hero1_id": "121", "hero1_name": "芈月", "hero2_id": "178", "hero2_name": "杨戬", "played": "7", "win_rate": "0.2857" },
    { "hero1_id": "134", "hero1_name": "达摩", "hero2_id": "195", "hero2_name": "百里玄策", "played": "7", "win_rate": "0.5714" },
    { "hero1_id": "121", "hero1_name": "芈月", "hero2_id": "196", "hero2_name": "百里守约", "played": "7", "win_rate": "0.5714" },
    { "hero1_id": "121", "hero1_name": "芈月", "hero2_id": "139", "hero2_name": "老夫子", "played": "7", "win_rate": "0.4286" },
    { "hero1_id": "110", "hero1_name": "嬴政", "hero2_id": "132", "hero2_name": "马可波罗", "played": "7", "win_rate": "0.7143" },
    { "hero1_id": "111", "hero1_name": "孙尚香", "hero2_id": "195", "hero2_name": "百里玄策", "played": "7", "win_rate": "0.1429" },
    { "hero1_id": "178", "hero1_name": "杨戬", "hero2_id": "187", "hero2_name": "东皇太一", "played": "7", "win_rate": "0.2857" },
    { "hero1_id": "121", "hero1_name": "芈月", "hero2_id": "195", "hero2_name": "百里玄策", "played": "7", "win_rate": "0.5714" },
    { "hero1_id": "150", "hero1_name": "韩信", "hero2_id": "171", "hero2_name": "张飞", "played": "7", "win_rate": "0.5714" },
    { "hero1_id": "163", "hero1_name": "橘右京", "hero2_id": "190", "hero2_name": "诸葛亮", "played": "7", "win_rate": "0.2857" },
    { "hero1_id": "113", "hero1_name": "庄周", "hero2_id": "190", "hero2_name": "诸葛亮", "played": "7", "win_rate": "0.2857" },
    { "hero1_id": "187", "hero1_name": "东皇太一", "hero2_id": "194", "hero2_name": "苏烈", "played": "7", "win_rate": "0.5714" },
    { "hero1_id": "130", "hero1_name": "宫本武藏", "hero2_id": "190", "hero2_name": "诸葛亮", "played": "7", "win_rate": "0.5714" },
    { "hero1_id": "134", "hero1_name": "达摩", "hero2_id": "178", "hero2_name": "杨戬", "played": "7", "win_rate": "0.1429" },
    { "hero1_id": "180", "hero1_name": "哪吒", "hero2_id": "193", "hero2_name": "铠", "played": "7", "win_rate": "0.4286" },
    { "hero1_id": "194", "hero1_name": "苏烈", "hero2_id": "196", "hero2_name": "百里守约", "played": "7", "win_rate": "0.4286" },
    { "hero1_id": "139", "hero1_name": "老夫子", "hero2_id": "196", "hero2_name": "百里守约", "played": "7", "win_rate": "0.8571" },
    { "hero1_id": "107", "hero1_name": "赵云", "hero2_id": "119", "hero2_name": "扁鹊", "played": "7", "win_rate": "0.4286" },
    { "hero1_id": "150", "hero1_name": "韩信", "hero2_id": "193", "hero2_name": "铠", "played": "7", "win_rate": "0.7143" },
    { "hero1_id": "180", "hero1_name": "哪吒", "hero2_id": "196", "hero2_name": "百里守约", "played": "7", "win_rate": "0.5714" },
    { "hero1_id": "113", "hero1_name": "庄周", "hero2_id": "178", "hero2_name": "杨戬", "played": "6", "win_rate": "0.1667" },
    { "hero1_id": "119", "hero1_name": "扁鹊", "hero2_id": "162", "hero2_name": "娜可露露", "played": "6", "win_rate": "0.6667" },
    { "hero1_id": "148", "hero1_name": "姜子牙", "hero2_id": "150", "hero2_name": "韩信", "played": "6", "win_rate": "1.0000" },
    { "hero1_id": "162", "hero1_name": "娜可露露", "hero2_id": "193", "hero2_name": "铠", "played": "6", "win_rate": "0.6667" },
    { "hero1_id": "150", "hero1_name": "韩信", "hero2_id": "198", "hero2_name": "梦奇", "played": "6", "win_rate": "0.6667" },
    { "hero1_id": "193", "hero1_name": "铠", "hero2_id": "198", "hero2_name": "梦奇", "played": "6", "win_rate": "0.5000" },
    { "hero1_id": "195", "hero1_name": "百里玄策", "hero2_id": "196", "hero2_name": "百里守约", "played": "6", "win_rate": "0.6667" },
    { "hero1_id": "132", "hero1_name": "马可波罗", "hero2_id": "198", "hero2_name": "梦奇", "played": "6", "win_rate": "0.5000" },
    { "hero1_id": "107", "hero1_name": "赵云", "hero2_id": "174", "hero2_name": "虞姬", "played": "6", "win_rate": "0.3333" },
    { "hero1_id": "118", "hero1_name": "孙膑", "hero2_id": "141", "hero2_name": "貂蝉", "played": "6", "win_rate": "0.3333" },
    { "hero1_id": "150", "hero1_name": "韩信", "hero2_id": "174", "hero2_name": "虞姬", "played": "6", "win_rate": "0.6667" },
    { "hero1_id": "140", "hero1_name": "关羽", "hero2_id": "195", "hero2_name": "百里玄策", "played": "6", "win_rate": "0.6667" },
    { "hero1_id": "113", "hero1_name": "庄周", "hero2_id": "121", "hero2_name": "芈月", "played": "6", "win_rate": "0.5000" },
    { "hero1_id": "140", "hero1_name": "关羽", "hero2_id": "141", "hero2_name": "貂蝉", "played": "6", "win_rate": "0.3333" },
    { "hero1_id": "187", "hero1_name": "东皇太一", "hero2_id": "195", "hero2_name": "百里玄策", "played": "6", "win_rate": "0.5000" },
    { "hero1_id": "113", "hero1_name": "庄周", "hero2_id": "174", "hero2_name": "虞姬", "played": "6", "win_rate": "0.3333" },
    { "hero1_id": "134", "hero1_name": "达摩", "hero2_id": "149", "hero2_name": "刘邦", "played": "6", "win_rate": "0.6667" },
    { "hero1_id": "118", "hero1_name": "孙膑", "hero2_id": "168", "hero2_name": "牛魔", "played": "6", "win_rate": "0.5000" },
    { "hero1_id": "173", "hero1_name": "李元芳", "hero2_id": "198", "hero2_name": "梦奇", "played": "6", "win_rate": "0.3333" },
    { "hero1_id": "113", "hero1_name": "庄周", "hero2_id": "154", "hero2_name": "花木兰", "played": "6", "win_rate": "0.5000" },
    { "hero1_id": "162", "hero1_name": "娜可露露", "hero2_id": "178", "hero2_name": "杨戬", "played": "6", "win_rate": "0.1667" },
    { "hero1_id": "174", "hero1_name": "虞姬", "hero2_id": "180", "hero2_name": "哪吒", "played": "6", "win_rate": "0.6667" },
    { "hero1_id": "168", "hero1_name": "牛魔", "hero2_id": "180", "hero2_name": "哪吒", "played": "6", "win_rate": "0.3333" },
    { "hero1_id": "107", "hero1_name": "赵云", "hero2_id": "134", "hero2_name": "达摩", "played": "6", "win_rate": "0.3333" },
    { "hero1_id": "110", "hero1_name": "嬴政", "hero2_id": "198", "hero2_name": "梦奇", "played": "6", "win_rate": "0.1667" },
    { "hero1_id": "119", "hero1_name": "扁鹊", "hero2_id": "198", "hero2_name": "梦奇", "played": "6", "win_rate": "0.5000" },
    { "hero1_id": "131", "hero1_name": "李白", "hero2_id": "190", "hero2_name": "诸葛亮", "played": "6", "win_rate": "0.8333" },
    { "hero1_id": "113", "hero1_name": "庄周", "hero2_id": "139", "hero2_name": "老夫子", "played": "6", "win_rate": "0.5000" },
    { "hero1_id": "190", "hero1_name": "诸葛亮", "hero2_id": "198", "hero2_name": "梦奇", "played": "6", "win_rate": "0.6667" },
    { "hero1_id": "141", "hero1_name": "貂蝉", "hero2_id": "189", "hero2_name": "鬼谷子", "played": "6", "win_rate": "0.5000" },
    { "hero1_id": "180", "hero1_name": "哪吒", "hero2_id": "198", "hero2_name": "梦奇", "played": "6", "win_rate": "0.3333" },
    { "hero1_id": "163", "hero1_name": "橘右京", "hero2_id": "189", "hero2_name": "鬼谷子", "played": "6", "win_rate": "0.6667" },
    { "hero1_id": "110", "hero1_name": "嬴政", "hero2_id": "139", "hero2_name": "老夫子", "played": "6", "win_rate": "0.6667" },
    { "hero1_id": "168", "hero1_name": "牛魔", "hero2_id": "178", "hero2_name": "杨戬", "played": "6", "win_rate": "0.3333" },
    { "hero1_id": "121", "hero1_name": "芈月", "hero2_id": "157", "hero2_name": "不知火舞", "played": "6", "win_rate": "0.3333" },
    { "hero1_id": "148", "hero1_name": "姜子牙", "hero2_id": "196", "hero2_name": "百里守约", "played": "6", "win_rate": "0.5000" },
    { "hero1_id": "118", "hero1_name": "孙膑", "hero2_id": "146", "hero2_name": "露娜", "played": "6", "win_rate": "0.5000" },
    { "hero1_id": "113", "hero1_name": "庄周", "hero2_id": "162", "hero2_name": "娜可露露", "played": "6", "win_rate": "0.3333" },
    { "hero1_id": "173", "hero1_name": "李元芳", "hero2_id": "178", "hero2_name": "杨戬", "played": "6", "win_rate": "0.5000" },
    { "hero1_id": "146", "hero1_name": "露娜", "hero2_id": "178", "hero2_name": "杨戬", "played": "6", "win_rate": "0.5000" },
    { "hero1_id": "107", "hero1_name": "赵云", "hero2_id": "140", "hero2_name": "关羽", "played": "6", "win_rate": "0.5000" },
    { "hero1_id": "121", "hero1_name": "芈月", "hero2_id": "190", "hero2_name": "诸葛亮", "played": "6", "win_rate": "0.3333" },
    { "hero1_id": "168", "hero1_name": "牛魔", "hero2_id": "174", "hero2_name": "虞姬", "played": "5", "win_rate": "0.6000" },
    { "hero1_id": "118", "hero1_name": "孙膑", "hero2_id": "131", "hero2_name": "李白", "played": "5", "win_rate": "0.8000" },
    { "hero1_id": "139", "hero1_name": "老夫子", "hero2_id": "168", "hero2_name": "牛魔", "played": "5", "win_rate": "0.4000" },
    { "hero1_id": "140", "hero1_name": "关羽", "hero2_id": "150", "hero2_name": "韩信", "played": "5", "win_rate": "0.6000" },
    { "hero1_id": "141", "hero1_name": "貂蝉", "hero2_id": "163", "hero2_name": "橘右京", "played": "5", "win_rate": "0.6000" },
    { "hero1_id": "111", "hero1_name": "孙尚香", "hero2_id": "139", "hero2_name": "老夫子", "played": "5", "win_rate": "0.6000" },
    { "hero1_id": "136", "hero1_name": "武则天", "hero2_id": "154", "hero2_name": "花木兰", "played": "5", "win_rate": "0.2000" },
    { "hero1_id": "131", "hero1_name": "李白", "hero2_id": "139", "hero2_name": "老夫子", "played": "5", "win_rate": "0.6000" },
    { "hero1_id": "148", "hero1_name": "姜子牙", "hero2_id": "162", "hero2_name": "娜可露露", "played": "5", "win_rate": "0.0000" },
    { "hero1_id": "128", "hero1_name": "曹操", "hero2_id": "146", "hero2_name": "露娜", "played": "5", "win_rate": "0.2000" },
    { "hero1_id": "146", "hero1_name": "露娜", "hero2_id": "194", "hero2_name": "苏烈", "played": "5", "win_rate": "0.4000" },
    { "hero1_id": "131", "hero1_name": "李白", "hero2_id": "171", "hero2_name": "张飞", "played": "5", "win_rate": "0.2000" },
    { "hero1_id": "121", "hero1_name": "芈月", "hero2_id": "168", "hero2_name": "牛魔", "played": "5", "win_rate": "0.4000" },
    { "hero1_id": "131", "hero1_name": "李白", "hero2_id": "193", "hero2_name": "铠", "played": "5", "win_rate": "0.8000" },
    { "hero1_id": "146", "hero1_name": "露娜", "hero2_id": "162", "hero2_name": "娜可露露", "played": "5", "win_rate": "0.6000" },
    { "hero1_id": "121", "hero1_name": "芈月", "hero2_id": "148", "hero2_name": "姜子牙", "played": "5", "win_rate": "0.2000" },
    { "hero1_id": "193", "hero1_name": "铠", "hero2_id": "196", "hero2_name": "百里守约", "played": "5", "win_rate": "0.0000" },
    { "hero1_id": "116", "hero1_name": "阿轲", "hero2_id": "171", "hero2_name": "张飞", "played": "5", "win_rate": "0.4000" },
    { "hero1_id": "128", "hero1_name": "曹操", "hero2_id": "131", "hero2_name": "李白", "played": "5", "win_rate": "0.6000" },
    { "hero1_id": "146", "hero1_name": "露娜", "hero2_id": "173", "hero2_name": "李元芳", "played": "5", "win_rate": "0.6000" },
    { "hero1_id": "146", "hero1_name": "露娜", "hero2_id": "190", "hero2_name": "诸葛亮", "played": "5", "win_rate": "0.4000" },
    { "hero1_id": "118", "hero1_name": "孙膑", "hero2_id": "133", "hero2_name": "狄仁杰", "played": "5", "win_rate": "0.2000" },
    { "hero1_id": "121", "hero1_name": "芈月", "hero2_id": "187", "hero2_name": "东皇太一", "played": "5", "win_rate": "0.2000" },
    { "hero1_id": "134", "hero1_name": "达摩", "hero2_id": "198", "hero2_name": "梦奇", "played": "5", "win_rate": "0.6000" },
    { "hero1_id": "139", "hero1_name": "老夫子", "hero2_id": "146", "hero2_name": "露娜", "played": "5", "win_rate": "0.2000" },
    { "hero1_id": "139", "hero1_name": "老夫子", "hero2_id": "163", "hero2_name": "橘右京", "played": "5", "win_rate": "0.4000" },
    { "hero1_id": "121", "hero1_name": "芈月", "hero2_id": "173", "hero2_name": "李元芳", "played": "5", "win_rate": "0.0000" },
    { "hero1_id": "121", "hero1_name": "芈月", "hero2_id": "194", "hero2_name": "苏烈", "played": "5", "win_rate": "0.6000" },
    { "hero1_id": "116", "hero1_name": "阿轲", "hero2_id": "154", "hero2_name": "花木兰", "played": "5", "win_rate": "0.2000" },
    { "hero1_id": "150", "hero1_name": "韩信", "hero2_id": "157", "hero2_name": "不知火舞", "played": "5", "win_rate": "0.2000" },
    { "hero1_id": "141", "hero1_name": "貂蝉", "hero2_id": "150", "hero2_name": "韩信", "played": "5", "win_rate": "1.0000" },
    { "hero1_id": "128", "hero1_name": "曹操", "hero2_id": "130", "hero2_name": "宫本武藏", "played": "5", "win_rate": "0.4000" },
    { "hero1_id": "162", "hero1_name": "娜可露露", "hero2_id": "194", "hero2_name": "苏烈", "played": "5", "win_rate": "0.4000" },
    { "hero1_id": "146", "hero1_name": "露娜", "hero2_id": "189", "hero2_name": "鬼谷子", "played": "5", "win_rate": "0.2000" },
    { "hero1_id": "139", "hero1_name": "老夫子", "hero2_id": "150", "hero2_name": "韩信", "played": "5", "win_rate": "0.6000" },
    { "hero1_id": "110", "hero1_name": "嬴政", "hero2_id": "196", "hero2_name": "百里守约", "played": "5", "win_rate": "0.6000" },
    { "hero1_id": "107", "hero1_name": "赵云", "hero2_id": "178", "hero2_name": "杨戬", "played": "5", "win_rate": "0.4000" },
    { "hero1_id": "128", "hero1_name": "曹操", "hero2_id": "198", "hero2_name": "梦奇", "played": "5", "win_rate": "0.2000" },
    { "hero1_id": "121", "hero1_name": "芈月", "hero2_id": "140", "hero2_name": "关羽", "played": "5", "win_rate": "0.2000" },
    { "hero1_id": "140", "hero1_name": "关羽", "hero2_id": "196", "hero2_name": "百里守约", "played": "5", "win_rate": "0.4000" },
    { "hero1_id": "150", "hero1_name": "韩信", "hero2_id": "154", "hero2_name": "花木兰", "played": "5", "win_rate": "0.8000" },
    { "hero1_id": "141", "hero1_name": "貂蝉", "hero2_id": "149", "hero2_name": "刘邦", "played": "5", "win_rate": "0.4000" },
    { "hero1_id": "149", "hero1_name": "刘邦", "hero2_id": "190", "hero2_name": "诸葛亮", "played": "4", "win_rate": "0.5000" },
    { "hero1_id": "146", "hero1_name": "露娜", "hero2_id": "187", "hero2_name": "东皇太一", "played": "4", "win_rate": "0.5000" },
    { "hero1_id": "113", "hero1_name": "庄周", "hero2_id": "132", "hero2_name": "马可波罗", "played": "4", "win_rate": "0.0000" },
    { "hero1_id": "116", "hero1_name": "阿轲", "hero2_id": "136", "hero2_name": "武则天", "played": "4", "win_rate": "0.0000" },
    { "hero1_id": "194", "hero1_name": "苏烈", "hero2_id": "195", "hero2_name": "百里玄策", "played": "4", "win_rate": "0.0000" },
    { "hero1_id": "107", "hero1_name": "赵云", "hero2_id": "193", "hero2_name": "铠", "played": "4", "win_rate": "0.0000" },
    { "hero1_id": "113", "hero1_name": "庄周", "hero2_id": "140", "hero2_name": "关羽", "played": "4", "win_rate": "0.2500" },
    { "hero1_id": "107", "hero1_name": "赵云", "hero2_id": "187", "hero2_name": "东皇太一", "played": "4", "win_rate": "0.5000" },
    { "hero1_id": "178", "hero1_name": "杨戬", "hero2_id": "194", "hero2_name": "苏烈", "played": "4", "win_rate": "0.0000" },
    { "hero1_id": "136", "hero1_name": "武则天", "hero2_id": "139", "hero2_name": "老夫子", "played": "4", "win_rate": "0.0000" },
    { "hero1_id": "107", "hero1_name": "赵云", "hero2_id": "128", "hero2_name": "曹操", "played": "4", "win_rate": "0.5000" },
    { "hero1_id": "108", "hero1_name": "墨子", "hero2_id": "140", "hero2_name": "关羽", "played": "4", "win_rate": "0.7500" },
    { "hero1_id": "107", "hero1_name": "赵云", "hero2_id": "148", "hero2_name": "姜子牙", "played": "4", "win_rate": "0.2500" },
    { "hero1_id": "130", "hero1_name": "宫本武藏", "hero2_id": "140", "hero2_name": "关羽", "played": "4", "win_rate": "0.5000" },
    { "hero1_id": "128", "hero1_name": "曹操", "hero2_id": "170", "hero2_name": "刘备", "played": "4", "win_rate": "0.2500" },
    { "hero1_id": "133", "hero1_name": "狄仁杰", "hero2_id": "134", "hero2_name": "达摩", "played": "4", "win_rate": "0.5000" },
    { "hero1_id": "146", "hero1_name": "露娜", "hero2_id": "148", "hero2_name": "姜子牙", "played": "4", "win_rate": "0.7500" },
    { "hero1_id": "140", "hero1_name": "关羽", "hero2_id": "180", "hero2_name": "哪吒", "played": "4", "win_rate": "0.5000" },
    { "hero1_id": "150", "hero1_name": "韩信", "hero2_id": "189", "hero2_name": "鬼谷子", "played": "4", "win_rate": "0.5000" },
    { "hero1_id": "118", "hero1_name": "孙膑", "hero2_id": "193", "hero2_name": "铠", "played": "4", "win_rate": "0.2500" },
    { "hero1_id": "107", "hero1_name": "赵云", "hero2_id": "180", "hero2_name": "哪吒", "played": "4", "win_rate": "0.5000" },
    { "hero1_id": "116", "hero1_name": "阿轲", "hero2_id": "187", "hero2_name": "东皇太一", "played": "4", "win_rate": "0.2500" },
    { "hero1_id": "110", "hero1_name": "嬴政", "hero2_id": "150", "hero2_name": "韩信", "played": "4", "win_rate": "0.5000" },
    { "hero1_id": "111", "hero1_name": "孙尚香", "hero2_id": "146", "hero2_name": "露娜", "played": "4", "win_rate": "0.0000" },
    { "hero1_id": "148", "hero1_name": "姜子牙", "hero2_id": "193", "hero2_name": "铠", "played": "4", "win_rate": "0.0000" },
    { "hero1_id": "140", "hero1_name": "关羽", "hero2_id": "198", "hero2_name": "梦奇", "played": "4", "win_rate": "0.7500" },
    { "hero1_id": "189", "hero1_name": "鬼谷子", "hero2_id": "198", "hero2_name": "梦奇", "played": "4", "win_rate": "0.2500" },
    { "hero1_id": "141", "hero1_name": "貂蝉", "hero2_id": "180", "hero2_name": "哪吒", "played": "4", "win_rate": "0.5000" },
    { "hero1_id": "132", "hero1_name": "马可波罗", "hero2_id": "162", "hero2_name": "娜可露露", "played": "4", "win_rate": "0.0000" },
    { "hero1_id": "141", "hero1_name": "貂蝉", "hero2_id": "196", "hero2_name": "百里守约", "played": "4", "win_rate": "0.5000" },
    { "hero1_id": "113", "hero1_name": "庄周", "hero2_id": "134", "hero2_name": "达摩", "played": "4", "win_rate": "0.2500" },
    { "hero1_id": "121", "hero1_name": "芈月", "hero2_id": "180", "hero2_name": "哪吒", "played": "4", "win_rate": "0.2500" },
    { "hero1_id": "116", "hero1_name": "阿轲", "hero2_id": "139", "hero2_name": "老夫子", "played": "4", "win_rate": "0.0000" },
    { "hero1_id": "130", "hero1_name": "宫本武藏", "hero2_id": "189", "hero2_name": "鬼谷子", "played": "4", "win_rate": "1.0000" },
    { "hero1_id": "116", "hero1_name": "阿轲", "hero2_id": "180", "hero2_name": "哪吒", "played": "4", "win_rate": "0.5000" },
    { "hero1_id": "133", "hero1_name": "狄仁杰", "hero2_id": "189", "hero2_name": "鬼谷子", "played": "4", "win_rate": "0.7500" },
    { "hero1_id": "141", "hero1_name": "貂蝉", "hero2_id": "187", "hero2_name": "东皇太一", "played": "4", "win_rate": "0.7500" },
    { "hero1_id": "149", "hero1_name": "刘邦", "hero2_id": "196", "hero2_name": "百里守约", "played": "4", "win_rate": "0.5000" },
    { "hero1_id": "118", "hero1_name": "孙膑", "hero2_id": "121", "hero2_name": "芈月", "played": "4", "win_rate": "0.2500" },
    { "hero1_id": "113", "hero1_name": "庄周", "hero2_id": "128", "hero2_name": "曹操", "played": "4", "win_rate": "0.5000" },
    { "hero1_id": "107", "hero1_name": "赵云", "hero2_id": "189", "hero2_name": "鬼谷子", "played": "4", "win_rate": "0.2500" },
    { "hero1_id": "163", "hero1_name": "橘右京", "hero2_id": "187", "hero2_name": "东皇太一", "played": "4", "win_rate": "0.2500" },
    { "hero1_id": "178", "hero1_name": "杨戬", "hero2_id": "195", "hero2_name": "百里玄策", "played": "4", "win_rate": "0.5000" },
    { "hero1_id": "133", "hero1_name": "狄仁杰", "hero2_id": "157", "hero2_name": "不知火舞", "played": "3", "win_rate": "0.6667" },
    { "hero1_id": "116", "hero1_name": "阿轲", "hero2_id": "190", "hero2_name": "诸葛亮", "played": "3", "win_rate": "0.3333" },
    { "hero1_id": "150", "hero1_name": "韩信", "hero2_id": "186", "hero2_name": "太乙真人", "played": "3", "win_rate": "0.0000" },
    { "hero1_id": "141", "hero1_name": "貂蝉", "hero2_id": "178", "hero2_name": "杨戬", "played": "3", "win_rate": "0.0000" },
    { "hero1_id": "146", "hero1_name": "露娜", "hero2_id": "168", "hero2_name": "牛魔", "played": "3", "win_rate": "0.3333" },
    { "hero1_id": "154", "hero1_name": "花木兰", "hero2_id": "198", "hero2_name": "梦奇", "played": "3", "win_rate": "0.3333" },
    { "hero1_id": "148", "hero1_name": "姜子牙", "hero2_id": "195", "hero2_name": "百里玄策", "played": "3", "win_rate": "0.6667" },
    { "hero1_id": "140", "hero1_name": "关羽", "hero2_id": "168", "hero2_name": "牛魔", "played": "3", "win_rate": "0.3333" },
    { "hero1_id": "128", "hero1_name": "曹操", "hero2_id": "186", "hero2_name": "太乙真人", "played": "3", "win_rate": "0.3333" },
    { "hero1_id": "113", "hero1_name": "庄周", "hero2_id": "195", "hero2_name": "百里玄策", "played": "3", "win_rate": "0.6667" },
    { "hero1_id": "132", "hero1_name": "马可波罗", "hero2_id": "168", "hero2_name": "牛魔", "played": "3", "win_rate": "0.3333" },
    { "hero1_id": "118", "hero1_name": "孙膑", "hero2_id": "119", "hero2_name": "扁鹊", "played": "3", "win_rate": "0.3333" },
    { "hero1_id": "108", "hero1_name": "墨子", "hero2_id": "171", "hero2_name": "张飞", "played": "3", "win_rate": "1.0000" },
    { "hero1_id": "136", "hero1_name": "武则天", "hero2_id": "187", "hero2_name": "东皇太一", "played": "3", "win_rate": "0.0000" },
    { "hero1_id": "141", "hero1_name": "貂蝉", "hero2_id": "148", "hero2_name": "姜子牙", "played": "3", "win_rate": "1.0000" },
    { "hero1_id": "111", "hero1_name": "孙尚香", "hero2_id": "121", "hero2_name": "芈月", "played": "3", "win_rate": "0.6667" },
    { "hero1_id": "133", "hero1_name": "狄仁杰", "hero2_id": "154", "hero2_name": "花木兰", "played": "3", "win_rate": "0.3333" },
    { "hero1_id": "168", "hero1_name": "牛魔", "hero2_id": "173", "hero2_name": "李元芳", "played": "3", "win_rate": "0.3333" },
    { "hero1_id": "111", "hero1_name": "孙尚香", "hero2_id": "148", "hero2_name": "姜子牙", "played": "3", "win_rate": "0.3333" },
    { "hero1_id": "148", "hero1_name": "姜子牙", "hero2_id": "171", "hero2_name": "张飞", "played": "3", "win_rate": "0.0000" },
    { "hero1_id": "133", "hero1_name": "狄仁杰", "hero2_id": "195", "hero2_name": "百里玄策", "played": "3", "win_rate": "0.3333" },
    { "hero1_id": "168", "hero1_name": "牛魔", "hero2_id": "196", "hero2_name": "百里守约", "played": "3", "win_rate": "1.0000" },
    { "hero1_id": "119", "hero1_name": "扁鹊", "hero2_id": "178", "hero2_name": "杨戬", "played": "3", "win_rate": "0.6667" },
    { "hero1_id": "148", "hero1_name": "姜子牙", "hero2_id": "194", "hero2_name": "苏烈", "played": "3", "win_rate": "1.0000" },
    { "hero1_id": "118", "hero1_name": "孙膑", "hero2_id": "130", "hero2_name": "宫本武藏", "played": "3", "win_rate": "0.3333" },
    { "hero1_id": "136", "hero1_name": "武则天", "hero2_id": "194", "hero2_name": "苏烈", "played": "3", "win_rate": "0.3333" },
    { "hero1_id": "131", "hero1_name": "李白", "hero2_id": "180", "hero2_name": "哪吒", "played": "3", "win_rate": "1.0000" },
    { "hero1_id": "132", "hero1_name": "马可波罗", "hero2_id": "195", "hero2_name": "百里玄策", "played": "3", "win_rate": "0.6667" },
    { "hero1_id": "116", "hero1_name": "阿轲", "hero2_id": "134", "hero2_name": "达摩", "played": "3", "win_rate": "0.6667" },
    { "hero1_id": "132", "hero1_name": "马可波罗", "hero2_id": "146", "hero2_name": "露娜", "played": "3", "win_rate": "0.3333" },
    { "hero1_id": "107", "hero1_name": "赵云", "hero2_id": "113", "hero2_name": "庄周", "played": "3", "win_rate": "0.3333" },
    { "hero1_id": "131", "hero1_name": "李白", "hero2_id": "134", "hero2_name": "达摩", "played": "3", "win_rate": "0.3333" },
    { "hero1_id": "110", "hero1_name": "嬴政", "hero2_id": "131", "hero2_name": "李白", "played": "3", "win_rate": "0.0000" },
    { "hero1_id": "194", "hero1_name": "苏烈", "hero2_id": "198", "hero2_name": "梦奇", "played": "3", "win_rate": "1.0000" },
    { "hero1_id": "178", "hero1_name": "杨戬", "hero2_id": "193", "hero2_name": "铠", "played": "3", "win_rate": "0.3333" },
    { "hero1_id": "149", "hero1_name": "刘邦", "hero2_id": "154", "hero2_name": "花木兰", "played": "3", "win_rate": "0.6667" },
    { "hero1_id": "133", "hero1_name": "狄仁杰", "hero2_id": "190", "hero2_name": "诸葛亮", "played": "3", "win_rate": "0.6667" },
    { "hero1_id": "146", "hero1_name": "露娜", "hero2_id": "180", "hero2_name": "哪吒", "played": "3", "win_rate": "0.3333" },
    { "hero1_id": "113", "hero1_name": "庄周", "hero2_id": "180", "hero2_name": "哪吒", "played": "3", "win_rate": "0.3333" },
    { "hero1_id": "133", "hero1_name": "狄仁杰", "hero2_id": "171", "hero2_name": "张飞", "played": "3", "win_rate": "0.3333" },
    { "hero1_id": "119", "hero1_name": "扁鹊", "hero2_id": "183", "hero2_name": "雅典娜", "played": "3", "win_rate": "0.6667" },
    { "hero1_id": "119", "hero1_name": "扁鹊", "hero2_id": "196", "hero2_name": "百里守约", "played": "3", "win_rate": "0.3333" },
    { "hero1_id": "139", "hero1_name": "老夫子", "hero2_id": "186", "hero2_name": "太乙真人", "played": "3", "win_rate": "0.3333" },
    { "hero1_id": "133", "hero1_name": "狄仁杰", "hero2_id": "140", "hero2_name": "关羽", "played": "3", "win_rate": "0.6667" },
    { "hero1_id": "150", "hero1_name": "韩信", "hero2_id": "178", "hero2_name": "杨戬", "played": "3", "win_rate": "0.3333" },
    { "hero1_id": "118", "hero1_name": "孙膑", "hero2_id": "163", "hero2_name": "橘右京", "played": "3", "win_rate": "0.6667" },
    { "hero1_id": "132", "hero1_name": "马可波罗", "hero2_id": "149", "hero2_name": "刘邦", "played": "3", "win_rate": "0.3333" },
    { "hero1_id": "111", "hero1_name": "孙尚香", "hero2_id": "162", "hero2_name": "娜可露露", "played": "3", "win_rate": "0.6667" },
    { "hero1_id": "116", "hero1_name": "阿轲", "hero2_id": "119", "hero2_name": "扁鹊", "played": "3", "win_rate": "0.6667" },
    { "hero1_id": "107", "hero1_name": "赵云", "hero2_id": "162", "hero2_name": "娜可露露", "played": "3", "win_rate": "0.6667" },
    { "hero1_id": "128", "hero1_name": "曹操", "hero2_id": "168", "hero2_name": "牛魔", "played": "3", "win_rate": "0.3333" },
    { "hero1_id": "134", "hero1_name": "达摩", "hero2_id": "136", "hero2_name": "武则天", "played": "3", "win_rate": "0.3333" },
    { "hero1_id": "118", "hero1_name": "孙膑", "hero2_id": "150", "hero2_name": "韩信", "played": "3", "win_rate": "1.0000" }
]