[
    { "avg_assist": "5.10", "avg_ban_seq": "3.9", "avg_bekill": "2.55", "avg_kill": "2.64", "avg_pick_seq": "0.0", "ban_cnt": "67", "gpm": "518", "hero_id": "134", "hero_name": "达摩", "kda": "4.24", "pick_cnt": "189", "played": "189", "win_rate": "0.5185" },
    { "avg_assist": "4.82", "avg_ban_seq": "3.8", "avg_bekill": "2.20", "avg_kill": "3.73", "avg_pick_seq": "0.0", "ban_cnt": "49", "gpm": "583", "hero_id": "190", "hero_name": "诸葛亮", "kda": "5.10", "pick_cnt": "187", "played": "187", "win_rate": "0.5561" },
    { "avg_assist": "4.53", "avg_ban_seq": "3.4", "avg_bekill": "2.44", "avg_kill": "2.66", "avg_pick_seq": "0.0", "ban_cnt": "72", "gpm": "606", "hero_id": "154", "hero_name": "花木兰", "kda": "4.11", "pick_cnt": "179", "played": "179", "win_rate": "0.5754" },
    { "avg_assist": "7.25", "avg_ban_seq": "3.9", "avg_bekill": "2.02", "avg_kill": "0.65", "avg_pick_seq": "0.0", "ban_cnt": "95", "gpm": "427", "hero_id": "171", "hero_name": "张飞", "kda": "5.40", "pick_cnt": "161", "played": "161", "win_rate": "0.5404" },
    { "avg_assist": "5.01", "avg_ban_seq": "7.0", "avg_bekill": "2.52", "avg_kill": "2.31", "avg_pick_seq": "0.0", "ban_cnt": "2", "gpm": "499", "hero_id": "157", "hero_name": "不知火舞", "kda": "3.87", "pick_cnt": "142", "played": "142", "win_rate": "0.4648" },
    { "avg_assist": "8.71", "avg_ban_seq": "6.6", "avg_bekill": "3.06", "avg_kill": "0.81", "avg_pick_seq": "0.0", "ban_cnt": "11", "gpm": "405", "hero_id": "189", "hero_name": "鬼谷子", "kda": "4.71", "pick_cnt": "129", "played": "129", "win_rate": "0.5271" },
    { "avg_assist": "3.98", "avg_ban_seq": "5.9", "avg_bekill": "2.47", "avg_kill": "2.08", "avg_pick_seq": "0.0", "ban_cnt": "2", "gpm": "576", "hero_id": "128", "hero_name": "曹操", "kda": "3.82", "pick_cnt": "125", "played": "125", "win_rate": "0.4800" },
    { "avg_assist": "5.36", "avg_ban_seq": "3.4", "avg_bekill": "2.81", "avg_kill": "2.00", "avg_pick_seq": "0.0", "ban_cnt": "146", "gpm": "572", "hero_id": "139", "hero_name": "老夫子", "kda": "3.94", "pick_cnt": "115", "played": "115", "win_rate": "0.5304" },
    { "avg_assist": "7.32", "avg_ban_seq": "5.5", "avg_bekill": "1.95", "avg_kill": "1.45", "avg_pick_seq": "0.0", "ban_cnt": "24", "gpm": "452", "hero_id": "118", "hero_name": "孙膑", "kda": "5.98", "pick_cnt": "106", "played": "106", "win_rate": "0.5000" },
    { "avg_assist": "4.09", "avg_ban_seq": "3.5", "avg_bekill": "2.25", "avg_kill": "2.45", "avg_pick_seq": "0.0", "ban_cnt": "177", "gpm": "572", "hero_id": "140", "hero_name": "关羽", "kda": "3.90", "pick_cnt": "103", "played": "103", "win_rate": "0.4951" },
    { "avg_assist": "6.58", "avg_ban_seq": "4.7", "avg_bekill": "2.17", "avg_kill": "3.32", "avg_pick_seq": "0.0", "ban_cnt": "43", "gpm": "599", "hero_id": "173", "hero_name": "李元芳", "kda": "6.05", "pick_cnt": "103", "played": "103", "win_rate": "0.5146" },
    { "avg_assist": "5.29", "avg_ban_seq": "5.3", "avg_bekill": "2.66", "avg_kill": "2.85", "avg_pick_seq": "0.0", "ban_cnt": "40", "gpm": "551", "hero_id": "180", "hero_name": "哪吒", "kda": "4.51", "pick_cnt": "94", "played": "94", "win_rate": "0.4468" },
    { "avg_assist": "4.46", "avg_ban_seq": "5.5", "avg_bekill": "2.18", "avg_kill": "4.22", "avg_pick_seq": "0.0", "ban_cnt": "40", "gpm": "589", "hero_id": "162", "hero_name": "娜可露露", "kda": "5.27", "pick_cnt": "93", "played": "93", "win_rate": "0.4301" },
    { "avg_assist": "4.68", "avg_ban_seq": "5.0", "avg_bekill": "1.73", "avg_kill": "2.87", "avg_pick_seq": "0.0", "ban_cnt": "19", "gpm": "564", "hero_id": "174", "hero_name": "虞姬", "kda": "5.21", "pick_cnt": "90", "played": "90", "win_rate": "0.5667" },
    { "avg_assist": "4.63", "avg_ban_seq": "6.7", "avg_bekill": "3.43", "avg_kill": "2.48", "avg_pick_seq": "0.0", "ban_cnt": "2", "gpm": "506", "hero_id": "178", "hero_name": "杨戬", "kda": "2.74", "pick_cnt": "89", "played": "89", "win_rate": "0.3708" },
    { "avg_assist": "4.87", "avg_ban_seq": "7.4", "avg_bekill": "1.95", "avg_kill": "2.70", "avg_pick_seq": "0.0", "ban_cnt": "11", "gpm": "618", "hero_id": "132", "hero_name": "马可波罗", "kda": "4.94", "pick_cnt": "79", "played": "79", "win_rate": "0.4304" },
    { "avg_assist": "6.01", "avg_ban_seq": "4.8", "avg_bekill": "2.57", "avg_kill": "2.08", "avg_pick_seq": "0.0", "ban_cnt": "28", "gpm": "483", "hero_id": "194", "hero_name": "苏烈", "kda": "4.69", "pick_cnt": "76", "played": "76", "win_rate": "0.5526" },
    { "avg_assist": "6.66", "avg_ban_seq": "6.1", "avg_bekill": "3.80", "avg_kill": "1.50", "avg_pick_seq": "0.0", "ban_cnt": "24", "gpm": "414", "hero_id": "187", "hero_name": "东皇太一", "kda": "3.04", "pick_cnt": "76", "played": "76", "win_rate": "0.5132" },
    { "avg_assist": "4.23", "avg_ban_seq": "7.0", "avg_bekill": "1.48", "avg_kill": "3.64", "avg_pick_seq": "0.0", "ban_cnt": "11", "gpm": "643", "hero_id": "111", "hero_name": "孙尚香", "kda": "5.68", "pick_cnt": "75", "played": "75", "win_rate": "0.4533" },
    { "avg_assist": "4.36", "avg_ban_seq": "4.0", "avg_bekill": "2.49", "avg_kill": "2.30", "avg_pick_seq": "0.0", "ban_cnt": "12", "gpm": "560", "hero_id": "193", "hero_name": "铠", "kda": "3.74", "pick_cnt": "67", "played": "67", "win_rate": "0.4925" },
    { "avg_assist": "4.40", "avg_ban_seq": "3.8", "avg_bekill": "1.60", "avg_kill": "3.32", "avg_pick_seq": "0.0", "ban_cnt": "187", "gpm": "572", "hero_id": "196", "hero_name": "百里守约", "kda": "5.17", "pick_cnt": "60", "played": "60", "win_rate": "0.5667" },
    { "avg_assist": "6.69", "avg_ban_seq": "5.0", "avg_bekill": "2.25", "avg_kill": "3.25", "avg_pick_seq": "0.0", "ban_cnt": "13", "gpm": "549", "hero_id": "119", "hero_name": "扁鹊", "kda": "5.82", "pick_cnt": "52", "played": "52", "win_rate": "0.5192" },
    { "avg_assist": "5.92", "avg_ban_seq": "7.1", "avg_bekill": "1.30", "avg_kill": "2.84", "avg_pick_seq": "0.0", "ban_cnt": "3", "gpm": "584", "hero_id": "110", "hero_name": "嬴政", "kda": "6.53", "pick_cnt": "50", "played": "50", "win_rate": "0.5000" },
    { "avg_assist": "4.62", "avg_ban_seq": "8.0", "avg_bekill": "3.10", "avg_kill": "1.88", "avg_pick_seq": "0.0", "ban_cnt": "1", "gpm": "505", "hero_id": "107", "hero_name": "赵云", "kda": "2.99", "pick_cnt": "48", "played": "48", "win_rate": "0.4375" },
    { "avg_assist": "5.04", "avg_ban_seq": "3.0", "avg_bekill": "2.49", "avg_kill": "3.28", "avg_pick_seq": "0.0", "ban_cnt": "223", "gpm": "588", "hero_id": "195", "hero_name": "百里玄策", "kda": "5.37", "pick_cnt": "47", "played": "47", "win_rate": "0.5532" },
    { "avg_assist": "4.18", "avg_ban_seq": "4.3", "avg_bekill": "2.67", "avg_kill": "1.60", "avg_pick_seq": "0.0", "ban_cnt": "75", "gpm": "581", "hero_id": "121", "hero_name": "芈月", "kda": "3.21", "pick_cnt": "45", "played": "45", "win_rate": "0.4000" },
    { "avg_assist": "5.74", "avg_ban_seq": "3.8", "avg_bekill": "2.37", "avg_kill": "1.23", "avg_pick_seq": "0.0", "ban_cnt": "202", "gpm": "433", "hero_id": "148", "hero_name": "姜子牙", "kda": "4.11", "pick_cnt": "43", "played": "43", "win_rate": "0.3953" },
    { "avg_assist": "7.15", "avg_ban_seq": "5.3", "avg_bekill": "2.58", "avg_kill": "4.03", "avg_pick_seq": "0.0", "ban_cnt": "18", "gpm": "557", "hero_id": "141", "hero_name": "貂蝉", "kda": "6.90", "pick_cnt": "40", "played": "40", "win_rate": "0.5500" },
    { "avg_assist": "4.18", "avg_ban_seq": "4.0", "avg_bekill": "2.34", "avg_kill": "2.47", "avg_pick_seq": "0.0", "ban_cnt": "85", "gpm": "642", "hero_id": "146", "hero_name": "露娜", "kda": "3.90", "pick_cnt": "38", "played": "38", "win_rate": "0.4474" },
    { "avg_assist": "4.09", "avg_ban_seq": "8.4", "avg_bekill": "2.18", "avg_kill": "3.06", "avg_pick_seq": "0.0", "ban_cnt": "2", "gpm": "642", "hero_id": "150", "hero_name": "韩信", "kda": "4.78", "pick_cnt": "34", "played": "34", "win_rate": "0.6765" },
    { "avg_assist": "6.61", "avg_ban_seq": "8.2", "avg_bekill": "2.61", "avg_kill": "0.70", "avg_pick_seq": "0.0", "ban_cnt": "0", "gpm": "405", "hero_id": "168", "hero_name": "牛魔", "kda": "4.83", "pick_cnt": "33", "played": "33", "win_rate": "0.4545" },
    { "avg_assist": "5.45", "avg_ban_seq": "8.7", "avg_bekill": "2.64", "avg_kill": "0.82", "avg_pick_seq": "0.0", "ban_cnt": "0", "gpm": "423", "hero_id": "113", "hero_name": "庄周", "kda": "2.99", "pick_cnt": "22", "played": "22", "win_rate": "0.3636" },
    { "avg_assist": "5.45", "avg_ban_seq": "3.4", "avg_bekill": "2.68", "avg_kill": "1.00", "avg_pick_seq": "0.0", "ban_cnt": "85", "gpm": "514", "hero_id": "198", "hero_name": "梦奇", "kda": "4.15", "pick_cnt": "22", "played": "22", "win_rate": "0.4545" },
    { "avg_assist": "3.79", "avg_ban_seq": "7.9", "avg_bekill": "2.16", "avg_kill": "3.11", "avg_pick_seq": "0.0", "ban_cnt": "4", "gpm": "596", "hero_id": "131", "hero_name": "李白", "kda": "5.06", "pick_cnt": "19", "played": "19", "win_rate": "0.6316" },
    { "avg_assist": "7.00", "avg_ban_seq": "7.2", "avg_bekill": "2.62", "avg_kill": "3.12", "avg_pick_seq": "0.0", "ban_cnt": "0", "gpm": "549", "hero_id": "163", "hero_name": "橘右京", "kda": "5.04", "pick_cnt": "16", "played": "16", "win_rate": "0.5000" },
    { "avg_assist": "5.93", "avg_ban_seq": "7.8", "avg_bekill": "2.43", "avg_kill": "1.00", "avg_pick_seq": "0.0", "ban_cnt": "0", "gpm": "477", "hero_id": "149", "hero_name": "刘邦", "kda": "3.60", "pick_cnt": "14", "played": "14", "win_rate": "0.5000" },
    { "avg_assist": "3.00", "avg_ban_seq": "8.2", "avg_bekill": "2.08", "avg_kill": "2.67", "avg_pick_seq": "0.0", "ban_cnt": "0", "gpm": "538", "hero_id": "116", "hero_name": "阿轲", "kda": "3.53", "pick_cnt": "12", "played": "12", "win_rate": "0.3333" },
    { "avg_assist": "5.55", "avg_ban_seq": "8.8", "avg_bekill": "2.55", "avg_kill": "2.27", "avg_pick_seq": "0.0", "ban_cnt": "0", "gpm": "515", "hero_id": "130", "hero_name": "宫本武藏", "kda": "5.48", "pick_cnt": "11", "played": "11", "win_rate": "0.5455" },
    { "avg_assist": "6.45", "avg_ban_seq": "8.7", "avg_bekill": "2.09", "avg_kill": "0.64", "avg_pick_seq": "0.0", "ban_cnt": "0", "gpm": "501", "hero_id": "136", "hero_name": "武则天", "kda": "3.70", "pick_cnt": "11", "played": "11", "win_rate": "0.1818" },
    { "avg_assist": "3.40", "avg_ban_seq": "8.8", "avg_bekill": "1.50", "avg_kill": "2.90", "avg_pick_seq": "0.0", "ban_cnt": "0", "gpm": "625", "hero_id": "133", "hero_name": "狄仁杰", "kda": "5.61", "pick_cnt": "10", "played": "10", "win_rate": "0.5000" },
    { "avg_assist": "4.17", "avg_ban_seq": "8.2", "avg_bekill": "1.67", "avg_kill": "1.50", "avg_pick_seq": "0.0", "ban_cnt": "0", "gpm": "508", "hero_id": "108", "hero_name": "墨子", "kda": "5.22", "pick_cnt": "6", "played": "6", "win_rate": "0.5000" },
    { "avg_assist": "5.17", "avg_ban_seq": "6.5", "avg_bekill": "6.00", "avg_kill": "0.33", "avg_pick_seq": "0.0", "ban_cnt": "0", "gpm": "435", "hero_id": "186", "hero_name": "太乙真人", "kda": "1.04", "pick_cnt": "6", "played": "6", "win_rate": "0.3333" },
    { "avg_assist": "6.40", "avg_ban_seq": "9.4", "avg_bekill": "5.20", "avg_kill": "2.20", "avg_pick_seq": "0.0", "ban_cnt": "0", "gpm": "517", "hero_id": "183", "hero_name": "雅典娜", "kda": "1.49", "pick_cnt": "5", "played": "5", "win_rate": "0.4000" },
    { "avg_assist": "6.00", "avg_ban_seq": "6.9", "avg_bekill": "2.00", "avg_kill": "2.20", "avg_pick_seq": "0.0", "ban_cnt": "2", "gpm": "565", "hero_id": "170", "hero_name": "刘备", "kda": "6.25", "pick_cnt": "5", "played": "5", "win_rate": "0.4000" },
    { "avg_assist": "6.40", "avg_ban_seq": "6.6", "avg_bekill": "3.00", "avg_kill": "2.20", "avg_pick_seq": "0.0", "ban_cnt": "0", "gpm": "516", "hero_id": "120", "hero_name": "白起", "kda": "2.97", "pick_cnt": "5", "played": "5", "win_rate": "0.2000" },
    { "avg_assist": "5.25", "avg_ban_seq": "8.5", "avg_bekill": "2.25", "avg_kill": "5.75", "avg_pick_seq": "0.0", "ban_cnt": "0", "gpm": "653", "hero_id": "167", "hero_name": "孙悟空", "kda": "6.06", "pick_cnt": "4", "played": "4", "win_rate": "0.5000" },
    { "avg_assist": "4.00", "avg_ban_seq": "9.2", "avg_bekill": "2.50", "avg_kill": "3.25", "avg_pick_seq": "0.0", "ban_cnt": "0", "gpm": "544", "hero_id": "115", "hero_name": "高渐离", "kda": "3.48", "pick_cnt": "4", "played": "4", "win_rate": "0.2500" },
    { "avg_assist": "4.00", "avg_ban_seq": "9.7", "avg_bekill": "2.33", "avg_kill": "0.00", "avg_pick_seq": "0.0", "ban_cnt": "0", "gpm": "512", "hero_id": "123", "hero_name": "吕布", "kda": "1.56", "pick_cnt": "3", "played": "3", "win_rate": "0.3333" },
    { "avg_assist": "6.67", "avg_ban_seq": "9.7", "avg_bekill": "2.33", "avg_kill": "1.33", "avg_pick_seq": "0.0", "ban_cnt": "0", "gpm": "390", "hero_id": "175", "hero_name": "钟馗", "kda": "3.33", "pick_cnt": "3", "played": "3", "win_rate": "0.6667" },
    { "avg_assist": "4.50", "avg_ban_seq": "7.0", "avg_bekill": "2.50", "avg_kill": "2.00", "avg_pick_seq": "0.0", "ban_cnt": "0", "gpm": "507", "hero_id": "124", "hero_name": "周瑜", "kda": "2.67", "pick_cnt": "2", "played": "2", "win_rate": "0.0000" },
    { "avg_assist": "5.50", "avg_ban_seq": "8.5", "avg_bekill": "3.50", "avg_kill": "0.50", "avg_pick_seq": "0.0", "ban_cnt": "0", "gpm": "451", "hero_id": "126", "hero_name": "夏侯惇", "kda": "1.62", "pick_cnt": "2", "played": "2", "win_rate": "0.5000" },
    { "avg_assist": "11.50", "avg_ban_seq": "9.0", "avg_bekill": "1.50", "avg_kill": "1.00", "avg_pick_seq": "0.0", "ban_cnt": "0", "gpm": "460", "hero_id": "184", "hero_name": "蔡文姬", "kda": "9.83", "pick_cnt": "2", "played": "2", "win_rate": "1.0000" },
    { "avg_assist": "3.00", "avg_ban_seq": "10.0", "avg_bekill": "3.00", "avg_kill": "4.50", "avg_pick_seq": "0.0", "ban_cnt": "0", "gpm": "510", "hero_id": "153", "hero_name": "兰陵王", "kda": "2.88", "pick_cnt": "2", "played": "2", "win_rate": "0.5000" },
    { "avg_assist": "1.00", "avg_ban_seq": "6.0", "avg_bekill": "0.00", "avg_kill": "1.00", "avg_pick_seq": "0.0", "ban_cnt": "0", "gpm": "565", "hero_id": "179", "hero_name": "女娲", "kda": "2.00", "pick_cnt": "1", "played": "1", "win_rate": "0.0000" },
    { "avg_assist": "0.00", "avg_ban_seq": "10.0", "avg_bekill": "3.00", "avg_kill": "1.00", "avg_pick_seq": "0.0", "ban_cnt": "0", "gpm": "465", "hero_id": "142", "hero_name": "安琪拉", "kda": "0.33", "pick_cnt": "1", "played": "1", "win_rate": "0.0000" },
    { "avg_assist": "2.00", "avg_ban_seq": "1.0", "avg_bekill": "2.00", "avg_kill": "3.00", "avg_pick_seq": "0.0", "ban_cnt": "0", "gpm": "557", "hero_id": "166", "hero_name": "亚瑟", "kda": "2.50", "pick_cnt": "1", "played": "1", "win_rate": "0.0000" },
    { "avg_assist": "1.00", "avg_ban_seq": "10.0", "avg_bekill": "3.00", "avg_kill": "2.00", "avg_pick_seq": "0.0", "ban_cnt": "0", "gpm": "516", "hero_id": "169", "hero_name": "后羿", "kda": "1.00", "pick_cnt": "1", "played": "1", "win_rate": "0.0000" },
    { "avg_assist": "2.00", "avg_ban_seq": "10.0", "avg_bekill": "3.00", "avg_kill": "0.00", "avg_pick_seq": "0.0", "ban_cnt": "0", "gpm": "419", "hero_id": "156", "hero_name": "张良", "kda": "0.67", "pick_cnt": "1", "played": "1", "win_rate": "0.0000" },
    { "avg_assist": "1.00", "avg_ban_seq": "8.0", "avg_bekill": "2.00", "avg_kill": "5.00", "avg_pick_seq": "0.0", "ban_cnt": "0", "gpm": "733", "hero_id": "192", "hero_name": "黄忠", "kda": "3.00", "pick_cnt": "1", "played": "1", "win_rate": "1.0000" }
]