[
    { "avg_assist": "7.23", "avg_bekill": "2.20", "avg_kill": "3.33", "gpm": "552", "kda": "6.17", "name": "XQ丶放纵", "openid": "1C57C0E4D7C8E2731335B8CAF5B6890F", "played": "60", "rating": "5.60", "total_kill": "200", "win_rate": "0.5833", "xpm": "804" },
    { "avg_assist": "5.36", "avg_bekill": "1.53", "avg_kill": "3.97", "gpm": "632", "kda": "7.30", "name": "QGhappy.Hurt", "openid": "B8982198AC67B048D317C07DE73F4962", "played": "59", "rating": "5.60", "total_kill": "234", "win_rate": "0.6949", "xpm": "886" },
    { "avg_assist": "6.00", "avg_bekill": "2.12", "avg_kill": "3.66", "gpm": "558", "kda": "6.30", "name": "QGhappy.Cat", "openid": "A25A35A18EE5DC93117789871D929E83", "played": "59", "rating": "5.60", "total_kill": "216", "win_rate": "0.6949", "xpm": "831" },
    { "avg_assist": "5.63", "avg_bekill": "2.63", "avg_kill": "2.71", "gpm": "535", "kda": "4.55", "name": "QGhappy.Alan", "openid": "E5D1C89DE8A875B1187141E8BF55764B", "played": "59", "rating": "5.60", "total_kill": "160", "win_rate": "0.6949", "xpm": "838" },
    { "avg_assist": "5.03", "avg_bekill": "1.93", "avg_kill": "2.47", "gpm": "619", "kda": "5.22", "name": "QGhappy.Fly", "openid": "81AEA3A32BA205D61F400FA612808490", "played": "59", "rating": "5.60", "total_kill": "146", "win_rate": "0.6949", "xpm": "861" },
    { "avg_assist": "8.34", "avg_bekill": "2.44", "avg_kill": "1.00", "gpm": "439", "kda": "5.74", "name": "QGhappy.YANG", "openid": "CC431042192DC2081E567A27B8FB5890", "played": "59", "rating": "5.60", "total_kill": "59", "win_rate": "0.6949", "xpm": "777" },
    { "avg_assist": "5.67", "avg_bekill": "1.91", "avg_kill": "3.52", "gpm": "553", "kda": "6.02", "name": "eStarPro.伪装", "openid": "1C7EBF05DC5EA980A259A34290DE7430", "played": "58", "rating": "5.60", "total_kill": "204", "win_rate": "0.5345", "xpm": "781" },
    { "avg_assist": "5.19", "avg_bekill": "2.57", "avg_kill": "2.55", "gpm": "594", "kda": "4.28", "name": "eStarPro.诺言", "openid": "CFD5FB9589587760CD3C44425C336E21", "played": "58", "rating": "5.60", "total_kill": "148", "win_rate": "0.5345", "xpm": "789" },
    { "avg_assist": "7.29", "avg_bekill": "2.74", "avg_kill": "3.34", "gpm": "574", "kda": "5.46", "name": "XQ丶AT", "openid": "A552A28278B83C89BC2AB49D287CCF74", "played": "58", "rating": "5.60", "total_kill": "194", "win_rate": "0.6034", "xpm": "838" },
    { "avg_assist": "4.30", "avg_bekill": "2.68", "avg_kill": "2.16", "gpm": "564", "kda": "3.62", "name": "Jc丶怼怼", "openid": "09059D196CF06A3C755C2E0393E899B6", "played": "57", "rating": "5.60", "total_kill": "123", "win_rate": "0.5614", "xpm": "808" },
    { "avg_assist": "4.33", "avg_bekill": "2.07", "avg_kill": "3.02", "gpm": "612", "kda": "4.93", "name": "Jc丶纵情", "openid": "253E4A1FC4BABC9E6563A23D93070F4C", "played": "57", "rating": "5.60", "total_kill": "172", "win_rate": "0.5614", "xpm": "835" },
    { "avg_assist": "7.07", "avg_bekill": "2.75", "avg_kill": "0.96", "gpm": "437", "kda": "4.96", "name": "Jc丶老王", "openid": "1C794E7920EBA8B92C81BC5FA9E4C864", "played": "57", "rating": "5.60", "total_kill": "55", "win_rate": "0.5614", "xpm": "755" },
    { "avg_assist": "3.81", "avg_bekill": "2.33", "avg_kill": "2.42", "gpm": "551", "kda": "3.84", "name": "Jc丶倾城", "openid": "C9370DD54FF93F6FC7FFB078FDC7CD17", "played": "57", "rating": "5.60", "total_kill": "138", "win_rate": "0.5614", "xpm": "803" },
    { "avg_assist": "5.80", "avg_bekill": "1.98", "avg_kill": "2.82", "gpm": "584", "kda": "5.71", "name": "XQ丶Knight", "openid": "F1879E53B94BDF4D6FBD03A70DA53E53", "played": "56", "rating": "5.60", "total_kill": "158", "win_rate": "0.5893", "xpm": "810" },
    { "avg_assist": "4.64", "avg_bekill": "2.27", "avg_kill": "3.11", "gpm": "595", "kda": "4.28", "name": "XQ丶7Kill", "openid": "7FE605FBDCC926A0693240C7F397E6EA", "played": "55", "rating": "5.60", "total_kill": "171", "win_rate": "0.5818", "xpm": "818" },
    { "avg_assist": "6.63", "avg_bekill": "3.31", "avg_kill": "1.00", "gpm": "401", "kda": "3.65", "name": "RNGM.一笑", "openid": "994A5DE11D0CE4FA9E698DECE3DC22D2", "played": "51", "rating": "5.60", "total_kill": "51", "win_rate": "0.5098", "xpm": "731" },
    { "avg_assist": "4.94", "avg_bekill": "2.20", "avg_kill": "3.22", "gpm": "629", "kda": "5.21", "name": "RNGM.虔诚", "openid": "F1BCCA006C3701F765FD5D8AE9DC349F", "played": "51", "rating": "5.60", "total_kill": "164", "win_rate": "0.5098", "xpm": "824" },
    { "avg_assist": "5.82", "avg_bekill": "1.84", "avg_kill": "2.57", "gpm": "546", "kda": "5.67", "name": "RNGM.暴风锐", "openid": "C33F4D32C03321DF09F884E61C01394E", "played": "51", "rating": "5.60", "total_kill": "131", "win_rate": "0.5098", "xpm": "797" },
    { "avg_assist": "4.82", "avg_bekill": "2.39", "avg_kill": "2.96", "gpm": "515", "kda": "4.63", "name": "RNGM.伊恩", "openid": "1ADE7C65DFA7373C8DEC4B7477E636A1", "played": "51", "rating": "5.60", "total_kill": "151", "win_rate": "0.5098", "xpm": "795" },
    { "avg_assist": "5.98", "avg_bekill": "2.82", "avg_kill": "3.10", "gpm": "559", "kda": "4.33", "name": "DVG.几迟", "openid": "0F6759BF34B0FD288069B7C4E3AA7966", "played": "49", "rating": "5.60", "total_kill": "152", "win_rate": "0.5306", "xpm": "757" },
    { "avg_assist": "4.57", "avg_bekill": "2.27", "avg_kill": "3.39", "gpm": "595", "kda": "4.58", "name": "DVG.Evildoer", "openid": "372D6C9C98009EDA40C3965ED57B369E", "played": "49", "rating": "5.60", "total_kill": "166", "win_rate": "0.5306", "xpm": "766" },
    { "avg_assist": "3.73", "avg_bekill": "2.14", "avg_kill": "2.29", "gpm": "590", "kda": "3.53", "name": "sViper.笑煮", "openid": "BF9DFCA9A5F4DECD44E62AF037E1E527", "played": "49", "rating": "5.60", "total_kill": "112", "win_rate": "0.3265", "xpm": "831" },
    { "avg_assist": "8.57", "avg_bekill": "2.39", "avg_kill": "1.13", "gpm": "422", "kda": "5.17", "name": "XQ丶随风", "openid": "01EA6EBFA6DA9AC7B8F43892C670038A", "played": "46", "rating": "5.60", "total_kill": "52", "win_rate": "0.6087", "xpm": "735" },
    { "avg_assist": "4.28", "avg_bekill": "2.93", "avg_kill": "2.46", "gpm": "590", "kda": "3.17", "name": "DVG.七罪", "openid": "C8E16253F577E213B1FB389FF96E2402", "played": "46", "rating": "5.60", "total_kill": "113", "win_rate": "0.5217", "xpm": "752" },
    { "avg_assist": "6.33", "avg_bekill": "2.89", "avg_kill": "0.98", "gpm": "420", "kda": "3.90", "name": "GK.胖墩", "openid": "D524EC63CD87275ED44EFB2C898E0360", "played": "45", "rating": "5.60", "total_kill": "44", "win_rate": "0.4222", "xpm": "730" },
    { "avg_assist": "5.16", "avg_bekill": "2.42", "avg_kill": "3.33", "gpm": "563", "kda": "5.53", "name": "AG超玩会.梦泪", "openid": "43062C3D029AD48A789256BE11349345", "played": "45", "rating": "5.60", "total_kill": "150", "win_rate": "0.5778", "xpm": "791" },
    { "avg_assist": "4.80", "avg_bekill": "2.09", "avg_kill": "2.67", "gpm": "545", "kda": "4.50", "name": "sViper.兰博", "openid": "0F2A0F2AA49BB736011577700791E3BA", "played": "45", "rating": "5.60", "total_kill": "120", "win_rate": "0.3333", "xpm": "806" },
    { "avg_assist": "4.24", "avg_bekill": "1.82", "avg_kill": "2.53", "gpm": "589", "kda": "4.48", "name": "GK.未央", "openid": "FF015A729A354D88C932FB379A94F347", "played": "45", "rating": "5.60", "total_kill": "114", "win_rate": "0.4222", "xpm": "815" },
    { "avg_assist": "5.87", "avg_bekill": "1.78", "avg_kill": "3.40", "gpm": "593", "kda": "6.37", "name": "AG超玩会.老帅", "openid": "B3291E44A69302A28C6D9343BDE8181A", "played": "45", "rating": "5.60", "total_kill": "153", "win_rate": "0.5778", "xpm": "774" },
    { "avg_assist": "4.73", "avg_bekill": "2.71", "avg_kill": "3.07", "gpm": "529", "kda": "4.22", "name": "GK.黄大仙", "openid": "AAF56DF8B57DDF439561DE5FA824035C", "played": "45", "rating": "5.60", "total_kill": "138", "win_rate": "0.4222", "xpm": "802" },
    { "avg_assist": "5.49", "avg_bekill": "2.69", "avg_kill": "2.31", "gpm": "566", "kda": "4.73", "name": "AG超玩会.Vv", "openid": "30936661D0227A5A83DC27246BAE9AD6", "played": "45", "rating": "5.60", "total_kill": "104", "win_rate": "0.5778", "xpm": "766" },
    { "avg_assist": "5.18", "avg_bekill": "1.84", "avg_kill": "4.20", "gpm": "633", "kda": "6.66", "name": "EDGM.初晨", "openid": "65907C634614595853DF76D9708F0E04", "played": "44", "rating": "5.60", "total_kill": "185", "win_rate": "0.5455", "xpm": "830" },
    { "avg_assist": "5.23", "avg_bekill": "2.45", "avg_kill": "2.43", "gpm": "535", "kda": "4.31", "name": "EDGM.浪浪", "openid": "B58E5BEB1CAC18ADF1300F9877348CA4", "played": "44", "rating": "5.60", "total_kill": "107", "win_rate": "0.5455", "xpm": "791" },
    { "avg_assist": "3.98", "avg_bekill": "2.07", "avg_kill": "2.30", "gpm": "584", "kda": "3.97", "name": "GK.迷神", "openid": "5023AD9F6841811669BD74413DDD8A60", "played": "44", "rating": "5.60", "total_kill": "101", "win_rate": "0.4318", "xpm": "805" },
    { "avg_assist": "7.36", "avg_bekill": "1.75", "avg_kill": "0.93", "gpm": "421", "kda": "5.66", "name": "EDGM.PJJ", "openid": "C01ECCCEA8C5A9BFFC3A3347F143CCF8", "played": "44", "rating": "5.60", "total_kill": "41", "win_rate": "0.5455", "xpm": "749" },
    { "avg_assist": "5.27", "avg_bekill": "2.25", "avg_kill": "2.45", "gpm": "580", "kda": "4.56", "name": "EDGM.阿澈", "openid": "BDA5D3D8B600DC8ACD800F77FFE41BE0", "played": "44", "rating": "5.60", "total_kill": "108", "win_rate": "0.5455", "xpm": "805" },
    { "avg_assist": "5.51", "avg_bekill": "2.49", "avg_kill": "2.14", "gpm": "511", "kda": "3.71", "name": "GK.淤青", "openid": "F74B10E1D290EF2213BFA2979238B3B2", "played": "43", "rating": "5.60", "total_kill": "92", "win_rate": "0.4419", "xpm": "770" },
    { "avg_assist": "6.76", "avg_bekill": "2.83", "avg_kill": "0.71", "gpm": "388", "kda": "4.07", "name": "sViper.潇洒", "openid": "C71DB3548688A4A066DE5B7365FAC9E6", "played": "42", "rating": "5.60", "total_kill": "30", "win_rate": "0.3571", "xpm": "744" },
    { "avg_assist": "7.30", "avg_bekill": "3.58", "avg_kill": "0.75", "gpm": "432", "kda": "3.24", "name": "DVG.Tattoo", "openid": "83B60300EB3FC2C163EA3A29611C139C", "played": "40", "rating": "5.60", "total_kill": "30", "win_rate": "0.5250", "xpm": "707" },
    { "avg_assist": "5.97", "avg_bekill": "2.72", "avg_kill": "3.31", "gpm": "546", "kda": "4.77", "name": "DVG.天明", "openid": "058506C735A0DBD8A03F11380393C811", "played": "39", "rating": "5.60", "total_kill": "129", "win_rate": "0.5641", "xpm": "752" },
    { "avg_assist": "4.44", "avg_bekill": "2.33", "avg_kill": "2.62", "gpm": "577", "kda": "4.21", "name": "eStarPro.橘子", "openid": "0821DA9D795FCD36B7EDA6E78EAAC2B0", "played": "39", "rating": "5.60", "total_kill": "102", "win_rate": "0.5128", "xpm": "785" },
    { "avg_assist": "4.79", "avg_bekill": "3.21", "avg_kill": "2.10", "gpm": "509", "kda": "3.14", "name": "sViper.阿灿", "openid": "61FB4978731530DB27226AB575EA1129", "played": "39", "rating": "5.60", "total_kill": "82", "win_rate": "0.2821", "xpm": "783" },
    { "avg_assist": "5.08", "avg_bekill": "3.35", "avg_kill": "0.92", "gpm": "402", "kda": "2.47", "name": "YTG丶落幕", "openid": "9EABDFC2F259BCDBADECD4D3AFBAAB65", "played": "37", "rating": "5.60", "total_kill": "34", "win_rate": "0.2162", "xpm": "732" },
    { "avg_assist": "6.30", "avg_bekill": "1.54", "avg_kill": "2.81", "gpm": "580", "kda": "5.91", "name": "eStar.星辰", "openid": "32DA367C8FB2A46F7E532BCF690AA352", "played": "37", "rating": "5.60", "total_kill": "104", "win_rate": "0.6216", "xpm": "803" },
    { "avg_assist": "7.72", "avg_bekill": "2.58", "avg_kill": "0.97", "gpm": "423", "kda": "4.93", "name": "eStar.火火火", "openid": "FC77CF248F34D310BB413002A620A5F1", "played": "36", "rating": "5.60", "total_kill": "35", "win_rate": "0.6667", "xpm": "770" },
    { "avg_assist": "3.67", "avg_bekill": "3.33", "avg_kill": "1.92", "gpm": "589", "kda": "2.31", "name": "AS仙阁.无痕", "openid": "48042210647B57C4BC3D6867F1934705", "played": "36", "rating": "5.60", "total_kill": "69", "win_rate": "0.3056", "xpm": "829" },
    { "avg_assist": "4.11", "avg_bekill": "2.50", "avg_kill": "1.92", "gpm": "501", "kda": "3.09", "name": "AS仙阁.神男", "openid": "25ED3F5BF20F451D25316874FC6AD823", "played": "36", "rating": "5.60", "total_kill": "69", "win_rate": "0.3056", "xpm": "773" },
    { "avg_assist": "4.37", "avg_bekill": "2.03", "avg_kill": "2.26", "gpm": "505", "kda": "4.28", "name": "YTG丶茶", "openid": "54079F360AAF7A740D4B8E3C87689841", "played": "35", "rating": "5.60", "total_kill": "79", "win_rate": "0.2286", "xpm": "790" },
    { "avg_assist": "3.66", "avg_bekill": "1.74", "avg_kill": "2.57", "gpm": "569", "kda": "4.37", "name": "AS仙阁.雨雨", "openid": "F87C373893FEE91FC263955B00CA3D0B", "played": "35", "rating": "5.60", "total_kill": "90", "win_rate": "0.3143", "xpm": "800" },
    { "avg_assist": "4.00", "avg_bekill": "2.31", "avg_kill": "2.66", "gpm": "600", "kda": "3.43", "name": "YTG丶夏天", "openid": "7F7B2244B823795821247DD45B7572FD", "played": "35", "rating": "5.60", "total_kill": "93", "win_rate": "0.2286", "xpm": "851" },
    { "avg_assist": "6.38", "avg_bekill": "2.15", "avg_kill": "2.47", "gpm": "549", "kda": "5.43", "name": "EDGM.阿楚", "openid": "B24AE898D77397EFB00E1CA9BC8C9E61", "played": "34", "rating": "5.60", "total_kill": "84", "win_rate": "0.6176", "xpm": "784" },
    { "avg_assist": "7.85", "avg_bekill": "2.56", "avg_kill": "1.32", "gpm": "437", "kda": "5.58", "name": "AG超玩会.兔子", "openid": "D3A22583FBA6EE69A524290F51F1AFE1", "played": "34", "rating": "5.60", "total_kill": "45", "win_rate": "0.5588", "xpm": "720" },
    { "avg_assist": "4.53", "avg_bekill": "2.75", "avg_kill": "2.31", "gpm": "562", "kda": "3.95", "name": "RNGM.凉晨", "openid": "5BD6D8E9DEB9362CC60A568244A18625", "played": "32", "rating": "5.60", "total_kill": "74", "win_rate": "0.5000", "xpm": "779" },
    { "avg_assist": "4.52", "avg_bekill": "2.35", "avg_kill": "2.52", "gpm": "567", "kda": "3.74", "name": "sViper.余生", "openid": "EA554825F3FA2A7D6D89AC91A3FCEA31", "played": "31", "rating": "5.60", "total_kill": "78", "win_rate": "0.3226", "xpm": "823" },
    { "avg_assist": "4.27", "avg_bekill": "2.10", "avg_kill": "3.43", "gpm": "559", "kda": "5.40", "name": "Jc丶青浪", "openid": "6EF57E102F9A23CC825DDC1ED5D55F3B", "played": "30", "rating": "5.60", "total_kill": "103", "win_rate": "0.5333", "xpm": "775" },
    { "avg_assist": "4.79", "avg_bekill": "2.90", "avg_kill": "1.69", "gpm": "505", "kda": "2.93", "name": "YTG丶小智", "openid": "F6F7F6E86FF0DF5B9B880A65672E2EC5", "played": "29", "rating": "5.60", "total_kill": "49", "win_rate": "0.2069", "xpm": "808" },
    { "avg_assist": "4.85", "avg_bekill": "2.33", "avg_kill": "2.85", "gpm": "576", "kda": "5.02", "name": "JC丶初拥", "openid": "FD603420270748C50D2E046F9F976549", "played": "27", "rating": "5.60", "total_kill": "77", "win_rate": "0.5926", "xpm": "824" },
    { "avg_assist": "3.89", "avg_bekill": "2.74", "avg_kill": "3.26", "gpm": "572", "kda": "4.00", "name": "sViper.诺龙", "openid": "6A6EAB6AAA01CB1D15750744879A6BE6", "played": "27", "rating": "5.60", "total_kill": "88", "win_rate": "0.3333", "xpm": "838" },
    { "avg_assist": "4.92", "avg_bekill": "2.25", "avg_kill": "0.96", "gpm": "417", "kda": "3.96", "name": "AS仙阁.辰鬼", "openid": "19E601CE35FD6E041F9A115B2306D38C", "played": "24", "rating": "5.60", "total_kill": "23", "win_rate": "0.3333", "xpm": "739" },
    { "avg_assist": "4.48", "avg_bekill": "2.04", "avg_kill": "3.30", "gpm": "568", "kda": "4.89", "name": "AG超玩会.小飞", "openid": "B96CFF6A2F97AC052EF0AED4BC7355A7", "played": "23", "rating": "5.60", "total_kill": "76", "win_rate": "0.5217", "xpm": "807" },
    { "avg_assist": "4.30", "avg_bekill": "2.91", "avg_kill": "2.00", "gpm": "494", "kda": "2.83", "name": "AS仙阁丶悍匪", "openid": "97C9B63B7AEF7B49E377B245E9051A92", "played": "23", "rating": "5.60", "total_kill": "46", "win_rate": "0.3478", "xpm": "811" },
    { "avg_assist": "4.19", "avg_bekill": "2.10", "avg_kill": "2.52", "gpm": "578", "kda": "4.08", "name": "eStar.小渝", "openid": "755218CD3791F15BCFD2EBBCA243E499", "played": "21", "rating": "5.60", "total_kill": "53", "win_rate": "0.3810", "xpm": "807" },
    { "avg_assist": "2.65", "avg_bekill": "2.65", "avg_kill": "1.95", "gpm": "530", "kda": "2.05", "name": "YTG丶小壳", "openid": "DC038568C171B98D6EC9EE60B2F0F657", "played": "20", "rating": "5.60", "total_kill": "39", "win_rate": "0.1500", "xpm": "811" },
    { "avg_assist": "4.16", "avg_bekill": "3.05", "avg_kill": "1.68", "gpm": "528", "kda": "3.64", "name": "RNGM.阿杰", "openid": "BBB9B79E349F28B481CB9C9D2583CE91", "played": "19", "rating": "5.60", "total_kill": "32", "win_rate": "0.5263", "xpm": "815" },
    { "avg_assist": "2.76", "avg_bekill": "2.65", "avg_kill": "2.18", "gpm": "544", "kda": "2.53", "name": "YTG丶路西法", "openid": "B0CDF2F5F1199932608F6B65DC23DE54", "played": "17", "rating": "5.60", "total_kill": "37", "win_rate": "0.2941", "xpm": "802" },
    { "avg_assist": "9.12", "avg_bekill": "2.56", "avg_kill": "1.25", "gpm": "405", "kda": "5.59", "name": "XQ丶诺诺", "openid": "5BF2FD387C9E1F2DA09BD89153DD6E5E", "played": "16", "rating": "5.60", "total_kill": "20", "win_rate": "0.5000", "xpm": "781" },
    { "avg_assist": "8.93", "avg_bekill": "2.67", "avg_kill": "1.20", "gpm": "420", "kda": "5.55", "name": "eStar.奶茶", "openid": "1FF5F2D162029871F611BA54DCF53340", "played": "15", "rating": "5.60", "total_kill": "18", "win_rate": "0.4000", "xpm": "668" },
    { "avg_assist": "5.62", "avg_bekill": "3.54", "avg_kill": "2.31", "gpm": "457", "kda": "3.01", "name": "eStar.TiGer", "openid": "44519BEABF41B3C9C5BAB0AC33E3F6B7", "played": "13", "rating": "5.60", "total_kill": "30", "win_rate": "0.3077", "xpm": "642" },
    { "avg_assist": "4.38", "avg_bekill": "2.38", "avg_kill": "3.08", "gpm": "546", "kda": "5.33", "name": "XQ丶Ku", "openid": "6690B40363495C6F757FF7B87B2E8631", "played": "13", "rating": "5.60", "total_kill": "40", "win_rate": "0.4615", "xpm": "837" },
    { "avg_assist": "5.92", "avg_bekill": "2.38", "avg_kill": "2.54", "gpm": "470", "kda": "5.10", "name": "eStar.兽神", "openid": "7A2A9EA6F3A2A22BA528906C4A721010", "played": "13", "rating": "5.60", "total_kill": "33", "win_rate": "0.6154", "xpm": "832" },
    { "avg_assist": "3.77", "avg_bekill": "3.23", "avg_kill": "2.08", "gpm": "500", "kda": "2.09", "name": "AS仙阁.堕城", "openid": "24A3D23410FAACEFBA05F97D35C2C7FC", "played": "13", "rating": "5.60", "total_kill": "27", "win_rate": "0.2308", "xpm": "735" },
    { "avg_assist": "5.92", "avg_bekill": "3.25", "avg_kill": "0.25", "gpm": "401", "kda": "2.63", "name": "AS仙阁.小羽", "openid": "FC487397157DFEB11C3F282A1BAECADB", "played": "12", "rating": "5.60", "total_kill": "3", "win_rate": "0.2500", "xpm": "666" },
    { "avg_assist": "3.83", "avg_bekill": "3.92", "avg_kill": "0.92", "gpm": "465", "kda": "1.47", "name": "sViper.百年", "openid": "B9D6764FA105D5EFBF130E0B57FA55DD", "played": "12", "rating": "5.60", "total_kill": "11", "win_rate": "0.3333", "xpm": "789" },
    { "avg_assist": "7.45", "avg_bekill": "1.91", "avg_kill": "0.82", "gpm": "459", "kda": "6.28", "name": "AG超玩会.月痕", "openid": "128CE25D8E57F245975656BC5218F16A", "played": "11", "rating": "5.60", "total_kill": "9", "win_rate": "0.6364", "xpm": "756" },
    { "avg_assist": "4.91", "avg_bekill": "2.45", "avg_kill": "2.64", "gpm": "577", "kda": "3.40", "name": "AG超玩会.流苏", "openid": "3FFE05BEA4AD9D60F6FADB671B7C805F", "played": "11", "rating": "5.60", "total_kill": "29", "win_rate": "0.7273", "xpm": "704" },
    { "avg_assist": "4.27", "avg_bekill": "2.00", "avg_kill": "3.00", "gpm": "583", "kda": "5.44", "name": "AG超玩会.屿秋", "openid": "6F61420EE48340F676FBC782FA5B1C5F", "played": "11", "rating": "5.60", "total_kill": "33", "win_rate": "0.5455", "xpm": "774" },
    { "avg_assist": "4.10", "avg_bekill": "3.00", "avg_kill": "3.00", "gpm": "527", "kda": "3.43", "name": "DVG.Shadow", "openid": "D4918DFE4F982F2FB6DA621E11DF3A67", "played": "10", "rating": "5.60", "total_kill": "30", "win_rate": "0.4000", "xpm": "713" },
    { "avg_assist": "2.20", "avg_bekill": "1.70", "avg_kill": "1.80", "gpm": "572", "kda": "2.72", "name": "EDGM.梦回", "openid": "913BF92DA8BD52870740071CAFB4EE68", "played": "10", "rating": "5.60", "total_kill": "18", "win_rate": "0.3000", "xpm": "891" },
    { "avg_assist": "7.00", "avg_bekill": "3.00", "avg_kill": "0.86", "gpm": "424", "kda": "3.15", "name": "DVG.Summer", "openid": "1401F3A9B627220039141B6588C8DFE1", "played": "7", "rating": "5.60", "total_kill": "6", "win_rate": "0.4286", "xpm": "682" },
    { "avg_assist": "2.71", "avg_bekill": "2.57", "avg_kill": "2.29", "gpm": "539", "kda": "2.62", "name": "YTG丶英噗", "openid": "BF2950D8020D9506029AE9DB9B103FF5", "played": "7", "rating": "5.60", "total_kill": "16", "win_rate": "0.2857", "xpm": "821" },
    { "avg_assist": "6.83", "avg_bekill": "2.33", "avg_kill": "2.33", "gpm": "534", "kda": "6.03", "name": "XQ丶浅笑", "openid": "0C0BFEAA9F2C0075E2262D492BD4C212", "played": "6", "rating": "5.60", "total_kill": "14", "win_rate": "0.5000", "xpm": "889" },
    { "avg_assist": "2.80", "avg_bekill": "1.80", "avg_kill": "1.00", "gpm": "532", "kda": "1.90", "name": "YTG丶孤者", "openid": "7E09D594B820CD785B6D8CCA665A73A7", "played": "5", "rating": "5.60", "total_kill": "5", "win_rate": "0.0000", "xpm": "854" },
    { "avg_assist": "4.00", "avg_bekill": "2.00", "avg_kill": "1.67", "gpm": "556", "kda": "2.83", "name": "DVG.夏末", "openid": "3A62374ADF95874E0665E0CD5C20F3B1", "played": "3", "rating": "5.60", "total_kill": "5", "win_rate": "0.6667", "xpm": "792" },
    { "avg_assist": "9.50", "avg_bekill": "1.50", "avg_kill": "0.50", "gpm": "447", "kda": "6.67", "name": "DVG.Monkey", "openid": "1E9FF5EBFEE6447134269B4CC282A9A8", "played": "2", "rating": "5.60", "total_kill": "1", "win_rate": "1.0000", "xpm": "891" },
    { "avg_assist": "1.00", "avg_bekill": "2.00", "avg_kill": "1.00", "gpm": "464", "kda": "1.33", "name": "GK.安然", "openid": "B1510934B4CEB391610D9B817C6C369C", "played": "2", "rating": "5.60", "total_kill": "2", "win_rate": "0.0000", "xpm": "751" },
    { "avg_assist": "1.00", "avg_bekill": "2.00", "avg_kill": "2.00", "gpm": "525", "kda": "1.50", "name": "AS仙阁丶空山", "openid": "5FC09D335EEA9270BAE822AE149DFDCA", "played": "1", "rating": "5.60", "total_kill": "2", "win_rate": "0.0000", "xpm": "885" },
    { "avg_assist": "6.00", "avg_bekill": "3.00", "avg_kill": "1.00", "gpm": "553", "kda": "2.33", "name": "GK.9527", "openid": "50CCAE8C0DDE9DD17BB485C9E3EDA963", "played": "1", "rating": "5.60", "total_kill": "1", "win_rate": "0.0000", "xpm": "620" }
]