[
    { "hero1_id": "123", "hero1_name": "吕布", "hero2_id": "502", "hero2_name": "裴擒虎", "played": "14", "win_rate": "0.3571" },
    { "hero1_id": "140", "hero1_name": "关羽", "hero2_id": "502", "hero2_name": "裴擒虎", "played": "13", "win_rate": "0.6923" },
    { "hero1_id": "199", "hero1_name": "公孙离", "hero2_id": "511", "hero2_name": "猪八戒", "played": "10", "win_rate": "0.4000" },
    { "hero1_id": "194", "hero1_name": "苏烈", "hero2_id": "518", "hero2_name": "马超", "played": "8", "win_rate": "0.6250" },
    { "hero1_id": "111", "hero1_name": "孙尚香", "hero2_id": "518", "hero2_name": "马超", "played": "8", "win_rate": "0.6250" },
    { "hero1_id": "140", "hero1_name": "关羽", "hero2_id": "157", "hero2_name": "不知火舞", "played": "8", "win_rate": "0.7500" },
    { "hero1_id": "123", "hero1_name": "吕布", "hero2_id": "140", "hero2_name": "关羽", "played": "7", "win_rate": "0.7143" },
    { "hero1_id": "157", "hero1_name": "不知火舞", "hero2_id": "502", "hero2_name": "裴擒虎", "played": "7", "win_rate": "0.5714" },
    { "hero1_id": "199", "hero1_name": "公孙离", "hero2_id": "522", "hero2_name": "曜", "played": "7", "win_rate": "0.5714" },
    { "hero1_id": "157", "hero1_name": "不知火舞", "hero2_id": "509", "hero2_name": "盾山", "played": "6", "win_rate": "0.6667" },
    { "hero1_id": "157", "hero1_name": "不知火舞", "hero2_id": "518", "hero2_name": "马超", "played": "6", "win_rate": "0.6667" },
    { "hero1_id": "124", "hero1_name": "周瑜", "hero2_id": "522", "hero2_name": "曜", "played": "6", "win_rate": "0.5000" },
    { "hero1_id": "194", "hero1_name": "苏烈", "hero2_id": "502", "hero2_name": "裴擒虎", "played": "6", "win_rate": "0.5000" },
    { "hero1_id": "105", "hero1_name": "廉颇", "hero2_id": "123", "hero2_name": "吕布", "played": "5", "win_rate": "0.0000" },
    { "hero1_id": "509", "hero1_name": "盾山", "hero2_id": "529", "hero2_name": "盘古", "played": "5", "win_rate": "0.4000" },
    { "hero1_id": "140", "hero1_name": "关羽", "hero2_id": "509", "hero2_name": "盾山", "played": "5", "win_rate": "0.6000" },
    { "hero1_id": "105", "hero1_name": "廉颇", "hero2_id": "502", "hero2_name": "裴擒虎", "played": "5", "win_rate": "0.2000" },
    { "hero1_id": "140", "hero1_name": "关羽", "hero2_id": "529", "hero2_name": "盘古", "played": "5", "win_rate": "0.8000" },
    { "hero1_id": "111", "hero1_name": "孙尚香", "hero2_id": "157", "hero2_name": "不知火舞", "played": "5", "win_rate": "0.8000" },
    { "hero1_id": "149", "hero1_name": "刘邦", "hero2_id": "518", "hero2_name": "马超", "played": "5", "win_rate": "0.4000" },
    { "hero1_id": "132", "hero1_name": "马可波罗", "hero2_id": "511", "hero2_name": "猪八戒", "played": "5", "win_rate": "0.4000" },
    { "hero1_id": "123", "hero1_name": "吕布", "hero2_id": "515", "hero2_name": "嫦娥", "played": "5", "win_rate": "0.4000" },
    { "hero1_id": "124", "hero1_name": "周瑜", "hero2_id": "511", "hero2_name": "猪八戒", "played": "5", "win_rate": "0.6000" },
    { "hero1_id": "132", "hero1_name": "马可波罗", "hero2_id": "522", "hero2_name": "曜", "played": "5", "win_rate": "0.2000" },
    { "hero1_id": "312", "hero1_name": "沈梦溪", "hero2_id": "511", "hero2_name": "猪八戒", "played": "5", "win_rate": "0.2000" },
    { "hero1_id": "124", "hero1_name": "周瑜", "hero2_id": "199", "hero2_name": "公孙离", "played": "5", "win_rate": "0.4000" },
    { "hero1_id": "511", "hero1_name": "猪八戒", "hero2_id": "518", "hero2_name": "马超", "played": "5", "win_rate": "0.8000" },
    { "hero1_id": "525", "hero1_name": "鲁班大师", "hero2_id": "529", "hero2_name": "盘古", "played": "5", "win_rate": "0.8000" },
    { "hero1_id": "502", "hero1_name": "裴擒虎", "hero2_id": "509", "hero2_name": "盾山", "played": "5", "win_rate": "0.4000" },
    { "hero1_id": "111", "hero1_name": "孙尚香", "hero2_id": "186", "hero2_name": "太乙真人", "played": "5", "win_rate": "0.2000" },
    { "hero1_id": "518", "hero1_name": "马超", "hero2_id": "529", "hero2_name": "盘古", "played": "5", "win_rate": "0.8000" },
    { "hero1_id": "522", "hero1_name": "曜", "hero2_id": "525", "hero2_name": "鲁班大师", "played": "5", "win_rate": "0.8000" },
    { "hero1_id": "132", "hero1_name": "马可波罗", "hero2_id": "312", "hero2_name": "沈梦溪", "played": "5", "win_rate": "0.6000" },
    { "hero1_id": "118", "hero1_name": "孙膑", "hero2_id": "511", "hero2_name": "猪八戒", "played": "5", "win_rate": "0.6000" },
    { "hero1_id": "157", "hero1_name": "不知火舞", "hero2_id": "529", "hero2_name": "盘古", "played": "5", "win_rate": "0.6000" },
    { "hero1_id": "133", "hero1_name": "狄仁杰", "hero2_id": "518", "hero2_name": "马超", "played": "5", "win_rate": "0.6000" },
    { "hero1_id": "312", "hero1_name": "沈梦溪", "hero2_id": "522", "hero2_name": "曜", "played": "4", "win_rate": "0.5000" },
    { "hero1_id": "502", "hero1_name": "裴擒虎", "hero2_id": "503", "hero2_name": "狂铁", "played": "4", "win_rate": "0.5000" },
    { "hero1_id": "171", "hero1_name": "张飞", "hero2_id": "513", "hero2_name": "上官婉儿", "played": "4", "win_rate": "0.7500" },
    { "hero1_id": "132", "hero1_name": "马可波罗", "hero2_id": "171", "hero2_name": "张飞", "played": "4", "win_rate": "0.5000" },
    { "hero1_id": "132", "hero1_name": "马可波罗", "hero2_id": "194", "hero2_name": "苏烈", "played": "4", "win_rate": "0.2500" },
    { "hero1_id": "193", "hero1_name": "铠", "hero2_id": "199", "hero2_name": "公孙离", "played": "4", "win_rate": "0.2500" },
    { "hero1_id": "194", "hero1_name": "苏烈", "hero2_id": "529", "hero2_name": "盘古", "played": "4", "win_rate": "1.0000" },
    { "hero1_id": "123", "hero1_name": "吕布", "hero2_id": "503", "hero2_name": "狂铁", "played": "4", "win_rate": "0.2500" },
    { "hero1_id": "111", "hero1_name": "孙尚香", "hero2_id": "171", "hero2_name": "张飞", "played": "4", "win_rate": "0.5000" },
    { "hero1_id": "171", "hero1_name": "张飞", "hero2_id": "522", "hero2_name": "曜", "played": "4", "win_rate": "0.2500" },
    { "hero1_id": "194", "hero1_name": "苏烈", "hero2_id": "312", "hero2_name": "沈梦溪", "played": "4", "win_rate": "0.7500" },
    { "hero1_id": "503", "hero1_name": "狂铁", "hero2_id": "513", "hero2_name": "上官婉儿", "played": "4", "win_rate": "0.2500" },
    { "hero1_id": "124", "hero1_name": "周瑜", "hero2_id": "529", "hero2_name": "盘古", "played": "4", "win_rate": "0.7500" },
    { "hero1_id": "128", "hero1_name": "曹操", "hero2_id": "511", "hero2_name": "猪八戒", "played": "4", "win_rate": "0.5000" },
    { "hero1_id": "191", "hero1_name": "大乔", "hero2_id": "199", "hero2_name": "公孙离", "played": "4", "win_rate": "0.5000" },
    { "hero1_id": "511", "hero1_name": "猪八戒", "hero2_id": "522", "hero2_name": "曜", "played": "4", "win_rate": "0.2500" },
    { "hero1_id": "312", "hero1_name": "沈梦溪", "hero2_id": "503", "hero2_name": "狂铁", "played": "4", "win_rate": "0.7500" },
    { "hero1_id": "162", "hero1_name": "娜可露露", "hero2_id": "518", "hero2_name": "马超", "played": "4", "win_rate": "1.0000" },
    { "hero1_id": "153", "hero1_name": "兰陵王", "hero2_id": "518", "hero2_name": "马超", "played": "4", "win_rate": "0.5000" },
    { "hero1_id": "522", "hero1_name": "曜", "hero2_id": "529", "hero2_name": "盘古", "played": "4", "win_rate": "0.7500" },
    { "hero1_id": "186", "hero1_name": "太乙真人", "hero2_id": "511", "hero2_name": "猪八戒", "played": "4", "win_rate": "0.2500" },
    { "hero1_id": "199", "hero1_name": "公孙离", "hero2_id": "312", "hero2_name": "沈梦溪", "played": "4", "win_rate": "0.5000" },
    { "hero1_id": "194", "hero1_name": "苏烈", "hero2_id": "513", "hero2_name": "上官婉儿", "played": "4", "win_rate": "0.7500" },
    { "hero1_id": "123", "hero1_name": "吕布", "hero2_id": "194", "hero2_name": "苏烈", "played": "4", "win_rate": "0.2500" },
    { "hero1_id": "157", "hero1_name": "不知火舞", "hero2_id": "194", "hero2_name": "苏烈", "played": "4", "win_rate": "0.7500" },
    { "hero1_id": "111", "hero1_name": "孙尚香", "hero2_id": "513", "hero2_name": "上官婉儿", "played": "4", "win_rate": "0.2500" },
    { "hero1_id": "509", "hero1_name": "盾山", "hero2_id": "522", "hero2_name": "曜", "played": "4", "win_rate": "0.0000" },
    { "hero1_id": "513", "hero1_name": "上官婉儿", "hero2_id": "529", "hero2_name": "盘古", "played": "4", "win_rate": "0.7500" },
    { "hero1_id": "177", "hero1_name": "成吉思汗", "hero2_id": "529", "hero2_name": "盘古", "played": "4", "win_rate": "0.7500" },
    { "hero1_id": "123", "hero1_name": "吕布", "hero2_id": "513", "hero2_name": "上官婉儿", "played": "4", "win_rate": "0.0000" },
    { "hero1_id": "128", "hero1_name": "曹操", "hero2_id": "194", "hero2_name": "苏烈", "played": "4", "win_rate": "0.5000" },
    { "hero1_id": "502", "hero1_name": "裴擒虎", "hero2_id": "529", "hero2_name": "盘古", "played": "4", "win_rate": "0.5000" },
    { "hero1_id": "186", "hero1_name": "太乙真人", "hero2_id": "529", "hero2_name": "盘古", "played": "4", "win_rate": "0.7500" },
    { "hero1_id": "140", "hero1_name": "关羽", "hero2_id": "194", "hero2_name": "苏烈", "played": "4", "win_rate": "1.0000" },
    { "hero1_id": "132", "hero1_name": "马可波罗", "hero2_id": "153", "hero2_name": "兰陵王", "played": "4", "win_rate": "0.2500" },
    { "hero1_id": "107", "hero1_name": "赵云", "hero2_id": "194", "hero2_name": "苏烈", "played": "4", "win_rate": "0.5000" },
    { "hero1_id": "502", "hero1_name": "裴擒虎", "hero2_id": "515", "hero2_name": "嫦娥", "played": "4", "win_rate": "0.5000" },
    { "hero1_id": "123", "hero1_name": "吕布", "hero2_id": "522", "hero2_name": "曜", "played": "4", "win_rate": "0.2500" },
    { "hero1_id": "111", "hero1_name": "孙尚香", "hero2_id": "194", "hero2_name": "苏烈", "played": "4", "win_rate": "0.7500" }
]