[
    { "avg_assist": "3.72", "avg_ban_seq": "3.8", "avg_bekill": "1.93", "avg_kill": "3.31", "avg_pick_seq": "0.0", "ban_cnt": "19", "gpm": "709", "hero_id": "518", "hero_name": "马超", "kda": "4.06", "pick_cnt": "29", "played": "29", "win_rate": "0.6552" },
    { "avg_assist": "6.32", "avg_ban_seq": "3.5", "avg_bekill": "2.68", "avg_kill": "1.64", "avg_pick_seq": "0.0", "ban_cnt": "11", "gpm": "498", "hero_id": "511", "hero_name": "猪八戒", "kda": "3.77", "pick_cnt": "25", "played": "25", "win_rate": "0.4800" },
    { "avg_assist": "4.54", "avg_ban_seq": "5.2", "avg_bekill": "2.88", "avg_kill": "1.54", "avg_pick_seq": "0.0", "ban_cnt": "3", "gpm": "538", "hero_id": "123", "hero_name": "吕布", "kda": "3.18", "pick_cnt": "24", "played": "24", "win_rate": "0.3333" },
    { "avg_assist": "2.52", "avg_ban_seq": "5.0", "avg_bekill": "2.44", "avg_kill": "2.16", "avg_pick_seq": "0.0", "ban_cnt": "19", "gpm": "690", "hero_id": "522", "hero_name": "曜", "kda": "2.81", "pick_cnt": "24", "played": "25", "win_rate": "0.3600" },
    { "avg_assist": "7.82", "avg_ban_seq": "5.4", "avg_bekill": "2.41", "avg_kill": "0.91", "avg_pick_seq": "0.0", "ban_cnt": "5", "gpm": "404", "hero_id": "194", "hero_name": "苏烈", "kda": "4.98", "pick_cnt": "22", "played": "22", "win_rate": "0.5909" },
    { "avg_assist": "5.16", "avg_ban_seq": "4.4", "avg_bekill": "1.56", "avg_kill": "2.56", "avg_pick_seq": "0.0", "ban_cnt": "23", "gpm": "647", "hero_id": "140", "hero_name": "关羽", "kda": "5.77", "pick_cnt": "22", "played": "25", "win_rate": "0.6800" },
    { "avg_assist": "3.24", "avg_ban_seq": "3.6", "avg_bekill": "1.67", "avg_kill": "3.19", "avg_pick_seq": "0.0", "ban_cnt": "14", "gpm": "721", "hero_id": "111", "hero_name": "孙尚香", "kda": "4.69", "pick_cnt": "21", "played": "21", "win_rate": "0.4762" },
    { "avg_assist": "3.68", "avg_ban_seq": "2.8", "avg_bekill": "1.73", "avg_kill": "3.18", "avg_pick_seq": "0.0", "ban_cnt": "36", "gpm": "679", "hero_id": "199", "hero_name": "公孙离", "kda": "4.82", "pick_cnt": "21", "played": "22", "win_rate": "0.5455" },
    { "avg_assist": "4.58", "avg_ban_seq": "3.7", "avg_bekill": "2.00", "avg_kill": "3.75", "avg_pick_seq": "0.0", "ban_cnt": "9", "gpm": "700", "hero_id": "502", "hero_name": "裴擒虎", "kda": "5.80", "pick_cnt": "21", "played": "24", "win_rate": "0.4583" },
    { "avg_assist": "4.15", "avg_ban_seq": "6.0", "avg_bekill": "2.80", "avg_kill": "3.65", "avg_pick_seq": "0.0", "ban_cnt": "17", "gpm": "607", "hero_id": "513", "hero_name": "上官婉儿", "kda": "4.21", "pick_cnt": "20", "played": "20", "win_rate": "0.4000" },
    { "avg_assist": "6.27", "avg_ban_seq": "2.6", "avg_bekill": "1.91", "avg_kill": "2.50", "avg_pick_seq": "0.0", "ban_cnt": "40", "gpm": "592", "hero_id": "529", "hero_name": "盘古", "kda": "5.86", "pick_cnt": "19", "played": "22", "win_rate": "0.6818" },
    { "avg_assist": "4.95", "avg_ban_seq": "3.0", "avg_bekill": "1.85", "avg_kill": "2.90", "avg_pick_seq": "0.0", "ban_cnt": "26", "gpm": "706", "hero_id": "132", "hero_name": "马可波罗", "kda": "5.61", "pick_cnt": "19", "played": "20", "win_rate": "0.5000" },
    { "avg_assist": "6.05", "avg_ban_seq": "6.1", "avg_bekill": "2.10", "avg_kill": "2.48", "avg_pick_seq": "0.0", "ban_cnt": "25", "gpm": "632", "hero_id": "157", "hero_name": "不知火舞", "kda": "5.14", "pick_cnt": "18", "played": "21", "win_rate": "0.6190" },
    { "avg_assist": "4.89", "avg_ban_seq": "6.8", "avg_bekill": "2.39", "avg_kill": "1.94", "avg_pick_seq": "0.0", "ban_cnt": "3", "gpm": "631", "hero_id": "503", "hero_name": "狂铁", "kda": "4.43", "pick_cnt": "18", "played": "18", "win_rate": "0.6111" },
    { "avg_assist": "6.06", "avg_ban_seq": "6.9", "avg_bekill": "0.94", "avg_kill": "3.00", "avg_pick_seq": "0.0", "ban_cnt": "12", "gpm": "616", "hero_id": "312", "hero_name": "沈梦溪", "kda": "7.95", "pick_cnt": "17", "played": "17", "win_rate": "0.5294" },
    { "avg_assist": "6.00", "avg_ban_seq": "6.0", "avg_bekill": "1.53", "avg_kill": "1.47", "avg_pick_seq": "0.0", "ban_cnt": "14", "gpm": "622", "hero_id": "124", "hero_name": "周瑜", "kda": "5.27", "pick_cnt": "16", "played": "17", "win_rate": "0.5882" },
    { "avg_assist": "6.21", "avg_ban_seq": "2.1", "avg_bekill": "4.16", "avg_kill": "0.63", "avg_pick_seq": "0.0", "ban_cnt": "37", "gpm": "372", "hero_id": "509", "hero_name": "盾山", "kda": "2.69", "pick_cnt": "16", "played": "19", "win_rate": "0.4211" },
    { "avg_assist": "5.38", "avg_ban_seq": "3.7", "avg_bekill": "1.75", "avg_kill": "0.44", "avg_pick_seq": "0.0", "ban_cnt": "9", "gpm": "402", "hero_id": "171", "hero_name": "张飞", "kda": "4.51", "pick_cnt": "16", "played": "16", "win_rate": "0.5000" },
    { "avg_assist": "5.15", "avg_ban_seq": "6.8", "avg_bekill": "3.46", "avg_kill": "0.69", "avg_pick_seq": "0.0", "ban_cnt": "2", "gpm": "373", "hero_id": "105", "hero_name": "廉颇", "kda": "2.30", "pick_cnt": "13", "played": "13", "win_rate": "0.2308" },
    { "avg_assist": "3.85", "avg_ban_seq": "6.6", "avg_bekill": "2.15", "avg_kill": "2.15", "avg_pick_seq": "0.0", "ban_cnt": "2", "gpm": "633", "hero_id": "128", "hero_name": "曹操", "kda": "3.52", "pick_cnt": "13", "played": "13", "win_rate": "0.4615" },
    { "avg_assist": "5.69", "avg_ban_seq": "4.8", "avg_bekill": "2.77", "avg_kill": "0.54", "avg_pick_seq": "0.0", "ban_cnt": "9", "gpm": "404", "hero_id": "186", "hero_name": "太乙真人", "kda": "3.74", "pick_cnt": "13", "played": "13", "win_rate": "0.3846" },
    { "avg_assist": "9.23", "avg_ban_seq": "5.5", "avg_bekill": "1.77", "avg_kill": "0.69", "avg_pick_seq": "0.0", "ban_cnt": "1", "gpm": "428", "hero_id": "525", "hero_name": "鲁班大师", "kda": "7.62", "pick_cnt": "12", "played": "13", "win_rate": "0.6923" },
    { "avg_assist": "3.67", "avg_ban_seq": "7.6", "avg_bekill": "2.08", "avg_kill": "1.42", "avg_pick_seq": "0.0", "ban_cnt": "4", "gpm": "607", "hero_id": "193", "hero_name": "铠", "kda": "3.19", "pick_cnt": "12", "played": "12", "win_rate": "0.3333" },
    { "avg_assist": "4.27", "avg_ban_seq": "8.1", "avg_bekill": "1.73", "avg_kill": "2.00", "avg_pick_seq": "0.0", "ban_cnt": "6", "gpm": "617", "hero_id": "515", "hero_name": "嫦娥", "kda": "4.64", "pick_cnt": "11", "played": "11", "win_rate": "0.2727" },
    { "avg_assist": "3.60", "avg_ban_seq": "6.7", "avg_bekill": "2.70", "avg_kill": "4.00", "avg_pick_seq": "0.0", "ban_cnt": "8", "gpm": "680", "hero_id": "162", "hero_name": "娜可露露", "kda": "3.14", "pick_cnt": "10", "played": "10", "win_rate": "0.5000" },
    { "avg_assist": "5.30", "avg_ban_seq": "4.8", "avg_bekill": "1.90", "avg_kill": "3.50", "avg_pick_seq": "0.0", "ban_cnt": "2", "gpm": "626", "hero_id": "163", "hero_name": "橘右京", "kda": "7.09", "pick_cnt": "10", "played": "10", "win_rate": "0.8000" },
    { "avg_assist": "7.11", "avg_ban_seq": "5.2", "avg_bekill": "2.56", "avg_kill": "1.56", "avg_pick_seq": "0.0", "ban_cnt": "4", "gpm": "482", "hero_id": "149", "hero_name": "刘邦", "kda": "4.90", "pick_cnt": "9", "played": "9", "win_rate": "0.3333" },
    { "avg_assist": "3.67", "avg_ban_seq": "6.4", "avg_bekill": "1.56", "avg_kill": "3.89", "avg_pick_seq": "0.0", "ban_cnt": "1", "gpm": "664", "hero_id": "174", "hero_name": "虞姬", "kda": "5.83", "pick_cnt": "9", "played": "9", "win_rate": "0.5556" },
    { "avg_assist": "3.56", "avg_ban_seq": "7.3", "avg_bekill": "1.89", "avg_kill": "2.22", "avg_pick_seq": "0.0", "ban_cnt": "6", "gpm": "638", "hero_id": "107", "hero_name": "赵云", "kda": "3.81", "pick_cnt": "9", "played": "9", "win_rate": "0.5556" },
    { "avg_assist": "3.78", "avg_ban_seq": "5.7", "avg_bekill": "3.56", "avg_kill": "1.67", "avg_pick_seq": "0.0", "ban_cnt": "26", "gpm": "510", "hero_id": "153", "hero_name": "兰陵王", "kda": "1.90", "pick_cnt": "9", "played": "9", "win_rate": "0.3333" },
    { "avg_assist": "4.89", "avg_ban_seq": "5.8", "avg_bekill": "1.78", "avg_kill": "1.44", "avg_pick_seq": "0.0", "ban_cnt": "16", "gpm": "618", "hero_id": "139", "hero_name": "老夫子", "kda": "4.81", "pick_cnt": "9", "played": "9", "win_rate": "0.4444" },
    { "avg_assist": "4.44", "avg_ban_seq": "5.1", "avg_bekill": "1.11", "avg_kill": "3.33", "avg_pick_seq": "0.0", "ban_cnt": "1", "gpm": "735", "hero_id": "177", "hero_name": "成吉思汗", "kda": "6.42", "pick_cnt": "9", "played": "9", "win_rate": "0.7778" },
    { "avg_assist": "1.50", "avg_ban_seq": "7.6", "avg_bekill": "3.12", "avg_kill": "0.50", "avg_pick_seq": "0.0", "ban_cnt": "1", "gpm": "476", "hero_id": "510", "hero_name": "孙策", "kda": "0.96", "pick_cnt": "8", "played": "8", "win_rate": "0.2500" },
    { "avg_assist": "6.88", "avg_ban_seq": "7.4", "avg_bekill": "2.00", "avg_kill": "0.00", "avg_pick_seq": "0.0", "ban_cnt": "0", "gpm": "397", "hero_id": "184", "hero_name": "蔡文姬", "kda": "4.27", "pick_cnt": "8", "played": "8", "win_rate": "0.6250" },
    { "avg_assist": "5.00", "avg_ban_seq": "5.8", "avg_bekill": "1.38", "avg_kill": "2.62", "avg_pick_seq": "0.0", "ban_cnt": "4", "gpm": "687", "hero_id": "133", "hero_name": "狄仁杰", "kda": "6.12", "pick_cnt": "8", "played": "8", "win_rate": "0.6250" },
    { "avg_assist": "8.12", "avg_ban_seq": "3.0", "avg_bekill": "1.00", "avg_kill": "1.38", "avg_pick_seq": "0.0", "ban_cnt": "32", "gpm": "489", "hero_id": "148", "hero_name": "姜子牙", "kda": "7.58", "pick_cnt": "8", "played": "8", "win_rate": "0.7500" },
    { "avg_assist": "8.62", "avg_ban_seq": "5.2", "avg_bekill": "1.00", "avg_kill": "1.25", "avg_pick_seq": "0.0", "ban_cnt": "6", "gpm": "441", "hero_id": "118", "hero_name": "孙膑", "kda": "8.69", "pick_cnt": "8", "played": "8", "win_rate": "0.6250" },
    { "avg_assist": "3.67", "avg_ban_seq": "5.9", "avg_bekill": "1.83", "avg_kill": "3.67", "avg_pick_seq": "0.0", "ban_cnt": "1", "gpm": "683", "hero_id": "173", "hero_name": "李元芳", "kda": "4.83", "pick_cnt": "6", "played": "6", "win_rate": "0.3333" },
    { "avg_assist": "6.33", "avg_ban_seq": "8.2", "avg_bekill": "2.17", "avg_kill": "2.83", "avg_pick_seq": "0.0", "ban_cnt": "4", "gpm": "598", "hero_id": "152", "hero_name": "王昭君", "kda": "4.28", "pick_cnt": "6", "played": "6", "win_rate": "0.5000" },
    { "avg_assist": "3.33", "avg_ban_seq": "7.2", "avg_bekill": "4.33", "avg_kill": "1.67", "avg_pick_seq": "0.0", "ban_cnt": "0", "gpm": "494", "hero_id": "178", "hero_name": "杨戬", "kda": "1.61", "pick_cnt": "6", "played": "6", "win_rate": "0.1667" },
    { "avg_assist": "3.83", "avg_ban_seq": "5.4", "avg_bekill": "2.83", "avg_kill": "3.83", "avg_pick_seq": "0.0", "ban_cnt": "12", "gpm": "618", "hero_id": "141", "hero_name": "貂蝉", "kda": "3.04", "pick_cnt": "6", "played": "6", "win_rate": "0.1667" },
    { "avg_assist": "4.17", "avg_ban_seq": "7.7", "avg_bekill": "3.00", "avg_kill": "1.00", "avg_pick_seq": "0.0", "ban_cnt": "1", "gpm": "460", "hero_id": "130", "hero_name": "宫本武藏", "kda": "1.93", "pick_cnt": "6", "played": "6", "win_rate": "0.3333" },
    { "avg_assist": "4.67", "avg_ban_seq": "9.2", "avg_bekill": "1.33", "avg_kill": "2.83", "avg_pick_seq": "0.0", "ban_cnt": "0", "gpm": "655", "hero_id": "182", "hero_name": "干将莫邪", "kda": "6.37", "pick_cnt": "6", "played": "6", "win_rate": "0.8333" },
    { "avg_assist": "6.60", "avg_ban_seq": "5.5", "avg_bekill": "1.80", "avg_kill": "0.40", "avg_pick_seq": "0.0", "ban_cnt": "7", "gpm": "410", "hero_id": "191", "hero_name": "大乔", "kda": "5.73", "pick_cnt": "5", "played": "5", "win_rate": "0.4000" },
    { "avg_assist": "3.40", "avg_ban_seq": "7.2", "avg_bekill": "1.20", "avg_kill": "1.20", "avg_pick_seq": "0.0", "ban_cnt": "1", "gpm": "666", "hero_id": "196", "hero_name": "百里守约", "kda": "4.20", "pick_cnt": "5", "played": "5", "win_rate": "0.8000" },
    { "avg_assist": "5.80", "avg_ban_seq": "5.8", "avg_bekill": "1.00", "avg_kill": "2.40", "avg_pick_seq": "0.0", "ban_cnt": "10", "gpm": "705", "hero_id": "131", "hero_name": "李白", "kda": "6.70", "pick_cnt": "5", "played": "5", "win_rate": "0.8000" },
    { "avg_assist": "10.40", "avg_ban_seq": "6.7", "avg_bekill": "2.20", "avg_kill": "0.60", "avg_pick_seq": "0.0", "ban_cnt": "1", "gpm": "418", "hero_id": "168", "hero_name": "牛魔", "kda": "7.22", "pick_cnt": "5", "played": "5", "win_rate": "1.0000" },
    { "avg_assist": "6.50", "avg_ban_seq": "8.5", "avg_bekill": "2.00", "avg_kill": "1.00", "avg_pick_seq": "0.0", "ban_cnt": "2", "gpm": "542", "hero_id": "523", "hero_name": "西施", "kda": "4.71", "pick_cnt": "4", "played": "4", "win_rate": "0.0000" },
    { "avg_assist": "3.50", "avg_ban_seq": "9.2", "avg_bekill": "2.75", "avg_kill": "1.00", "avg_pick_seq": "0.0", "ban_cnt": "0", "gpm": "531", "hero_id": "136", "hero_name": "武则天", "kda": "2.94", "pick_cnt": "4", "played": "4", "win_rate": "0.2500" },
    { "avg_assist": "1.00", "avg_ban_seq": "6.6", "avg_bekill": "1.25", "avg_kill": "1.25", "avg_pick_seq": "0.0", "ban_cnt": "1", "gpm": "624", "hero_id": "508", "hero_name": "伽罗", "kda": "0.79", "pick_cnt": "4", "played": "4", "win_rate": "0.2500" },
    { "avg_assist": "8.50", "avg_ban_seq": "8.0", "avg_bekill": "0.75", "avg_kill": "3.25", "avg_pick_seq": "0.0", "ban_cnt": "0", "gpm": "732", "hero_id": "176", "hero_name": "杨玉环", "kda": "11.50", "pick_cnt": "4", "played": "4", "win_rate": "0.7500" },
    { "avg_assist": "4.50", "avg_ban_seq": "6.2", "avg_bekill": "1.50", "avg_kill": "2.00", "avg_pick_seq": "0.0", "ban_cnt": "24", "gpm": "547", "hero_id": "156", "hero_name": "张良", "kda": "5.12", "pick_cnt": "4", "played": "4", "win_rate": "0.5000" },
    { "avg_assist": "3.00", "avg_ban_seq": "6.5", "avg_bekill": "2.67", "avg_kill": "2.67", "avg_pick_seq": "0.0", "ban_cnt": "3", "gpm": "626", "hero_id": "506", "hero_name": "云中君", "kda": "1.89", "pick_cnt": "3", "played": "3", "win_rate": "0.3333" },
    { "avg_assist": "1.67", "avg_ban_seq": "7.2", "avg_bekill": "3.00", "avg_kill": "2.00", "avg_pick_seq": "0.0", "ban_cnt": "2", "gpm": "675", "hero_id": "507", "hero_name": "李信", "kda": "2.60", "pick_cnt": "3", "played": "3", "win_rate": "0.3333" },
    { "avg_assist": "2.33", "avg_ban_seq": "9.7", "avg_bekill": "1.67", "avg_kill": "3.33", "avg_pick_seq": "0.0", "ban_cnt": "0", "gpm": "643", "hero_id": "137", "hero_name": "司马懿", "kda": "5.00", "pick_cnt": "3", "played": "3", "win_rate": "0.3333" },
    { "avg_assist": "2.33", "avg_ban_seq": "6.7", "avg_bekill": "0.33", "avg_kill": "4.00", "avg_pick_seq": "0.0", "ban_cnt": "0", "gpm": "841", "hero_id": "195", "hero_name": "百里玄策", "kda": "6.33", "pick_cnt": "3", "played": "3", "win_rate": "0.6667" },
    { "avg_assist": "7.00", "avg_ban_seq": "6.8", "avg_bekill": "4.67", "avg_kill": "0.33", "avg_pick_seq": "0.0", "ban_cnt": "1", "gpm": "356", "hero_id": "189", "hero_name": "鬼谷子", "kda": "1.95", "pick_cnt": "3", "played": "3", "win_rate": "0.3333" },
    { "avg_assist": "5.00", "avg_ban_seq": "9.5", "avg_bekill": "3.50", "avg_kill": "3.00", "avg_pick_seq": "0.0", "ban_cnt": "0", "gpm": "680", "hero_id": "154", "hero_name": "花木兰", "kda": "2.38", "pick_cnt": "2", "played": "2", "win_rate": "0.0000" },
    { "avg_assist": "1.00", "avg_ban_seq": "5.0", "avg_bekill": "1.00", "avg_kill": "2.00", "avg_pick_seq": "0.0", "ban_cnt": "0", "gpm": "641", "hero_id": "144", "hero_name": "程咬金", "kda": "1.50", "pick_cnt": "2", "played": "2", "win_rate": "0.0000" },
    { "avg_assist": "4.50", "avg_ban_seq": "6.6", "avg_bekill": "1.00", "avg_kill": "3.00", "avg_pick_seq": "0.0", "ban_cnt": "3", "gpm": "734", "hero_id": "146", "hero_name": "露娜", "kda": "4.75", "pick_cnt": "2", "played": "2", "win_rate": "1.0000" },
    { "avg_assist": "3.50", "avg_ban_seq": "8.3", "avg_bekill": "4.50", "avg_kill": "0.50", "avg_pick_seq": "0.0", "ban_cnt": "1", "gpm": "471", "hero_id": "117", "hero_name": "钟无艳", "kda": "0.80", "pick_cnt": "2", "played": "2", "win_rate": "0.0000" },
    { "avg_assist": "3.50", "avg_ban_seq": "7.3", "avg_bekill": "1.00", "avg_kill": "1.50", "avg_pick_seq": "0.0", "ban_cnt": "1", "gpm": "600", "hero_id": "134", "hero_name": "达摩", "kda": "2.50", "pick_cnt": "2", "played": "2", "win_rate": "1.0000" },
    { "avg_assist": "1.00", "avg_ban_seq": "10.0", "avg_bekill": "1.00", "avg_kill": "0.00", "avg_pick_seq": "0.0", "ban_cnt": "0", "gpm": "353", "hero_id": "505", "hero_name": "瑶", "kda": "1.00", "pick_cnt": "1", "played": "1", "win_rate": "0.0000" },
    { "avg_assist": "0.00", "avg_ban_seq": "6.0", "avg_bekill": "0.00", "avg_kill": "0.00", "avg_pick_seq": "0.0", "ban_cnt": "0", "gpm": "220", "hero_id": "120", "hero_name": "白起", "kda": "0.00", "pick_cnt": "1", "played": "1", "win_rate": "0.0000" },
    { "avg_assist": "1.00", "avg_ban_seq": "10.0", "avg_bekill": "2.00", "avg_kill": "0.00", "avg_pick_seq": "0.0", "ban_cnt": "0", "gpm": "450", "hero_id": "135", "hero_name": "项羽", "kda": "0.50", "pick_cnt": "1", "played": "1", "win_rate": "0.0000" },
    { "avg_assist": "11.00", "avg_ban_seq": "10.0", "avg_bekill": "4.00", "avg_kill": "1.00", "avg_pick_seq": "0.0", "ban_cnt": "0", "gpm": "553", "hero_id": "106", "hero_name": "小乔", "kda": "3.00", "pick_cnt": "1", "played": "1", "win_rate": "1.0000" },
    { "avg_assist": "0.00", "avg_ban_seq": "10.0", "avg_bekill": "0.00", "avg_kill": "0.00", "avg_pick_seq": "0.0", "ban_cnt": "0", "gpm": "220", "hero_id": "150", "hero_name": "韩信", "kda": "0.00", "pick_cnt": "1", "played": "1", "win_rate": "0.0000" },
    { "avg_assist": "13.00", "avg_ban_seq": "9.0", "avg_bekill": "1.00", "avg_kill": "0.00", "avg_pick_seq": "0.0", "ban_cnt": "0", "gpm": "477", "hero_id": "175", "hero_name": "钟馗", "kda": "13.00", "pick_cnt": "1", "played": "1", "win_rate": "0.0000" },
    { "avg_assist": "4.00", "avg_ban_seq": "10.0", "avg_bekill": "3.00", "avg_kill": "1.00", "avg_pick_seq": "0.0", "ban_cnt": "0", "gpm": "558", "hero_id": "125", "hero_name": "元歌", "kda": "1.67", "pick_cnt": "1", "played": "1", "win_rate": "0.0000" },
    { "avg_assist": "0.00", "avg_ban_seq": "10.0", "avg_bekill": "1.00", "avg_kill": "0.00", "avg_pick_seq": "0.0", "ban_cnt": "0", "gpm": "600", "hero_id": "110", "hero_name": "嬴政", "kda": "0.00", "pick_cnt": "1", "played": "1", "win_rate": "0.0000" },
    { "avg_assist": "5.00", "avg_ban_seq": "8.0", "avg_bekill": "2.00", "avg_kill": "8.00", "avg_pick_seq": "0.0", "ban_cnt": "0", "gpm": "690", "hero_id": "112", "hero_name": "鲁班七号", "kda": "6.50", "pick_cnt": "1", "played": "1", "win_rate": "0.0000" },
    { "avg_assist": "9.00", "avg_ban_seq": "8.5", "avg_bekill": "1.00", "avg_kill": "8.00", "avg_pick_seq": "0.0", "ban_cnt": "1", "gpm": "691", "hero_id": "142", "hero_name": "安琪拉", "kda": "17.00", "pick_cnt": "1", "played": "1", "win_rate": "1.0000" },
    { "avg_assist": "0.00", "avg_ban_seq": "10.0", "avg_bekill": "2.00", "avg_kill": "0.00", "avg_pick_seq": "0.0", "ban_cnt": "0", "gpm": "384", "hero_id": "113", "hero_name": "庄周", "kda": "0.00", "pick_cnt": "1", "played": "1", "win_rate": "0.0000" },
    { "avg_assist": "2.00", "avg_ban_seq": "8.0", "avg_bekill": "3.00", "avg_kill": "0.00", "avg_pick_seq": "0.0", "ban_cnt": "0", "gpm": "387", "hero_id": "501", "hero_name": "明世隐", "kda": "0.67", "pick_cnt": "1", "played": "1", "win_rate": "0.0000" },
    { "avg_assist": "0.00", "avg_ban_seq": "4.0", "avg_bekill": "0.00", "avg_kill": "0.00", "avg_pick_seq": "0.0", "ban_cnt": "1", "gpm": "220", "hero_id": "187", "hero_name": "东皇太一", "kda": "0.00", "pick_cnt": "1", "played": "1", "win_rate": "1.0000" },
    { "avg_assist": "0.00", "avg_ban_seq": "4.0", "avg_bekill": "0.00", "avg_kill": "0.00", "avg_pick_seq": "0.0", "ban_cnt": "2", "gpm": "0", "hero_id": "109", "hero_name": "妲己", "kda": "0.00", "pick_cnt": "0", "played": "0", "win_rate": "0.0000" },
    { "avg_assist": "0.00", "avg_ban_seq": "7.0", "avg_bekill": "0.00", "avg_kill": "0.00", "avg_pick_seq": "0.0", "ban_cnt": "1", "gpm": "0", "hero_id": "126", "hero_name": "夏侯惇", "kda": "0.00", "pick_cnt": "0", "played": "0", "win_rate": "0.0000" },
    { "avg_assist": "0.00", "avg_ban_seq": "6.5", "avg_bekill": "0.00", "avg_kill": "0.00", "avg_pick_seq": "0.0", "ban_cnt": "2", "gpm": "0", "hero_id": "115", "hero_name": "高渐离", "kda": "0.00", "pick_cnt": "0", "played": "0", "win_rate": "0.0000" }
]