[{ "hero_id": "108", "hero_name": "墨子" }, { "hero_id": "114", "hero_name": "刘禅" }, { "hero_id": "116", "hero_name": "阿轲" }, { "hero_id": "119", "hero_name": "扁鹊" }, { "hero_id": "121", "hero_name": "芈月" }, { "hero_id": "127", "hero_name": "甄姬" }, { "hero_id": "129", "hero_name": "典韦" }, { "hero_id": "155", "hero_name": "艾琳" }, { "hero_id": "166", "hero_name": "亚瑟" }, { "hero_id": "167", "hero_name": "孙悟空" }, { "hero_id": "169", "hero_name": "后羿" }, { "hero_id": "170", "hero_name": "刘备" }, { "hero_id": "179", "hero_name": "女娲" }, { "hero_id": "180", "hero_name": "哪吒" }, { "hero_id": "183", "hero_name": "雅典娜" }, { "hero_id": "190", "hero_name": "诸葛亮" }, { "hero_id": "192", "hero_name": "黄忠" }, { "hero_id": "197", "hero_name": "弈星" }, { "hero_id": "198", "hero_name": "梦奇" }, { "hero_id": "504", "hero_name": "米莱狄" }]