[
    { "avg_assist": "5.44", "avg_bekill": "1.26", "avg_kill": "3.78", "gpm": "715", "kda": "7.76", "name": "eStarPro.花海", "openid": "6317ACA4810A9CE2501FA24B0050C02F", "played": "27", "rating": "5.60", "total_kill": "102", "win_rate": "0.6296", "xpm": "918" },
    { "avg_assist": "4.67", "avg_bekill": "1.52", "avg_kill": "2.04", "gpm": "668", "kda": "4.94", "name": "eStarPro.诺言", "openid": "CFD5FB9589587760CD3C44425C336E21", "played": "27", "rating": "5.60", "total_kill": "55", "win_rate": "0.6296", "xpm": "870" },
    { "avg_assist": "7.59", "avg_bekill": "2.44", "avg_kill": "1.04", "gpm": "412", "kda": "4.35", "name": "eStarPro.无铭", "openid": "BB176EBA5A040011260420E47F5D8D6C", "played": "27", "rating": "5.60", "total_kill": "28", "win_rate": "0.6296", "xpm": "782" },
    { "avg_assist": "6.52", "avg_bekill": "1.89", "avg_kill": "3.04", "gpm": "639", "kda": "6.63", "name": "eStarPro.Cat", "openid": "A25A35A18EE5DC93117789871D929E83", "played": "27", "rating": "5.60", "total_kill": "82", "win_rate": "0.6296", "xpm": "871" },
    { "avg_assist": "4.25", "avg_bekill": "1.30", "avg_kill": "2.25", "gpm": "678", "kda": "4.83", "name": "QGhappy.Fly", "openid": "81AEA3A32BA205D61F400FA612808490", "played": "20", "rating": "5.60", "total_kill": "45", "win_rate": "0.6500", "xpm": "787" },
    { "avg_assist": "5.10", "avg_bekill": "1.30", "avg_kill": "2.80", "gpm": "609", "kda": "6.37", "name": "QGhappy.Mojo", "openid": "73D09DF6368EAA1198B9B43DCDCA8536", "played": "20", "rating": "5.60", "total_kill": "56", "win_rate": "0.6500", "xpm": "771" },
    { "avg_assist": "4.90", "avg_bekill": "1.35", "avg_kill": "2.75", "gpm": "667", "kda": "5.92", "name": "QGhappy.1dao", "openid": "C9D941685D82271FE93B9D835B50BDBE", "played": "20", "rating": "5.60", "total_kill": "55", "win_rate": "0.6500", "xpm": "797" },
    { "avg_assist": "6.60", "avg_bekill": "1.95", "avg_kill": "3.05", "gpm": "604", "kda": "6.01", "name": "eStarPro.无心", "openid": "F7E2ECFD7976D8FE5253CEA2909ACA39", "played": "20", "rating": "5.60", "total_kill": "61", "win_rate": "0.7000", "xpm": "897" },
    { "avg_assist": "7.35", "avg_bekill": "1.80", "avg_kill": "0.50", "gpm": "407", "kda": "5.50", "name": "QGhappy.770", "openid": "646CAD1B629DD3DE2569986E43CA132E", "played": "20", "rating": "5.60", "total_kill": "10", "win_rate": "0.6500", "xpm": "728" },
    { "avg_assist": "4.55", "avg_bekill": "1.95", "avg_kill": "2.30", "gpm": "565", "kda": "4.49", "name": "QGhappy.Giao", "openid": "A3E0E22D1318A29370AF1C850A5BD45B", "played": "20", "rating": "5.60", "total_kill": "46", "win_rate": "0.6500", "xpm": "777" },
    { "avg_assist": "8.05", "avg_bekill": "1.84", "avg_kill": "0.89", "gpm": "424", "kda": "6.97", "name": "Ts.阿豆", "openid": "6D54271544D17B374436D7189EEBC522", "played": "19", "rating": "5.60", "total_kill": "17", "win_rate": "0.6842", "xpm": "814" },
    { "avg_assist": "4.37", "avg_bekill": "1.42", "avg_kill": "3.37", "gpm": "704", "kda": "5.96", "name": "Ts.十三", "openid": "FD70952C1A9B936EDDB00609A7440670", "played": "19", "rating": "5.60", "total_kill": "64", "win_rate": "0.6842", "xpm": "918" },
    { "avg_assist": "4.53", "avg_bekill": "1.84", "avg_kill": "1.84", "gpm": "612", "kda": "4.33", "name": "Ts.神人", "openid": "217E45134E48B0E55522590E23FFE479", "played": "19", "rating": "5.60", "total_kill": "35", "win_rate": "0.6842", "xpm": "891" },
    { "avg_assist": "6.37", "avg_bekill": "2.11", "avg_kill": "2.79", "gpm": "611", "kda": "6.09", "name": "TS.千世", "openid": "F1B2BA5A27FE61518DCC510C73288D9C", "played": "19", "rating": "5.60", "total_kill": "53", "win_rate": "0.6842", "xpm": "894" },
    { "avg_assist": "4.79", "avg_bekill": "2.21", "avg_kill": "3.37", "gpm": "695", "kda": "4.55", "name": "Ts.暖阳", "openid": "B61E31C87EB42BE852DEADE5273AB0DE", "played": "19", "rating": "5.60", "total_kill": "64", "win_rate": "0.6842", "xpm": "948" },
    { "avg_assist": "4.73", "avg_bekill": "2.18", "avg_kill": "2.36", "gpm": "571", "kda": "4.38", "name": "AG超玩会.六点六", "openid": "38A1A5401569451A53BCA340154E5B3B", "played": "11", "rating": "5.60", "total_kill": "26", "win_rate": "0.5455", "xpm": "842" },
    { "avg_assist": "4.27", "avg_bekill": "2.27", "avg_kill": "3.82", "gpm": "729", "kda": "5.54", "name": "AG超玩会.一诺", "openid": "924F7C93F262FC99443B7C27E9A3D6AA", "played": "11", "rating": "5.60", "total_kill": "42", "win_rate": "0.5455", "xpm": "927" },
    { "avg_assist": "7.91", "avg_bekill": "2.18", "avg_kill": "0.36", "gpm": "413", "kda": "6.29", "name": "AG超玩会.爱思", "openid": "51C3A4979ADDE9E23CE73E176DE64319", "played": "11", "rating": "5.60", "total_kill": "4", "win_rate": "0.5455", "xpm": "781" },
    { "avg_assist": "5.45", "avg_bekill": "1.55", "avg_kill": "2.36", "gpm": "623", "kda": "6.14", "name": "AG超玩会.老帅", "openid": "B3291E44A69302A28C6D9343BDE8181A", "played": "11", "rating": "5.60", "total_kill": "26", "win_rate": "0.5455", "xpm": "853" },
    { "avg_assist": "3.78", "avg_bekill": "2.11", "avg_kill": "3.22", "gpm": "644", "kda": "4.97", "name": "AG超玩会.麟羽", "openid": "A30C615EA7B9566AE41FBDCAA4CF16D9", "played": "9", "rating": "5.60", "total_kill": "29", "win_rate": "0.5556", "xpm": "866" },
    { "avg_assist": "4.57", "avg_bekill": "1.43", "avg_kill": "3.43", "gpm": "709", "kda": "5.18", "name": "XQ.钎城", "openid": "B85FF8B85DEC3E142B8FD38CF06AE36F", "played": "7", "rating": "5.60", "total_kill": "24", "win_rate": "0.7143", "xpm": "949" },
    { "avg_assist": "8.00", "avg_bekill": "3.14", "avg_kill": "0.86", "gpm": "406", "kda": "4.26", "name": "RW侠.Chengkun", "openid": "9D87D9863D32421E8C9F6249E76CC60B", "played": "7", "rating": "5.60", "total_kill": "6", "win_rate": "0.5714", "xpm": "754" },
    { "avg_assist": "4.00", "avg_bekill": "2.14", "avg_kill": "2.71", "gpm": "691", "kda": "3.42", "name": "Hero.久年", "openid": "B55D06F690915809C40AF962152BE477", "played": "7", "rating": "5.60", "total_kill": "19", "win_rate": "0.5714", "xpm": "869" },
    { "avg_assist": "2.57", "avg_bekill": "2.86", "avg_kill": "1.86", "gpm": "578", "kda": "2.56", "name": "NOVA.Yueli", "openid": "62E9F93C932D0FD50F99B939D599B293", "played": "7", "rating": "5.60", "total_kill": "13", "win_rate": "0.2857", "xpm": "876" },
    { "avg_assist": "1.43", "avg_bekill": "2.86", "avg_kill": "1.86", "gpm": "654", "kda": "0.84", "name": "EMC.AJIU", "openid": "5B49C57B2CB153A62A1914D2598E7987", "played": "7", "rating": "5.60", "total_kill": "13", "win_rate": "0.0000", "xpm": "868" },
    { "avg_assist": "6.14", "avg_bekill": "2.43", "avg_kill": "2.86", "gpm": "580", "kda": "4.65", "name": "XQ.绑兔", "openid": "45542A4391B5BE4A0240153385EE51AD", "played": "7", "rating": "5.60", "total_kill": "20", "win_rate": "0.7143", "xpm": "958" },
    { "avg_assist": "1.57", "avg_bekill": "1.57", "avg_kill": "1.00", "gpm": "650", "kda": "2.38", "name": "CW.Quan", "openid": "905D62AB3E062D9BB5B4D1B4B9F7476A", "played": "7", "rating": "5.60", "total_kill": "7", "win_rate": "0.2857", "xpm": "941" },
    { "avg_assist": "8.71", "avg_bekill": "1.86", "avg_kill": "0.29", "gpm": "404", "kda": "6.74", "name": "XQ.冰尘", "openid": "B60BEC66456FDE26DDF9B6F7BCCE6131", "played": "7", "rating": "5.60", "total_kill": "2", "win_rate": "0.7143", "xpm": "852" },
    { "avg_assist": "3.43", "avg_bekill": "1.57", "avg_kill": "4.00", "gpm": "742", "kda": "4.71", "name": "RW侠.Djie", "openid": "8DE9AA986DBA66F6F9D813357E61D7C3", "played": "7", "rating": "5.60", "total_kill": "28", "win_rate": "0.5714", "xpm": "837" },
    { "avg_assist": "7.86", "avg_bekill": "1.71", "avg_kill": "3.29", "gpm": "616", "kda": "7.88", "name": "RW侠.Yguo", "openid": "F20A79CABDFBFD552C72E1E72379A885", "played": "7", "rating": "5.60", "total_kill": "23", "win_rate": "0.5714", "xpm": "822" },
    { "avg_assist": "9.00", "avg_bekill": "2.71", "avg_kill": "2.57", "gpm": "526", "kda": "6.47", "name": "Hero.尘夏", "openid": "DBB1AA4588256E9DF8DEA01D8286A0CE", "played": "7", "rating": "5.60", "total_kill": "18", "win_rate": "0.5714", "xpm": "813" },
    { "avg_assist": "3.00", "avg_bekill": "1.29", "avg_kill": "1.57", "gpm": "714", "kda": "3.52", "name": "NOVA.Redeem", "openid": "40752648B27C20E928CE042D54B15F85", "played": "7", "rating": "5.60", "total_kill": "11", "win_rate": "0.2857", "xpm": "988" },
    { "avg_assist": "1.86", "avg_bekill": "1.86", "avg_kill": "0.71", "gpm": "581", "kda": "1.10", "name": "EMC.ACE", "openid": "4C104860FEADB3B27F3E201AFBADEFED", "played": "7", "rating": "5.60", "total_kill": "5", "win_rate": "0.0000", "xpm": "824" },
    { "avg_assist": "2.86", "avg_bekill": "2.29", "avg_kill": "2.86", "gpm": "580", "kda": "3.68", "name": "NOVA.SeeK", "openid": "C426832CC5F8DDAAAFB9BB5C56AEB9E2", "played": "7", "rating": "5.60", "total_kill": "20", "win_rate": "0.2857", "xpm": "885" },
    { "avg_assist": "2.00", "avg_bekill": "1.43", "avg_kill": "1.57", "gpm": "564", "kda": "3.00", "name": "CW.Kit", "openid": "6E4DF7143459537E67F9A22CC8ADD315", "played": "7", "rating": "5.60", "total_kill": "11", "win_rate": "0.2857", "xpm": "890" },
    { "avg_assist": "4.71", "avg_bekill": "1.43", "avg_kill": "3.29", "gpm": "691", "kda": "4.57", "name": "XQ.晨羽", "openid": "90CB31CB3488C2247942B6D1EB24891F", "played": "7", "rating": "5.60", "total_kill": "23", "win_rate": "0.7143", "xpm": "926" },
    { "avg_assist": "8.71", "avg_bekill": "3.29", "avg_kill": "2.00", "gpm": "570", "kda": "4.51", "name": "RW侠.Dnan", "openid": "1B21D19644EBED5C05E13E37C648697D", "played": "7", "rating": "5.60", "total_kill": "14", "win_rate": "0.5714", "xpm": "826" },
    { "avg_assist": "1.43", "avg_bekill": "1.86", "avg_kill": "0.57", "gpm": "612", "kda": "1.33", "name": "CW.Play", "openid": "E86B8AFB124F4B05A76E8C7D3E74D732", "played": "7", "rating": "5.60", "total_kill": "4", "win_rate": "0.2857", "xpm": "966" },
    { "avg_assist": "9.14", "avg_bekill": "3.14", "avg_kill": "0.86", "gpm": "385", "kda": "5.60", "name": "Hero.最初", "openid": "75A0E028EC2BF9D41710669411CD19F8", "played": "7", "rating": "5.60", "total_kill": "6", "win_rate": "0.5714", "xpm": "734" },
    { "avg_assist": "4.71", "avg_bekill": "2.29", "avg_kill": "4.29", "gpm": "693", "kda": "5.61", "name": "RW侠.Hmanlou", "openid": "B35B984A6AB21068B8FB77267735F93A", "played": "7", "rating": "5.60", "total_kill": "30", "win_rate": "0.5714", "xpm": "830" },
    { "avg_assist": "3.29", "avg_bekill": "2.57", "avg_kill": "1.00", "gpm": "505", "kda": "2.91", "name": "NOVA.RG", "openid": "27232825C8609BBE72C817282CAC1294", "played": "7", "rating": "5.60", "total_kill": "7", "win_rate": "0.2857", "xpm": "861" },
    { "avg_assist": "1.29", "avg_bekill": "3.29", "avg_kill": "0.43", "gpm": "501", "kda": "0.44", "name": "EMC.AOLIN", "openid": "0AA7F781C7D181A9072C32A3CD5B2F80", "played": "7", "rating": "5.60", "total_kill": "3", "win_rate": "0.0000", "xpm": "785" },
    { "avg_assist": "4.00", "avg_bekill": "3.29", "avg_kill": "0.29", "gpm": "371", "kda": "2.27", "name": "Nova.JW", "openid": "665AB11068F627541FCD2F2466A559F3", "played": "7", "rating": "5.60", "total_kill": "2", "win_rate": "0.2857", "xpm": "747" },
    { "avg_assist": "3.71", "avg_bekill": "2.57", "avg_kill": "1.71", "gpm": "499", "kda": "2.24", "name": "eStarPro.Alan", "openid": "E5D1C89DE8A875B1187141E8BF55764B", "played": "7", "rating": "5.60", "total_kill": "12", "win_rate": "0.4286", "xpm": "719" },
    { "avg_assist": "5.29", "avg_bekill": "1.29", "avg_kill": "2.14", "gpm": "643", "kda": "5.33", "name": "XQ.九尾", "openid": "5CAC8191AF8F3503F7D7C9B3A3D5D171", "played": "7", "rating": "5.60", "total_kill": "15", "win_rate": "0.7143", "xpm": "932" },
    { "avg_assist": "5.17", "avg_bekill": "2.33", "avg_kill": "5.50", "gpm": "747", "kda": "6.26", "name": "Hero.久酷", "openid": "173D32D798D7CA169EB60BE1B0D4E4FB", "played": "6", "rating": "5.60", "total_kill": "33", "win_rate": "0.5000", "xpm": "882" },
    { "avg_assist": "2.67", "avg_bekill": "1.83", "avg_kill": "0.50", "gpm": "378", "kda": "2.38", "name": "CW.Wolf", "openid": "3A63FE3996F2F8F31239275CF44DD9C6", "played": "6", "rating": "5.60", "total_kill": "3", "win_rate": "0.1667", "xpm": "732" },
    { "avg_assist": "2.50", "avg_bekill": "3.33", "avg_kill": "0.00", "gpm": "349", "kda": "0.55", "name": "EMC.LUIS", "openid": "BE7D85D56717EB986621A2DC1C023D92", "played": "6", "rating": "5.60", "total_kill": "0", "win_rate": "0.0000", "xpm": "662" },
    { "avg_assist": "6.00", "avg_bekill": "3.60", "avg_kill": "0.40", "gpm": "363", "kda": "2.38", "name": "GOG.MyJun", "openid": "3773B33EEDA68EF7D9CE1BD2E1B0D28B", "played": "5", "rating": "5.60", "total_kill": "2", "win_rate": "0.2000", "xpm": "617" },
    { "avg_assist": "3.00", "avg_bekill": "2.40", "avg_kill": "3.20", "gpm": "689", "kda": "4.10", "name": "ROX.Do", "openid": "1B68BD882E343D6008DB116555016A4B", "played": "5", "rating": "5.60", "total_kill": "16", "win_rate": "0.2000", "xpm": "867" },
    { "avg_assist": "5.40", "avg_bekill": "2.00", "avg_kill": "3.20", "gpm": "562", "kda": "6.50", "name": "GOG.Chen", "openid": "C6C406BAA4E87A6093A357F69DB277BA", "played": "5", "rating": "5.60", "total_kill": "16", "win_rate": "0.2000", "xpm": "671" },
    { "avg_assist": "2.60", "avg_bekill": "3.20", "avg_kill": "0.80", "gpm": "470", "kda": "2.09", "name": "DYG.JC.纵情", "openid": "253E4A1FC4BABC9E6563A23D93070F4C", "played": "5", "rating": "5.60", "total_kill": "4", "win_rate": "0.2000", "xpm": "786" },
    { "avg_assist": "4.00", "avg_bekill": "3.60", "avg_kill": "0.40", "gpm": "475", "kda": "1.58", "name": "ROX.Salem", "openid": "98B86CDFC7F72D23D9BA59502A645E1B", "played": "5", "rating": "5.60", "total_kill": "2", "win_rate": "0.2000", "xpm": "805" },
    { "avg_assist": "4.20", "avg_bekill": "2.60", "avg_kill": "0.40", "gpm": "392", "kda": "2.95", "name": "DYG.JC.星宇", "openid": "8B242820C3F35C0DEFB9F257D4020BC4", "played": "5", "rating": "5.60", "total_kill": "2", "win_rate": "0.2000", "xpm": "728" },
    { "avg_assist": "3.00", "avg_bekill": "3.00", "avg_kill": "1.80", "gpm": "626", "kda": "2.32", "name": "GOG.MTS", "openid": "188D6067A84E8A2F39E1EE9B70CBC6A0", "played": "5", "rating": "5.60", "total_kill": "9", "win_rate": "0.2000", "xpm": "680" },
    { "avg_assist": "9.00", "avg_bekill": "1.20", "avg_kill": "4.00", "gpm": "699", "kda": "9.00", "name": "Hero.久诚", "openid": "919D5E5E2A9039A5E7393859C9B4E012", "played": "5", "rating": "5.60", "total_kill": "20", "win_rate": "0.8000", "xpm": "850" },
    { "avg_assist": "2.80", "avg_bekill": "4.00", "avg_kill": "1.80", "gpm": "518", "kda": "1.53", "name": "GOG.DAT", "openid": "A98B4434ECB21D41C16A41B86D7C132B", "played": "5", "rating": "5.60", "total_kill": "9", "win_rate": "0.2000", "xpm": "672" },
    { "avg_assist": "5.60", "avg_bekill": "3.80", "avg_kill": "0.40", "gpm": "385", "kda": "2.55", "name": "ROX.Fey", "openid": "983F810CDF32871DCCF9570E7C741A74", "played": "5", "rating": "5.60", "total_kill": "2", "win_rate": "0.2000", "xpm": "734" },
    { "avg_assist": "2.80", "avg_bekill": "1.80", "avg_kill": "2.60", "gpm": "653", "kda": "3.67", "name": "DYG.JC.清清", "openid": "7E1379DA0DE522674BE6D3D950792E19", "played": "5", "rating": "5.60", "total_kill": "13", "win_rate": "0.2000", "xpm": "856" },
    { "avg_assist": "1.80", "avg_bekill": "1.60", "avg_kill": "0.80", "gpm": "558", "kda": "2.20", "name": "CW.Him", "openid": "35FF465DAE69783E3C9CC1B466C535D0", "played": "5", "rating": "5.60", "total_kill": "4", "win_rate": "0.2000", "xpm": "875" },
    { "avg_assist": "3.40", "avg_bekill": "2.20", "avg_kill": "3.00", "gpm": "677", "kda": "3.10", "name": "GOG.Yilian", "openid": "741E66A4E4BCEB1B6B2C881174B96FE3", "played": "5", "rating": "5.60", "total_kill": "15", "win_rate": "0.2000", "xpm": "694" },
    { "avg_assist": "3.80", "avg_bekill": "3.60", "avg_kill": "2.20", "gpm": "616", "kda": "1.77", "name": "ROX.Glow", "openid": "77DDAE83E3386784880B5A253B9C4AA2", "played": "5", "rating": "5.60", "total_kill": "11", "win_rate": "0.2000", "xpm": "820" },
    { "avg_assist": "3.20", "avg_bekill": "2.40", "avg_kill": "1.80", "gpm": "586", "kda": "2.00", "name": "DYG.JC.青浪", "openid": "6EF57E102F9A23CC825DDC1ED5D55F3B", "played": "5", "rating": "5.60", "total_kill": "9", "win_rate": "0.2000", "xpm": "809" },
    { "avg_assist": "3.20", "avg_bekill": "3.60", "avg_kill": "2.40", "gpm": "625", "kda": "1.55", "name": "ROX.Hasome", "openid": "A04CF3032068D16906A34AFC081C6519", "played": "5", "rating": "5.60", "total_kill": "12", "win_rate": "0.2000", "xpm": "848" },
    { "avg_assist": "3.60", "avg_bekill": "2.20", "avg_kill": "1.60", "gpm": "625", "kda": "3.32", "name": "DYG.JC.易峥", "openid": "E2DA8DAFB90822DA6DA39C6FC40C4172", "played": "5", "rating": "5.60", "total_kill": "8", "win_rate": "0.2000", "xpm": "808" },
    { "avg_assist": "2.75", "avg_bekill": "3.75", "avg_kill": "2.50", "gpm": "629", "kda": "1.56", "name": "SLT.Evil", "openid": "6B67021CF4B9D1023247CD18350F3964", "played": "4", "rating": "5.60", "total_kill": "10", "win_rate": "0.0000", "xpm": "914" },
    { "avg_assist": "2.50", "avg_bekill": "4.75", "avg_kill": "0.75", "gpm": "620", "kda": "0.73", "name": "SLT.Xuan", "openid": "BDB36472BFAB5C478699108FC4034F09", "played": "4", "rating": "5.60", "total_kill": "3", "win_rate": "0.0000", "xpm": "936" },
    { "avg_assist": "3.50", "avg_bekill": "5.00", "avg_kill": "1.75", "gpm": "450", "kda": "1.08", "name": "SLT.Jun", "openid": "75DE24700477234763C195B7F1CFD9B7", "played": "4", "rating": "5.60", "total_kill": "7", "win_rate": "0.0000", "xpm": "796" },
    { "avg_assist": "4.00", "avg_bekill": "2.50", "avg_kill": "1.25", "gpm": "530", "kda": "2.25", "name": "SLT.Msir", "openid": "71D1903FED562BA5EF55B03D183977FD", "played": "4", "rating": "5.60", "total_kill": "5", "win_rate": "0.0000", "xpm": "834" },
    { "avg_assist": "1.75", "avg_bekill": "4.00", "avg_kill": "1.00", "gpm": "533", "kda": "0.46", "name": "EMC.ORANGE", "openid": "FC98F191F892E1C2D21FCF00ED2777E8", "played": "4", "rating": "5.60", "total_kill": "4", "win_rate": "0.0000", "xpm": "763" },
    { "avg_assist": "4.50", "avg_bekill": "5.00", "avg_kill": "0.75", "gpm": "363", "kda": "1.17", "name": "SLT.Guang", "openid": "BE75DCD25B65A0781F847C699E47C64B", "played": "4", "rating": "5.60", "total_kill": "3", "win_rate": "0.0000", "xpm": "690" },
    { "avg_assist": "1.00", "avg_bekill": "3.33", "avg_kill": "1.00", "gpm": "463", "kda": "0.50", "name": "EMC.TIME", "openid": "C13F721CC4A9B5C451C9D73E47FCCC62", "played": "3", "rating": "5.60", "total_kill": "3", "win_rate": "0.0000", "xpm": "774" },
    { "avg_assist": "1.00", "avg_bekill": "1.00", "avg_kill": "0.50", "gpm": "538", "kda": "1.50", "name": "AG超玩会.蓝柚", "openid": "B856CBF43D5DCFE854CC2B1FB3D5B1DC", "played": "2", "rating": "5.60", "total_kill": "1", "win_rate": "0.5000", "xpm": "857" },
    { "avg_assist": "5.50", "avg_bekill": "2.50", "avg_kill": "1.00", "gpm": "594", "kda": "4.25", "name": "Hero.久羽", "openid": "C2A0F3FB93F7CD5613AE375B4B1D9C94", "played": "2", "rating": "5.60", "total_kill": "2", "win_rate": "0.0000", "xpm": "886" },
    { "avg_assist": "5.50", "avg_bekill": "1.50", "avg_kill": "1.00", "gpm": "532", "kda": "5.17", "name": "CW.FLOWER", "openid": "681C81A364B37CF63D20E683C1807E9B", "played": "2", "rating": "5.60", "total_kill": "2", "win_rate": "0.5000", "xpm": "879" },
    { "avg_assist": "6.00", "avg_bekill": "2.00", "avg_kill": "8.00", "gpm": "770", "kda": "7.00", "name": "Hero.久星", "openid": "DDCA3A81C166A0A37472586666211AC2", "played": "1", "rating": "5.60", "total_kill": "8", "win_rate": "1.0000", "xpm": "878" },
    { "avg_assist": "2.00", "avg_bekill": "8.00", "avg_kill": "0.00", "gpm": "513", "kda": "0.25", "name": "EMC.SUN", "openid": "E698DF3997CAD21B35671E731AEFF16F", "played": "1", "rating": "5.60", "total_kill": "0", "win_rate": "0.0000", "xpm": "887" },
    { "avg_assist": "8.00", "avg_bekill": "0.00", "avg_kill": "0.00", "gpm": "422", "kda": "8.00", "name": "CW.Tim", "openid": "A45575DC4A2D04EE649B768A3B3C0C39", "played": "1", "rating": "5.60", "total_kill": "0", "win_rate": "1.0000", "xpm": "861" }
]