[
    { "ban_heros": "148|529|153|139", "camp": "2", "game_label": "119601", "game_time": "2019-12-21 15:22:41", "is_win": "1", "kill_cnt": "10", "pick_heros": "518|194|162|503|157", "team_id": "15", "team_name": "XQ" },
    { "ban_heros": "509|132|123|140", "camp": "1", "game_label": "119601", "game_time": "2019-12-21 15:22:41", "is_win": "0", "kill_cnt": "0", "pick_heros": "199|124|171|193|510", "team_id": "57", "team_name": "EMC" },
    { "ban_heros": "186|149|156|523", "camp": "1", "game_label": "119602", "game_time": "2019-12-21 15:53:24", "is_win": "1", "kill_cnt": "17", "pick_heros": "509|518|529|124|133", "team_id": "60", "team_name": "RW侠" },
    { "ban_heros": "148|132|152|157", "camp": "2", "game_label": "119602", "game_time": "2019-12-21 15:53:24", "is_win": "0", "kill_cnt": "5", "pick_heros": "502|123|522|105|515", "team_id": "81", "team_name": "NOVA" },
    { "ban_heros": "529|153|139|522", "camp": "1", "game_label": "119603", "game_time": "2019-12-21 16:25:18", "is_win": "1", "kill_cnt": "15", "pick_heros": "148|518|162|123|140", "team_id": "15", "team_name": "XQ" },
    { "ban_heros": "157|199|194|503", "camp": "2", "game_label": "119603", "game_time": "2019-12-21 16:25:18", "is_win": "0", "kill_cnt": "9", "pick_heros": "509|132|511|312|193", "team_id": "45", "team_name": "Hero久竞" },
    { "ban_heros": "529|124|140|153", "camp": "2", "game_label": "119604", "game_time": "2019-12-21 17:02:47", "is_win": "0", "kill_cnt": "3", "pick_heros": "111|511|186|518|152", "team_id": "71", "team_name": "CW" },
    { "ban_heros": "509|199|139|513", "camp": "1", "game_label": "119604", "game_time": "2019-12-21 17:02:48", "is_win": "1", "kill_cnt": "10", "pick_heros": "148|132|171|503|510", "team_id": "81", "team_name": "NOVA" },
    { "ban_heros": "148|509|153|529", "camp": "2", "game_label": "119605", "game_time": "2019-12-21 17:40:32", "is_win": "1", "kill_cnt": "12", "pick_heros": "111|171|157|502|140", "team_id": "44", "team_name": "Ts" },
    { "ban_heros": "132|199|162|131", "camp": "1", "game_label": "119605", "game_time": "2019-12-21 17:40:32", "is_win": "0", "kill_cnt": "2", "pick_heros": "123|513|105|174|107", "team_id": "57", "team_name": "EMC" },
    { "ban_heros": "509|522|139|118", "camp": "1", "game_label": "119606", "game_time": "2019-12-21 18:19:45", "is_win": "1", "kill_cnt": "7", "pick_heros": "529|132|140|186|146", "team_id": "15", "team_name": "XQ" },
    { "ban_heros": "148|518|312|157", "camp": "2", "game_label": "119606", "game_time": "2019-12-21 18:19:45", "is_win": "0", "kill_cnt": "1", "pick_heros": "511|199|124|171|162", "team_id": "71", "team_name": "CW" },
    { "ban_heros": "529|132|139|186", "camp": "2", "game_label": "119607", "game_time": "2019-12-21 18:52:21", "is_win": "0", "kill_cnt": "14", "pick_heros": "518|502|123|149|141", "team_id": "13", "team_name": "eStar" },
    { "ban_heros": "509|140|118|157", "camp": "1", "game_label": "119607", "game_time": "2019-12-21 18:52:21", "is_win": "1", "kill_cnt": "24", "pick_heros": "199|511|124|522|148", "team_id": "45", "team_name": "Hero久竞" },
    { "ban_heros": "511|156|132|111", "camp": "1", "game_label": "119608", "game_time": "2019-12-21 19:40:03", "is_win": "1", "kill_cnt": "16", "pick_heros": "199|157|522|191|123", "team_id": "44", "team_name": "Ts" },
    { "ban_heros": "148|509|131|162", "camp": "2", "game_label": "119608", "game_time": "2019-12-21 19:40:03", "is_win": "0", "kill_cnt": "10", "pick_heros": "529|518|186|133|523", "team_id": "60", "team_name": "RW侠" },
    { "ban_heros": "509|156|124|193", "camp": "1", "game_label": "119609", "game_time": "2019-12-21 20:21:22", "is_win": "1", "kill_cnt": "12", "pick_heros": "518|199|194|131|312", "team_id": "13", "team_name": "eStar" },
    { "ban_heros": "148|529|153|149", "camp": "2", "game_label": "119609", "game_time": "2019-12-21 20:21:22", "is_win": "0", "kill_cnt": "5", "pick_heros": "511|186|111|139|515", "team_id": "81", "team_name": "NOVA" },
    { "ban_heros": "199|133|153|107", "camp": "2", "game_label": "119610", "game_time": "2019-12-22 15:25:21", "is_win": "1", "kill_cnt": "18", "pick_heros": "518|529|148|140|128", "team_id": "15", "team_name": "XQ" },
    { "ban_heros": "132|162|157|515", "camp": "1", "game_label": "119610", "game_time": "2019-12-22 15:25:21", "is_win": "0", "kill_cnt": "13", "pick_heros": "509|513|522|123|502", "team_id": "60", "team_name": "RW侠" },
    { "ban_heros": "509|132|140|105", "camp": "1", "game_label": "119611", "game_time": "2019-12-22 16:06:38", "is_win": "0", "kill_cnt": "1", "pick_heros": "111|124|194|107|518", "team_id": "57", "team_name": "EMC" },
    { "ban_heros": "148|529|153|163", "camp": "2", "game_label": "119611", "game_time": "2019-12-22 16:06:38", "is_win": "1", "kill_cnt": "13", "pick_heros": "502|123|312|168|503", "team_id": "81", "team_name": "NOVA" },
    { "ban_heros": "132|148|156|312", "camp": "1", "game_label": "119612", "game_time": "2019-12-22 16:43:09", "is_win": "1", "kill_cnt": "12", "pick_heros": "509|157|140|196|131", "team_id": "44", "team_name": "Ts" },
    { "ban_heros": "529|124|162|153", "camp": "2", "game_label": "119612", "game_time": "2019-12-22 16:43:09", "is_win": "0", "kill_cnt": "1", "pick_heros": "511|199|522|105|515", "team_id": "71", "team_name": "CW" },
    { "ban_heros": "148|132|111|133", "camp": "2", "game_label": "119613", "game_time": "2019-12-22 17:13:57", "is_win": "0", "kill_cnt": "15", "pick_heros": "123|105|502|312|503", "team_id": "57", "team_name": "EMC" },
    { "ban_heros": "199|529|124|515", "camp": "1", "game_label": "119613", "game_time": "2019-12-22 17:13:57", "is_win": "1", "kill_cnt": "28", "pick_heros": "509|518|157|162|511", "team_id": "60", "team_name": "RW侠" },
    { "ban_heros": "509|502|312|513", "camp": "1", "game_label": "119614", "game_time": "2019-12-22 17:54:57", "is_win": "1", "kill_cnt": "11", "pick_heros": "529|157|518|111|194", "team_id": "15", "team_name": "XQ" },
    { "ban_heros": "148|124|199|186", "camp": "2", "game_label": "119614", "game_time": "2019-12-22 17:54:57", "is_win": "0", "kill_cnt": "3", "pick_heros": "132|511|128|191|123", "team_id": "81", "team_name": "NOVA" },
    { "ban_heros": "529|148|139|193", "camp": "2", "game_label": "119615", "game_time": "2019-12-22 18:36:19", "is_win": "1", "kill_cnt": "13", "pick_heros": "518|502|194|196|513", "team_id": "13", "team_name": "eStar" },
    { "ban_heros": "509|153|141|157", "camp": "1", "game_label": "119615", "game_time": "2019-12-22 18:36:19", "is_win": "0", "kill_cnt": "3", "pick_heros": "199|522|124|511|191", "team_id": "71", "team_name": "CW" },
    { "ban_heros": "509|513|153|156", "camp": "1", "game_label": "119616", "game_time": "2019-12-22 19:07:38", "is_win": "0", "kill_cnt": "6", "pick_heros": "199|511|522|312|184", "team_id": "45", "team_name": "Hero久竞" },
    { "ban_heros": "529|148|152|124", "camp": "2", "game_label": "119616", "game_time": "2019-12-22 19:07:38", "is_win": "1", "kill_cnt": "14", "pick_heros": "174|194|140|157|107", "team_id": "60", "team_name": "RW侠" },
    { "ban_heros": "522|199|131|162", "camp": "1", "game_label": "119617", "game_time": "2019-12-22 19:47:40", "is_win": "0", "kill_cnt": "5", "pick_heros": "518|111|157|184|510", "team_id": "15", "team_name": "XQ" },
    { "ban_heros": "148|509|194|149", "camp": "2", "game_label": "119617", "game_time": "2019-12-22 19:47:40", "is_win": "1", "kill_cnt": "14", "pick_heros": "132|171|312|153|140", "team_id": "44", "team_name": "Ts" },
    { "ban_heros": "148|199|157|124", "camp": "2", "game_label": "119618", "game_time": "2019-12-22 20:23:43", "is_win": "0", "kill_cnt": "9", "pick_heros": "132|186|513|511|503", "team_id": "81", "team_name": "NOVA" },
    { "ban_heros": "509|140|522|153", "camp": "1", "game_label": "119618", "game_time": "2019-12-22 20:23:44", "is_win": "1", "kill_cnt": "26", "pick_heros": "529|111|518|182|194", "team_id": "45", "team_name": "Hero久竞" },
    { "ban_heros": "131|148|162|153", "camp": "1", "game_label": "119619", "game_time": "2019-12-22 21:00:10", "is_win": "1", "kill_cnt": "13", "pick_heros": "529|140|502|513|194", "team_id": "13", "team_name": "eStar" },
    { "ban_heros": "199|509|141|124", "camp": "2", "game_label": "119619", "game_time": "2019-12-22 21:00:10", "is_win": "0", "kill_cnt": "7", "pick_heros": "132|171|157|522|135", "team_id": "44", "team_name": "Ts" },
    { "ban_heros": "509|140|522|153", "camp": "1", "game_label": "119620", "game_time": "2019-12-23 15:28:55", "is_win": "1", "kill_cnt": "22", "pick_heros": "529|157|111|186|503", "team_id": "45", "team_name": "Hero久竞" },
    { "ban_heros": "148|199|171|518", "camp": "2", "game_label": "119620", "game_time": "2019-12-23 15:28:55", "is_win": "0", "kill_cnt": "7", "pick_heros": "132|105|513|510|123", "team_id": "57", "team_name": "EMC" },
    { "ban_heros": "148|156|162|117", "camp": "1", "game_label": "119621", "game_time": "2019-12-23 16:03:41", "is_win": "1", "kill_cnt": "19", "pick_heros": "509|502|140|174|157", "team_id": "13", "team_name": "eStar" },
    { "ban_heros": "529|141|199|196", "camp": "2", "game_label": "119621", "game_time": "2019-12-23 16:03:41", "is_win": "0", "kill_cnt": "18", "pick_heros": "518|194|132|153|312", "team_id": "15", "team_name": "XQ" },
    { "ban_heros": "511|111|518|174", "camp": "1", "game_label": "119622", "game_time": "2019-12-23 16:46:20", "is_win": "1", "kill_cnt": "20", "pick_heros": "132|312|194|131|149", "team_id": "44", "team_name": "Ts" },
    { "ban_heros": "157|199|140|522", "camp": "2", "game_label": "119622", "game_time": "2019-12-23 16:46:20", "is_win": "0", "kill_cnt": "8", "pick_heros": "509|529|513|153|196", "team_id": "45", "team_name": "Hero久竞" },
    { "ban_heros": "529|509|510|153", "camp": "2", "game_label": "119623", "game_time": "2019-12-23 17:20:47", "is_win": "1", "kill_cnt": "10", "pick_heros": "199|522|194|107|312", "team_id": "71", "team_name": "CW" },
    { "ban_heros": "186|148|156|513", "camp": "1", "game_label": "119623", "game_time": "2019-12-23 17:20:48", "is_win": "0", "kill_cnt": "3", "pick_heros": "518|174|149|178|137", "team_id": "60", "team_name": "RW侠" },
    { "ban_heros": "529|148|153|107", "camp": "2", "game_label": "119624", "game_time": "2019-12-23 17:56:30", "is_win": "1", "kill_cnt": "16", "pick_heros": "502|194|140|123|515", "team_id": "13", "team_name": "eStar" },
    { "ban_heros": "509|199|513|141", "camp": "1", "game_label": "119624", "game_time": "2019-12-23 17:56:31", "is_win": "0", "kill_cnt": "3", "pick_heros": "111|312|171|117|522", "team_id": "57", "team_name": "EMC" },
    { "ban_heros": "509|140|153|522", "camp": "1", "game_label": "119625", "game_time": "2019-12-23 18:37:16", "is_win": "1", "kill_cnt": "11", "pick_heros": "199|191|511|518|182", "team_id": "45", "team_name": "Hero久竞" },
    { "ban_heros": "529|148|139|157", "camp": "2", "game_label": "119625", "game_time": "2019-12-23 18:37:16", "is_win": "0", "kill_cnt": "4", "pick_heros": "171|111|513|107|193", "team_id": "71", "team_name": "CW" },
    { "ban_heros": "148|132|153|529", "camp": "2", "game_label": "119626", "game_time": "2019-12-23 19:05:57", "is_win": "0", "kill_cnt": "8", "pick_heros": "502|123|518|194|515", "team_id": "81", "team_name": "NOVA" },
    { "ban_heros": "511|509|156|157", "camp": "1", "game_label": "119626", "game_time": "2019-12-23 19:05:58", "is_win": "1", "kill_cnt": "16", "pick_heros": "199|525|140|146|522", "team_id": "44", "team_name": "Ts" },
    { "ban_heros": "199|132|111|133", "camp": "2", "game_label": "119627", "game_time": "2019-12-23 19:43:05", "is_win": "0", "kill_cnt": "0", "pick_heros": "123|502|140|105|110", "team_id": "57", "team_name": "EMC" },
    { "ban_heros": "509|148|513|312", "camp": "1", "game_label": "119627", "game_time": "2019-12-23 19:43:05", "is_win": "1", "kill_cnt": "9", "pick_heros": "529|124|186|173|522", "team_id": "71", "team_name": "CW" },
    { "ban_heros": "509|518|107|153", "camp": "1", "game_label": "119628", "game_time": "2019-12-23 20:22:05", "is_win": "0", "kill_cnt": "14", "pick_heros": "525|178|503|112|175", "team_id": "13", "team_name": "eStar" },
    { "ban_heros": "529|502|0|513", "camp": "2", "game_label": "119628", "game_time": "2019-12-23 20:22:05", "is_win": "1", "kill_cnt": "16", "pick_heros": "186|133|128|511|182", "team_id": "60", "team_name": "RW侠" },
    { "ban_heros": "509|171|312|118", "camp": "1", "game_label": "119629", "game_time": "2019-12-26 15:34:37", "is_win": "1", "kill_cnt": "14", "pick_heros": "199|511|124|193|184", "team_id": "25", "team_name": "QGhappy" },
    { "ban_heros": "148|529|518|522", "camp": "2", "game_label": "119629", "game_time": "2019-12-26 15:34:37", "is_win": "0", "kill_cnt": "11", "pick_heros": "123|502|140|189|152", "team_id": "78", "team_name": "GOG" },
    { "ban_heros": "148|191|157|513", "camp": "2", "game_label": "119629", "game_time": "2019-12-26 16:19:27", "is_win": "1", "kill_cnt": "14", "pick_heros": "171|163|312|503|174", "team_id": "25", "team_name": "QGhappy" },
    { "ban_heros": "140|529|132|518", "camp": "1", "game_label": "119629", "game_time": "2019-12-26 16:19:27", "is_win": "0", "kill_cnt": "8", "pick_heros": "509|111|522|523|178", "team_id": "78", "team_name": "GOG" },
    { "ban_heros": "199|518|503|171", "camp": "1", "game_label": "119629", "game_time": "2019-12-26 16:53:25", "is_win": "0", "kill_cnt": "11", "pick_heros": "132|153|522|105|182", "team_id": "25", "team_name": "QGhappy" },
    { "ban_heros": "148|140|509|156", "camp": "2", "game_label": "119629", "game_time": "2019-12-26 16:53:25", "is_win": "1", "kill_cnt": "26", "pick_heros": "177|529|513|194|128", "team_id": "78", "team_name": "GOG" },
    { "ban_heros": "132|199|511|105", "camp": "2", "game_label": "119629", "game_time": "2019-12-26 17:34:36", "is_win": "1", "kill_cnt": "16", "pick_heros": "518|525|177|107|513", "team_id": "25", "team_name": "QGhappy" },
    { "ban_heros": "529|111|149|130", "camp": "1", "game_label": "119629", "game_time": "2019-12-26 17:34:36", "is_win": "0", "kill_cnt": "4", "pick_heros": "148|162|139|501|510", "team_id": "78", "team_name": "GOG" },
    { "ban_heros": "132|199|124|156", "camp": "1", "game_label": "119629", "game_time": "2019-12-26 18:08:03", "is_win": "1", "kill_cnt": "19", "pick_heros": "118|502|123|515|140", "team_id": "25", "team_name": "QGhappy" },
    { "ban_heros": "529|111|146|141", "camp": "2", "game_label": "119629", "game_time": "2019-12-26 18:08:03", "is_win": "0", "kill_cnt": "2", "pick_heros": "518|171|153|157|508", "team_id": "78", "team_name": "GOG" },
    { "ban_heros": "529|511|194|171", "camp": "2", "game_label": "119630", "game_time": "2019-12-26 19:15:01", "is_win": "1", "kill_cnt": "18", "pick_heros": "518|149|131|503|137", "team_id": "13", "team_name": "eStar" },
    { "ban_heros": "509|502|157|156", "camp": "1", "game_label": "119630", "game_time": "2019-12-26 19:15:01", "is_win": "0", "kill_cnt": "5", "pick_heros": "199|513|139|178|191", "team_id": "86", "team_name": "SLT" },
    { "ban_heros": "509|132|118|186", "camp": "1", "game_label": "119630", "game_time": "2019-12-26 19:40:51", "is_win": "1", "kill_cnt": "19", "pick_heros": "194|506|148|174|128", "team_id": "13", "team_name": "eStar" },
    { "ban_heros": "529|502|522|139", "camp": "2", "game_label": "119630", "game_time": "2019-12-26 19:40:51", "is_win": "0", "kill_cnt": "8", "pick_heros": "511|140|173|105|312", "team_id": "86", "team_name": "SLT" },
    { "ban_heros": "518|509|156|157", "camp": "2", "game_label": "119630", "game_time": "2019-12-26 20:07:52", "is_win": "1", "kill_cnt": "20", "pick_heros": "529|132|513|168|507", "team_id": "13", "team_name": "eStar" },
    { "ban_heros": "140|502|139|193", "camp": "1", "game_label": "119630", "game_time": "2019-12-26 20:07:52", "is_win": "0", "kill_cnt": "8", "pick_heros": "522|186|177|130|523", "team_id": "86", "team_name": "SLT" },
    { "ban_heros": "529|518|156|124", "camp": "1", "game_label": "119630", "game_time": "2019-12-26 20:32:16", "is_win": "1", "kill_cnt": "27", "pick_heros": "509|139|199|511|176", "team_id": "13", "team_name": "eStar" },
    { "ban_heros": "140|522|141|157", "camp": "2", "game_label": "119630", "game_time": "2019-12-26 20:32:16", "is_win": "0", "kill_cnt": "7", "pick_heros": "502|123|503|194|125", "team_id": "86", "team_name": "SLT" },
    { "ban_heros": "191|511|156|157", "camp": "2", "game_label": "119631", "game_time": "2019-12-27 15:20:19", "is_win": "1", "kill_cnt": "13", "pick_heros": "171|163|513|177|503", "team_id": "28", "team_name": "DYG.JC" },
    { "ban_heros": "111|199|139|133", "camp": "1", "game_label": "119631", "game_time": "2019-12-27 15:20:20", "is_win": "0", "kill_cnt": "3", "pick_heros": "132|194|522|153|136", "team_id": "44", "team_name": "Ts" },
    { "ban_heros": "171|513|189|168", "camp": "1", "game_label": "119631", "game_time": "2019-12-27 15:53:18", "is_win": "0", "kill_cnt": "2", "pick_heros": "529|124|522|509|173", "team_id": "28", "team_name": "DYG.JC" },
    { "ban_heros": "132|518|111|191", "camp": "2", "game_label": "119631", "game_time": "2019-12-27 15:53:18", "is_win": "1", "kill_cnt": "13", "pick_heros": "140|157|502|123|525", "team_id": "44", "team_name": "Ts" },
    { "ban_heros": "529|191|513|312", "camp": "2", "game_label": "119631", "game_time": "2019-12-27 16:19:54", "is_win": "0", "kill_cnt": "5", "pick_heros": "502|511|148|128|137", "team_id": "28", "team_name": "DYG.JC" },
    { "ban_heros": "132|518|140|139", "camp": "1", "game_label": "119631", "game_time": "2019-12-27 16:19:55", "is_win": "1", "kill_cnt": "12", "pick_heros": "199|503|118|163|141", "team_id": "44", "team_name": "Ts" },
    { "ban_heros": "132|199|156|157", "camp": "2", "game_label": "119631", "game_time": "2019-12-27 16:49:27", "is_win": "1", "kill_cnt": "19", "pick_heros": "171|111|513|193|162", "team_id": "44", "team_name": "Ts" },
    { "ban_heros": "509|529|139|107", "camp": "1", "game_label": "119631", "game_time": "2019-12-27 16:49:28", "is_win": "0", "kill_cnt": "16", "pick_heros": "518|133|149|515|130", "team_id": "28", "team_name": "DYG.JC" },
    { "ban_heros": "529|509|131|107", "camp": "2", "game_label": "119631", "game_time": "2019-12-27 17:27:17", "is_win": "0", "kill_cnt": "0", "pick_heros": "111|186|141|510|507", "team_id": "28", "team_name": "DYG.JC" },
    { "ban_heros": "132|199|139|140", "camp": "1", "game_label": "119631", "game_time": "2019-12-27 17:27:17", "is_win": "1", "kill_cnt": "14", "pick_heros": "511|312|196|184|195", "team_id": "44", "team_name": "Ts" },
    { "ban_heros": "148|529|522|518", "camp": "2", "game_label": "119632", "game_time": "2019-12-27 18:25:43", "is_win": "1", "kill_cnt": "16", "pick_heros": "502|140|123|124|184", "team_id": "12", "team_name": "AG超玩会" },
    { "ban_heros": "509|513|141|515", "camp": "1", "game_label": "119632", "game_time": "2019-12-27 18:25:43", "is_win": "0", "kill_cnt": "12", "pick_heros": "199|118|511|193|312", "team_id": "69", "team_name": "ROX" },
    { "ban_heros": "509|529|513|124", "camp": "1", "game_label": "119632", "game_time": "2019-12-27 18:59:54", "is_win": "1", "kill_cnt": "21", "pick_heros": "163|511|118|156|128", "team_id": "12", "team_name": "AG超玩会" },
    { "ban_heros": "148|186|157|518", "camp": "2", "game_label": "119632", "game_time": "2019-12-27 18:59:54", "is_win": "0", "kill_cnt": "5", "pick_heros": "171|132|522|178|136", "team_id": "69", "team_name": "ROX" },
    { "ban_heros": "529|148|156|153", "camp": "2", "game_label": "119632", "game_time": "2019-12-27 19:25:14", "is_win": "0", "kill_cnt": "15", "pick_heros": "186|111|513|139|154", "team_id": "12", "team_name": "AG超玩会" },
    { "ban_heros": "509|199|522|193", "camp": "1", "game_label": "119632", "game_time": "2019-12-27 19:25:14", "is_win": "1", "kill_cnt": "17", "pick_heros": "518|525|133|130|124", "team_id": "69", "team_name": "ROX" },
    { "ban_heros": "509|111|107|153", "camp": "1", "game_label": "119632", "game_time": "2019-12-27 19:53:07", "is_win": "1", "kill_cnt": "12", "pick_heros": "529|522|177|312|525", "team_id": "12", "team_name": "AG超玩会" },
    { "ban_heros": "148|518|171|157", "camp": "2", "game_label": "119632", "game_time": "2019-12-27 19:53:07", "is_win": "0", "kill_cnt": "3", "pick_heros": "186|503|513|123|162", "team_id": "69", "team_name": "ROX" },
    { "ban_heros": "148|529|139|156", "camp": "2", "game_label": "119632", "game_time": "2019-12-27 20:16:57", "is_win": "1", "kill_cnt": "21", "pick_heros": "168|503|199|134|142", "team_id": "12", "team_name": "AG超玩会" },
    { "ban_heros": "132|518|506|152", "camp": "1", "game_label": "119632", "game_time": "2019-12-27 20:16:57", "is_win": "0", "kill_cnt": "6", "pick_heros": "509|111|163|515|128", "team_id": "69", "team_name": "ROX" },
    { "ban_heros": "199|132|141|131", "camp": "2", "game_label": "119633", "game_time": "2019-12-29 18:29:43", "is_win": "1", "kill_cnt": "19", "pick_heros": "502|140|105|503|152", "team_id": "13", "team_name": "eStar" },
    { "ban_heros": "111|529|312|157", "camp": "1", "game_label": "119633", "game_time": "2019-12-29 18:29:43", "is_win": "0", "kill_cnt": "11", "pick_heros": "509|173|522|156|123", "team_id": "44", "team_name": "Ts" },
    { "ban_heros": "111|199|312|131", "camp": "1", "game_label": "119633", "game_time": "2019-12-29 19:01:41", "is_win": "0", "kill_cnt": "9", "pick_heros": "132|157|194|193|107", "team_id": "13", "team_name": "eStar" },
    { "ban_heros": "522|509|529|139", "camp": "2", "game_label": "119633", "game_time": "2019-12-29 19:01:41", "is_win": "1", "kill_cnt": "10", "pick_heros": "518|171|196|513|162", "team_id": "44", "team_name": "Ts" },
    { "ban_heros": "199|111|153|163", "camp": "2", "game_label": "119633", "game_time": "2019-12-29 19:31:11", "is_win": "0", "kill_cnt": "4", "pick_heros": "128|162|509|123|515", "team_id": "13", "team_name": "eStar" },
    { "ban_heros": "522|518|513|156", "camp": "1", "game_label": "119633", "game_time": "2019-12-29 19:31:11", "is_win": "1", "kill_cnt": "11", "pick_heros": "511|118|157|132|107", "team_id": "44", "team_name": "Ts" },
    { "ban_heros": "131|199|124|148", "camp": "1", "game_label": "119633", "game_time": "2019-12-29 19:59:10", "is_win": "0", "kill_cnt": "19", "pick_heros": "529|141|149|525|154", "team_id": "13", "team_name": "eStar" },
    { "ban_heros": "522|518|153|506", "camp": "2", "game_label": "119633", "game_time": "2019-12-29 19:59:10", "is_win": "1", "kill_cnt": "17", "pick_heros": "140|111|194|163|106", "team_id": "44", "team_name": "Ts" },
    { "ban_heros": "199|502|131|153", "camp": "2", "game_label": "119633", "game_time": "2019-12-29 20:33:47", "is_win": "1", "kill_cnt": "15", "pick_heros": "139|511|118|163|124", "team_id": "13", "team_name": "eStar" },
    { "ban_heros": "522|518|508|111", "camp": "1", "game_label": "119633", "game_time": "2019-12-29 20:33:47", "is_win": "0", "kill_cnt": "10", "pick_heros": "525|149|141|506|503", "team_id": "44", "team_name": "Ts" },
    { "ban_heros": "502|131|146|186", "camp": "1", "game_label": "119633", "game_time": "2019-12-29 20:58:32", "is_win": "1", "kill_cnt": "7", "pick_heros": "153|111|518|176|168", "team_id": "13", "team_name": "eStar" },
    { "ban_heros": "522|199|513|171", "camp": "2", "game_label": "119633", "game_time": "2019-12-29 20:58:32", "is_win": "0", "kill_cnt": "2", "pick_heros": "177|193|312|529|505", "team_id": "44", "team_name": "Ts" },
    { "ban_heros": "0", "camp": "2", "game_label": "119633", "game_time": "2019-12-29 21:25:07", "is_win": "1", "kill_cnt": "23", "pick_heros": "", "team_id": "13", "team_name": "eStar" },
    { "ban_heros": "0", "camp": "1", "game_label": "119633", "game_time": "2019-12-29 21:25:07", "is_win": "0", "kill_cnt": "14", "pick_heros": "", "team_id": "44", "team_name": "Ts" },
    { "ban_heros": "111|132|312|124", "camp": "1", "game_label": "119634", "game_time": "2019-12-30 18:23:20", "is_win": "0", "kill_cnt": "6", "pick_heros": "199|511|118|144|513", "team_id": "12", "team_name": "AG超玩会" },
    { "ban_heros": "148|191|157|156", "camp": "2", "game_label": "119634", "game_time": "2019-12-30 18:23:20", "is_win": "1", "kill_cnt": "13", "pick_heros": "171|163|174|522|515", "team_id": "25", "team_name": "QGhappy" },
    { "ban_heros": "199|529|156|157", "camp": "2", "game_label": "119634", "game_time": "2019-12-30 18:58:40", "is_win": "0", "kill_cnt": "11", "pick_heros": "140|124|162|189|522", "team_id": "12", "team_name": "AG超玩会" },
    { "ban_heros": "509|171|123|194", "camp": "1", "game_label": "119634", "game_time": "2019-12-30 18:58:41", "is_win": "1", "kill_cnt": "27", "pick_heros": "511|518|132|105|152", "team_id": "25", "team_name": "QGhappy" },
    { "ban_heros": "140|199|186|509", "camp": "1", "game_label": "119634", "game_time": "2019-12-30 19:31:17", "is_win": "1", "kill_cnt": "11", "pick_heros": "529|177|139|136|525", "team_id": "12", "team_name": "AG超玩会" },
    { "ban_heros": "518|132|312|156", "camp": "2", "game_label": "119634", "game_time": "2019-12-30 19:31:17", "is_win": "0", "kill_cnt": "2", "pick_heros": "111|153|513|503|113", "team_id": "25", "team_name": "QGhappy" },
    { "ban_heros": "140|199|146|502", "camp": "2", "game_label": "119634", "game_time": "2019-12-30 19:56:06", "is_win": "1", "kill_cnt": "10", "pick_heros": "111|149|518|157|105", "team_id": "12", "team_name": "AG超玩会" },
    { "ban_heros": "509|171|152|523", "camp": "1", "game_label": "119634", "game_time": "2019-12-30 19:56:07", "is_win": "0", "kill_cnt": "3", "pick_heros": "123|118|176|506|139", "team_id": "25", "team_name": "QGhappy" },
    { "ban_heros": "140|199|507|529", "camp": "1", "game_label": "119634", "game_time": "2019-12-30 20:26:49", "is_win": "0", "kill_cnt": "2", "pick_heros": "509|141|163|193|133", "team_id": "12", "team_name": "AG超玩会" },
    { "ban_heros": "123|132|503|126", "camp": "2", "game_label": "119634", "game_time": "2019-12-30 20:26:49", "is_win": "1", "kill_cnt": "10", "pick_heros": "124|184|177|128|130", "team_id": "25", "team_name": "QGhappy" },
    { "ban_heros": "140|199|157|141", "camp": "2", "game_label": "119634", "game_time": "2019-12-30 20:52:28", "is_win": "0", "kill_cnt": "3", "pick_heros": "502|194|123|156|128", "team_id": "12", "team_name": "AG超玩会" },
    { "ban_heros": "132|153|507|312", "camp": "1", "game_label": "119634", "game_time": "2019-12-30 20:52:28", "is_win": "1", "kill_cnt": "13", "pick_heros": "529|525|173|193|148", "team_id": "25", "team_name": "QGhappy" },
    { "ban_heros": "529|118|522|139", "camp": "2", "game_label": "119635", "game_time": "2020-01-04 17:56:06", "is_win": "1", "kill_cnt": "7", "pick_heros": "518|511|111|189|152", "team_id": "13", "team_name": "eStar" },
    { "ban_heros": "513|157|186|525", "camp": "1", "game_label": "119635", "game_time": "2020-01-04 17:56:07", "is_win": "0", "kill_cnt": "5", "pick_heros": "171|174|124|130|140", "team_id": "25", "team_name": "QGhappy" },
    { "ban_heros": "511|132|515|156", "camp": "1", "game_label": "119635", "game_time": "2020-01-04 18:35:01", "is_win": "0", "kill_cnt": "5", "pick_heros": "529|502|128|105|157", "team_id": "13", "team_name": "eStar" },
    { "ban_heros": "199|140|194|118", "camp": "2", "game_label": "119635", "game_time": "2020-01-04 18:35:01", "is_win": "1", "kill_cnt": "13", "pick_heros": "163|522|111|525|182", "team_id": "25", "team_name": "QGhappy" },
    { "ban_heros": "511|529|312|156", "camp": "2", "game_label": "119635", "game_time": "2020-01-04 19:06:48", "is_win": "1", "kill_cnt": "14", "pick_heros": "139|509|132|178|176", "team_id": "13", "team_name": "eStar" },
    { "ban_heros": "522|140|153|124", "camp": "1", "game_label": "119635", "game_time": "2020-01-04 19:06:48", "is_win": "0", "kill_cnt": "6", "pick_heros": "199|510|193|105|152", "team_id": "25", "team_name": "QGhappy" },
    { "ban_heros": "529|511|157|513", "camp": "1", "game_label": "119635", "game_time": "2020-01-04 19:50:16", "is_win": "0", "kill_cnt": "10", "pick_heros": "173|507|194|523|117", "team_id": "13", "team_name": "eStar" },
    { "ban_heros": "140|199|141|153", "camp": "2", "game_label": "119635", "game_time": "2020-01-04 19:50:16", "is_win": "1", "kill_cnt": "16", "pick_heros": "503|107|132|168|312", "team_id": "25", "team_name": "QGhappy" },
    { "ban_heros": "511|529|513|157", "camp": "2", "game_label": "119635", "game_time": "2020-01-04 20:30:34", "is_win": "0", "kill_cnt": "6", "pick_heros": "522|525|174|131|136", "team_id": "13", "team_name": "eStar" },
    { "ban_heros": "140|199|506|162", "camp": "1", "game_label": "119635", "game_time": "2020-01-04 20:30:34", "is_win": "1", "kill_cnt": "10", "pick_heros": "153|518|133|156|184", "team_id": "25", "team_name": "QGhappy" },
    { "ban_heros": "511|529|177|173", "camp": "1", "game_label": "119635", "game_time": "2020-01-04 20:57:10", "is_win": "1", "kill_cnt": "13", "pick_heros": "123|195|186|193|124", "team_id": "13", "team_name": "eStar" },
    { "ban_heros": "140|199|156|515", "camp": "2", "game_label": "119635", "game_time": "2020-01-04 20:57:10", "is_win": "0", "kill_cnt": "9", "pick_heros": "128|149|513|194|508", "team_id": "25", "team_name": "QGhappy" },
    { "ban_heros": "0", "camp": "2", "game_label": "119635", "game_time": "2020-01-04 21:29:49", "is_win": "0", "kill_cnt": "4", "pick_heros": "", "team_id": "13", "team_name": "eStar" },
    { "ban_heros": "0", "camp": "1", "game_label": "119635", "game_time": "2020-01-04 21:29:49", "is_win": "1", "kill_cnt": "11", "pick_heros": "", "team_id": "25", "team_name": "QGhappy" }
]