[
    { "hero1_id": "123", "hero1_name": "吕布", "hero2_id": "502", "hero2_name": "裴擒虎", "played": "69", "win_rate": "0.4203" },
    { "hero1_id": "132", "hero1_name": "马可波罗", "hero2_id": "529", "hero2_name": "盘古", "played": "52", "win_rate": "0.5000" },
    { "hero1_id": "111", "hero1_name": "孙尚香", "hero2_id": "186", "hero2_name": "太乙真人", "played": "44", "win_rate": "0.5455" },
    { "hero1_id": "118", "hero1_name": "孙膑", "hero2_id": "511", "hero2_name": "猪八戒", "played": "42", "win_rate": "0.4762" },
    { "hero1_id": "111", "hero1_name": "孙尚香", "hero2_id": "529", "hero2_name": "盘古", "played": "40", "win_rate": "0.6250" },
    { "hero1_id": "132", "hero1_name": "马可波罗", "hero2_id": "510", "hero2_name": "孙策", "played": "39", "win_rate": "0.4103" },
    { "hero1_id": "132", "hero1_name": "马可波罗", "hero2_id": "522", "hero2_name": "曜", "played": "38", "win_rate": "0.5526" },
    { "hero1_id": "124", "hero1_name": "周瑜", "hero2_id": "522", "hero2_name": "曜", "played": "37", "win_rate": "0.4865" },
    { "hero1_id": "186", "hero1_name": "太乙真人", "hero2_id": "529", "hero2_name": "盘古", "played": "36", "win_rate": "0.4722" },
    { "hero1_id": "132", "hero1_name": "马可波罗", "hero2_id": "511", "hero2_name": "猪八戒", "played": "36", "win_rate": "0.5556" },
    { "hero1_id": "502", "hero1_name": "裴擒虎", "hero2_id": "518", "hero2_name": "马超", "played": "36", "win_rate": "0.4444" },
    { "hero1_id": "149", "hero1_name": "刘邦", "hero2_id": "518", "hero2_name": "马超", "played": "36", "win_rate": "0.5278" },
    { "hero1_id": "111", "hero1_name": "孙尚香", "hero2_id": "171", "hero2_name": "张飞", "played": "35", "win_rate": "0.5143" },
    { "hero1_id": "171", "hero1_name": "张飞", "hero2_id": "529", "hero2_name": "盘古", "played": "34", "win_rate": "0.6471" },
    { "hero1_id": "199", "hero1_name": "公孙离", "hero2_id": "522", "hero2_name": "曜", "played": "34", "win_rate": "0.5882" },
    { "hero1_id": "140", "hero1_name": "关羽", "hero2_id": "502", "hero2_name": "裴擒虎", "played": "34", "win_rate": "0.5294" },
    { "hero1_id": "132", "hero1_name": "马可波罗", "hero2_id": "186", "hero2_name": "太乙真人", "played": "33", "win_rate": "0.4848" },
    { "hero1_id": "157", "hero1_name": "不知火舞", "hero2_id": "511", "hero2_name": "猪八戒", "played": "32", "win_rate": "0.5938" },
    { "hero1_id": "118", "hero1_name": "孙膑", "hero2_id": "163", "hero2_name": "橘右京", "played": "32", "win_rate": "0.4688" },
    { "hero1_id": "502", "hero1_name": "裴擒虎", "hero2_id": "509", "hero2_name": "盾山", "played": "32", "win_rate": "0.4375" },
    { "hero1_id": "124", "hero1_name": "周瑜", "hero2_id": "132", "hero2_name": "马可波罗", "played": "32", "win_rate": "0.3125" },
    { "hero1_id": "186", "hero1_name": "太乙真人", "hero2_id": "511", "hero2_name": "猪八戒", "played": "31", "win_rate": "0.4516" },
    { "hero1_id": "194", "hero1_name": "苏烈", "hero2_id": "529", "hero2_name": "盘古", "played": "30", "win_rate": "0.5667" },
    { "hero1_id": "132", "hero1_name": "马可波罗", "hero2_id": "518", "hero2_name": "马超", "played": "30", "win_rate": "0.6000" },
    { "hero1_id": "132", "hero1_name": "马可波罗", "hero2_id": "171", "hero2_name": "张飞", "played": "30", "win_rate": "0.4667" },
    { "hero1_id": "186", "hero1_name": "太乙真人", "hero2_id": "510", "hero2_name": "孙策", "played": "29", "win_rate": "0.3793" },
    { "hero1_id": "186", "hero1_name": "太乙真人", "hero2_id": "522", "hero2_name": "曜", "played": "29", "win_rate": "0.5517" },
    { "hero1_id": "124", "hero1_name": "周瑜", "hero2_id": "529", "hero2_name": "盘古", "played": "28", "win_rate": "0.5714" },
    { "hero1_id": "132", "hero1_name": "马可波罗", "hero2_id": "194", "hero2_name": "苏烈", "played": "28", "win_rate": "0.6071" },
    { "hero1_id": "132", "hero1_name": "马可波罗", "hero2_id": "312", "hero2_name": "沈梦溪", "played": "28", "win_rate": "0.6071" },
    { "hero1_id": "171", "hero1_name": "张飞", "hero2_id": "522", "hero2_name": "曜", "played": "28", "win_rate": "0.5357" },
    { "hero1_id": "509", "hero1_name": "盾山", "hero2_id": "522", "hero2_name": "曜", "played": "28", "win_rate": "0.6786" },
    { "hero1_id": "140", "hero1_name": "关羽", "hero2_id": "529", "hero2_name": "盘古", "played": "27", "win_rate": "0.7407" },
    { "hero1_id": "132", "hero1_name": "马可波罗", "hero2_id": "509", "hero2_name": "盾山", "played": "27", "win_rate": "0.5926" },
    { "hero1_id": "139", "hero1_name": "老夫子", "hero2_id": "529", "hero2_name": "盘古", "played": "27", "win_rate": "0.5185" },
    { "hero1_id": "502", "hero1_name": "裴擒虎", "hero2_id": "511", "hero2_name": "猪八戒", "played": "26", "win_rate": "0.5000" },
    { "hero1_id": "522", "hero1_name": "曜", "hero2_id": "529", "hero2_name": "盘古", "played": "26", "win_rate": "0.6154" },
    { "hero1_id": "510", "hero1_name": "孙策", "hero2_id": "522", "hero2_name": "曜", "played": "26", "win_rate": "0.6538" },
    { "hero1_id": "511", "hero1_name": "猪八戒", "hero2_id": "522", "hero2_name": "曜", "played": "25", "win_rate": "0.4800" },
    { "hero1_id": "194", "hero1_name": "苏烈", "hero2_id": "518", "hero2_name": "马超", "played": "24", "win_rate": "0.5000" },
    { "hero1_id": "199", "hero1_name": "公孙离", "hero2_id": "509", "hero2_name": "盾山", "played": "24", "win_rate": "0.7083" },
    { "hero1_id": "511", "hero1_name": "猪八戒", "hero2_id": "518", "hero2_name": "马超", "played": "24", "win_rate": "0.7917" },
    { "hero1_id": "124", "hero1_name": "周瑜", "hero2_id": "502", "hero2_name": "裴擒虎", "played": "24", "win_rate": "0.3333" },
    { "hero1_id": "194", "hero1_name": "苏烈", "hero2_id": "502", "hero2_name": "裴擒虎", "played": "24", "win_rate": "0.4167" },
    { "hero1_id": "199", "hero1_name": "公孙离", "hero2_id": "511", "hero2_name": "猪八戒", "played": "24", "win_rate": "0.6667" },
    { "hero1_id": "163", "hero1_name": "橘右京", "hero2_id": "511", "hero2_name": "猪八戒", "played": "24", "win_rate": "0.5417" },
    { "hero1_id": "163", "hero1_name": "橘右京", "hero2_id": "171", "hero2_name": "张飞", "played": "24", "win_rate": "0.3750" },
    { "hero1_id": "118", "hero1_name": "孙膑", "hero2_id": "123", "hero2_name": "吕布", "played": "24", "win_rate": "0.2917" },
    { "hero1_id": "124", "hero1_name": "周瑜", "hero2_id": "511", "hero2_name": "猪八戒", "played": "24", "win_rate": "0.4167" },
    { "hero1_id": "518", "hero1_name": "马超", "hero2_id": "529", "hero2_name": "盘古", "played": "23", "win_rate": "0.5652" },
    { "hero1_id": "177", "hero1_name": "成吉思汗", "hero2_id": "529", "hero2_name": "盘古", "played": "23", "win_rate": "0.7391" },
    { "hero1_id": "118", "hero1_name": "孙膑", "hero2_id": "502", "hero2_name": "裴擒虎", "played": "23", "win_rate": "0.4348" },
    { "hero1_id": "124", "hero1_name": "周瑜", "hero2_id": "139", "hero2_name": "老夫子", "played": "23", "win_rate": "0.4348" },
    { "hero1_id": "509", "hero1_name": "盾山", "hero2_id": "511", "hero2_name": "猪八戒", "played": "22", "win_rate": "0.5455" },
    { "hero1_id": "199", "hero1_name": "公孙离", "hero2_id": "529", "hero2_name": "盘古", "played": "22", "win_rate": "0.5455" },
    { "hero1_id": "177", "hero1_name": "成吉思汗", "hero2_id": "522", "hero2_name": "曜", "played": "22", "win_rate": "0.6364" },
    { "hero1_id": "502", "hero1_name": "裴擒虎", "hero2_id": "522", "hero2_name": "曜", "played": "22", "win_rate": "0.3636" },
    { "hero1_id": "123", "hero1_name": "吕布", "hero2_id": "518", "hero2_name": "马超", "played": "22", "win_rate": "0.5455" },
    { "hero1_id": "105", "hero1_name": "廉颇", "hero2_id": "123", "hero2_name": "吕布", "played": "22", "win_rate": "0.5000" },
    { "hero1_id": "509", "hero1_name": "盾山", "hero2_id": "529", "hero2_name": "盘古", "played": "22", "win_rate": "0.5909" },
    { "hero1_id": "123", "hero1_name": "吕布", "hero2_id": "312", "hero2_name": "沈梦溪", "played": "22", "win_rate": "0.3636" },
    { "hero1_id": "111", "hero1_name": "孙尚香", "hero2_id": "510", "hero2_name": "孙策", "played": "22", "win_rate": "0.5909" },
    { "hero1_id": "123", "hero1_name": "吕布", "hero2_id": "124", "hero2_name": "周瑜", "played": "22", "win_rate": "0.3182" },
    { "hero1_id": "194", "hero1_name": "苏烈", "hero2_id": "522", "hero2_name": "曜", "played": "22", "win_rate": "0.5909" },
    { "hero1_id": "133", "hero1_name": "狄仁杰", "hero2_id": "171", "hero2_name": "张飞", "played": "22", "win_rate": "0.5909" },
    { "hero1_id": "111", "hero1_name": "孙尚香", "hero2_id": "163", "hero2_name": "橘右京", "played": "21", "win_rate": "0.3333" },
    { "hero1_id": "105", "hero1_name": "廉颇", "hero2_id": "518", "hero2_name": "马超", "played": "21", "win_rate": "0.5714" },
    { "hero1_id": "105", "hero1_name": "廉颇", "hero2_id": "502", "hero2_name": "裴擒虎", "played": "21", "win_rate": "0.3333" },
    { "hero1_id": "157", "hero1_name": "不知火舞", "hero2_id": "522", "hero2_name": "曜", "played": "21", "win_rate": "0.5714" },
    { "hero1_id": "163", "hero1_name": "橘右京", "hero2_id": "522", "hero2_name": "曜", "played": "21", "win_rate": "0.3333" },
    { "hero1_id": "123", "hero1_name": "吕布", "hero2_id": "194", "hero2_name": "苏烈", "played": "21", "win_rate": "0.2857" },
    { "hero1_id": "133", "hero1_name": "狄仁杰", "hero2_id": "529", "hero2_name": "盘古", "played": "21", "win_rate": "0.5238" },
    { "hero1_id": "123", "hero1_name": "吕布", "hero2_id": "140", "hero2_name": "关羽", "played": "21", "win_rate": "0.4286" },
    { "hero1_id": "312", "hero1_name": "沈梦溪", "hero2_id": "518", "hero2_name": "马超", "played": "21", "win_rate": "0.6190" },
    { "hero1_id": "199", "hero1_name": "公孙离", "hero2_id": "510", "hero2_name": "孙策", "played": "20", "win_rate": "0.6000" },
    { "hero1_id": "140", "hero1_name": "关羽", "hero2_id": "194", "hero2_name": "苏烈", "played": "20", "win_rate": "0.6000" },
    { "hero1_id": "140", "hero1_name": "关羽", "hero2_id": "186", "hero2_name": "太乙真人", "played": "20", "win_rate": "0.5500" },
    { "hero1_id": "105", "hero1_name": "廉颇", "hero2_id": "529", "hero2_name": "盘古", "played": "20", "win_rate": "0.5000" },
    { "hero1_id": "141", "hero1_name": "貂蝉", "hero2_id": "502", "hero2_name": "裴擒虎", "played": "20", "win_rate": "0.6000" },
    { "hero1_id": "111", "hero1_name": "孙尚香", "hero2_id": "522", "hero2_name": "曜", "played": "20", "win_rate": "0.6500" },
    { "hero1_id": "124", "hero1_name": "周瑜", "hero2_id": "518", "hero2_name": "马超", "played": "20", "win_rate": "0.3000" },
    { "hero1_id": "157", "hero1_name": "不知火舞", "hero2_id": "199", "hero2_name": "公孙离", "played": "20", "win_rate": "0.6000" },
    { "hero1_id": "157", "hero1_name": "不知火舞", "hero2_id": "518", "hero2_name": "马超", "played": "20", "win_rate": "0.6000" },
    { "hero1_id": "111", "hero1_name": "孙尚香", "hero2_id": "140", "hero2_name": "关羽", "played": "19", "win_rate": "0.7368" },
    { "hero1_id": "139", "hero1_name": "老夫子", "hero2_id": "171", "hero2_name": "张飞", "played": "19", "win_rate": "0.6842" },
    { "hero1_id": "186", "hero1_name": "太乙真人", "hero2_id": "518", "hero2_name": "马超", "played": "19", "win_rate": "0.4737" },
    { "hero1_id": "157", "hero1_name": "不知火舞", "hero2_id": "163", "hero2_name": "橘右京", "played": "19", "win_rate": "0.4737" },
    { "hero1_id": "111", "hero1_name": "孙尚香", "hero2_id": "157", "hero2_name": "不知火舞", "played": "19", "win_rate": "0.5789" },
    { "hero1_id": "177", "hero1_name": "成吉思汗", "hero2_id": "186", "hero2_name": "太乙真人", "played": "19", "win_rate": "0.3684" },
    { "hero1_id": "312", "hero1_name": "沈梦溪", "hero2_id": "529", "hero2_name": "盘古", "played": "19", "win_rate": "0.5789" },
    { "hero1_id": "128", "hero1_name": "曹操", "hero2_id": "511", "hero2_name": "猪八戒", "played": "19", "win_rate": "0.3684" },
    { "hero1_id": "132", "hero1_name": "马可波罗", "hero2_id": "139", "hero2_name": "老夫子", "played": "19", "win_rate": "0.4737" },
    { "hero1_id": "132", "hero1_name": "马可波罗", "hero2_id": "149", "hero2_name": "刘邦", "played": "19", "win_rate": "0.4211" },
    { "hero1_id": "133", "hero1_name": "狄仁杰", "hero2_id": "186", "hero2_name": "太乙真人", "played": "19", "win_rate": "0.5789" },
    { "hero1_id": "193", "hero1_name": "铠", "hero2_id": "502", "hero2_name": "裴擒虎", "played": "19", "win_rate": "0.3158" },
    { "hero1_id": "124", "hero1_name": "周瑜", "hero2_id": "171", "hero2_name": "张飞", "played": "19", "win_rate": "0.4737" },
    { "hero1_id": "193", "hero1_name": "铠", "hero2_id": "509", "hero2_name": "盾山", "played": "18", "win_rate": "0.4444" },
    { "hero1_id": "312", "hero1_name": "沈梦溪", "hero2_id": "502", "hero2_name": "裴擒虎", "played": "18", "win_rate": "0.3333" },
    { "hero1_id": "312", "hero1_name": "沈梦溪", "hero2_id": "511", "hero2_name": "猪八戒", "played": "18", "win_rate": "0.5000" },
    { "hero1_id": "105", "hero1_name": "廉颇", "hero2_id": "132", "hero2_name": "马可波罗", "played": "18", "win_rate": "0.6111" },
    { "hero1_id": "163", "hero1_name": "橘右京", "hero2_id": "186", "hero2_name": "太乙真人", "played": "18", "win_rate": "0.4444" },
    { "hero1_id": "111", "hero1_name": "孙尚香", "hero2_id": "511", "hero2_name": "猪八戒", "played": "18", "win_rate": "0.5000" },
    { "hero1_id": "139", "hero1_name": "老夫子", "hero2_id": "186", "hero2_name": "太乙真人", "played": "18", "win_rate": "0.6667" },
    { "hero1_id": "105", "hero1_name": "廉颇", "hero2_id": "140", "hero2_name": "关羽", "played": "18", "win_rate": "0.6111" },
    { "hero1_id": "502", "hero1_name": "裴擒虎", "hero2_id": "503", "hero2_name": "狂铁", "played": "18", "win_rate": "0.3889" },
    { "hero1_id": "168", "hero1_name": "牛魔", "hero2_id": "522", "hero2_name": "曜", "played": "18", "win_rate": "0.2222" },
    { "hero1_id": "171", "hero1_name": "张飞", "hero2_id": "518", "hero2_name": "马超", "played": "18", "win_rate": "0.5000" },
    { "hero1_id": "191", "hero1_name": "大乔", "hero2_id": "199", "hero2_name": "公孙离", "played": "18", "win_rate": "0.6667" },
    { "hero1_id": "111", "hero1_name": "孙尚香", "hero2_id": "124", "hero2_name": "周瑜", "played": "18", "win_rate": "0.6111" },
    { "hero1_id": "140", "hero1_name": "关羽", "hero2_id": "511", "hero2_name": "猪八戒", "played": "18", "win_rate": "0.5556" },
    { "hero1_id": "171", "hero1_name": "张飞", "hero2_id": "510", "hero2_name": "孙策", "played": "18", "win_rate": "0.5556" },
    { "hero1_id": "140", "hero1_name": "关羽", "hero2_id": "163", "hero2_name": "橘右京", "played": "18", "win_rate": "0.3889" },
    { "hero1_id": "163", "hero1_name": "橘右京", "hero2_id": "518", "hero2_name": "马超", "played": "17", "win_rate": "0.5882" },
    { "hero1_id": "132", "hero1_name": "马可波罗", "hero2_id": "513", "hero2_name": "上官婉儿", "played": "17", "win_rate": "0.4118" },
    { "hero1_id": "156", "hero1_name": "张良", "hero2_id": "186", "hero2_name": "太乙真人", "played": "17", "win_rate": "0.5882" },
    { "hero1_id": "171", "hero1_name": "张飞", "hero2_id": "312", "hero2_name": "沈梦溪", "played": "17", "win_rate": "0.3529" },
    { "hero1_id": "124", "hero1_name": "周瑜", "hero2_id": "510", "hero2_name": "孙策", "played": "17", "win_rate": "0.2941" },
    { "hero1_id": "509", "hero1_name": "盾山", "hero2_id": "510", "hero2_name": "孙策", "played": "17", "win_rate": "0.5294" },
    { "hero1_id": "124", "hero1_name": "周瑜", "hero2_id": "509", "hero2_name": "盾山", "played": "17", "win_rate": "0.3529" },
    { "hero1_id": "139", "hero1_name": "老夫子", "hero2_id": "502", "hero2_name": "裴擒虎", "played": "17", "win_rate": "0.2941" },
    { "hero1_id": "139", "hero1_name": "老夫子", "hero2_id": "163", "hero2_name": "橘右京", "played": "17", "win_rate": "0.5294" },
    { "hero1_id": "105", "hero1_name": "廉颇", "hero2_id": "522", "hero2_name": "曜", "played": "17", "win_rate": "0.5294" },
    { "hero1_id": "510", "hero1_name": "孙策", "hero2_id": "518", "hero2_name": "马超", "played": "17", "win_rate": "0.5294" },
    { "hero1_id": "124", "hero1_name": "周瑜", "hero2_id": "199", "hero2_name": "公孙离", "played": "17", "win_rate": "0.7059" },
    { "hero1_id": "128", "hero1_name": "曹操", "hero2_id": "186", "hero2_name": "太乙真人", "played": "17", "win_rate": "0.4118" },
    { "hero1_id": "513", "hero1_name": "上官婉儿", "hero2_id": "518", "hero2_name": "马超", "played": "17", "win_rate": "0.4118" },
    { "hero1_id": "118", "hero1_name": "孙膑", "hero2_id": "139", "hero2_name": "老夫子", "played": "16", "win_rate": "0.5000" },
    { "hero1_id": "162", "hero1_name": "娜可露露", "hero2_id": "511", "hero2_name": "猪八戒", "played": "16", "win_rate": "0.4375" },
    { "hero1_id": "111", "hero1_name": "孙尚香", "hero2_id": "193", "hero2_name": "铠", "played": "16", "win_rate": "0.3750" },
    { "hero1_id": "171", "hero1_name": "张飞", "hero2_id": "193", "hero2_name": "铠", "played": "16", "win_rate": "0.4375" },
    { "hero1_id": "132", "hero1_name": "马可波罗", "hero2_id": "163", "hero2_name": "橘右京", "played": "16", "win_rate": "0.5000" },
    { "hero1_id": "123", "hero1_name": "吕布", "hero2_id": "132", "hero2_name": "马可波罗", "played": "16", "win_rate": "0.5000" },
    { "hero1_id": "194", "hero1_name": "苏烈", "hero2_id": "503", "hero2_name": "狂铁", "played": "16", "win_rate": "0.5000" },
    { "hero1_id": "105", "hero1_name": "廉颇", "hero2_id": "513", "hero2_name": "上官婉儿", "played": "16", "win_rate": "0.5625" },
    { "hero1_id": "171", "hero1_name": "张飞", "hero2_id": "199", "hero2_name": "公孙离", "played": "16", "win_rate": "0.5000" },
    { "hero1_id": "157", "hero1_name": "不知火舞", "hero2_id": "529", "hero2_name": "盘古", "played": "16", "win_rate": "0.4375" },
    { "hero1_id": "156", "hero1_name": "张良", "hero2_id": "194", "hero2_name": "苏烈", "played": "16", "win_rate": "0.3750" },
    { "hero1_id": "140", "hero1_name": "关羽", "hero2_id": "157", "hero2_name": "不知火舞", "played": "16", "win_rate": "0.6250" },
    { "hero1_id": "111", "hero1_name": "孙尚香", "hero2_id": "518", "hero2_name": "马超", "played": "16", "win_rate": "0.5000" },
    { "hero1_id": "111", "hero1_name": "孙尚香", "hero2_id": "156", "hero2_name": "张良", "played": "16", "win_rate": "0.5000" },
    { "hero1_id": "171", "hero1_name": "张飞", "hero2_id": "177", "hero2_name": "成吉思汗", "played": "16", "win_rate": "0.6250" },
    { "hero1_id": "139", "hero1_name": "老夫子", "hero2_id": "511", "hero2_name": "猪八戒", "played": "16", "win_rate": "0.5000" },
    { "hero1_id": "186", "hero1_name": "太乙真人", "hero2_id": "193", "hero2_name": "铠", "played": "16", "win_rate": "0.4375" },
    { "hero1_id": "312", "hero1_name": "沈梦溪", "hero2_id": "522", "hero2_name": "曜", "played": "16", "win_rate": "0.3125" },
    { "hero1_id": "156", "hero1_name": "张良", "hero2_id": "171", "hero2_name": "张飞", "played": "16", "win_rate": "0.8125" },
    { "hero1_id": "523", "hero1_name": "西施", "hero2_id": "529", "hero2_name": "盘古", "played": "16", "win_rate": "0.4375" },
    { "hero1_id": "124", "hero1_name": "周瑜", "hero2_id": "186", "hero2_name": "太乙真人", "played": "16", "win_rate": "0.6250" },
    { "hero1_id": "199", "hero1_name": "公孙离", "hero2_id": "518", "hero2_name": "马超", "played": "16", "win_rate": "0.6875" },
    { "hero1_id": "156", "hero1_name": "张良", "hero2_id": "529", "hero2_name": "盘古", "played": "16", "win_rate": "0.6875" },
    { "hero1_id": "142", "hero1_name": "安琪拉", "hero2_id": "186", "hero2_name": "太乙真人", "played": "16", "win_rate": "0.6250" },
    { "hero1_id": "168", "hero1_name": "牛魔", "hero2_id": "502", "hero2_name": "裴擒虎", "played": "15", "win_rate": "0.4000" },
    { "hero1_id": "177", "hero1_name": "成吉思汗", "hero2_id": "511", "hero2_name": "猪八戒", "played": "15", "win_rate": "0.6000" },
    { "hero1_id": "132", "hero1_name": "马可波罗", "hero2_id": "140", "hero2_name": "关羽", "played": "15", "win_rate": "0.3333" },
    { "hero1_id": "140", "hero1_name": "关羽", "hero2_id": "515", "hero2_name": "嫦娥", "played": "15", "win_rate": "0.5333" },
    { "hero1_id": "513", "hero1_name": "上官婉儿", "hero2_id": "529", "hero2_name": "盘古", "played": "15", "win_rate": "0.4667" },
    { "hero1_id": "515", "hero1_name": "嫦娥", "hero2_id": "529", "hero2_name": "盘古", "played": "15", "win_rate": "0.8000" },
    { "hero1_id": "511", "hero1_name": "猪八戒", "hero2_id": "529", "hero2_name": "盘古", "played": "15", "win_rate": "0.5333" },
    { "hero1_id": "107", "hero1_name": "赵云", "hero2_id": "522", "hero2_name": "曜", "played": "15", "win_rate": "0.6000" },
    { "hero1_id": "171", "hero1_name": "张飞", "hero2_id": "511", "hero2_name": "猪八戒", "played": "15", "win_rate": "0.6667" },
    { "hero1_id": "157", "hero1_name": "不知火舞", "hero2_id": "186", "hero2_name": "太乙真人", "played": "15", "win_rate": "0.5333" },
    { "hero1_id": "128", "hero1_name": "曹操", "hero2_id": "194", "hero2_name": "苏烈", "played": "15", "win_rate": "0.3333" },
    { "hero1_id": "140", "hero1_name": "关羽", "hero2_id": "156", "hero2_name": "张良", "played": "15", "win_rate": "0.6000" },
    { "hero1_id": "193", "hero1_name": "铠", "hero2_id": "529", "hero2_name": "盘古", "played": "15", "win_rate": "0.4667" },
    { "hero1_id": "163", "hero1_name": "橘右京", "hero2_id": "199", "hero2_name": "公孙离", "played": "15", "win_rate": "0.4667" },
    { "hero1_id": "111", "hero1_name": "孙尚香", "hero2_id": "194", "hero2_name": "苏烈", "played": "15", "win_rate": "0.5333" },
    { "hero1_id": "132", "hero1_name": "马可波罗", "hero2_id": "168", "hero2_name": "牛魔", "played": "15", "win_rate": "0.4667" },
    { "hero1_id": "186", "hero1_name": "太乙真人", "hero2_id": "312", "hero2_name": "沈梦溪", "played": "15", "win_rate": "0.4000" },
    { "hero1_id": "124", "hero1_name": "周瑜", "hero2_id": "194", "hero2_name": "苏烈", "played": "14", "win_rate": "0.5714" },
    { "hero1_id": "105", "hero1_name": "廉颇", "hero2_id": "124", "hero2_name": "周瑜", "played": "14", "win_rate": "0.2143" },
    { "hero1_id": "139", "hero1_name": "老夫子", "hero2_id": "194", "hero2_name": "苏烈", "played": "14", "win_rate": "0.4286" },
    { "hero1_id": "507", "hero1_name": "李信", "hero2_id": "511", "hero2_name": "猪八戒", "played": "14", "win_rate": "0.6429" },
    { "hero1_id": "163", "hero1_name": "橘右京", "hero2_id": "509", "hero2_name": "盾山", "played": "14", "win_rate": "0.6429" },
    { "hero1_id": "194", "hero1_name": "苏烈", "hero2_id": "199", "hero2_name": "公孙离", "played": "14", "win_rate": "0.5714" },
    { "hero1_id": "153", "hero1_name": "兰陵王", "hero2_id": "199", "hero2_name": "公孙离", "played": "14", "win_rate": "0.4286" },
    { "hero1_id": "139", "hero1_name": "老夫子", "hero2_id": "157", "hero2_name": "不知火舞", "played": "14", "win_rate": "0.5000" },
    { "hero1_id": "152", "hero1_name": "王昭君", "hero2_id": "511", "hero2_name": "猪八戒", "played": "14", "win_rate": "0.5000" },
    { "hero1_id": "177", "hero1_name": "成吉思汗", "hero2_id": "518", "hero2_name": "马超", "played": "14", "win_rate": "0.4286" },
    { "hero1_id": "133", "hero1_name": "狄仁杰", "hero2_id": "140", "hero2_name": "关羽", "played": "14", "win_rate": "0.7143" },
    { "hero1_id": "152", "hero1_name": "王昭君", "hero2_id": "186", "hero2_name": "太乙真人", "played": "14", "win_rate": "0.3571" },
    { "hero1_id": "193", "hero1_name": "铠", "hero2_id": "511", "hero2_name": "猪八戒", "played": "14", "win_rate": "0.5000" },
    { "hero1_id": "123", "hero1_name": "吕布", "hero2_id": "163", "hero2_name": "橘右京", "played": "14", "win_rate": "0.3571" },
    { "hero1_id": "156", "hero1_name": "张良", "hero2_id": "163", "hero2_name": "橘右京", "played": "14", "win_rate": "0.4286" },
    { "hero1_id": "123", "hero1_name": "吕布", "hero2_id": "509", "hero2_name": "盾山", "played": "14", "win_rate": "0.6429" },
    { "hero1_id": "156", "hero1_name": "张良", "hero2_id": "511", "hero2_name": "猪八戒", "played": "14", "win_rate": "0.7143" },
    { "hero1_id": "157", "hero1_name": "不知火舞", "hero2_id": "509", "hero2_name": "盾山", "played": "14", "win_rate": "0.7857" },
    { "hero1_id": "105", "hero1_name": "廉颇", "hero2_id": "199", "hero2_name": "公孙离", "played": "14", "win_rate": "0.5000" },
    { "hero1_id": "123", "hero1_name": "吕布", "hero2_id": "522", "hero2_name": "曜", "played": "14", "win_rate": "0.2857" },
    { "hero1_id": "168", "hero1_name": "牛魔", "hero2_id": "518", "hero2_name": "马超", "played": "14", "win_rate": "0.5714" },
    { "hero1_id": "107", "hero1_name": "赵云", "hero2_id": "199", "hero2_name": "公孙离", "played": "13", "win_rate": "0.6923" },
    { "hero1_id": "140", "hero1_name": "关羽", "hero2_id": "171", "hero2_name": "张飞", "played": "13", "win_rate": "0.7692" },
    { "hero1_id": "141", "hero1_name": "貂蝉", "hero2_id": "509", "hero2_name": "盾山", "played": "13", "win_rate": "0.5385" },
    { "hero1_id": "509", "hero1_name": "盾山", "hero2_id": "518", "hero2_name": "马超", "played": "13", "win_rate": "0.5385" },
    { "hero1_id": "139", "hero1_name": "老夫子", "hero2_id": "509", "hero2_name": "盾山", "played": "13", "win_rate": "0.1538" },
    { "hero1_id": "123", "hero1_name": "吕布", "hero2_id": "168", "hero2_name": "牛魔", "played": "13", "win_rate": "0.3077" },
    { "hero1_id": "126", "hero1_name": "夏侯惇", "hero2_id": "502", "hero2_name": "裴擒虎", "played": "13", "win_rate": "0.6923" },
    { "hero1_id": "124", "hero1_name": "周瑜", "hero2_id": "163", "hero2_name": "橘右京", "played": "13", "win_rate": "0.4615" },
    { "hero1_id": "111", "hero1_name": "孙尚香", "hero2_id": "139", "hero2_name": "老夫子", "played": "13", "win_rate": "0.6923" },
    { "hero1_id": "105", "hero1_name": "廉颇", "hero2_id": "157", "hero2_name": "不知火舞", "played": "13", "win_rate": "0.3846" },
    { "hero1_id": "133", "hero1_name": "狄仁杰", "hero2_id": "522", "hero2_name": "曜", "played": "13", "win_rate": "0.4615" },
    { "hero1_id": "142", "hero1_name": "安琪拉", "hero2_id": "529", "hero2_name": "盘古", "played": "13", "win_rate": "0.6923" },
    { "hero1_id": "163", "hero1_name": "橘右京", "hero2_id": "513", "hero2_name": "上官婉儿", "played": "13", "win_rate": "0.3846" },
    { "hero1_id": "105", "hero1_name": "廉颇", "hero2_id": "312", "hero2_name": "沈梦溪", "played": "13", "win_rate": "0.5385" },
    { "hero1_id": "140", "hero1_name": "关羽", "hero2_id": "513", "hero2_name": "上官婉儿", "played": "13", "win_rate": "0.4615" },
    { "hero1_id": "105", "hero1_name": "廉颇", "hero2_id": "511", "hero2_name": "猪八戒", "played": "13", "win_rate": "0.3846" },
    { "hero1_id": "140", "hero1_name": "关羽", "hero2_id": "168", "hero2_name": "牛魔", "played": "13", "win_rate": "0.4615" },
    { "hero1_id": "186", "hero1_name": "太乙真人", "hero2_id": "513", "hero2_name": "上官婉儿", "played": "13", "win_rate": "0.2308" },
    { "hero1_id": "168", "hero1_name": "牛魔", "hero2_id": "199", "hero2_name": "公孙离", "played": "13", "win_rate": "0.3846" },
    { "hero1_id": "123", "hero1_name": "吕布", "hero2_id": "162", "hero2_name": "娜可露露", "played": "13", "win_rate": "0.5385" },
    { "hero1_id": "132", "hero1_name": "马可波罗", "hero2_id": "156", "hero2_name": "张良", "played": "13", "win_rate": "0.6923" },
    { "hero1_id": "148", "hero1_name": "姜子牙", "hero2_id": "503", "hero2_name": "狂铁", "played": "13", "win_rate": "0.8462" },
    { "hero1_id": "168", "hero1_name": "牛魔", "hero2_id": "511", "hero2_name": "猪八戒", "played": "13", "win_rate": "0.6154" },
    { "hero1_id": "105", "hero1_name": "廉颇", "hero2_id": "163", "hero2_name": "橘右京", "played": "13", "win_rate": "0.3077" },
    { "hero1_id": "140", "hero1_name": "关羽", "hero2_id": "312", "hero2_name": "沈梦溪", "played": "13", "win_rate": "0.6923" },
    { "hero1_id": "105", "hero1_name": "廉颇", "hero2_id": "139", "hero2_name": "老夫子", "played": "13", "win_rate": "0.5385" },
    { "hero1_id": "128", "hero1_name": "曹操", "hero2_id": "132", "hero2_name": "马可波罗", "played": "13", "win_rate": "0.3846" },
    { "hero1_id": "128", "hero1_name": "曹操", "hero2_id": "509", "hero2_name": "盾山", "played": "13", "win_rate": "0.5385" },
    { "hero1_id": "118", "hero1_name": "孙膑", "hero2_id": "518", "hero2_name": "马超", "played": "12", "win_rate": "0.5833" },
    { "hero1_id": "156", "hero1_name": "张良", "hero2_id": "522", "hero2_name": "曜", "played": "12", "win_rate": "0.6667" },
    { "hero1_id": "194", "hero1_name": "苏烈", "hero2_id": "510", "hero2_name": "孙策", "played": "12", "win_rate": "0.5000" },
    { "hero1_id": "123", "hero1_name": "吕布", "hero2_id": "139", "hero2_name": "老夫子", "played": "12", "win_rate": "0.4167" },
    { "hero1_id": "133", "hero1_name": "狄仁杰", "hero2_id": "163", "hero2_name": "橘右京", "played": "12", "win_rate": "0.5833" },
    { "hero1_id": "132", "hero1_name": "马可波罗", "hero2_id": "152", "hero2_name": "王昭君", "played": "12", "win_rate": "0.6667" },
    { "hero1_id": "157", "hero1_name": "不知火舞", "hero2_id": "171", "hero2_name": "张飞", "played": "12", "win_rate": "0.6667" },
    { "hero1_id": "128", "hero1_name": "曹操", "hero2_id": "163", "hero2_name": "橘右京", "played": "12", "win_rate": "0.5833" },
    { "hero1_id": "140", "hero1_name": "关羽", "hero2_id": "509", "hero2_name": "盾山", "played": "12", "win_rate": "0.6667" },
    { "hero1_id": "168", "hero1_name": "牛魔", "hero2_id": "312", "hero2_name": "沈梦溪", "played": "12", "win_rate": "0.3333" },
    { "hero1_id": "503", "hero1_name": "狂铁", "hero2_id": "513", "hero2_name": "上官婉儿", "played": "12", "win_rate": "0.5000" },
    { "hero1_id": "132", "hero1_name": "马可波罗", "hero2_id": "157", "hero2_name": "不知火舞", "played": "12", "win_rate": "0.5000" },
    { "hero1_id": "312", "hero1_name": "沈梦溪", "hero2_id": "510", "hero2_name": "孙策", "played": "12", "win_rate": "0.5833" },
    { "hero1_id": "163", "hero1_name": "橘右京", "hero2_id": "312", "hero2_name": "沈梦溪", "played": "12", "win_rate": "0.5833" },
    { "hero1_id": "148", "hero1_name": "姜子牙", "hero2_id": "522", "hero2_name": "曜", "played": "12", "win_rate": "0.5833" },
    { "hero1_id": "507", "hero1_name": "李信", "hero2_id": "509", "hero2_name": "盾山", "played": "12", "win_rate": "0.3333" },
    { "hero1_id": "118", "hero1_name": "孙膑", "hero2_id": "128", "hero2_name": "曹操", "played": "12", "win_rate": "0.4167" },
    { "hero1_id": "153", "hero1_name": "兰陵王", "hero2_id": "509", "hero2_name": "盾山", "played": "12", "win_rate": "0.5000" },
    { "hero1_id": "118", "hero1_name": "孙膑", "hero2_id": "140", "hero2_name": "关羽", "played": "12", "win_rate": "0.2500" },
    { "hero1_id": "502", "hero1_name": "裴擒虎", "hero2_id": "507", "hero2_name": "李信", "played": "12", "win_rate": "0.3333" },
    { "hero1_id": "132", "hero1_name": "马可波罗", "hero2_id": "153", "hero2_name": "兰陵王", "played": "11", "win_rate": "0.5455" },
    { "hero1_id": "168", "hero1_name": "牛魔", "hero2_id": "529", "hero2_name": "盘古", "played": "11", "win_rate": "0.5455" },
    { "hero1_id": "140", "hero1_name": "关羽", "hero2_id": "199", "hero2_name": "公孙离", "played": "11", "win_rate": "0.5455" },
    { "hero1_id": "132", "hero1_name": "马可波罗", "hero2_id": "507", "hero2_name": "李信", "played": "11", "win_rate": "0.3636" },
    { "hero1_id": "177", "hero1_name": "成吉思汗", "hero2_id": "194", "hero2_name": "苏烈", "played": "11", "win_rate": "0.5455" },
    { "hero1_id": "140", "hero1_name": "关羽", "hero2_id": "510", "hero2_name": "孙策", "played": "11", "win_rate": "0.2727" },
    { "hero1_id": "506", "hero1_name": "云中君", "hero2_id": "511", "hero2_name": "猪八戒", "played": "11", "win_rate": "0.3636" },
    { "hero1_id": "107", "hero1_name": "赵云", "hero2_id": "509", "hero2_name": "盾山", "played": "11", "win_rate": "0.5455" },
    { "hero1_id": "162", "hero1_name": "娜可露露", "hero2_id": "518", "hero2_name": "马超", "played": "11", "win_rate": "0.9091" },
    { "hero1_id": "503", "hero1_name": "狂铁", "hero2_id": "509", "hero2_name": "盾山", "played": "11", "win_rate": "0.7273" },
    { "hero1_id": "153", "hero1_name": "兰陵王", "hero2_id": "522", "hero2_name": "曜", "played": "11", "win_rate": "0.5455" },
    { "hero1_id": "128", "hero1_name": "曹操", "hero2_id": "502", "hero2_name": "裴擒虎", "played": "11", "win_rate": "0.4545" },
    { "hero1_id": "186", "hero1_name": "太乙真人", "hero2_id": "515", "hero2_name": "嫦娥", "played": "11", "win_rate": "0.5455" },
    { "hero1_id": "194", "hero1_name": "苏烈", "hero2_id": "523", "hero2_name": "西施", "played": "11", "win_rate": "0.2727" },
    { "hero1_id": "148", "hero1_name": "姜子牙", "hero2_id": "194", "hero2_name": "苏烈", "played": "11", "win_rate": "0.7273" },
    { "hero1_id": "157", "hero1_name": "不知火舞", "hero2_id": "510", "hero2_name": "孙策", "played": "11", "win_rate": "0.6364" },
    { "hero1_id": "168", "hero1_name": "牛魔", "hero2_id": "513", "hero2_name": "上官婉儿", "played": "11", "win_rate": "0.3636" },
    { "hero1_id": "152", "hero1_name": "王昭君", "hero2_id": "510", "hero2_name": "孙策", "played": "11", "win_rate": "0.3636" },
    { "hero1_id": "123", "hero1_name": "吕布", "hero2_id": "141", "hero2_name": "貂蝉", "played": "11", "win_rate": "0.5455" },
    { "hero1_id": "118", "hero1_name": "孙膑", "hero2_id": "124", "hero2_name": "周瑜", "played": "11", "win_rate": "0.3636" },
    { "hero1_id": "157", "hero1_name": "不知火舞", "hero2_id": "194", "hero2_name": "苏烈", "played": "11", "win_rate": "0.5455" },
    { "hero1_id": "111", "hero1_name": "孙尚香", "hero2_id": "312", "hero2_name": "沈梦溪", "played": "11", "win_rate": "0.6364" },
    { "hero1_id": "513", "hero1_name": "上官婉儿", "hero2_id": "522", "hero2_name": "曜", "played": "11", "win_rate": "0.3636" },
    { "hero1_id": "152", "hero1_name": "王昭君", "hero2_id": "522", "hero2_name": "曜", "played": "11", "win_rate": "0.5455" },
    { "hero1_id": "107", "hero1_name": "赵云", "hero2_id": "132", "hero2_name": "马可波罗", "played": "11", "win_rate": "0.6364" },
    { "hero1_id": "522", "hero1_name": "曜", "hero2_id": "523", "hero2_name": "西施", "played": "11", "win_rate": "0.8182" },
    { "hero1_id": "152", "hero1_name": "王昭君", "hero2_id": "509", "hero2_name": "盾山", "played": "11", "win_rate": "0.3636" },
    { "hero1_id": "118", "hero1_name": "孙膑", "hero2_id": "157", "hero2_name": "不知火舞", "played": "11", "win_rate": "0.2727" },
    { "hero1_id": "124", "hero1_name": "周瑜", "hero2_id": "126", "hero2_name": "夏侯惇", "played": "11", "win_rate": "0.3636" },
    { "hero1_id": "153", "hero1_name": "兰陵王", "hero2_id": "186", "hero2_name": "太乙真人", "played": "11", "win_rate": "0.4545" },
    { "hero1_id": "156", "hero1_name": "张良", "hero2_id": "177", "hero2_name": "成吉思汗", "played": "11", "win_rate": "0.6364" },
    { "hero1_id": "111", "hero1_name": "孙尚香", "hero2_id": "509", "hero2_name": "盾山", "played": "11", "win_rate": "0.7273" },
    { "hero1_id": "107", "hero1_name": "赵云", "hero2_id": "186", "hero2_name": "太乙真人", "played": "11", "win_rate": "0.5455" },
    { "hero1_id": "511", "hero1_name": "猪八戒", "hero2_id": "513", "hero2_name": "上官婉儿", "played": "10", "win_rate": "0.2000" },
    { "hero1_id": "142", "hero1_name": "安琪拉", "hero2_id": "518", "hero2_name": "马超", "played": "10", "win_rate": "0.7000" },
    { "hero1_id": "123", "hero1_name": "吕布", "hero2_id": "193", "hero2_name": "铠", "played": "10", "win_rate": "0.3000" },
    { "hero1_id": "148", "hero1_name": "姜子牙", "hero2_id": "162", "hero2_name": "娜可露露", "played": "10", "win_rate": "0.8000" },
    { "hero1_id": "140", "hero1_name": "关羽", "hero2_id": "153", "hero2_name": "兰陵王", "played": "10", "win_rate": "0.7000" },
    { "hero1_id": "168", "hero1_name": "牛魔", "hero2_id": "510", "hero2_name": "孙策", "played": "10", "win_rate": "0.4000" },
    { "hero1_id": "124", "hero1_name": "周瑜", "hero2_id": "168", "hero2_name": "牛魔", "played": "10", "win_rate": "0.3000" },
    { "hero1_id": "139", "hero1_name": "老夫子", "hero2_id": "152", "hero2_name": "王昭君", "played": "10", "win_rate": "0.5000" },
    { "hero1_id": "153", "hero1_name": "兰陵王", "hero2_id": "171", "hero2_name": "张飞", "played": "10", "win_rate": "0.5000" },
    { "hero1_id": "105", "hero1_name": "廉颇", "hero2_id": "111", "hero2_name": "孙尚香", "played": "10", "win_rate": "0.5000" },
    { "hero1_id": "193", "hero1_name": "铠", "hero2_id": "194", "hero2_name": "苏烈", "played": "10", "win_rate": "0.3000" },
    { "hero1_id": "139", "hero1_name": "老夫子", "hero2_id": "199", "hero2_name": "公孙离", "played": "10", "win_rate": "0.6000" },
    { "hero1_id": "139", "hero1_name": "老夫子", "hero2_id": "141", "hero2_name": "貂蝉", "played": "10", "win_rate": "0.6000" },
    { "hero1_id": "163", "hero1_name": "橘右京", "hero2_id": "193", "hero2_name": "铠", "played": "10", "win_rate": "0.4000" },
    { "hero1_id": "128", "hero1_name": "曹操", "hero2_id": "141", "hero2_name": "貂蝉", "played": "10", "win_rate": "0.3000" },
    { "hero1_id": "171", "hero1_name": "张飞", "hero2_id": "523", "hero2_name": "西施", "played": "10", "win_rate": "0.3000" },
    { "hero1_id": "518", "hero1_name": "马超", "hero2_id": "523", "hero2_name": "西施", "played": "10", "win_rate": "0.4000" },
    { "hero1_id": "162", "hero1_name": "娜可露露", "hero2_id": "503", "hero2_name": "狂铁", "played": "10", "win_rate": "0.8000" },
    { "hero1_id": "178", "hero1_name": "杨戬", "hero2_id": "199", "hero2_name": "公孙离", "played": "10", "win_rate": "0.6000" },
    { "hero1_id": "124", "hero1_name": "周瑜", "hero2_id": "140", "hero2_name": "关羽", "played": "10", "win_rate": "0.8000" },
    { "hero1_id": "123", "hero1_name": "吕布", "hero2_id": "156", "hero2_name": "张良", "played": "10", "win_rate": "0.7000" },
    { "hero1_id": "510", "hero1_name": "孙策", "hero2_id": "513", "hero2_name": "上官婉儿", "played": "10", "win_rate": "0.3000" },
    { "hero1_id": "126", "hero1_name": "夏侯惇", "hero2_id": "522", "hero2_name": "曜", "played": "10", "win_rate": "0.4000" },
    { "hero1_id": "157", "hero1_name": "不知火舞", "hero2_id": "502", "hero2_name": "裴擒虎", "played": "10", "win_rate": "0.7000" },
    { "hero1_id": "118", "hero1_name": "孙膑", "hero2_id": "141", "hero2_name": "貂蝉", "played": "10", "win_rate": "0.7000" },
    { "hero1_id": "186", "hero1_name": "太乙真人", "hero2_id": "523", "hero2_name": "西施", "played": "10", "win_rate": "0.6000" },
    { "hero1_id": "126", "hero1_name": "夏侯惇", "hero2_id": "186", "hero2_name": "太乙真人", "played": "10", "win_rate": "0.4000" },
    { "hero1_id": "178", "hero1_name": "杨戬", "hero2_id": "522", "hero2_name": "曜", "played": "10", "win_rate": "0.4000" },
    { "hero1_id": "128", "hero1_name": "曹操", "hero2_id": "510", "hero2_name": "孙策", "played": "10", "win_rate": "0.2000" },
    { "hero1_id": "128", "hero1_name": "曹操", "hero2_id": "529", "hero2_name": "盘古", "played": "10", "win_rate": "0.5000" },
    { "hero1_id": "142", "hero1_name": "安琪拉", "hero2_id": "522", "hero2_name": "曜", "played": "10", "win_rate": "0.5000" },
    { "hero1_id": "136", "hero1_name": "武则天", "hero2_id": "522", "hero2_name": "曜", "played": "10", "win_rate": "0.5000" },
    { "hero1_id": "132", "hero1_name": "马可波罗", "hero2_id": "142", "hero2_name": "安琪拉", "played": "10", "win_rate": "0.6000" },
    { "hero1_id": "149", "hero1_name": "刘邦", "hero2_id": "510", "hero2_name": "孙策", "played": "10", "win_rate": "0.3000" },
    { "hero1_id": "118", "hero1_name": "孙膑", "hero2_id": "522", "hero2_name": "曜", "played": "10", "win_rate": "0.4000" },
    { "hero1_id": "149", "hero1_name": "刘邦", "hero2_id": "156", "hero2_name": "张良", "played": "10", "win_rate": "0.5000" },
    { "hero1_id": "149", "hero1_name": "刘邦", "hero2_id": "529", "hero2_name": "盘古", "played": "10", "win_rate": "0.8000" },
    { "hero1_id": "177", "hero1_name": "成吉思汗", "hero2_id": "523", "hero2_name": "西施", "played": "10", "win_rate": "0.4000" },
    { "hero1_id": "148", "hero1_name": "姜子牙", "hero2_id": "518", "hero2_name": "马超", "played": "10", "win_rate": "0.8000" },
    { "hero1_id": "139", "hero1_name": "老夫子", "hero2_id": "173", "hero2_name": "李元芳", "played": "10", "win_rate": "0.6000" },
    { "hero1_id": "126", "hero1_name": "夏侯惇", "hero2_id": "163", "hero2_name": "橘右京", "played": "10", "win_rate": "0.2000" },
    { "hero1_id": "126", "hero1_name": "夏侯惇", "hero2_id": "529", "hero2_name": "盘古", "played": "10", "win_rate": "0.6000" },
    { "hero1_id": "194", "hero1_name": "苏烈", "hero2_id": "511", "hero2_name": "猪八戒", "played": "10", "win_rate": "0.8000" },
    { "hero1_id": "133", "hero1_name": "狄仁杰", "hero2_id": "156", "hero2_name": "张良", "played": "10", "win_rate": "0.9000" },
    { "hero1_id": "168", "hero1_name": "牛魔", "hero2_id": "503", "hero2_name": "狂铁", "played": "10", "win_rate": "0.2000" },
    { "hero1_id": "156", "hero1_name": "张良", "hero2_id": "199", "hero2_name": "公孙离", "played": "10", "win_rate": "0.6000" },
    { "hero1_id": "502", "hero1_name": "裴擒虎", "hero2_id": "513", "hero2_name": "上官婉儿", "played": "10", "win_rate": "0.3000" },
    { "hero1_id": "157", "hero1_name": "不知火舞", "hero2_id": "168", "hero2_name": "牛魔", "played": "9", "win_rate": "0.7778" },
    { "hero1_id": "162", "hero1_name": "娜可露露", "hero2_id": "522", "hero2_name": "曜", "played": "9", "win_rate": "0.7778" },
    { "hero1_id": "124", "hero1_name": "周瑜", "hero2_id": "184", "hero2_name": "蔡文姬", "played": "9", "win_rate": "0.6667" },
    { "hero1_id": "105", "hero1_name": "廉颇", "hero2_id": "178", "hero2_name": "杨戬", "played": "9", "win_rate": "0.7778" },
    { "hero1_id": "132", "hero1_name": "马可波罗", "hero2_id": "136", "hero2_name": "武则天", "played": "9", "win_rate": "0.8889" },
    { "hero1_id": "193", "hero1_name": "铠", "hero2_id": "513", "hero2_name": "上官婉儿", "played": "9", "win_rate": "0.3333" },
    { "hero1_id": "171", "hero1_name": "张飞", "hero2_id": "507", "hero2_name": "李信", "played": "9", "win_rate": "0.4444" },
    { "hero1_id": "139", "hero1_name": "老夫子", "hero2_id": "178", "hero2_name": "杨戬", "played": "9", "win_rate": "0.6667" },
    { "hero1_id": "193", "hero1_name": "铠", "hero2_id": "199", "hero2_name": "公孙离", "played": "9", "win_rate": "0.5556" },
    { "hero1_id": "171", "hero1_name": "张飞", "hero2_id": "178", "hero2_name": "杨戬", "played": "9", "win_rate": "0.3333" },
    { "hero1_id": "132", "hero1_name": "马可波罗", "hero2_id": "178", "hero2_name": "杨戬", "played": "9", "win_rate": "0.3333" },
    { "hero1_id": "123", "hero1_name": "吕布", "hero2_id": "529", "hero2_name": "盘古", "played": "9", "win_rate": "0.6667" },
    { "hero1_id": "156", "hero1_name": "张良", "hero2_id": "518", "hero2_name": "马超", "played": "9", "win_rate": "0.6667" },
    { "hero1_id": "124", "hero1_name": "周瑜", "hero2_id": "133", "hero2_name": "狄仁杰", "played": "9", "win_rate": "0.3333" },
    { "hero1_id": "108", "hero1_name": "墨子", "hero2_id": "118", "hero2_name": "孙膑", "played": "9", "win_rate": "0.4444" },
    { "hero1_id": "124", "hero1_name": "周瑜", "hero2_id": "149", "hero2_name": "刘邦", "played": "9", "win_rate": "0.2222" },
    { "hero1_id": "157", "hero1_name": "不知火舞", "hero2_id": "162", "hero2_name": "娜可露露", "played": "9", "win_rate": "0.6667" },
    { "hero1_id": "141", "hero1_name": "貂蝉", "hero2_id": "511", "hero2_name": "猪八戒", "played": "9", "win_rate": "0.4444" },
    { "hero1_id": "133", "hero1_name": "狄仁杰", "hero2_id": "511", "hero2_name": "猪八戒", "played": "9", "win_rate": "0.3333" },
    { "hero1_id": "140", "hero1_name": "关羽", "hero2_id": "189", "hero2_name": "鬼谷子", "played": "9", "win_rate": "0.2222" },
    { "hero1_id": "157", "hero1_name": "不知火舞", "hero2_id": "177", "hero2_name": "成吉思汗", "played": "9", "win_rate": "0.6667" },
    { "hero1_id": "128", "hero1_name": "曹操", "hero2_id": "171", "hero2_name": "张飞", "played": "9", "win_rate": "0.5556" },
    { "hero1_id": "153", "hero1_name": "兰陵王", "hero2_id": "518", "hero2_name": "马超", "played": "9", "win_rate": "0.5556" },
    { "hero1_id": "503", "hero1_name": "狂铁", "hero2_id": "522", "hero2_name": "曜", "played": "9", "win_rate": "0.4444" },
    { "hero1_id": "107", "hero1_name": "赵云", "hero2_id": "111", "hero2_name": "孙尚香", "played": "9", "win_rate": "0.5556" },
    { "hero1_id": "133", "hero1_name": "狄仁杰", "hero2_id": "518", "hero2_name": "马超", "played": "9", "win_rate": "0.5556" },
    { "hero1_id": "132", "hero1_name": "马可波罗", "hero2_id": "503", "hero2_name": "狂铁", "played": "9", "win_rate": "0.5556" },
    { "hero1_id": "132", "hero1_name": "马可波罗", "hero2_id": "515", "hero2_name": "嫦娥", "played": "9", "win_rate": "0.5556" },
    { "hero1_id": "126", "hero1_name": "夏侯惇", "hero2_id": "132", "hero2_name": "马可波罗", "played": "9", "win_rate": "0.5556" },
    { "hero1_id": "156", "hero1_name": "张良", "hero2_id": "193", "hero2_name": "铠", "played": "9", "win_rate": "0.6667" },
    { "hero1_id": "177", "hero1_name": "成吉思汗", "hero2_id": "312", "hero2_name": "沈梦溪", "played": "9", "win_rate": "0.6667" },
    { "hero1_id": "132", "hero1_name": "马可波罗", "hero2_id": "523", "hero2_name": "西施", "played": "9", "win_rate": "0.3333" },
    { "hero1_id": "177", "hero1_name": "成吉思汗", "hero2_id": "513", "hero2_name": "上官婉儿", "played": "9", "win_rate": "0.4444" },
    { "hero1_id": "507", "hero1_name": "李信", "hero2_id": "529", "hero2_name": "盘古", "played": "9", "win_rate": "0.4444" },
    { "hero1_id": "123", "hero1_name": "吕布", "hero2_id": "171", "hero2_name": "张飞", "played": "9", "win_rate": "0.3333" },
    { "hero1_id": "111", "hero1_name": "孙尚香", "hero2_id": "523", "hero2_name": "西施", "played": "9", "win_rate": "0.6667" },
    { "hero1_id": "163", "hero1_name": "橘右京", "hero2_id": "503", "hero2_name": "狂铁", "played": "8", "win_rate": "0.3750" },
    { "hero1_id": "152", "hero1_name": "王昭君", "hero2_id": "518", "hero2_name": "马超", "played": "8", "win_rate": "0.6250" },
    { "hero1_id": "128", "hero1_name": "曹操", "hero2_id": "157", "hero2_name": "不知火舞", "played": "8", "win_rate": "0.3750" },
    { "hero1_id": "128", "hero1_name": "曹操", "hero2_id": "523", "hero2_name": "西施", "played": "8", "win_rate": "0.6250" },
    { "hero1_id": "133", "hero1_name": "狄仁杰", "hero2_id": "515", "hero2_name": "嫦娥", "played": "8", "win_rate": "0.7500" },
    { "hero1_id": "193", "hero1_name": "铠", "hero2_id": "312", "hero2_name": "沈梦溪", "played": "8", "win_rate": "0.2500" },
    { "hero1_id": "194", "hero1_name": "苏烈", "hero2_id": "506", "hero2_name": "云中君", "played": "8", "win_rate": "0.5000" },
    { "hero1_id": "105", "hero1_name": "廉颇", "hero2_id": "503", "hero2_name": "狂铁", "played": "8", "win_rate": "0.6250" },
    { "hero1_id": "107", "hero1_name": "赵云", "hero2_id": "156", "hero2_name": "张良", "played": "8", "win_rate": "0.8750" },
    { "hero1_id": "107", "hero1_name": "赵云", "hero2_id": "177", "hero2_name": "成吉思汗", "played": "8", "win_rate": "0.2500" },
    { "hero1_id": "111", "hero1_name": "孙尚香", "hero2_id": "153", "hero2_name": "兰陵王", "played": "8", "win_rate": "0.3750" },
    { "hero1_id": "182", "hero1_name": "干将莫邪", "hero2_id": "502", "hero2_name": "裴擒虎", "played": "8", "win_rate": "0.1250" },
    { "hero1_id": "157", "hero1_name": "不知火舞", "hero2_id": "191", "hero2_name": "大乔", "played": "8", "win_rate": "0.7500" },
    { "hero1_id": "123", "hero1_name": "吕布", "hero2_id": "506", "hero2_name": "云中君", "played": "8", "win_rate": "0.2500" },
    { "hero1_id": "126", "hero1_name": "夏侯惇", "hero2_id": "148", "hero2_name": "姜子牙", "played": "8", "win_rate": "0.6250" },
    { "hero1_id": "184", "hero1_name": "蔡文姬", "hero2_id": "522", "hero2_name": "曜", "played": "8", "win_rate": "0.3750" },
    { "hero1_id": "163", "hero1_name": "橘右京", "hero2_id": "515", "hero2_name": "嫦娥", "played": "8", "win_rate": "0.5000" },
    { "hero1_id": "194", "hero1_name": "苏烈", "hero2_id": "515", "hero2_name": "嫦娥", "played": "8", "win_rate": "0.7500" },
    { "hero1_id": "140", "hero1_name": "关羽", "hero2_id": "503", "hero2_name": "狂铁", "played": "8", "win_rate": "0.2500" },
    { "hero1_id": "111", "hero1_name": "孙尚香", "hero2_id": "128", "hero2_name": "曹操", "played": "8", "win_rate": "0.6250" },
    { "hero1_id": "139", "hero1_name": "老夫子", "hero2_id": "513", "hero2_name": "上官婉儿", "played": "8", "win_rate": "0.3750" },
    { "hero1_id": "152", "hero1_name": "王昭君", "hero2_id": "194", "hero2_name": "苏烈", "played": "8", "win_rate": "0.7500" },
    { "hero1_id": "141", "hero1_name": "貂蝉", "hero2_id": "194", "hero2_name": "苏烈", "played": "8", "win_rate": "0.5000" },
    { "hero1_id": "111", "hero1_name": "孙尚香", "hero2_id": "152", "hero2_name": "王昭君", "played": "8", "win_rate": "0.3750" },
    { "hero1_id": "162", "hero1_name": "娜可露露", "hero2_id": "194", "hero2_name": "苏烈", "played": "8", "win_rate": "0.6250" },
    { "hero1_id": "199", "hero1_name": "公孙离", "hero2_id": "513", "hero2_name": "上官婉儿", "played": "8", "win_rate": "0.6250" },
    { "hero1_id": "136", "hero1_name": "武则天", "hero2_id": "529", "hero2_name": "盘古", "played": "8", "win_rate": "0.6250" },
    { "hero1_id": "133", "hero1_name": "狄仁杰", "hero2_id": "152", "hero2_name": "王昭君", "played": "8", "win_rate": "0.5000" },
    { "hero1_id": "149", "hero1_name": "刘邦", "hero2_id": "502", "hero2_name": "裴擒虎", "played": "8", "win_rate": "0.2500" },
    { "hero1_id": "163", "hero1_name": "橘右京", "hero2_id": "177", "hero2_name": "成吉思汗", "played": "8", "win_rate": "0.6250" },
    { "hero1_id": "140", "hero1_name": "关羽", "hero2_id": "141", "hero2_name": "貂蝉", "played": "8", "win_rate": "0.2500" },
    { "hero1_id": "133", "hero1_name": "狄仁杰", "hero2_id": "178", "hero2_name": "杨戬", "played": "8", "win_rate": "0.7500" },
    { "hero1_id": "177", "hero1_name": "成吉思汗", "hero2_id": "510", "hero2_name": "孙策", "played": "8", "win_rate": "0.5000" },
    { "hero1_id": "152", "hero1_name": "王昭君", "hero2_id": "199", "hero2_name": "公孙离", "played": "8", "win_rate": "0.5000" },
    { "hero1_id": "111", "hero1_name": "孙尚香", "hero2_id": "142", "hero2_name": "安琪拉", "played": "8", "win_rate": "0.5000" },
    { "hero1_id": "128", "hero1_name": "曹操", "hero2_id": "506", "hero2_name": "云中君", "played": "8", "win_rate": "0.5000" },
    { "hero1_id": "152", "hero1_name": "王昭君", "hero2_id": "153", "hero2_name": "兰陵王", "played": "8", "win_rate": "0.6250" },
    { "hero1_id": "118", "hero1_name": "孙膑", "hero2_id": "193", "hero2_name": "铠", "played": "8", "win_rate": "0.6250" },
    { "hero1_id": "509", "hero1_name": "盾山", "hero2_id": "523", "hero2_name": "西施", "played": "8", "win_rate": "0.6250" },
    { "hero1_id": "194", "hero1_name": "苏烈", "hero2_id": "513", "hero2_name": "上官婉儿", "played": "8", "win_rate": "0.6250" },
    { "hero1_id": "133", "hero1_name": "狄仁杰", "hero2_id": "157", "hero2_name": "不知火舞", "played": "8", "win_rate": "0.3750" },
    { "hero1_id": "107", "hero1_name": "赵云", "hero2_id": "171", "hero2_name": "张飞", "played": "8", "win_rate": "0.5000" },
    { "hero1_id": "140", "hero1_name": "关羽", "hero2_id": "182", "hero2_name": "干将莫邪", "played": "8", "win_rate": "0.2500" },
    { "hero1_id": "509", "hero1_name": "盾山", "hero2_id": "513", "hero2_name": "上官婉儿", "played": "8", "win_rate": "0.5000" },
    { "hero1_id": "133", "hero1_name": "狄仁杰", "hero2_id": "139", "hero2_name": "老夫子", "played": "8", "win_rate": "0.6250" },
    { "hero1_id": "184", "hero1_name": "蔡文姬", "hero2_id": "529", "hero2_name": "盘古", "played": "8", "win_rate": "0.6250" },
    { "hero1_id": "107", "hero1_name": "赵云", "hero2_id": "511", "hero2_name": "猪八戒", "played": "8", "win_rate": "0.5000" },
    { "hero1_id": "194", "hero1_name": "苏烈", "hero2_id": "507", "hero2_name": "李信", "played": "8", "win_rate": "0.3750" },
    { "hero1_id": "126", "hero1_name": "夏侯惇", "hero2_id": "199", "hero2_name": "公孙离", "played": "8", "win_rate": "0.6250" },
    { "hero1_id": "312", "hero1_name": "沈梦溪", "hero2_id": "509", "hero2_name": "盾山", "played": "8", "win_rate": "0.8750" },
    { "hero1_id": "105", "hero1_name": "廉颇", "hero2_id": "148", "hero2_name": "姜子牙", "played": "8", "win_rate": "1.0000" },
    { "hero1_id": "123", "hero1_name": "吕布", "hero2_id": "513", "hero2_name": "上官婉儿", "played": "8", "win_rate": "0.2500" },
    { "hero1_id": "140", "hero1_name": "关羽", "hero2_id": "173", "hero2_name": "李元芳", "played": "8", "win_rate": "0.5000" },
    { "hero1_id": "142", "hero1_name": "安琪拉", "hero2_id": "194", "hero2_name": "苏烈", "played": "8", "win_rate": "0.5000" },
    { "hero1_id": "123", "hero1_name": "吕布", "hero2_id": "128", "hero2_name": "曹操", "played": "8", "win_rate": "0.5000" },
    { "hero1_id": "178", "hero1_name": "杨戬", "hero2_id": "194", "hero2_name": "苏烈", "played": "8", "win_rate": "0.3750" },
    { "hero1_id": "194", "hero1_name": "苏烈", "hero2_id": "312", "hero2_name": "沈梦溪", "played": "8", "win_rate": "0.6250" },
    { "hero1_id": "139", "hero1_name": "老夫子", "hero2_id": "510", "hero2_name": "孙策", "played": "8", "win_rate": "0.5000" },
    { "hero1_id": "123", "hero1_name": "吕布", "hero2_id": "153", "hero2_name": "兰陵王", "played": "8", "win_rate": "0.5000" },
    { "hero1_id": "148", "hero1_name": "姜子牙", "hero2_id": "509", "hero2_name": "盾山", "played": "8", "win_rate": "0.7500" },
    { "hero1_id": "133", "hero1_name": "狄仁杰", "hero2_id": "312", "hero2_name": "沈梦溪", "played": "8", "win_rate": "0.3750" }
]