[
    { "avg_assist": "3.51", "avg_ban_seq": "3.8", "avg_bekill": "2.40", "avg_kill": "2.46", "avg_pick_seq": "0.0", "ban_cnt": "123", "gpm": "688", "hero_id": "522", "hero_name": "曜", "kda": "3.46", "pick_cnt": "180", "played": "182", "win_rate": "0.5165" },
    { "avg_assist": "5.26", "avg_ban_seq": "2.7", "avg_bekill": "2.51", "avg_kill": "2.18", "avg_pick_seq": "0.0", "ban_cnt": "142", "gpm": "578", "hero_id": "529", "hero_name": "盘古", "kda": "4.07", "pick_cnt": "180", "played": "186", "win_rate": "0.5591" },
    { "avg_assist": "5.88", "avg_ban_seq": "3.7", "avg_bekill": "2.40", "avg_kill": "1.16", "avg_pick_seq": "0.0", "ban_cnt": "91", "gpm": "510", "hero_id": "511", "hero_name": "猪八戒", "kda": "4.29", "pick_cnt": "177", "played": "177", "win_rate": "0.5311" },
    { "avg_assist": "4.54", "avg_ban_seq": "3.6", "avg_bekill": "1.62", "avg_kill": "3.78", "avg_pick_seq": "0.0", "ban_cnt": "97", "gpm": "700", "hero_id": "132", "hero_name": "马可波罗", "kda": "5.95", "pick_cnt": "176", "played": "176", "win_rate": "0.5114" },
    { "avg_assist": "3.72", "avg_ban_seq": "4.0", "avg_bekill": "2.17", "avg_kill": "3.11", "avg_pick_seq": "0.0", "ban_cnt": "129", "gpm": "686", "hero_id": "518", "hero_name": "马超", "kda": "4.29", "pick_cnt": "154", "played": "156", "win_rate": "0.5513" },
    { "avg_assist": "6.62", "avg_ban_seq": "3.7", "avg_bekill": "2.93", "avg_kill": "0.47", "avg_pick_seq": "0.0", "ban_cnt": "108", "gpm": "420", "hero_id": "186", "hero_name": "太乙真人", "kda": "3.40", "pick_cnt": "152", "played": "152", "win_rate": "0.4737" },
    { "avg_assist": "4.64", "avg_ban_seq": "4.0", "avg_bekill": "2.01", "avg_kill": "3.16", "avg_pick_seq": "0.0", "ban_cnt": "39", "gpm": "659", "hero_id": "502", "hero_name": "裴擒虎", "kda": "4.57", "pick_cnt": "150", "played": "150", "win_rate": "0.4333" },
    { "avg_assist": "4.65", "avg_ban_seq": "4.1", "avg_bekill": "2.18", "avg_kill": "2.16", "avg_pick_seq": "0.0", "ban_cnt": "36", "gpm": "561", "hero_id": "123", "hero_name": "吕布", "kda": "3.89", "pick_cnt": "136", "played": "136", "win_rate": "0.4265" },
    { "avg_assist": "4.03", "avg_ban_seq": "4.9", "avg_bekill": "1.65", "avg_kill": "2.37", "avg_pick_seq": "0.0", "ban_cnt": "112", "gpm": "644", "hero_id": "140", "hero_name": "关羽", "kda": "4.66", "pick_cnt": "133", "played": "133", "win_rate": "0.5414" },
    { "avg_assist": "6.59", "avg_ban_seq": "4.5", "avg_bekill": "2.18", "avg_kill": "0.60", "avg_pick_seq": "0.0", "ban_cnt": "39", "gpm": "402", "hero_id": "171", "hero_name": "张飞", "kda": "4.47", "pick_cnt": "129", "played": "129", "win_rate": "0.5349" },
    { "avg_assist": "3.87", "avg_ban_seq": "2.8", "avg_bekill": "1.57", "avg_kill": "4.05", "avg_pick_seq": "0.0", "ban_cnt": "217", "gpm": "746", "hero_id": "111", "hero_name": "孙尚香", "kda": "5.74", "pick_cnt": "127", "played": "127", "win_rate": "0.5433" },
    { "avg_assist": "4.52", "avg_ban_seq": "4.7", "avg_bekill": "2.32", "avg_kill": "2.63", "avg_pick_seq": "0.0", "ban_cnt": "26", "gpm": "619", "hero_id": "163", "hero_name": "橘右京", "kda": "4.10", "pick_cnt": "126", "played": "126", "win_rate": "0.4444" },
    { "avg_assist": "7.08", "avg_ban_seq": "5.6", "avg_bekill": "2.88", "avg_kill": "0.80", "avg_pick_seq": "0.0", "ban_cnt": "42", "gpm": "408", "hero_id": "194", "hero_name": "苏烈", "kda": "4.07", "pick_cnt": "125", "played": "126", "win_rate": "0.5079" },
    { "avg_assist": "6.93", "avg_ban_seq": "3.2", "avg_bekill": "4.47", "avg_kill": "0.36", "avg_pick_seq": "0.0", "ban_cnt": "202", "gpm": "387", "hero_id": "509", "hero_name": "盾山", "kda": "2.35", "pick_cnt": "124", "played": "129", "win_rate": "0.5426" },
    { "avg_assist": "6.04", "avg_ban_seq": "6.6", "avg_bekill": "1.70", "avg_kill": "2.14", "avg_pick_seq": "0.0", "ban_cnt": "117", "gpm": "632", "hero_id": "124", "hero_name": "周瑜", "kda": "5.65", "pick_cnt": "123", "played": "124", "win_rate": "0.4194" },
    { "avg_assist": "4.95", "avg_ban_seq": "6.4", "avg_bekill": "2.88", "avg_kill": "1.49", "avg_pick_seq": "0.0", "ban_cnt": "11", "gpm": "528", "hero_id": "510", "hero_name": "孙策", "kda": "3.05", "pick_cnt": "109", "played": "109", "win_rate": "0.4404" },
    { "avg_assist": "5.28", "avg_ban_seq": "5.7", "avg_bekill": "2.41", "avg_kill": "1.49", "avg_pick_seq": "0.0", "ban_cnt": "119", "gpm": "597", "hero_id": "139", "hero_name": "老夫子", "kda": "3.85", "pick_cnt": "108", "played": "110", "win_rate": "0.5091" },
    { "avg_assist": "4.66", "avg_ban_seq": "2.6", "avg_bekill": "1.68", "avg_kill": "4.12", "avg_pick_seq": "0.0", "ban_cnt": "319", "gpm": "692", "hero_id": "199", "hero_name": "公孙离", "kda": "6.44", "pick_cnt": "107", "played": "113", "win_rate": "0.5664" },
    { "avg_assist": "5.09", "avg_ban_seq": "7.5", "avg_bekill": "2.03", "avg_kill": "2.89", "avg_pick_seq": "0.0", "ban_cnt": "99", "gpm": "610", "hero_id": "157", "hero_name": "不知火舞", "kda": "4.98", "pick_cnt": "103", "played": "103", "win_rate": "0.5534" },
    { "avg_assist": "8.02", "avg_ban_seq": "6.6", "avg_bekill": "2.67", "avg_kill": "0.71", "avg_pick_seq": "0.0", "ban_cnt": "17", "gpm": "399", "hero_id": "105", "hero_name": "廉颇", "kda": "4.62", "pick_cnt": "97", "played": "97", "win_rate": "0.5258" },
    { "avg_assist": "5.65", "avg_ban_seq": "7.0", "avg_bekill": "0.84", "avg_kill": "2.60", "avg_pick_seq": "0.0", "ban_cnt": "95", "gpm": "619", "hero_id": "312", "hero_name": "沈梦溪", "kda": "7.46", "pick_cnt": "95", "played": "95", "win_rate": "0.5053" },
    { "avg_assist": "7.98", "avg_ban_seq": "5.1", "avg_bekill": "1.63", "avg_kill": "0.90", "avg_pick_seq": "0.0", "ban_cnt": "48", "gpm": "419", "hero_id": "118", "hero_name": "孙膑", "kda": "6.38", "pick_cnt": "83", "played": "83", "win_rate": "0.4217" },
    { "avg_assist": "6.35", "avg_ban_seq": "6.7", "avg_bekill": "1.84", "avg_kill": "2.46", "avg_pick_seq": "0.0", "ban_cnt": "161", "gpm": "561", "hero_id": "156", "hero_name": "张良", "kda": "5.93", "pick_cnt": "82", "played": "82", "win_rate": "0.6220" },
    { "avg_assist": "3.80", "avg_ban_seq": "7.3", "avg_bekill": "2.10", "avg_kill": "2.09", "avg_pick_seq": "0.0", "ban_cnt": "25", "gpm": "628", "hero_id": "193", "hero_name": "铠", "kda": "3.66", "pick_cnt": "82", "played": "82", "win_rate": "0.4390" },
    { "avg_assist": "3.53", "avg_ban_seq": "7.1", "avg_bekill": "2.50", "avg_kill": "2.50", "avg_pick_seq": "0.0", "ban_cnt": "30", "gpm": "649", "hero_id": "128", "hero_name": "曹操", "kda": "3.19", "pick_cnt": "78", "played": "78", "win_rate": "0.4744" },
    { "avg_assist": "4.99", "avg_ban_seq": "6.6", "avg_bekill": "3.00", "avg_kill": "3.59", "avg_pick_seq": "0.0", "ban_cnt": "139", "gpm": "603", "hero_id": "513", "hero_name": "上官婉儿", "kda": "3.82", "pick_cnt": "75", "played": "75", "win_rate": "0.4000" },
    { "avg_assist": "5.72", "avg_ban_seq": "5.3", "avg_bekill": "1.79", "avg_kill": "3.07", "avg_pick_seq": "0.0", "ban_cnt": "29", "gpm": "699", "hero_id": "133", "hero_name": "狄仁杰", "kda": "6.28", "pick_cnt": "72", "played": "72", "win_rate": "0.5278" },
    { "avg_assist": "4.37", "avg_ban_seq": "5.3", "avg_bekill": "1.70", "avg_kill": "4.04", "avg_pick_seq": "0.0", "ban_cnt": "25", "gpm": "728", "hero_id": "177", "hero_name": "成吉思汗", "kda": "5.85", "pick_cnt": "70", "played": "70", "win_rate": "0.5714" },
    { "avg_assist": "4.39", "avg_ban_seq": "5.6", "avg_bekill": "2.70", "avg_kill": "1.73", "avg_pick_seq": "0.0", "ban_cnt": "13", "gpm": "615", "hero_id": "503", "hero_name": "狂铁", "kda": "3.00", "pick_cnt": "67", "played": "67", "win_rate": "0.4179" },
    { "avg_assist": "7.27", "avg_ban_seq": "6.9", "avg_bekill": "2.80", "avg_kill": "0.59", "avg_pick_seq": "0.0", "ban_cnt": "5", "gpm": "391", "hero_id": "168", "hero_name": "牛魔", "kda": "4.23", "pick_cnt": "66", "played": "66", "win_rate": "0.4394" },
    { "avg_assist": "5.77", "avg_ban_seq": "6.4", "avg_bekill": "4.07", "avg_kill": "2.80", "avg_pick_seq": "0.0", "ban_cnt": "75", "gpm": "498", "hero_id": "153", "hero_name": "兰陵王", "kda": "2.93", "pick_cnt": "60", "played": "60", "win_rate": "0.4833" },
    { "avg_assist": "5.88", "avg_ban_seq": "7.8", "avg_bekill": "1.78", "avg_kill": "2.63", "avg_pick_seq": "0.0", "ban_cnt": "34", "gpm": "598", "hero_id": "152", "hero_name": "王昭君", "kda": "5.59", "pick_cnt": "59", "played": "59", "win_rate": "0.4576" },
    { "avg_assist": "5.93", "avg_ban_seq": "6.2", "avg_bekill": "2.48", "avg_kill": "1.14", "avg_pick_seq": "0.0", "ban_cnt": "26", "gpm": "483", "hero_id": "149", "hero_name": "刘邦", "kda": "4.17", "pick_cnt": "58", "played": "58", "win_rate": "0.4483" },
    { "avg_assist": "5.60", "avg_ban_seq": "7.0", "avg_bekill": "2.55", "avg_kill": "1.05", "avg_pick_seq": "0.0", "ban_cnt": "4", "gpm": "464", "hero_id": "126", "hero_name": "夏侯惇", "kda": "3.70", "pick_cnt": "58", "played": "58", "win_rate": "0.4483" },
    { "avg_assist": "4.10", "avg_ban_seq": "7.2", "avg_bekill": "2.44", "avg_kill": "2.04", "avg_pick_seq": "0.0", "ban_cnt": "12", "gpm": "700", "hero_id": "507", "hero_name": "李信", "kda": "3.37", "pick_cnt": "52", "played": "52", "win_rate": "0.4423" },
    { "avg_assist": "5.58", "avg_ban_seq": "7.3", "avg_bekill": "2.54", "avg_kill": "2.58", "avg_pick_seq": "0.0", "ban_cnt": "10", "gpm": "612", "hero_id": "107", "hero_name": "赵云", "kda": "4.66", "pick_cnt": "52", "played": "52", "win_rate": "0.5577" },
    { "avg_assist": "5.12", "avg_ban_seq": "5.5", "avg_bekill": "2.24", "avg_kill": "5.14", "avg_pick_seq": "0.0", "ban_cnt": "38", "gpm": "721", "hero_id": "162", "hero_name": "娜可露露", "kda": "5.84", "pick_cnt": "51", "played": "51", "win_rate": "0.6275" },
    { "avg_assist": "5.34", "avg_ban_seq": "6.6", "avg_bekill": "2.14", "avg_kill": "4.10", "avg_pick_seq": "0.0", "ban_cnt": "102", "gpm": "660", "hero_id": "141", "hero_name": "貂蝉", "kda": "5.59", "pick_cnt": "50", "played": "50", "win_rate": "0.5200" },
    { "avg_assist": "4.86", "avg_ban_seq": "7.3", "avg_bekill": "3.37", "avg_kill": "2.55", "avg_pick_seq": "0.0", "ban_cnt": "1", "gpm": "543", "hero_id": "178", "hero_name": "杨戬", "kda": "3.46", "pick_cnt": "49", "played": "49", "win_rate": "0.4490" },
    { "avg_assist": "6.78", "avg_ban_seq": "7.8", "avg_bekill": "1.59", "avg_kill": "2.04", "avg_pick_seq": "0.0", "ban_cnt": "52", "gpm": "588", "hero_id": "523", "hero_name": "西施", "kda": "6.50", "pick_cnt": "49", "played": "49", "win_rate": "0.5102" },
    { "avg_assist": "6.98", "avg_ban_seq": "2.2", "avg_bekill": "1.46", "avg_kill": "2.18", "avg_pick_seq": "0.0", "ban_cnt": "411", "gpm": "557", "hero_id": "148", "hero_name": "姜子牙", "kda": "6.67", "pick_cnt": "45", "played": "50", "win_rate": "0.6800" },
    { "avg_assist": "4.31", "avg_ban_seq": "8.1", "avg_bekill": "1.51", "avg_kill": "3.00", "avg_pick_seq": "0.0", "ban_cnt": "23", "gpm": "633", "hero_id": "142", "hero_name": "安琪拉", "kda": "5.99", "pick_cnt": "45", "played": "45", "win_rate": "0.5111" },
    { "avg_assist": "4.50", "avg_ban_seq": "7.9", "avg_bekill": "1.43", "avg_kill": "2.55", "avg_pick_seq": "0.0", "ban_cnt": "42", "gpm": "669", "hero_id": "515", "hero_name": "嫦娥", "kda": "5.46", "pick_cnt": "44", "played": "44", "win_rate": "0.5455" },
    { "avg_assist": "4.56", "avg_ban_seq": "6.7", "avg_bekill": "1.92", "avg_kill": "4.36", "avg_pick_seq": "0.0", "ban_cnt": "11", "gpm": "709", "hero_id": "173", "hero_name": "李元芳", "kda": "5.48", "pick_cnt": "36", "played": "36", "win_rate": "0.5000" },
    { "avg_assist": "6.90", "avg_ban_seq": "8.0", "avg_bekill": "1.58", "avg_kill": "2.00", "avg_pick_seq": "0.0", "ban_cnt": "16", "gpm": "605", "hero_id": "136", "hero_name": "武则天", "kda": "6.52", "pick_cnt": "31", "played": "31", "win_rate": "0.4516" },
    { "avg_assist": "4.16", "avg_ban_seq": "5.7", "avg_bekill": "3.19", "avg_kill": "3.68", "avg_pick_seq": "0.0", "ban_cnt": "18", "gpm": "644", "hero_id": "506", "hero_name": "云中君", "kda": "3.45", "pick_cnt": "31", "played": "31", "win_rate": "0.4516" },
    { "avg_assist": "3.53", "avg_ban_seq": "5.8", "avg_bekill": "1.43", "avg_kill": "2.80", "avg_pick_seq": "0.0", "ban_cnt": "32", "gpm": "628", "hero_id": "196", "hero_name": "百里守约", "kda": "4.88", "pick_cnt": "30", "played": "30", "win_rate": "0.3667" },
    { "avg_assist": "7.58", "avg_ban_seq": "7.3", "avg_bekill": "1.92", "avg_kill": "0.35", "avg_pick_seq": "0.0", "ban_cnt": "8", "gpm": "412", "hero_id": "184", "hero_name": "蔡文姬", "kda": "5.23", "pick_cnt": "26", "played": "26", "win_rate": "0.6154" },
    { "avg_assist": "9.00", "avg_ban_seq": "4.5", "avg_bekill": "1.92", "avg_kill": "0.71", "avg_pick_seq": "0.0", "ban_cnt": "42", "gpm": "444", "hero_id": "191", "hero_name": "大乔", "kda": "7.08", "pick_cnt": "24", "played": "24", "win_rate": "0.5833" },
    { "avg_assist": "4.83", "avg_ban_seq": "9.0", "avg_bekill": "1.21", "avg_kill": "2.25", "avg_pick_seq": "0.0", "ban_cnt": "4", "gpm": "633", "hero_id": "182", "hero_name": "干将莫邪", "kda": "6.17", "pick_cnt": "24", "played": "24", "win_rate": "0.4167" },
    { "avg_assist": "8.10", "avg_ban_seq": "7.9", "avg_bekill": "3.52", "avg_kill": "0.62", "avg_pick_seq": "0.0", "ban_cnt": "10", "gpm": "385", "hero_id": "189", "hero_name": "鬼谷子", "kda": "3.70", "pick_cnt": "21", "played": "21", "win_rate": "0.3810" },
    { "avg_assist": "6.11", "avg_ban_seq": "9.0", "avg_bekill": "1.79", "avg_kill": "3.11", "avg_pick_seq": "0.0", "ban_cnt": "4", "gpm": "629", "hero_id": "106", "hero_name": "小乔", "kda": "5.98", "pick_cnt": "19", "played": "19", "win_rate": "0.3684" },
    { "avg_assist": "5.00", "avg_ban_seq": "7.8", "avg_bekill": "2.39", "avg_kill": "1.33", "avg_pick_seq": "0.0", "ban_cnt": "3", "gpm": "497", "hero_id": "135", "hero_name": "项羽", "kda": "3.44", "pick_cnt": "18", "played": "18", "win_rate": "0.4444" },
    { "avg_assist": "5.24", "avg_ban_seq": "9.0", "avg_bekill": "1.18", "avg_kill": "2.00", "avg_pick_seq": "0.0", "ban_cnt": "1", "gpm": "582", "hero_id": "108", "hero_name": "墨子", "kda": "5.88", "pick_cnt": "17", "played": "17", "win_rate": "0.4706" },
    { "avg_assist": "4.13", "avg_ban_seq": "6.4", "avg_bekill": "2.07", "avg_kill": "3.80", "avg_pick_seq": "0.0", "ban_cnt": "0", "gpm": "692", "hero_id": "174", "hero_name": "虞姬", "kda": "4.01", "pick_cnt": "15", "played": "15", "win_rate": "0.2000" },
    { "avg_assist": "3.93", "avg_ban_seq": "8.0", "avg_bekill": "1.50", "avg_kill": "2.29", "avg_pick_seq": "0.0", "ban_cnt": "8", "gpm": "681", "hero_id": "131", "hero_name": "李白", "kda": "4.98", "pick_cnt": "14", "played": "14", "win_rate": "0.5714" },
    { "avg_assist": "5.91", "avg_ban_seq": "8.7", "avg_bekill": "2.36", "avg_kill": "1.45", "avg_pick_seq": "0.0", "ban_cnt": "4", "gpm": "593", "hero_id": "119", "hero_name": "扁鹊", "kda": "3.19", "pick_cnt": "11", "played": "11", "win_rate": "0.4545" },
    { "avg_assist": "3.55", "avg_ban_seq": "7.4", "avg_bekill": "2.09", "avg_kill": "1.18", "avg_pick_seq": "0.0", "ban_cnt": "13", "gpm": "672", "hero_id": "121", "hero_name": "芈月", "kda": "2.57", "pick_cnt": "11", "played": "11", "win_rate": "0.5455" },
    { "avg_assist": "4.73", "avg_ban_seq": "9.1", "avg_bekill": "2.00", "avg_kill": "3.55", "avg_pick_seq": "0.0", "ban_cnt": "0", "gpm": "650", "hero_id": "190", "hero_name": "诸葛亮", "kda": "5.02", "pick_cnt": "11", "played": "11", "win_rate": "0.2727" },
    { "avg_assist": "4.73", "avg_ban_seq": "7.6", "avg_bekill": "1.18", "avg_kill": "3.18", "avg_pick_seq": "0.0", "ban_cnt": "12", "gpm": "619", "hero_id": "125", "hero_name": "元歌", "kda": "7.55", "pick_cnt": "11", "played": "11", "win_rate": "0.4545" },
    { "avg_assist": "5.30", "avg_ban_seq": "7.8", "avg_bekill": "2.90", "avg_kill": "2.90", "avg_pick_seq": "0.0", "ban_cnt": "3", "gpm": "598", "hero_id": "134", "hero_name": "达摩", "kda": "3.27", "pick_cnt": "10", "played": "10", "win_rate": "0.7000" },
    { "avg_assist": "2.30", "avg_ban_seq": "8.2", "avg_bekill": "3.00", "avg_kill": "2.50", "avg_pick_seq": "0.0", "ban_cnt": "0", "gpm": "673", "hero_id": "154", "hero_name": "花木兰", "kda": "1.93", "pick_cnt": "10", "played": "10", "win_rate": "0.4000" },
    { "avg_assist": "5.78", "avg_ban_seq": "8.0", "avg_bekill": "2.22", "avg_kill": "2.44", "avg_pick_seq": "0.0", "ban_cnt": "8", "gpm": "656", "hero_id": "176", "hero_name": "杨玉环", "kda": "5.35", "pick_cnt": "9", "played": "9", "win_rate": "0.5556" },
    { "avg_assist": "3.25", "avg_ban_seq": "8.7", "avg_bekill": "2.25", "avg_kill": "2.38", "avg_pick_seq": "0.0", "ban_cnt": "2", "gpm": "720", "hero_id": "146", "hero_name": "露娜", "kda": "2.54", "pick_cnt": "8", "played": "8", "win_rate": "0.5000" },
    { "avg_assist": "6.25", "avg_ban_seq": "8.6", "avg_bekill": "1.12", "avg_kill": "0.62", "avg_pick_seq": "0.0", "ban_cnt": "2", "gpm": "410", "hero_id": "113", "hero_name": "庄周", "kda": "5.25", "pick_cnt": "8", "played": "8", "win_rate": "0.6250" },
    { "avg_assist": "5.62", "avg_ban_seq": "6.6", "avg_bekill": "3.00", "avg_kill": "2.88", "avg_pick_seq": "0.0", "ban_cnt": "2", "gpm": "667", "hero_id": "195", "hero_name": "百里玄策", "kda": "3.10", "pick_cnt": "8", "played": "8", "win_rate": "0.3750" },
    { "avg_assist": "7.14", "avg_ban_seq": "9.0", "avg_bekill": "1.00", "avg_kill": "2.00", "avg_pick_seq": "0.0", "ban_cnt": "0", "gpm": "725", "hero_id": "110", "hero_name": "嬴政", "kda": "7.71", "pick_cnt": "7", "played": "7", "win_rate": "0.5714" },
    { "avg_assist": "8.71", "avg_ban_seq": "8.7", "avg_bekill": "1.86", "avg_kill": "0.86", "avg_pick_seq": "0.0", "ban_cnt": "0", "gpm": "443", "hero_id": "505", "hero_name": "瑶", "kda": "5.69", "pick_cnt": "7", "played": "7", "win_rate": "0.7143" },
    { "avg_assist": "4.33", "avg_ban_seq": "7.5", "avg_bekill": "1.83", "avg_kill": "1.00", "avg_pick_seq": "0.0", "ban_cnt": "2", "gpm": "690", "hero_id": "144", "hero_name": "程咬金", "kda": "3.73", "pick_cnt": "6", "played": "6", "win_rate": "0.6667" },
    { "avg_assist": "4.83", "avg_ban_seq": "9.0", "avg_bekill": "2.83", "avg_kill": "2.83", "avg_pick_seq": "0.0", "ban_cnt": "4", "gpm": "680", "hero_id": "169", "hero_name": "后羿", "kda": "3.21", "pick_cnt": "6", "played": "6", "win_rate": "0.1667" },
    { "avg_assist": "5.17", "avg_ban_seq": "9.0", "avg_bekill": "3.50", "avg_kill": "3.33", "avg_pick_seq": "0.0", "ban_cnt": "1", "gpm": "624", "hero_id": "137", "hero_name": "司马懿", "kda": "4.72", "pick_cnt": "6", "played": "6", "win_rate": "0.5000" },
    { "avg_assist": "4.83", "avg_ban_seq": "8.5", "avg_bekill": "1.67", "avg_kill": "3.33", "avg_pick_seq": "0.0", "ban_cnt": "0", "gpm": "547", "hero_id": "130", "hero_name": "宫本武藏", "kda": "5.61", "pick_cnt": "6", "played": "6", "win_rate": "0.8333" },
    { "avg_assist": "6.00", "avg_ban_seq": "7.0", "avg_bekill": "4.50", "avg_kill": "1.67", "avg_pick_seq": "0.0", "ban_cnt": "0", "gpm": "460", "hero_id": "180", "hero_name": "哪吒", "kda": "1.81", "pick_cnt": "6", "played": "6", "win_rate": "0.5000" },
    { "avg_assist": "6.25", "avg_ban_seq": "9.0", "avg_bekill": "0.50", "avg_kill": "3.50", "avg_pick_seq": "0.0", "ban_cnt": "0", "gpm": "641", "hero_id": "197", "hero_name": "弈星", "kda": "9.75", "pick_cnt": "4", "played": "4", "win_rate": "0.5000" },
    { "avg_assist": "3.25", "avg_ban_seq": "9.0", "avg_bekill": "2.00", "avg_kill": "2.50", "avg_pick_seq": "0.0", "ban_cnt": "1", "gpm": "680", "hero_id": "508", "hero_name": "伽罗", "kda": "4.00", "pick_cnt": "4", "played": "4", "win_rate": "0.7500" },
    { "avg_assist": "4.25", "avg_ban_seq": "8.0", "avg_bekill": "2.50", "avg_kill": "1.50", "avg_pick_seq": "0.0", "ban_cnt": "0", "gpm": "603", "hero_id": "198", "hero_name": "梦奇", "kda": "3.60", "pick_cnt": "4", "played": "4", "win_rate": "0.5000" },
    { "avg_assist": "5.50", "avg_ban_seq": "7.6", "avg_bekill": "4.50", "avg_kill": "1.75", "avg_pick_seq": "0.0", "ban_cnt": "1", "gpm": "398", "hero_id": "187", "hero_name": "东皇太一", "kda": "3.90", "pick_cnt": "4", "played": "4", "win_rate": "0.5000" },
    { "avg_assist": "4.00", "avg_ban_seq": "6.9", "avg_bekill": "3.50", "avg_kill": "3.25", "avg_pick_seq": "0.0", "ban_cnt": "6", "gpm": "683", "hero_id": "192", "hero_name": "黄忠", "kda": "1.88", "pick_cnt": "4", "played": "4", "win_rate": "0.2500" },
    { "avg_assist": "7.25", "avg_ban_seq": "8.5", "avg_bekill": "4.00", "avg_kill": "2.25", "avg_pick_seq": "0.0", "ban_cnt": "0", "gpm": "561", "hero_id": "117", "hero_name": "钟无艳", "kda": "3.18", "pick_cnt": "4", "played": "4", "win_rate": "0.5000" },
    { "avg_assist": "5.33", "avg_ban_seq": "7.7", "avg_bekill": "4.67", "avg_kill": "1.67", "avg_pick_seq": "0.0", "ban_cnt": "0", "gpm": "357", "hero_id": "175", "hero_name": "钟馗", "kda": "1.58", "pick_cnt": "3", "played": "3", "win_rate": "0.0000" },
    { "avg_assist": "3.50", "avg_ban_seq": "7.2", "avg_bekill": "1.00", "avg_kill": "1.50", "avg_pick_seq": "0.0", "ban_cnt": "2", "gpm": "509", "hero_id": "120", "hero_name": "白起", "kda": "5.00", "pick_cnt": "2", "played": "2", "win_rate": "0.5000" },
    { "avg_assist": "8.50", "avg_ban_seq": "9.0", "avg_bekill": "2.00", "avg_kill": "1.50", "avg_pick_seq": "0.0", "ban_cnt": "1", "gpm": "582", "hero_id": "504", "hero_name": "米莱狄", "kda": "5.00", "pick_cnt": "2", "played": "2", "win_rate": "0.5000" },
    { "avg_assist": "6.00", "avg_ban_seq": "7.0", "avg_bekill": "2.00", "avg_kill": "0.00", "avg_pick_seq": "0.0", "ban_cnt": "0", "gpm": "545", "hero_id": "109", "hero_name": "妲己", "kda": "3.00", "pick_cnt": "1", "played": "1", "win_rate": "0.0000" },
    { "avg_assist": "10.00", "avg_ban_seq": "8.0", "avg_bekill": "2.00", "avg_kill": "1.00", "avg_pick_seq": "0.0", "ban_cnt": "0", "gpm": "490", "hero_id": "501", "hero_name": "明世隐", "kda": "5.50", "pick_cnt": "1", "played": "1", "win_rate": "1.0000" },
    { "avg_assist": "5.00", "avg_ban_seq": "6.0", "avg_bekill": "1.00", "avg_kill": "3.00", "avg_pick_seq": "0.0", "ban_cnt": "0", "gpm": "604", "hero_id": "112", "hero_name": "鲁班七号", "kda": "8.00", "pick_cnt": "1", "played": "1", "win_rate": "0.0000" },
    { "avg_assist": "0.00", "avg_ban_seq": "7.0", "avg_bekill": "1.00", "avg_kill": "2.00", "avg_pick_seq": "0.0", "ban_cnt": "1", "gpm": "646", "hero_id": "129", "hero_name": "典韦", "kda": "2.00", "pick_cnt": "1", "played": "1", "win_rate": "0.0000" }
]