[
    { "hero_id": "114", "hero_name": "刘禅" },
    { "hero_id": "115", "hero_name": "高渐离" },
    { "hero_id": "116", "hero_name": "阿轲" },
    { "hero_id": "127", "hero_name": "甄姬" },
    { "hero_id": "150", "hero_name": "韩信" },
    { "hero_id": "155", "hero_name": "艾琳" },
    { "hero_id": "166", "hero_name": "亚瑟" },
    { "hero_id": "167", "hero_name": "孙悟空" },
    { "hero_id": "170", "hero_name": "刘备" },
    { "hero_id": "179", "hero_name": "女娲" },
    { "hero_id": "183", "hero_name": "雅典娜" },
    { "hero_id": "525", "hero_name": "鲁班大师" }
]