[
    { "avg_assist": "4.68", "avg_bekill": "1.83", "avg_kill": "4.47", "gpm": "736", "kda": "6.21", "name": "AG超玩会.一诺", "openid": "924F7C93F262FC99443B7C27E9A3D6AA", "played": "81", "rating": "5.60", "total_kill": "362", "win_rate": "0.6543", "xpm": "854" },
    { "avg_assist": "5.73", "avg_bekill": "2.25", "avg_kill": "1.83", "gpm": "580", "kda": "4.47", "name": "AG超玩会.六点六", "openid": "38A1A5401569451A53BCA340154E5B3B", "played": "81", "rating": "5.60", "total_kill": "148", "win_rate": "0.6543", "xpm": "809" },
    { "avg_assist": "7.76", "avg_bekill": "2.57", "avg_kill": "0.89", "gpm": "430", "kda": "4.74", "name": "AG超玩会.爱思", "openid": "51C3A4979ADDE9E23CE73E176DE64319", "played": "79", "rating": "5.60", "total_kill": "70", "win_rate": "0.6709", "xpm": "773" },
    { "avg_assist": "6.41", "avg_bekill": "1.29", "avg_kill": "2.44", "gpm": "625", "kda": "7.03", "name": "AG超玩会.老帅", "openid": "B3291E44A69302A28C6D9343BDE8181A", "played": "79", "rating": "5.60", "total_kill": "193", "win_rate": "0.6709", "xpm": "830" },
    { "avg_assist": "3.25", "avg_bekill": "1.74", "avg_kill": "1.32", "gpm": "582", "kda": "3.32", "name": "Ts.神人", "openid": "217E45134E48B0E55522590E23FFE479", "played": "72", "rating": "5.60", "total_kill": "95", "win_rate": "0.4583", "xpm": "805" },
    { "avg_assist": "5.89", "avg_bekill": "2.42", "avg_kill": "0.50", "gpm": "402", "kda": "3.79", "name": "Ts.阿豆", "openid": "6D54271544D17B374436D7189EEBC522", "played": "72", "rating": "5.60", "total_kill": "36", "win_rate": "0.4583", "xpm": "750" },
    { "avg_assist": "5.21", "avg_bekill": "1.45", "avg_kill": "4.18", "gpm": "733", "kda": "6.85", "name": "eStarPro.花海", "openid": "6317ACA4810A9CE2501FA24B0050C02F", "played": "71", "rating": "5.60", "total_kill": "297", "win_rate": "0.6761", "xpm": "845" },
    { "avg_assist": "4.66", "avg_bekill": "2.44", "avg_kill": "2.59", "gpm": "676", "kda": "4.19", "name": "eStarPro.诺言", "openid": "CFD5FB9589587760CD3C44425C336E21", "played": "71", "rating": "5.60", "total_kill": "184", "win_rate": "0.6761", "xpm": "821" },
    { "avg_assist": "8.01", "avg_bekill": "2.54", "avg_kill": "0.94", "gpm": "426", "kda": "4.98", "name": "eStarPro.无铭", "openid": "BB176EBA5A040011260420E47F5D8D6C", "played": "71", "rating": "5.60", "total_kill": "67", "win_rate": "0.6761", "xpm": "755" },
    { "avg_assist": "6.14", "avg_bekill": "2.08", "avg_kill": "3.14", "gpm": "656", "kda": "6.08", "name": "eStarPro.Cat", "openid": "A25A35A18EE5DC93117789871D929E83", "played": "71", "rating": "5.60", "total_kill": "223", "win_rate": "0.6761", "xpm": "817" },
    { "avg_assist": "5.93", "avg_bekill": "2.20", "avg_kill": "2.00", "gpm": "566", "kda": "4.88", "name": "eStarPro.Alan", "openid": "E5D1C89DE8A875B1187141E8BF55764B", "played": "71", "rating": "5.60", "total_kill": "142", "win_rate": "0.6761", "xpm": "803" },
    { "avg_assist": "5.37", "avg_bekill": "2.87", "avg_kill": "2.27", "gpm": "553", "kda": "3.77", "name": "RW侠.Dnan", "openid": "1B21D19644EBED5C05E13E37C648697D", "played": "70", "rating": "5.60", "total_kill": "159", "win_rate": "0.4714", "xpm": "769" },
    { "avg_assist": "6.07", "avg_bekill": "1.67", "avg_kill": "2.73", "gpm": "611", "kda": "6.23", "name": "QGhappy.Mojo", "openid": "73D09DF6368EAA1198B9B43DCDCA8536", "played": "70", "rating": "5.60", "total_kill": "191", "win_rate": "0.6714", "xpm": "792" },
    { "avg_assist": "7.47", "avg_bekill": "2.76", "avg_kill": "0.66", "gpm": "409", "kda": "4.03", "name": "RW侠.Chengkun", "openid": "9D87D9863D32421E8C9F6249E76CC60B", "played": "70", "rating": "5.60", "total_kill": "46", "win_rate": "0.4714", "xpm": "717" },
    { "avg_assist": "6.23", "avg_bekill": "1.31", "avg_kill": "3.11", "gpm": "617", "kda": "7.17", "name": "RW侠.Yguo", "openid": "F20A79CABDFBFD552C72E1E72379A885", "played": "70", "rating": "5.60", "total_kill": "218", "win_rate": "0.4714", "xpm": "782" },
    { "avg_assist": "3.99", "avg_bekill": "2.60", "avg_kill": "2.77", "gpm": "677", "kda": "3.42", "name": "RW侠.Djie", "openid": "8DE9AA986DBA66F6F9D813357E61D7C3", "played": "70", "rating": "5.60", "total_kill": "194", "win_rate": "0.4714", "xpm": "793" },
    { "avg_assist": "4.53", "avg_bekill": "1.64", "avg_kill": "2.43", "gpm": "656", "kda": "4.44", "name": "QGhappy.Fly", "openid": "81AEA3A32BA205D61F400FA612808490", "played": "70", "rating": "5.60", "total_kill": "170", "win_rate": "0.6714", "xpm": "802" },
    { "avg_assist": "4.01", "avg_bekill": "1.82", "avg_kill": "2.50", "gpm": "654", "kda": "4.32", "name": "Ts.暖阳", "openid": "B61E31C87EB42BE852DEADE5273AB0DE", "played": "68", "rating": "5.60", "total_kill": "170", "win_rate": "0.4853", "xpm": "840" },
    { "avg_assist": "5.33", "avg_bekill": "2.10", "avg_kill": "2.06", "gpm": "573", "kda": "4.42", "name": "QGhappy.Giao", "openid": "A3E0E22D1318A29370AF1C850A5BD45B", "played": "67", "rating": "5.60", "total_kill": "138", "win_rate": "0.6567", "xpm": "801" },
    { "avg_assist": "7.19", "avg_bekill": "2.28", "avg_kill": "0.58", "gpm": "418", "kda": "4.71", "name": "QGhappy.770", "openid": "646CAD1B629DD3DE2569986E43CA132E", "played": "67", "rating": "5.60", "total_kill": "39", "win_rate": "0.6567", "xpm": "747" },
    { "avg_assist": "5.70", "avg_bekill": "1.70", "avg_kill": "2.65", "gpm": "638", "kda": "6.00", "name": "DYG.JC.青浪", "openid": "6EF57E102F9A23CC825DDC1ED5D55F3B", "played": "66", "rating": "5.60", "total_kill": "175", "win_rate": "0.5152", "xpm": "830" },
    { "avg_assist": "3.97", "avg_bekill": "2.47", "avg_kill": "2.53", "gpm": "670", "kda": "3.66", "name": "DYG.JC.清清", "openid": "7E1379DA0DE522674BE6D3D950792E19", "played": "66", "rating": "5.60", "total_kill": "167", "win_rate": "0.5152", "xpm": "839" },
    { "avg_assist": "4.48", "avg_bekill": "1.91", "avg_kill": "3.94", "gpm": "708", "kda": "5.64", "name": "DYG.JC.易峥", "openid": "E2DA8DAFB90822DA6DA39C6FC40C4172", "played": "65", "rating": "5.60", "total_kill": "256", "win_rate": "0.5231", "xpm": "851" },
    { "avg_assist": "4.05", "avg_bekill": "1.67", "avg_kill": "2.70", "gpm": "667", "kda": "4.72", "name": "EDGM.柠栀", "openid": "A7AAD11E26643813D72EFEBD3B0EBD28", "played": "64", "rating": "5.60", "total_kill": "173", "win_rate": "0.5156", "xpm": "788" },
    { "avg_assist": "4.67", "avg_bekill": "1.81", "avg_kill": "4.42", "gpm": "694", "kda": "6.22", "name": "EDGM.初晨", "openid": "65907C634614595853DF76D9708F0E04", "played": "64", "rating": "5.60", "total_kill": "283", "win_rate": "0.5156", "xpm": "799" },
    { "avg_assist": "5.08", "avg_bekill": "1.84", "avg_kill": "2.28", "gpm": "600", "kda": "5.42", "name": "TS.千世", "openid": "F1B2BA5A27FE61518DCC510C73288D9C", "played": "61", "rating": "5.60", "total_kill": "139", "win_rate": "0.5246", "xpm": "809" },
    { "avg_assist": "5.21", "avg_bekill": "2.18", "avg_kill": "4.21", "gpm": "728", "kda": "5.97", "name": "RNGM.虔诚", "openid": "F1BCCA006C3701F765FD5D8AE9DC349F", "played": "61", "rating": "5.60", "total_kill": "257", "win_rate": "0.4918", "xpm": "839" },
    { "avg_assist": "3.93", "avg_bekill": "1.73", "avg_kill": "3.03", "gpm": "703", "kda": "5.00", "name": "Ts.十三", "openid": "FD70952C1A9B936EDDB00609A7440670", "played": "60", "rating": "5.60", "total_kill": "182", "win_rate": "0.5167", "xpm": "831" },
    { "avg_assist": "5.92", "avg_bekill": "1.80", "avg_kill": "3.32", "gpm": "620", "kda": "6.27", "name": "RNGM.暴风锐", "openid": "C33F4D32C03321DF09F884E61C01394E", "played": "59", "rating": "5.60", "total_kill": "196", "win_rate": "0.5085", "xpm": "810" },
    { "avg_assist": "4.68", "avg_bekill": "2.16", "avg_kill": "2.11", "gpm": "601", "kda": "4.61", "name": "XQ.晨羽", "openid": "90CB31CB3488C2247942B6D1EB24891F", "played": "57", "rating": "5.60", "total_kill": "120", "win_rate": "0.6316", "xpm": "767" },
    { "avg_assist": "6.14", "avg_bekill": "1.28", "avg_kill": "2.81", "gpm": "636", "kda": "7.27", "name": "XQ.九尾", "openid": "5CAC8191AF8F3503F7D7C9B3A3D5D171", "played": "57", "rating": "5.60", "total_kill": "160", "win_rate": "0.6316", "xpm": "774" },
    { "avg_assist": "4.93", "avg_bekill": "2.19", "avg_kill": "2.58", "gpm": "617", "kda": "4.50", "name": "YTG.晴一", "openid": "98929994F40F4FD99F36F1749214844B", "played": "57", "rating": "5.60", "total_kill": "147", "win_rate": "0.4035", "xpm": "797" },
    { "avg_assist": "4.61", "avg_bekill": "1.49", "avg_kill": "3.88", "gpm": "688", "kda": "6.58", "name": "XQ.钎城", "openid": "B85FF8B85DEC3E142B8FD38CF06AE36F", "played": "57", "rating": "5.60", "total_kill": "221", "win_rate": "0.6316", "xpm": "780" },
    { "avg_assist": "7.58", "avg_bekill": "3.07", "avg_kill": "0.74", "gpm": "419", "kda": "4.62", "name": "DYG.JC.星宇", "openid": "8B242820C3F35C0DEFB9F257D4020BC4", "played": "57", "rating": "5.60", "total_kill": "42", "win_rate": "0.5088", "xpm": "749" },
    { "avg_assist": "5.47", "avg_bekill": "2.60", "avg_kill": "2.74", "gpm": "631", "kda": "4.12", "name": "XQ.绑兔", "openid": "45542A4391B5BE4A0240153385EE51AD", "played": "57", "rating": "5.60", "total_kill": "156", "win_rate": "0.6316", "xpm": "790" },
    { "avg_assist": "7.88", "avg_bekill": "2.49", "avg_kill": "0.81", "gpm": "413", "kda": "5.55", "name": "XQ.冰尘", "openid": "B60BEC66456FDE26DDF9B6F7BCCE6131", "played": "57", "rating": "5.60", "total_kill": "46", "win_rate": "0.6316", "xpm": "715" },
    { "avg_assist": "3.47", "avg_bekill": "2.81", "avg_kill": "2.25", "gpm": "604", "kda": "2.94", "name": "YTG.小壳", "openid": "DC038568C171B98D6EC9EE60B2F0F657", "played": "57", "rating": "5.60", "total_kill": "128", "win_rate": "0.4035", "xpm": "791" },
    { "avg_assist": "4.84", "avg_bekill": "2.39", "avg_kill": "2.68", "gpm": "648", "kda": "4.34", "name": "AG超玩会.麟羽", "openid": "A30C615EA7B9566AE41FBDCAA4CF16D9", "played": "56", "rating": "5.60", "total_kill": "150", "win_rate": "0.6607", "xpm": "814" },
    { "avg_assist": "5.39", "avg_bekill": "1.61", "avg_kill": "2.82", "gpm": "597", "kda": "5.78", "name": "TES.心醉", "openid": "03C692C2132AAF22135204F4A4F5B87F", "played": "56", "rating": "5.60", "total_kill": "158", "win_rate": "0.4107", "xpm": "772" },
    { "avg_assist": "3.73", "avg_bekill": "2.16", "avg_kill": "2.66", "gpm": "661", "kda": "4.12", "name": "TES.迷神", "openid": "5023AD9F6841811669BD74413DDD8A60", "played": "56", "rating": "5.60", "total_kill": "149", "win_rate": "0.4107", "xpm": "791" },
    { "avg_assist": "8.05", "avg_bekill": "3.29", "avg_kill": "0.48", "gpm": "409", "kda": "4.01", "name": "Hero.久凡", "openid": "2AE8DD8F971354AEE07F078881E87AE9", "played": "56", "rating": "5.60", "total_kill": "27", "win_rate": "0.5179", "xpm": "685" },
    { "avg_assist": "3.79", "avg_bekill": "2.62", "avg_kill": "2.50", "gpm": "662", "kda": "3.44", "name": "RNGM.雨雨", "openid": "F87C373893FEE91FC263955B00CA3D0B", "played": "56", "rating": "5.60", "total_kill": "140", "win_rate": "0.5357", "xpm": "823" },
    { "avg_assist": "4.84", "avg_bekill": "1.60", "avg_kill": "3.62", "gpm": "697", "kda": "6.00", "name": "Hero.久酷", "openid": "173D32D798D7CA169EB60BE1B0D4E4FB", "played": "55", "rating": "5.60", "total_kill": "199", "win_rate": "0.5091", "xpm": "739" },
    { "avg_assist": "4.72", "avg_bekill": "1.80", "avg_kill": "2.24", "gpm": "643", "kda": "4.36", "name": "Hero.久年", "openid": "B55D06F690915809C40AF962152BE477", "played": "54", "rating": "5.60", "total_kill": "121", "win_rate": "0.5370", "xpm": "730" },
    { "avg_assist": "6.68", "avg_bekill": "1.89", "avg_kill": "2.64", "gpm": "601", "kda": "5.91", "name": "EDGM.浪浪", "openid": "B58E5BEB1CAC18ADF1300F9877348CA4", "played": "53", "rating": "5.60", "total_kill": "140", "win_rate": "0.5283", "xpm": "772" },
    { "avg_assist": "6.19", "avg_bekill": "2.60", "avg_kill": "1.44", "gpm": "546", "kda": "4.03", "name": "EDGM.无痕", "openid": "48042210647B57C4BC3D6867F1934705", "played": "52", "rating": "5.60", "total_kill": "75", "win_rate": "0.5385", "xpm": "765" },
    { "avg_assist": "3.25", "avg_bekill": "1.88", "avg_kill": "1.96", "gpm": "594", "kda": "3.49", "name": "VG.易瞳", "openid": "11B1E4A5877119E38789702C7BCAECEE", "played": "51", "rating": "5.60", "total_kill": "100", "win_rate": "0.2745", "xpm": "767" },
    { "avg_assist": "3.55", "avg_bekill": "1.78", "avg_kill": "3.25", "gpm": "674", "kda": "4.55", "name": "WE.762", "openid": "EB48CF52432EABB8A847A1EA8CA6C7F8", "played": "51", "rating": "5.60", "total_kill": "166", "win_rate": "0.2157", "xpm": "808" },
    { "avg_assist": "5.39", "avg_bekill": "1.90", "avg_kill": "3.24", "gpm": "683", "kda": "5.86", "name": "RW侠.Hmanlou", "openid": "B35B984A6AB21068B8FB77267735F93A", "played": "51", "rating": "5.60", "total_kill": "165", "win_rate": "0.4510", "xpm": "795" },
    { "avg_assist": "6.22", "avg_bekill": "2.90", "avg_kill": "0.51", "gpm": "383", "kda": "3.60", "name": "VG.胖墩", "openid": "D524EC63CD87275ED44EFB2C898E0360", "played": "51", "rating": "5.60", "total_kill": "26", "win_rate": "0.2745", "xpm": "682" },
    { "avg_assist": "4.31", "avg_bekill": "2.78", "avg_kill": "2.27", "gpm": "613", "kda": "3.39", "name": "VG.吴勉", "openid": "1C77895A57EEE438D8E366DD45E79F62", "played": "51", "rating": "5.60", "total_kill": "116", "win_rate": "0.2745", "xpm": "779" },
    { "avg_assist": "4.70", "avg_bekill": "1.46", "avg_kill": "3.66", "gpm": "707", "kda": "5.92", "name": "QGhappy.Hurt", "openid": "B8982198AC67B048D317C07DE73F4962", "played": "50", "rating": "5.60", "total_kill": "183", "win_rate": "0.6400", "xpm": "826" },
    { "avg_assist": "4.80", "avg_bekill": "2.52", "avg_kill": "4.00", "gpm": "675", "kda": "4.63", "name": "GK.鹏鹏", "openid": "D218F9422931A172DFE2B9160C646C4B", "played": "50", "rating": "5.60", "total_kill": "200", "win_rate": "0.4000", "xpm": "741" },
    { "avg_assist": "6.06", "avg_bekill": "1.92", "avg_kill": "2.72", "gpm": "611", "kda": "5.88", "name": "GK.青枫", "openid": "5E31B5644BB92B93CAE202FDBF8CCD5B", "played": "50", "rating": "5.60", "total_kill": "136", "win_rate": "0.4000", "xpm": "721" },
    { "avg_assist": "5.49", "avg_bekill": "1.86", "avg_kill": "2.71", "gpm": "606", "kda": "5.64", "name": "Hero.久羽", "openid": "C2A0F3FB93F7CD5613AE375B4B1D9C94", "played": "49", "rating": "5.60", "total_kill": "133", "win_rate": "0.5102", "xpm": "720" },
    { "avg_assist": "6.55", "avg_bekill": "3.02", "avg_kill": "0.45", "gpm": "411", "kda": "3.57", "name": "YTG.落幕 ", "openid": "9EABDFC2F259BCDBADECD4D3AFBAAB65", "played": "47", "rating": "5.60", "total_kill": "21", "win_rate": "0.4043", "xpm": "723" },
    { "avg_assist": "4.89", "avg_bekill": "1.62", "avg_kill": "2.55", "gpm": "611", "kda": "5.11", "name": "VG.笑", "openid": "EBEFAF54423F49235FE48C34A3BD9722", "played": "47", "rating": "5.60", "total_kill": "120", "win_rate": "0.2979", "xpm": "756" },
    { "avg_assist": "8.37", "avg_bekill": "2.98", "avg_kill": "0.61", "gpm": "398", "kda": "4.45", "name": "RNGM.Zero", "openid": "558B8536033B16FEC1FF02F3E02FC1D1", "played": "46", "rating": "5.60", "total_kill": "28", "win_rate": "0.5217", "xpm": "728" },
    { "avg_assist": "4.67", "avg_bekill": "1.89", "avg_kill": "2.02", "gpm": "571", "kda": "4.27", "name": "WE.DogRan", "openid": "CAE449FCECAA014CB9B6C3CD335A9A69", "played": "46", "rating": "5.60", "total_kill": "93", "win_rate": "0.2391", "xpm": "769" },
    { "avg_assist": "4.02", "avg_bekill": "2.62", "avg_kill": "2.07", "gpm": "563", "kda": "3.05", "name": "WE.小新", "openid": "AE578BB17CFD55109721263CE8478536", "played": "45", "rating": "5.60", "total_kill": "93", "win_rate": "0.2444", "xpm": "799" },
    { "avg_assist": "6.39", "avg_bekill": "2.82", "avg_kill": "0.91", "gpm": "387", "kda": "3.55", "name": "TES.夏竹", "openid": "AD5024CF823765963E8F42BDA2EA51DE", "played": "44", "rating": "5.60", "total_kill": "40", "win_rate": "0.4318", "xpm": "694" },
    { "avg_assist": "4.28", "avg_bekill": "2.86", "avg_kill": "1.84", "gpm": "600", "kda": "3.16", "name": "YTG.沽酒", "openid": "84D734C7C7990CE6518DAED05C25C8DF", "played": "43", "rating": "5.60", "total_kill": "79", "win_rate": "0.4419", "xpm": "794" },
    { "avg_assist": "6.83", "avg_bekill": "3.00", "avg_kill": "0.98", "gpm": "464", "kda": "3.68", "name": "TES.酒孺", "openid": "7220305557867928F17515C424392336", "played": "42", "rating": "5.60", "total_kill": "41", "win_rate": "0.4286", "xpm": "757" },
    { "avg_assist": "5.76", "avg_bekill": "3.12", "avg_kill": "0.55", "gpm": "380", "kda": "2.99", "name": "WE.七夏", "openid": "8134CA7E9D26330C4722292D4C06FF37", "played": "42", "rating": "5.60", "total_kill": "23", "win_rate": "0.2619", "xpm": "704" },
    { "avg_assist": "4.79", "avg_bekill": "2.21", "avg_kill": "3.00", "gpm": "631", "kda": "4.76", "name": "TES.小鹏", "openid": "47C78EE0A4740C1AACA1C50839750428", "played": "42", "rating": "5.60", "total_kill": "126", "win_rate": "0.4286", "xpm": "801" },
    { "avg_assist": "3.98", "avg_bekill": "2.29", "avg_kill": "2.17", "gpm": "655", "kda": "3.54", "name": "GK.百兽", "openid": "75F1305CE134654648696BDFCD536C54", "played": "41", "rating": "5.60", "total_kill": "89", "win_rate": "0.3902", "xpm": "740" },
    { "avg_assist": "4.63", "avg_bekill": "2.15", "avg_kill": "2.22", "gpm": "563", "kda": "4.09", "name": "Hero.久君", "openid": "07DA0ABB073DFD9BBEF79B4AA9C19AD9", "played": "41", "rating": "5.60", "total_kill": "91", "win_rate": "0.5610", "xpm": "735" },
    { "avg_assist": "5.22", "avg_bekill": "2.45", "avg_kill": "2.38", "gpm": "553", "kda": "3.93", "name": "GK.阿改", "openid": "1D9FE3C27E1D59E8DAC386A9962F0955", "played": "40", "rating": "5.60", "total_kill": "95", "win_rate": "0.4250", "xpm": "718" },
    { "avg_assist": "6.46", "avg_bekill": "3.23", "avg_kill": "0.62", "gpm": "384", "kda": "3.22", "name": "GK.支配", "openid": "D95E688F61A809ACBDDAC2B70235C2A6", "played": "39", "rating": "5.60", "total_kill": "24", "win_rate": "0.3590", "xpm": "668" },
    { "avg_assist": "5.54", "avg_bekill": "3.44", "avg_kill": "1.85", "gpm": "517", "kda": "3.41", "name": "RNGM.凉晨", "openid": "5BD6D8E9DEB9362CC60A568244A18625", "played": "39", "rating": "5.60", "total_kill": "72", "win_rate": "0.5128", "xpm": "792" },
    { "avg_assist": "5.95", "avg_bekill": "3.21", "avg_kill": "1.39", "gpm": "524", "kda": "3.27", "name": "DYG.JC.OvO", "openid": "978A761694D113E6353AC26C2B4CA160", "played": "38", "rating": "5.60", "total_kill": "53", "win_rate": "0.5263", "xpm": "819" },
    { "avg_assist": "3.71", "avg_bekill": "2.34", "avg_kill": "3.50", "gpm": "658", "kda": "4.16", "name": "YTG.晨晨", "openid": "4E807031C0F9AF10591B4EFC083C9735", "played": "38", "rating": "5.60", "total_kill": "133", "win_rate": "0.4211", "xpm": "831" },
    { "avg_assist": "7.11", "avg_bekill": "3.09", "avg_kill": "0.46", "gpm": "393", "kda": "3.86", "name": "EDGM.小暖", "openid": "6DBF46AEFB4294D9A8C176A37944A8D6", "played": "35", "rating": "5.60", "total_kill": "16", "win_rate": "0.5143", "xpm": "734" },
    { "avg_assist": "3.61", "avg_bekill": "2.12", "avg_kill": "2.55", "gpm": "645", "kda": "3.33", "name": "YTG.夏天", "openid": "7F7B2244B823795821247DD45B7572FD", "played": "33", "rating": "5.60", "total_kill": "84", "win_rate": "0.3333", "xpm": "787" },
    { "avg_assist": "6.90", "avg_bekill": "2.76", "avg_kill": "0.69", "gpm": "412", "kda": "4.43", "name": "EDGM.koko", "openid": "91C65C11C1BA16F63A59C4E571394E18", "played": "29", "rating": "5.60", "total_kill": "20", "win_rate": "0.5172", "xpm": "695" },
    { "avg_assist": "3.96", "avg_bekill": "3.32", "avg_kill": "1.36", "gpm": "541", "kda": "2.00", "name": "WE.556", "openid": "25529FFCDDC56F87EF590AE5A502A142", "played": "28", "rating": "5.60", "total_kill": "38", "win_rate": "0.1429", "xpm": "766" },
    { "avg_assist": "4.64", "avg_bekill": "1.93", "avg_kill": "3.18", "gpm": "648", "kda": "5.18", "name": "VG.Seven", "openid": "56D6A9A8447B571595431D6F4BCE0EBE", "played": "28", "rating": "5.60", "total_kill": "89", "win_rate": "0.3929", "xpm": "798" },
    { "avg_assist": "3.88", "avg_bekill": "3.04", "avg_kill": "2.65", "gpm": "619", "kda": "2.47", "name": "TES.Zed", "openid": "716AD9D880907191722DBB595381CDCB", "played": "26", "rating": "5.60", "total_kill": "69", "win_rate": "0.3462", "xpm": "763" },
    { "avg_assist": "5.32", "avg_bekill": "3.14", "avg_kill": "1.41", "gpm": "511", "kda": "2.43", "name": "RNGM.白羽", "openid": "A049E8AD4D0DADA9666712ECAD02197A", "played": "22", "rating": "5.60", "total_kill": "31", "win_rate": "0.4545", "xpm": "762" },
    { "avg_assist": "3.82", "avg_bekill": "2.91", "avg_kill": "1.55", "gpm": "580", "kda": "2.55", "name": "WE.OoZ", "openid": "80C8A576D7AF6A697FD29087E60398F1", "played": "22", "rating": "5.60", "total_kill": "34", "win_rate": "0.2727", "xpm": "758" },
    { "avg_assist": "4.86", "avg_bekill": "2.38", "avg_kill": "1.95", "gpm": "607", "kda": "3.63", "name": "AG超玩会.蓝柚", "openid": "B856CBF43D5DCFE854CC2B1FB3D5B1DC", "played": "21", "rating": "5.60", "total_kill": "41", "win_rate": "0.6190", "xpm": "866" },
    { "avg_assist": "5.05", "avg_bekill": "3.05", "avg_kill": "1.81", "gpm": "497", "kda": "2.94", "name": "DYG.JC.纵情", "openid": "253E4A1FC4BABC9E6563A23D93070F4C", "played": "21", "rating": "5.60", "total_kill": "38", "win_rate": "0.4762", "xpm": "803" },
    { "avg_assist": "5.10", "avg_bekill": "1.45", "avg_kill": "4.30", "gpm": "704", "kda": "7.16", "name": "QGhappy.1dao", "openid": "C9D941685D82271FE93B9D835B50BDBE", "played": "20", "rating": "5.60", "total_kill": "86", "win_rate": "0.7500", "xpm": "778" },
    { "avg_assist": "4.53", "avg_bekill": "1.68", "avg_kill": "2.79", "gpm": "681", "kda": "4.74", "name": "RW侠.Huayun", "openid": "E20DC214C3065406F4162B17E37030F4", "played": "19", "rating": "5.60", "total_kill": "53", "win_rate": "0.5263", "xpm": "825" },
    { "avg_assist": "2.28", "avg_bekill": "2.28", "avg_kill": "1.72", "gpm": "613", "kda": "1.74", "name": "TS.AT", "openid": "A552A28278B83C89BC2AB49D287CCF74", "played": "18", "rating": "5.60", "total_kill": "31", "win_rate": "0.0556", "xpm": "859" },
    { "avg_assist": "4.47", "avg_bekill": "2.71", "avg_kill": "1.35", "gpm": "534", "kda": "2.82", "name": "GK.气势", "openid": "654CA4A308DCF5B16D92D50078A69E74", "played": "17", "rating": "5.60", "total_kill": "23", "win_rate": "0.4118", "xpm": "689" },
    { "avg_assist": "6.81", "avg_bekill": "2.94", "avg_kill": "1.19", "gpm": "474", "kda": "4.10", "name": "DYG.JC.怼怼", "openid": "09059D196CF06A3C755C2E0393E899B6", "played": "16", "rating": "5.60", "total_kill": "19", "win_rate": "0.5625", "xpm": "844" },
    { "avg_assist": "7.27", "avg_bekill": "3.33", "avg_kill": "0.20", "gpm": "388", "kda": "3.15", "name": "RNGM.惜言", "openid": "A299DD910EA76FAC72345B9983BFE912", "played": "15", "rating": "5.60", "total_kill": "3", "win_rate": "0.4000", "xpm": "737" },
    { "avg_assist": "4.29", "avg_bekill": "2.21", "avg_kill": "1.79", "gpm": "568", "kda": "4.24", "name": "TES.江陵", "openid": "A86D19684F08DF651C04716DC326C1B9", "played": "14", "rating": "5.60", "total_kill": "25", "win_rate": "0.3571", "xpm": "737" },
    { "avg_assist": "2.85", "avg_bekill": "2.38", "avg_kill": "1.46", "gpm": "540", "kda": "2.37", "name": "VG.孤意", "openid": "4207260836B245F6B72481FE8613C529", "played": "13", "rating": "5.60", "total_kill": "19", "win_rate": "0.1538", "xpm": "725" },
    { "avg_assist": "4.42", "avg_bekill": "2.08", "avg_kill": "1.33", "gpm": "541", "kda": "3.85", "name": "EDGM.伪装", "openid": "1C7EBF05DC5EA980A259A34290DE7430", "played": "12", "rating": "5.60", "total_kill": "16", "win_rate": "0.4167", "xpm": "788" },
    { "avg_assist": "8.82", "avg_bekill": "3.36", "avg_kill": "0.27", "gpm": "398", "kda": "3.26", "name": "GK.伊恩", "openid": "1ADE7C65DFA7373C8DEC4B7477E636A1", "played": "11", "rating": "5.60", "total_kill": "3", "win_rate": "0.5455", "xpm": "697" },
    { "avg_assist": "3.45", "avg_bekill": "2.18", "avg_kill": "1.45", "gpm": "599", "kda": "3.34", "name": "EDGM.落叶", "openid": "9019EFFF90365855939ACC90738391A8", "played": "11", "rating": "5.60", "total_kill": "16", "win_rate": "0.4545", "xpm": "772" },
    { "avg_assist": "5.60", "avg_bekill": "4.70", "avg_kill": "2.70", "gpm": "482", "kda": "2.15", "name": "Hero.久星", "openid": "DDCA3A81C166A0A37472586666211AC2", "played": "10", "rating": "5.60", "total_kill": "27", "win_rate": "0.4000", "xpm": "687" },
    { "avg_assist": "5.30", "avg_bekill": "3.20", "avg_kill": "0.70", "gpm": "388", "kda": "2.56", "name": "YTG.兽兽", "openid": "1FCE85BC47992F725B55BDE8EC2BD31D", "played": "10", "rating": "5.60", "total_kill": "7", "win_rate": "0.4000", "xpm": "761" },
    { "avg_assist": "3.90", "avg_bekill": "3.10", "avg_kill": "1.50", "gpm": "522", "kda": "2.08", "name": "VG.空", "openid": "EF8CCE6EB505E1AC11E743C31364F038", "played": "10", "rating": "5.60", "total_kill": "15", "win_rate": "0.1000", "xpm": "727" },
    { "avg_assist": "2.00", "avg_bekill": "2.44", "avg_kill": "1.33", "gpm": "600", "kda": "2.20", "name": "TS.诗酒", "openid": "5D73362D8689CDE756564426B11DF410", "played": "9", "rating": "5.60", "total_kill": "12", "win_rate": "0.2222", "xpm": "842" },
    { "avg_assist": "5.44", "avg_bekill": "4.67", "avg_kill": "0.44", "gpm": "376", "kda": "1.53", "name": "WE.994", "openid": "FFE0641C557DBC5BD95896C0C4CE9346", "played": "9", "rating": "5.60", "total_kill": "4", "win_rate": "0.0000", "xpm": "628" },
    { "avg_assist": "6.38", "avg_bekill": "2.12", "avg_kill": "2.25", "gpm": "632", "kda": "4.66", "name": "Hero.久诚", "openid": "919D5E5E2A9039A5E7393859C9B4E012", "played": "8", "rating": "5.60", "total_kill": "18", "win_rate": "0.5000", "xpm": "694" },
    { "avg_assist": "2.29", "avg_bekill": "1.43", "avg_kill": "1.43", "gpm": "560", "kda": "2.64", "name": "WE.MM", "openid": "D6386F4D3439172199258FC39C03C76E", "played": "7", "rating": "5.60", "total_kill": "10", "win_rate": "0.1429", "xpm": "730" },
    { "avg_assist": "3.00", "avg_bekill": "4.50", "avg_kill": "1.83", "gpm": "485", "kda": "1.64", "name": "Hero.尘夏", "openid": "DBB1AA4588256E9DF8DEA01D8286A0CE", "played": "6", "rating": "5.60", "total_kill": "11", "win_rate": "0.3333", "xpm": "710" },
    { "avg_assist": "4.00", "avg_bekill": "2.40", "avg_kill": "2.40", "gpm": "639", "kda": "3.20", "name": "Hero.七杀", "openid": "7FE605FBDCC926A0693240C7F397E6EA", "played": "5", "rating": "5.60", "total_kill": "12", "win_rate": "0.2000", "xpm": "696" },
    { "avg_assist": "4.00", "avg_bekill": "3.80", "avg_kill": "1.20", "gpm": "545", "kda": "2.27", "name": "RNGM.初心", "openid": "D54C8398557919DC2A1588AE1FE5AB63", "played": "5", "rating": "5.60", "total_kill": "6", "win_rate": "0.0000", "xpm": "717" },
    { "avg_assist": "4.20", "avg_bekill": "2.00", "avg_kill": "2.40", "gpm": "597", "kda": "3.50", "name": "WE.樱飒", "openid": "F4B661C74C8190B4C6785F7C1C0C159C", "played": "5", "rating": "5.60", "total_kill": "12", "win_rate": "0.0000", "xpm": "696" },
    { "avg_assist": "3.75", "avg_bekill": "1.75", "avg_kill": "1.75", "gpm": "718", "kda": "3.58", "name": "AG超玩会.梦泪", "openid": "43062C3D029AD48A789256BE11349345", "played": "4", "rating": "5.60", "total_kill": "7", "win_rate": "0.7500", "xpm": "946" },
    { "avg_assist": "0.75", "avg_bekill": "2.00", "avg_kill": "1.50", "gpm": "511", "kda": "0.96", "name": "VG.JueKing", "openid": "266AEF44E79032783D720F7709D50BEB", "played": "4", "rating": "5.60", "total_kill": "6", "win_rate": "0.0000", "xpm": "822" },
    { "avg_assist": "8.33", "avg_bekill": "2.33", "avg_kill": "2.33", "gpm": "526", "kda": "5.97", "name": "QGhappy.139", "openid": "9F5F22A0D3101ED7B3AA6D637D5B4348", "played": "3", "rating": "5.60", "total_kill": "7", "win_rate": "1.0000", "xpm": "728" },
    { "avg_assist": "6.33", "avg_bekill": "1.33", "avg_kill": "2.33", "gpm": "418", "kda": "7.67", "name": "QGhappy.Snow", "openid": "9C0EBC8C5FDAB2B947FE66D477F1F683", "played": "3", "rating": "5.60", "total_kill": "7", "win_rate": "1.0000", "xpm": "749" },
    { "avg_assist": "5.00", "avg_bekill": "2.00", "avg_kill": "0.00", "gpm": "361", "kda": "2.50", "name": "AG超玩会.Mc", "openid": "09532532EF6D94EC800C92CE68540CC5", "played": "2", "rating": "5.60", "total_kill": "0", "win_rate": "0.0000", "xpm": "641" },
    { "avg_assist": "3.00", "avg_bekill": "4.00", "avg_kill": "2.00", "gpm": "641", "kda": "1.40", "name": "GK.梦客", "openid": "8760EAB0DEA16584E45793BD4E4D601C", "played": "2", "rating": "5.60", "total_kill": "4", "win_rate": "0.0000", "xpm": "648" },
    { "avg_assist": "3.50", "avg_bekill": "3.00", "avg_kill": "1.00", "gpm": "505", "kda": "0.90", "name": "RNGM.Best", "openid": "3DB7CBEEB6F80096A052005A0F1762F2", "played": "2", "rating": "5.60", "total_kill": "2", "win_rate": "0.0000", "xpm": "700" },
    { "avg_assist": "3.00", "avg_bekill": "2.00", "avg_kill": "1.00", "gpm": "583", "kda": "1.67", "name": "AG超玩会.笑影", "openid": "6D24B00C1B9E76BCA81D5D7A01DEA2FB", "played": "2", "rating": "5.60", "total_kill": "2", "win_rate": "0.0000", "xpm": "691" },
    { "avg_assist": "3.00", "avg_bekill": "8.00", "avg_kill": "4.00", "gpm": "352", "kda": "0.88", "name": "Hero.最初", "openid": "75A0E028EC2BF9D41710669411CD19F8", "played": "1", "rating": "5.60", "total_kill": "4", "win_rate": "0.0000", "xpm": "651" },
    { "avg_assist": "1.00", "avg_bekill": "3.00", "avg_kill": "2.00", "gpm": "591", "kda": "1.00", "name": "DYG.JC.Evd", "openid": "372D6C9C98009EDA40C3965ED57B369E", "played": "1", "rating": "5.60", "total_kill": "2", "win_rate": "0.0000", "xpm": "899" }
]