[
    { "hero1_id": "111", "hero1_name": "孙尚香", "hero2_id": "529", "hero2_name": "盘古", "played": "20", "win_rate": "0.6000" },
    { "hero1_id": "171", "hero1_name": "张飞", "hero2_id": "529", "hero2_name": "盘古", "played": "18", "win_rate": "0.5556" },
    { "hero1_id": "124", "hero1_name": "周瑜", "hero2_id": "199", "hero2_name": "公孙离", "played": "15", "win_rate": "0.6667" },
    { "hero1_id": "111", "hero1_name": "孙尚香", "hero2_id": "171", "hero2_name": "张飞", "played": "14", "win_rate": "0.4286" },
    { "hero1_id": "132", "hero1_name": "马可波罗", "hero2_id": "153", "hero2_name": "兰陵王", "played": "13", "win_rate": "0.3846" },
    { "hero1_id": "186", "hero1_name": "太乙真人", "hero2_id": "529", "hero2_name": "盘古", "played": "12", "win_rate": "0.6667" },
    { "hero1_id": "107", "hero1_name": "赵云", "hero2_id": "199", "hero2_name": "公孙离", "played": "12", "win_rate": "0.5000" },
    { "hero1_id": "111", "hero1_name": "孙尚香", "hero2_id": "186", "hero2_name": "太乙真人", "played": "11", "win_rate": "0.4545" },
    { "hero1_id": "111", "hero1_name": "孙尚香", "hero2_id": "522", "hero2_name": "曜", "played": "9", "win_rate": "0.3333" },
    { "hero1_id": "123", "hero1_name": "吕布", "hero2_id": "124", "hero2_name": "周瑜", "played": "9", "win_rate": "0.6667" },
    { "hero1_id": "111", "hero1_name": "孙尚香", "hero2_id": "511", "hero2_name": "猪八戒", "played": "9", "win_rate": "0.7778" },
    { "hero1_id": "132", "hero1_name": "马可波罗", "hero2_id": "194", "hero2_name": "苏烈", "played": "9", "win_rate": "0.5556" },
    { "hero1_id": "132", "hero1_name": "马可波罗", "hero2_id": "511", "hero2_name": "猪八戒", "played": "9", "win_rate": "0.3333" },
    { "hero1_id": "111", "hero1_name": "孙尚香", "hero2_id": "149", "hero2_name": "刘邦", "played": "9", "win_rate": "0.6667" },
    { "hero1_id": "107", "hero1_name": "赵云", "hero2_id": "124", "hero2_name": "周瑜", "played": "9", "win_rate": "0.7778" },
    { "hero1_id": "177", "hero1_name": "成吉思汗", "hero2_id": "529", "hero2_name": "盘古", "played": "8", "win_rate": "0.5000" },
    { "hero1_id": "124", "hero1_name": "周瑜", "hero2_id": "132", "hero2_name": "马可波罗", "played": "8", "win_rate": "0.5000" },
    { "hero1_id": "171", "hero1_name": "张飞", "hero2_id": "199", "hero2_name": "公孙离", "played": "8", "win_rate": "0.3750" },
    { "hero1_id": "193", "hero1_name": "铠", "hero2_id": "529", "hero2_name": "盘古", "played": "8", "win_rate": "0.7500" },
    { "hero1_id": "124", "hero1_name": "周瑜", "hero2_id": "186", "hero2_name": "太乙真人", "played": "8", "win_rate": "0.6250" },
    { "hero1_id": "123", "hero1_name": "吕布", "hero2_id": "502", "hero2_name": "裴擒虎", "played": "8", "win_rate": "0.6250" },
    { "hero1_id": "124", "hero1_name": "周瑜", "hero2_id": "163", "hero2_name": "橘右京", "played": "8", "win_rate": "0.5000" },
    { "hero1_id": "163", "hero1_name": "橘右京", "hero2_id": "511", "hero2_name": "猪八戒", "played": "7", "win_rate": "0.5714" },
    { "hero1_id": "199", "hero1_name": "公孙离", "hero2_id": "509", "hero2_name": "盾山", "played": "7", "win_rate": "0.7143" },
    { "hero1_id": "139", "hero1_name": "老夫子", "hero2_id": "199", "hero2_name": "公孙离", "played": "7", "win_rate": "0.4286" },
    { "hero1_id": "171", "hero1_name": "张飞", "hero2_id": "177", "hero2_name": "成吉思汗", "played": "7", "win_rate": "0.5714" },
    { "hero1_id": "132", "hero1_name": "马可波罗", "hero2_id": "157", "hero2_name": "不知火舞", "played": "7", "win_rate": "0.4286" },
    { "hero1_id": "107", "hero1_name": "赵云", "hero2_id": "509", "hero2_name": "盾山", "played": "7", "win_rate": "0.7143" },
    { "hero1_id": "171", "hero1_name": "张飞", "hero2_id": "193", "hero2_name": "铠", "played": "7", "win_rate": "0.7143" },
    { "hero1_id": "111", "hero1_name": "孙尚香", "hero2_id": "152", "hero2_name": "王昭君", "played": "7", "win_rate": "0.4286" },
    { "hero1_id": "132", "hero1_name": "马可波罗", "hero2_id": "163", "hero2_name": "橘右京", "played": "7", "win_rate": "0.5714" },
    { "hero1_id": "153", "hero1_name": "兰陵王", "hero2_id": "199", "hero2_name": "公孙离", "played": "7", "win_rate": "0.4286" },
    { "hero1_id": "194", "hero1_name": "苏烈", "hero2_id": "199", "hero2_name": "公孙离", "played": "7", "win_rate": "0.2857" },
    { "hero1_id": "522", "hero1_name": "曜", "hero2_id": "529", "hero2_name": "盘古", "played": "7", "win_rate": "0.4286" },
    { "hero1_id": "123", "hero1_name": "吕布", "hero2_id": "522", "hero2_name": "曜", "played": "7", "win_rate": "0.5714" },
    { "hero1_id": "157", "hero1_name": "不知火舞", "hero2_id": "529", "hero2_name": "盘古", "played": "7", "win_rate": "1.0000" },
    { "hero1_id": "140", "hero1_name": "关羽", "hero2_id": "186", "hero2_name": "太乙真人", "played": "6", "win_rate": "0.5000" },
    { "hero1_id": "105", "hero1_name": "廉颇", "hero2_id": "132", "hero2_name": "马可波罗", "played": "6", "win_rate": "0.0000" },
    { "hero1_id": "111", "hero1_name": "孙尚香", "hero2_id": "509", "hero2_name": "盾山", "played": "6", "win_rate": "0.6667" },
    { "hero1_id": "171", "hero1_name": "张飞", "hero2_id": "522", "hero2_name": "曜", "played": "6", "win_rate": "0.3333" },
    { "hero1_id": "118", "hero1_name": "孙膑", "hero2_id": "511", "hero2_name": "猪八戒", "played": "6", "win_rate": "0.3333" },
    { "hero1_id": "186", "hero1_name": "太乙真人", "hero2_id": "518", "hero2_name": "马超", "played": "6", "win_rate": "0.1667" },
    { "hero1_id": "194", "hero1_name": "苏烈", "hero2_id": "522", "hero2_name": "曜", "played": "6", "win_rate": "0.5000" },
    { "hero1_id": "132", "hero1_name": "马可波罗", "hero2_id": "186", "hero2_name": "太乙真人", "played": "6", "win_rate": "0.5000" },
    { "hero1_id": "163", "hero1_name": "橘右京", "hero2_id": "186", "hero2_name": "太乙真人", "played": "6", "win_rate": "0.5000" },
    { "hero1_id": "152", "hero1_name": "王昭君", "hero2_id": "529", "hero2_name": "盘古", "played": "6", "win_rate": "0.6667" },
    { "hero1_id": "139", "hero1_name": "老夫子", "hero2_id": "171", "hero2_name": "张飞", "played": "6", "win_rate": "0.3333" },
    { "hero1_id": "184", "hero1_name": "蔡文姬", "hero2_id": "511", "hero2_name": "猪八戒", "played": "6", "win_rate": "0.3333" },
    { "hero1_id": "132", "hero1_name": "马可波罗", "hero2_id": "312", "hero2_name": "沈梦溪", "played": "6", "win_rate": "0.6667" },
    { "hero1_id": "124", "hero1_name": "周瑜", "hero2_id": "139", "hero2_name": "老夫子", "played": "6", "win_rate": "0.3333" },
    { "hero1_id": "153", "hero1_name": "兰陵王", "hero2_id": "511", "hero2_name": "猪八戒", "played": "6", "win_rate": "0.5000" },
    { "hero1_id": "107", "hero1_name": "赵云", "hero2_id": "157", "hero2_name": "不知火舞", "played": "6", "win_rate": "0.3333" },
    { "hero1_id": "105", "hero1_name": "廉颇", "hero2_id": "199", "hero2_name": "公孙离", "played": "6", "win_rate": "0.3333" },
    { "hero1_id": "124", "hero1_name": "周瑜", "hero2_id": "509", "hero2_name": "盾山", "played": "6", "win_rate": "0.8333" },
    { "hero1_id": "171", "hero1_name": "张飞", "hero2_id": "312", "hero2_name": "沈梦溪", "played": "6", "win_rate": "0.6667" },
    { "hero1_id": "123", "hero1_name": "吕布", "hero2_id": "186", "hero2_name": "太乙真人", "played": "6", "win_rate": "0.8333" },
    { "hero1_id": "132", "hero1_name": "马可波罗", "hero2_id": "518", "hero2_name": "马超", "played": "6", "win_rate": "0.3333" },
    { "hero1_id": "123", "hero1_name": "吕布", "hero2_id": "132", "hero2_name": "马可波罗", "played": "6", "win_rate": "0.6667" },
    { "hero1_id": "139", "hero1_name": "老夫子", "hero2_id": "529", "hero2_name": "盘古", "played": "6", "win_rate": "0.3333" },
    { "hero1_id": "140", "hero1_name": "关羽", "hero2_id": "529", "hero2_name": "盘古", "played": "6", "win_rate": "1.0000" },
    { "hero1_id": "156", "hero1_name": "张良", "hero2_id": "529", "hero2_name": "盘古", "played": "6", "win_rate": "0.8333" },
    { "hero1_id": "139", "hero1_name": "老夫子", "hero2_id": "509", "hero2_name": "盾山", "played": "5", "win_rate": "0.6000" },
    { "hero1_id": "163", "hero1_name": "橘右京", "hero2_id": "199", "hero2_name": "公孙离", "played": "5", "win_rate": "0.2000" },
    { "hero1_id": "124", "hero1_name": "周瑜", "hero2_id": "511", "hero2_name": "猪八戒", "played": "5", "win_rate": "0.8000" },
    { "hero1_id": "111", "hero1_name": "孙尚香", "hero2_id": "163", "hero2_name": "橘右京", "played": "5", "win_rate": "0.4000" },
    { "hero1_id": "157", "hero1_name": "不知火舞", "hero2_id": "194", "hero2_name": "苏烈", "played": "5", "win_rate": "0.4000" },
    { "hero1_id": "152", "hero1_name": "王昭君", "hero2_id": "171", "hero2_name": "张飞", "played": "5", "win_rate": "0.6000" },
    { "hero1_id": "199", "hero1_name": "公孙离", "hero2_id": "513", "hero2_name": "上官婉儿", "played": "5", "win_rate": "0.2000" },
    { "hero1_id": "312", "hero1_name": "沈梦溪", "hero2_id": "511", "hero2_name": "猪八戒", "played": "5", "win_rate": "0.2000" },
    { "hero1_id": "132", "hero1_name": "马可波罗", "hero2_id": "509", "hero2_name": "盾山", "played": "5", "win_rate": "0.2000" },
    { "hero1_id": "153", "hero1_name": "兰陵王", "hero2_id": "513", "hero2_name": "上官婉儿", "played": "5", "win_rate": "0.2000" },
    { "hero1_id": "132", "hero1_name": "马可波罗", "hero2_id": "171", "hero2_name": "张飞", "played": "5", "win_rate": "1.0000" },
    { "hero1_id": "105", "hero1_name": "廉颇", "hero2_id": "153", "hero2_name": "兰陵王", "played": "5", "win_rate": "0.4000" },
    { "hero1_id": "111", "hero1_name": "孙尚香", "hero2_id": "124", "hero2_name": "周瑜", "played": "5", "win_rate": "0.6000" },
    { "hero1_id": "123", "hero1_name": "吕布", "hero2_id": "199", "hero2_name": "公孙离", "played": "5", "win_rate": "0.6000" },
    { "hero1_id": "157", "hero1_name": "不知火舞", "hero2_id": "171", "hero2_name": "张飞", "played": "5", "win_rate": "1.0000" },
    { "hero1_id": "111", "hero1_name": "孙尚香", "hero2_id": "193", "hero2_name": "铠", "played": "5", "win_rate": "0.6000" },
    { "hero1_id": "123", "hero1_name": "吕布", "hero2_id": "157", "hero2_name": "不知火舞", "played": "5", "win_rate": "0.8000" },
    { "hero1_id": "199", "hero1_name": "公孙离", "hero2_id": "511", "hero2_name": "猪八戒", "played": "5", "win_rate": "0.2000" },
    { "hero1_id": "152", "hero1_name": "王昭君", "hero2_id": "522", "hero2_name": "曜", "played": "5", "win_rate": "0.2000" },
    { "hero1_id": "132", "hero1_name": "马可波罗", "hero2_id": "522", "hero2_name": "曜", "played": "5", "win_rate": "0.2000" },
    { "hero1_id": "509", "hero1_name": "盾山", "hero2_id": "522", "hero2_name": "曜", "played": "5", "win_rate": "0.4000" },
    { "hero1_id": "111", "hero1_name": "孙尚香", "hero2_id": "178", "hero2_name": "杨戬", "played": "5", "win_rate": "0.4000" },
    { "hero1_id": "132", "hero1_name": "马可波罗", "hero2_id": "140", "hero2_name": "关羽", "played": "5", "win_rate": "0.2000" },
    { "hero1_id": "194", "hero1_name": "苏烈", "hero2_id": "529", "hero2_name": "盘古", "played": "5", "win_rate": "0.8000" },
    { "hero1_id": "124", "hero1_name": "周瑜", "hero2_id": "149", "hero2_name": "刘邦", "played": "5", "win_rate": "0.6000" },
    { "hero1_id": "149", "hero1_name": "刘邦", "hero2_id": "186", "hero2_name": "太乙真人", "played": "5", "win_rate": "0.6000" },
    { "hero1_id": "182", "hero1_name": "干将莫邪", "hero2_id": "511", "hero2_name": "猪八戒", "played": "5", "win_rate": "0.2000" },
    { "hero1_id": "312", "hero1_name": "沈梦溪", "hero2_id": "509", "hero2_name": "盾山", "played": "5", "win_rate": "0.8000" },
    { "hero1_id": "124", "hero1_name": "周瑜", "hero2_id": "194", "hero2_name": "苏烈", "played": "5", "win_rate": "0.6000" },
    { "hero1_id": "111", "hero1_name": "孙尚香", "hero2_id": "312", "hero2_name": "沈梦溪", "played": "5", "win_rate": "0.6000" },
    { "hero1_id": "156", "hero1_name": "张良", "hero2_id": "171", "hero2_name": "张飞", "played": "5", "win_rate": "0.6000" },
    { "hero1_id": "132", "hero1_name": "马可波罗", "hero2_id": "139", "hero2_name": "老夫子", "played": "5", "win_rate": "0.4000" },
    { "hero1_id": "177", "hero1_name": "成吉思汗", "hero2_id": "186", "hero2_name": "太乙真人", "played": "4", "win_rate": "0.5000" },
    { "hero1_id": "162", "hero1_name": "娜可露露", "hero2_id": "312", "hero2_name": "沈梦溪", "played": "4", "win_rate": "0.7500" },
    { "hero1_id": "132", "hero1_name": "马可波罗", "hero2_id": "149", "hero2_name": "刘邦", "played": "4", "win_rate": "0.2500" },
    { "hero1_id": "148", "hero1_name": "姜子牙", "hero2_id": "162", "hero2_name": "娜可露露", "played": "4", "win_rate": "0.7500" },
    { "hero1_id": "149", "hero1_name": "刘邦", "hero2_id": "312", "hero2_name": "沈梦溪", "played": "4", "win_rate": "0.7500" },
    { "hero1_id": "107", "hero1_name": "赵云", "hero2_id": "194", "hero2_name": "苏烈", "played": "4", "win_rate": "0.0000" },
    { "hero1_id": "522", "hero1_name": "曜", "hero2_id": "523", "hero2_name": "西施", "played": "4", "win_rate": "0.2500" },
    { "hero1_id": "123", "hero1_name": "吕布", "hero2_id": "518", "hero2_name": "马超", "played": "4", "win_rate": "0.5000" },
    { "hero1_id": "140", "hero1_name": "关羽", "hero2_id": "171", "hero2_name": "张飞", "played": "4", "win_rate": "0.7500" },
    { "hero1_id": "515", "hero1_name": "嫦娥", "hero2_id": "529", "hero2_name": "盘古", "played": "4", "win_rate": "0.5000" },
    { "hero1_id": "111", "hero1_name": "孙尚香", "hero2_id": "513", "hero2_name": "上官婉儿", "played": "4", "win_rate": "0.2500" },
    { "hero1_id": "156", "hero1_name": "张良", "hero2_id": "199", "hero2_name": "公孙离", "played": "4", "win_rate": "0.5000" },
    { "hero1_id": "124", "hero1_name": "周瑜", "hero2_id": "171", "hero2_name": "张飞", "played": "4", "win_rate": "0.5000" },
    { "hero1_id": "141", "hero1_name": "貂蝉", "hero2_id": "163", "hero2_name": "橘右京", "played": "4", "win_rate": "0.7500" },
    { "hero1_id": "513", "hero1_name": "上官婉儿", "hero2_id": "529", "hero2_name": "盘古", "played": "4", "win_rate": "0.5000" },
    { "hero1_id": "105", "hero1_name": "廉颇", "hero2_id": "513", "hero2_name": "上官婉儿", "played": "4", "win_rate": "0.2500" },
    { "hero1_id": "140", "hero1_name": "关羽", "hero2_id": "153", "hero2_name": "兰陵王", "played": "4", "win_rate": "0.2500" },
    { "hero1_id": "123", "hero1_name": "吕布", "hero2_id": "529", "hero2_name": "盘古", "played": "4", "win_rate": "0.7500" },
    { "hero1_id": "163", "hero1_name": "橘右京", "hero2_id": "509", "hero2_name": "盾山", "played": "4", "win_rate": "0.5000" },
    { "hero1_id": "132", "hero1_name": "马可波罗", "hero2_id": "141", "hero2_name": "貂蝉", "played": "4", "win_rate": "0.5000" },
    { "hero1_id": "149", "hero1_name": "刘邦", "hero2_id": "199", "hero2_name": "公孙离", "played": "4", "win_rate": "0.5000" },
    { "hero1_id": "163", "hero1_name": "橘右京", "hero2_id": "171", "hero2_name": "张飞", "played": "4", "win_rate": "0.2500" },
    { "hero1_id": "199", "hero1_name": "公孙离", "hero2_id": "522", "hero2_name": "曜", "played": "4", "win_rate": "0.2500" },
    { "hero1_id": "140", "hero1_name": "关羽", "hero2_id": "199", "hero2_name": "公孙离", "played": "4", "win_rate": "1.0000" },
    { "hero1_id": "174", "hero1_name": "虞姬", "hero2_id": "509", "hero2_name": "盾山", "played": "4", "win_rate": "0.5000" },
    { "hero1_id": "157", "hero1_name": "不知火舞", "hero2_id": "193", "hero2_name": "铠", "played": "4", "win_rate": "0.5000" },
    { "hero1_id": "194", "hero1_name": "苏烈", "hero2_id": "518", "hero2_name": "马超", "played": "4", "win_rate": "0.5000" },
    { "hero1_id": "139", "hero1_name": "老夫子", "hero2_id": "513", "hero2_name": "上官婉儿", "played": "4", "win_rate": "0.5000" },
    { "hero1_id": "132", "hero1_name": "马可波罗", "hero2_id": "184", "hero2_name": "蔡文姬", "played": "4", "win_rate": "0.7500" },
    { "hero1_id": "149", "hero1_name": "刘邦", "hero2_id": "509", "hero2_name": "盾山", "played": "4", "win_rate": "0.7500" },
    { "hero1_id": "111", "hero1_name": "孙尚香", "hero2_id": "123", "hero2_name": "吕布", "played": "4", "win_rate": "0.5000" },
    { "hero1_id": "111", "hero1_name": "孙尚香", "hero2_id": "518", "hero2_name": "马超", "played": "4", "win_rate": "0.5000" },
    { "hero1_id": "123", "hero1_name": "吕布", "hero2_id": "194", "hero2_name": "苏烈", "played": "4", "win_rate": "1.0000" },
    { "hero1_id": "509", "hero1_name": "盾山", "hero2_id": "511", "hero2_name": "猪八戒", "played": "4", "win_rate": "0.2500" },
    { "hero1_id": "140", "hero1_name": "关羽", "hero2_id": "157", "hero2_name": "不知火舞", "played": "4", "win_rate": "0.7500" },
    { "hero1_id": "511", "hero1_name": "猪八戒", "hero2_id": "522", "hero2_name": "曜", "played": "4", "win_rate": "0.2500" },
    { "hero1_id": "140", "hero1_name": "关羽", "hero2_id": "194", "hero2_name": "苏烈", "played": "4", "win_rate": "0.5000" },
    { "hero1_id": "186", "hero1_name": "太乙真人", "hero2_id": "513", "hero2_name": "上官婉儿", "played": "4", "win_rate": "0.5000" },
    { "hero1_id": "132", "hero1_name": "马可波罗", "hero2_id": "182", "hero2_name": "干将莫邪", "played": "4", "win_rate": "0.2500" },
    { "hero1_id": "157", "hero1_name": "不知火舞", "hero2_id": "511", "hero2_name": "猪八戒", "played": "4", "win_rate": "0.5000" },
    { "hero1_id": "199", "hero1_name": "公孙离", "hero2_id": "529", "hero2_name": "盘古", "played": "4", "win_rate": "0.7500" },
    { "hero1_id": "105", "hero1_name": "廉颇", "hero2_id": "124", "hero2_name": "周瑜", "played": "4", "win_rate": "0.5000" },
    { "hero1_id": "171", "hero1_name": "张飞", "hero2_id": "511", "hero2_name": "猪八戒", "played": "4", "win_rate": "0.5000" },
    { "hero1_id": "502", "hero1_name": "裴擒虎", "hero2_id": "518", "hero2_name": "马超", "played": "4", "win_rate": "0.2500" },
    { "hero1_id": "111", "hero1_name": "孙尚香", "hero2_id": "140", "hero2_name": "关羽", "played": "4", "win_rate": "0.5000" },
    { "hero1_id": "153", "hero1_name": "兰陵王", "hero2_id": "194", "hero2_name": "苏烈", "played": "4", "win_rate": "0.2500" },
    { "hero1_id": "312", "hero1_name": "沈梦溪", "hero2_id": "518", "hero2_name": "马超", "played": "4", "win_rate": "0.5000" }
]