[
    { "avg_assist": "4.12", "avg_ban_seq": "2.5", "avg_bekill": "1.68", "avg_kill": "3.41", "avg_pick_seq": "0.0", "ban_cnt": "18", "gpm": "702", "hero_id": "132", "hero_name": "马可波罗", "kda": "5.12", "pick_cnt": "22", "played": "41", "win_rate": "0.4390" },
    { "avg_assist": "4.22", "avg_ban_seq": "3.9", "avg_bekill": "1.83", "avg_kill": "4.63", "avg_pick_seq": "0.0", "ban_cnt": "6", "gpm": "751", "hero_id": "111", "hero_name": "孙尚香", "kda": "5.93", "pick_cnt": "21", "played": "41", "win_rate": "0.5366" },
    { "avg_assist": "3.29", "avg_ban_seq": "5.8", "avg_bekill": "2.61", "avg_kill": "2.46", "avg_pick_seq": "0.0", "ban_cnt": "6", "gpm": "685", "hero_id": "522", "hero_name": "曜", "kda": "3.32", "pick_cnt": "19", "played": "28", "win_rate": "0.3929" },
    { "avg_assist": "7.12", "avg_ban_seq": "5.2", "avg_bekill": "2.29", "avg_kill": "0.75", "avg_pick_seq": "0.0", "ban_cnt": "2", "gpm": "395", "hero_id": "194", "hero_name": "苏烈", "kda": "4.20", "pick_cnt": "18", "played": "24", "win_rate": "0.5000" },
    { "avg_assist": "5.91", "avg_ban_seq": "3.8", "avg_bekill": "2.61", "avg_kill": "1.06", "avg_pick_seq": "0.0", "ban_cnt": "15", "gpm": "517", "hero_id": "511", "hero_name": "猪八戒", "kda": "3.85", "pick_cnt": "15", "played": "33", "win_rate": "0.4242" },
    { "avg_assist": "5.90", "avg_ban_seq": "2.7", "avg_bekill": "2.73", "avg_kill": "2.20", "avg_pick_seq": "0.0", "ban_cnt": "15", "gpm": "599", "hero_id": "529", "hero_name": "盘古", "kda": "3.95", "pick_cnt": "15", "played": "40", "win_rate": "0.6500" },
    { "avg_assist": "7.05", "avg_ban_seq": "4.3", "avg_bekill": "1.59", "avg_kill": "0.46", "avg_pick_seq": "0.0", "ban_cnt": "2", "gpm": "413", "hero_id": "171", "hero_name": "张飞", "kda": "5.28", "pick_cnt": "14", "played": "37", "win_rate": "0.5676" },
    { "avg_assist": "3.42", "avg_ban_seq": "2.7", "avg_bekill": "2.00", "avg_kill": "3.76", "avg_pick_seq": "0.0", "ban_cnt": "14", "gpm": "673", "hero_id": "199", "hero_name": "公孙离", "kda": "4.68", "pick_cnt": "14", "played": "38", "win_rate": "0.4474" },
    { "avg_assist": "2.29", "avg_ban_seq": "5.1", "avg_bekill": "2.57", "avg_kill": "3.00", "avg_pick_seq": "0.0", "ban_cnt": "14", "gpm": "682", "hero_id": "518", "hero_name": "马超", "kda": "3.01", "pick_cnt": "13", "played": "21", "win_rate": "0.3333" },
    { "avg_assist": "6.44", "avg_ban_seq": "5.8", "avg_bekill": "1.69", "avg_kill": "2.62", "avg_pick_seq": "0.0", "ban_cnt": "10", "gpm": "641", "hero_id": "124", "hero_name": "周瑜", "kda": "6.20", "pick_cnt": "12", "played": "32", "win_rate": "0.6250" },
    { "avg_assist": "7.17", "avg_ban_seq": "4.5", "avg_bekill": "2.57", "avg_kill": "0.63", "avg_pick_seq": "0.0", "ban_cnt": "6", "gpm": "439", "hero_id": "186", "hero_name": "太乙真人", "kda": "4.13", "pick_cnt": "11", "played": "30", "win_rate": "0.5333" },
    { "avg_assist": "3.74", "avg_ban_seq": "6.7", "avg_bekill": "2.79", "avg_kill": "1.42", "avg_pick_seq": "0.0", "ban_cnt": "12", "gpm": "584", "hero_id": "139", "hero_name": "老夫子", "kda": "2.79", "pick_cnt": "11", "played": "19", "win_rate": "0.3684" },
    { "avg_assist": "5.04", "avg_ban_seq": "6.9", "avg_bekill": "2.65", "avg_kill": "2.22", "avg_pick_seq": "0.0", "ban_cnt": "1", "gpm": "642", "hero_id": "163", "hero_name": "橘右京", "kda": "3.87", "pick_cnt": "11", "played": "23", "win_rate": "0.4783" },
    { "avg_assist": "4.69", "avg_ban_seq": "4.9", "avg_bekill": "1.65", "avg_kill": "2.85", "avg_pick_seq": "0.0", "ban_cnt": "1", "gpm": "573", "hero_id": "123", "hero_name": "吕布", "kda": "4.94", "pick_cnt": "10", "played": "26", "win_rate": "0.6154" },
    { "avg_assist": "3.62", "avg_ban_seq": "7.9", "avg_bekill": "2.23", "avg_kill": "2.38", "avg_pick_seq": "0.0", "ban_cnt": "3", "gpm": "648", "hero_id": "193", "hero_name": "铠", "kda": "3.72", "pick_cnt": "9", "played": "13", "win_rate": "0.5385" },
    { "avg_assist": "4.78", "avg_ban_seq": "7.1", "avg_bekill": "2.22", "avg_kill": "3.56", "avg_pick_seq": "0.0", "ban_cnt": "4", "gpm": "632", "hero_id": "141", "hero_name": "貂蝉", "kda": "5.03", "pick_cnt": "9", "played": "9", "win_rate": "0.4444" },
    { "avg_assist": "6.73", "avg_ban_seq": "5.2", "avg_bekill": "3.47", "avg_kill": "0.60", "avg_pick_seq": "0.0", "ban_cnt": "1", "gpm": "387", "hero_id": "105", "hero_name": "廉颇", "kda": "2.39", "pick_cnt": "8", "played": "15", "win_rate": "0.2667" },
    { "avg_assist": "5.88", "avg_ban_seq": "5.7", "avg_bekill": "4.32", "avg_kill": "3.64", "avg_pick_seq": "0.0", "ban_cnt": "19", "gpm": "594", "hero_id": "153", "hero_name": "兰陵王", "kda": "3.28", "pick_cnt": "8", "played": "25", "win_rate": "0.4400" },
    { "avg_assist": "5.77", "avg_ban_seq": "2.0", "avg_bekill": "3.15", "avg_kill": "0.50", "avg_pick_seq": "0.0", "ban_cnt": "26", "gpm": "386", "hero_id": "509", "hero_name": "盾山", "kda": "3.19", "pick_cnt": "8", "played": "26", "win_rate": "0.5385" },
    { "avg_assist": "5.64", "avg_ban_seq": "7.4", "avg_bekill": "2.59", "avg_kill": "2.82", "avg_pick_seq": "0.0", "ban_cnt": "6", "gpm": "606", "hero_id": "157", "hero_name": "不知火舞", "kda": "4.94", "pick_cnt": "8", "played": "22", "win_rate": "0.6818" },
    { "avg_assist": "4.40", "avg_ban_seq": "2.7", "avg_bekill": "2.00", "avg_kill": "2.40", "avg_pick_seq": "0.0", "ban_cnt": "1", "gpm": "674", "hero_id": "502", "hero_name": "裴擒虎", "kda": "4.14", "pick_cnt": "8", "played": "10", "win_rate": "0.6000" },
    { "avg_assist": "5.71", "avg_ban_seq": "6.4", "avg_bekill": "1.18", "avg_kill": "2.82", "avg_pick_seq": "0.0", "ban_cnt": "4", "gpm": "605", "hero_id": "312", "hero_name": "沈梦溪", "kda": "6.38", "pick_cnt": "7", "played": "17", "win_rate": "0.5294" },
    { "avg_assist": "5.79", "avg_ban_seq": "7.9", "avg_bekill": "2.07", "avg_kill": "2.00", "avg_pick_seq": "0.0", "ban_cnt": "3", "gpm": "551", "hero_id": "152", "hero_name": "王昭君", "kda": "4.51", "pick_cnt": "6", "played": "14", "win_rate": "0.3571" },
    { "avg_assist": "7.70", "avg_ban_seq": "6.1", "avg_bekill": "1.50", "avg_kill": "0.40", "avg_pick_seq": "0.0", "ban_cnt": "2", "gpm": "414", "hero_id": "118", "hero_name": "孙膑", "kda": "5.23", "pick_cnt": "6", "played": "10", "win_rate": "0.3000" },
    { "avg_assist": "4.82", "avg_ban_seq": "5.6", "avg_bekill": "3.18", "avg_kill": "3.71", "avg_pick_seq": "0.0", "ban_cnt": "15", "gpm": "588", "hero_id": "513", "hero_name": "上官婉儿", "kda": "3.53", "pick_cnt": "6", "played": "17", "win_rate": "0.2941" },
    { "avg_assist": "5.25", "avg_ban_seq": "7.9", "avg_bekill": "2.12", "avg_kill": "3.38", "avg_pick_seq": "0.0", "ban_cnt": "3", "gpm": "628", "hero_id": "515", "hero_name": "嫦娥", "kda": "5.21", "pick_cnt": "6", "played": "8", "win_rate": "0.5000" },
    { "avg_assist": "6.89", "avg_ban_seq": "7.4", "avg_bekill": "2.42", "avg_kill": "0.68", "avg_pick_seq": "0.0", "ban_cnt": "2", "gpm": "549", "hero_id": "149", "hero_name": "刘邦", "kda": "4.52", "pick_cnt": "6", "played": "19", "win_rate": "0.5789" },
    { "avg_assist": "4.75", "avg_ban_seq": "8.5", "avg_bekill": "1.25", "avg_kill": "2.38", "avg_pick_seq": "0.0", "ban_cnt": "1", "gpm": "622", "hero_id": "182", "hero_name": "干将莫邪", "kda": "5.69", "pick_cnt": "5", "played": "8", "win_rate": "0.2500" },
    { "avg_assist": "5.11", "avg_ban_seq": "7.2", "avg_bekill": "2.37", "avg_kill": "3.37", "avg_pick_seq": "0.0", "ban_cnt": "6", "gpm": "663", "hero_id": "107", "hero_name": "赵云", "kda": "4.92", "pick_cnt": "5", "played": "19", "win_rate": "0.4737" },
    { "avg_assist": "4.00", "avg_ban_seq": "6.3", "avg_bekill": "2.70", "avg_kill": "2.25", "avg_pick_seq": "0.0", "ban_cnt": "10", "gpm": "623", "hero_id": "140", "hero_name": "关羽", "kda": "3.63", "pick_cnt": "5", "played": "20", "win_rate": "0.5500" },
    { "avg_assist": "6.25", "avg_ban_seq": "6.9", "avg_bekill": "1.50", "avg_kill": "1.38", "avg_pick_seq": "0.0", "ban_cnt": "3", "gpm": "557", "hero_id": "523", "hero_name": "西施", "kda": "6.46", "pick_cnt": "5", "played": "8", "win_rate": "0.2500" },
    { "avg_assist": "4.00", "avg_ban_seq": "8.7", "avg_bekill": "3.50", "avg_kill": "2.83", "avg_pick_seq": "0.0", "ban_cnt": "1", "gpm": "618", "hero_id": "128", "hero_name": "曹操", "kda": "2.32", "pick_cnt": "5", "played": "6", "win_rate": "0.3333" },
    { "avg_assist": "2.71", "avg_ban_seq": "7.0", "avg_bekill": "3.43", "avg_kill": "2.71", "avg_pick_seq": "0.0", "ban_cnt": "2", "gpm": "573", "hero_id": "178", "hero_name": "杨戬", "kda": "1.76", "pick_cnt": "4", "played": "7", "win_rate": "0.4286" },
    { "avg_assist": "2.55", "avg_ban_seq": "7.8", "avg_bekill": "3.36", "avg_kill": "4.00", "avg_pick_seq": "0.0", "ban_cnt": "0", "gpm": "683", "hero_id": "506", "hero_name": "云中君", "kda": "3.87", "pick_cnt": "4", "played": "11", "win_rate": "0.5455" },
    { "avg_assist": "5.33", "avg_ban_seq": "6.0", "avg_bekill": "2.67", "avg_kill": "2.17", "avg_pick_seq": "0.0", "ban_cnt": "0", "gpm": "542", "hero_id": "510", "hero_name": "孙策", "kda": "3.90", "pick_cnt": "4", "played": "6", "win_rate": "0.5000" },
    { "avg_assist": "10.25", "avg_ban_seq": "6.8", "avg_bekill": "2.12", "avg_kill": "0.38", "avg_pick_seq": "0.0", "ban_cnt": "3", "gpm": "424", "hero_id": "184", "hero_name": "蔡文姬", "kda": "6.34", "pick_cnt": "3", "played": "8", "win_rate": "0.5000" },
    { "avg_assist": "6.36", "avg_ban_seq": "6.4", "avg_bekill": "1.91", "avg_kill": "2.09", "avg_pick_seq": "0.0", "ban_cnt": "10", "gpm": "557", "hero_id": "156", "hero_name": "张良", "kda": "4.65", "pick_cnt": "3", "played": "11", "win_rate": "0.6364" },
    { "avg_assist": "5.12", "avg_ban_seq": "7.6", "avg_bekill": "2.00", "avg_kill": "5.00", "avg_pick_seq": "0.0", "ban_cnt": "4", "gpm": "723", "hero_id": "162", "hero_name": "娜可露露", "kda": "5.76", "pick_cnt": "3", "played": "8", "win_rate": "0.7500" },
    { "avg_assist": "4.83", "avg_ban_seq": "9.3", "avg_bekill": "2.00", "avg_kill": "4.67", "avg_pick_seq": "0.0", "ban_cnt": "0", "gpm": "634", "hero_id": "174", "hero_name": "虞姬", "kda": "6.09", "pick_cnt": "3", "played": "6", "win_rate": "0.6667" },
    { "avg_assist": "2.20", "avg_ban_seq": "6.7", "avg_bekill": "2.60", "avg_kill": "1.60", "avg_pick_seq": "0.0", "ban_cnt": "1", "gpm": "650", "hero_id": "133", "hero_name": "狄仁杰", "kda": "2.10", "pick_cnt": "2", "played": "5", "win_rate": "0.6000" },
    { "avg_assist": "4.00", "avg_ban_seq": "10.0", "avg_bekill": "5.50", "avg_kill": "2.50", "avg_pick_seq": "0.0", "ban_cnt": "0", "gpm": "577", "hero_id": "134", "hero_name": "达摩", "kda": "1.18", "pick_cnt": "2", "played": "2", "win_rate": "0.0000" },
    { "avg_assist": "7.00", "avg_ban_seq": "9.0", "avg_bekill": "1.60", "avg_kill": "1.80", "avg_pick_seq": "0.0", "ban_cnt": "0", "gpm": "584", "hero_id": "136", "hero_name": "武则天", "kda": "6.60", "pick_cnt": "2", "played": "5", "win_rate": "0.6000" },
    { "avg_assist": "3.50", "avg_ban_seq": "8.3", "avg_bekill": "1.50", "avg_kill": "1.00", "avg_pick_seq": "0.0", "ban_cnt": "1", "gpm": "681", "hero_id": "176", "hero_name": "杨玉环", "kda": "4.25", "pick_cnt": "2", "played": "2", "win_rate": "0.5000" },
    { "avg_assist": "6.50", "avg_ban_seq": "9.0", "avg_bekill": "2.50", "avg_kill": "1.00", "avg_pick_seq": "0.0", "ban_cnt": "0", "gpm": "463", "hero_id": "126", "hero_name": "夏侯惇", "kda": "3.17", "pick_cnt": "2", "played": "2", "win_rate": "0.0000" },
    { "avg_assist": "7.38", "avg_ban_seq": "2.0", "avg_bekill": "2.00", "avg_kill": "1.25", "avg_pick_seq": "0.0", "ban_cnt": "35", "gpm": "514", "hero_id": "148", "hero_name": "姜子牙", "kda": "4.43", "pick_cnt": "2", "played": "8", "win_rate": "0.7500" },
    { "avg_assist": "4.08", "avg_ban_seq": "6.2", "avg_bekill": "2.25", "avg_kill": "5.42", "avg_pick_seq": "0.0", "ban_cnt": "2", "gpm": "765", "hero_id": "177", "hero_name": "成吉思汗", "kda": "6.42", "pick_cnt": "2", "played": "12", "win_rate": "0.5000" },
    { "avg_assist": "3.00", "avg_ban_seq": "9.0", "avg_bekill": "4.00", "avg_kill": "2.00", "avg_pick_seq": "0.0", "ban_cnt": "0", "gpm": "582", "hero_id": "130", "hero_name": "宫本武藏", "kda": "1.25", "pick_cnt": "1", "played": "1", "win_rate": "1.0000" },
    { "avg_assist": "6.00", "avg_ban_seq": "10.0", "avg_bekill": "1.00", "avg_kill": "2.00", "avg_pick_seq": "0.0", "ban_cnt": "0", "gpm": "629", "hero_id": "106", "hero_name": "小乔", "kda": "8.00", "pick_cnt": "1", "played": "1", "win_rate": "1.0000" },
    { "avg_assist": "0.00", "avg_ban_seq": "6.0", "avg_bekill": "0.00", "avg_kill": "0.00", "avg_pick_seq": "0.0", "ban_cnt": "0", "gpm": "889", "hero_id": "507", "hero_name": "李信", "kda": "0.00", "pick_cnt": "1", "played": "1", "win_rate": "1.0000" },
    { "avg_assist": "7.67", "avg_ban_seq": "10.0", "avg_bekill": "2.33", "avg_kill": "3.00", "avg_pick_seq": "0.0", "ban_cnt": "0", "gpm": "642", "hero_id": "110", "hero_name": "嬴政", "kda": "5.08", "pick_cnt": "1", "played": "3", "win_rate": "0.3333" },
    { "avg_assist": "6.67", "avg_ban_seq": "10.0", "avg_bekill": "4.00", "avg_kill": "0.67", "avg_pick_seq": "0.0", "ban_cnt": "0", "gpm": "381", "hero_id": "189", "hero_name": "鬼谷子", "kda": "1.79", "pick_cnt": "1", "played": "3", "win_rate": "0.3333" },
    { "avg_assist": "6.00", "avg_ban_seq": "8.0", "avg_bekill": "1.00", "avg_kill": "1.00", "avg_pick_seq": "0.0", "ban_cnt": "0", "gpm": "549", "hero_id": "119", "hero_name": "扁鹊", "kda": "7.00", "pick_cnt": "1", "played": "1", "win_rate": "0.0000" },
    { "avg_assist": "11.00", "avg_ban_seq": "5.4", "avg_bekill": "1.00", "avg_kill": "0.00", "avg_pick_seq": "0.0", "ban_cnt": "5", "gpm": "483", "hero_id": "191", "hero_name": "大乔", "kda": "11.00", "pick_cnt": "0", "played": "2", "win_rate": "1.0000" },
    { "avg_assist": "4.00", "avg_ban_seq": "8.0", "avg_bekill": "4.00", "avg_kill": "5.00", "avg_pick_seq": "0.0", "ban_cnt": "1", "gpm": "709", "hero_id": "146", "hero_name": "露娜", "kda": "2.25", "pick_cnt": "0", "played": "1", "win_rate": "1.0000" }
]