[
    { "hero_id": "108", "hero_name": "墨子" },
    { "hero_id": "109", "hero_name": "妲己" },
    { "hero_id": "112", "hero_name": "鲁班七号" },
    { "hero_id": "113", "hero_name": "庄周" },
    { "hero_id": "114", "hero_name": "刘禅" },
    { "hero_id": "115", "hero_name": "高渐离" },
    { "hero_id": "116", "hero_name": "阿轲" },
    { "hero_id": "117", "hero_name": "钟无艳" },
    { "hero_id": "120", "hero_name": "白起" },
    { "hero_id": "121", "hero_name": "芈月" },
    { "hero_id": "125", "hero_name": "元歌" },
    { "hero_id": "127", "hero_name": "甄姬" },
    { "hero_id": "129", "hero_name": "典韦" },
    { "hero_id": "131", "hero_name": "李白" },
    { "hero_id": "135", "hero_name": "项羽" },
    { "hero_id": "137", "hero_name": "司马懿" },
    { "hero_id": "142", "hero_name": "安琪拉" },
    { "hero_id": "144", "hero_name": "程咬金" },
    { "hero_id": "150", "hero_name": "韩信" },
    { "hero_id": "154", "hero_name": "花木兰" },
    { "hero_id": "155", "hero_name": "艾琳" },
    { "hero_id": "166", "hero_name": "亚瑟" },
    { "hero_id": "167", "hero_name": "孙悟空" },
    { "hero_id": "168", "hero_name": "牛魔" },
    { "hero_id": "169", "hero_name": "后羿" },
    { "hero_id": "170", "hero_name": "刘备" },
    { "hero_id": "173", "hero_name": "李元芳" },
    { "hero_id": "175", "hero_name": "钟馗" },
    { "hero_id": "179", "hero_name": "女娲" },
    { "hero_id": "180", "hero_name": "哪吒" },
    { "hero_id": "183", "hero_name": "雅典娜" },
    { "hero_id": "187", "hero_name": "东皇太一" },
    { "hero_id": "190", "hero_name": "诸葛亮" },
    { "hero_id": "192", "hero_name": "黄忠" },
    { "hero_id": "195", "hero_name": "百里玄策" },
    { "hero_id": "196", "hero_name": "百里守约" },
    { "hero_id": "197", "hero_name": "弈星" },
    { "hero_id": "198", "hero_name": "梦奇" },
    { "hero_id": "501", "hero_name": "明世隐" },
    { "hero_id": "503", "hero_name": "狂铁" },
    { "hero_id": "504", "hero_name": "米莱狄" },
    { "hero_id": "505", "hero_name": "瑶" },
    { "hero_id": "508", "hero_name": "伽罗" },
    { "hero_id": "525", "hero_name": "鲁班大师" }
]