[
    { "avg_assist": "5.85", "avg_bekill": "2.40", "avg_kill": "2.70", "gpm": "555", "kda": "4.45", "name": "JV.花卷", "openid": "72E2A6C9A3D10B063D0AC5FE559213DA", "played": "20", "rating": "5.60", "total_kill": "54", "win_rate": "0.3500", "xpm": "757" },
    { "avg_assist": "4.70", "avg_bekill": "1.95", "avg_kill": "3.85", "gpm": "729", "kda": "5.15", "name": "JV.包子", "openid": "301BD958B9BA49D275F1E85F4327946F", "played": "20", "rating": "5.60", "total_kill": "77", "win_rate": "0.3500", "xpm": "776" },
    { "avg_assist": "5.30", "avg_bekill": "2.60", "avg_kill": "2.60", "gpm": "593", "kda": "3.61", "name": "JV.温柔", "openid": "D0C5B4A0C2A50194AB17F29B22F0DA55", "played": "20", "rating": "5.60", "total_kill": "52", "win_rate": "0.3500", "xpm": "756" },
    { "avg_assist": "5.35", "avg_bekill": "2.75", "avg_kill": "2.45", "gpm": "588", "kda": "3.96", "name": "JV.无缘", "openid": "1B53F1D968D2449302BC0959A96C729B", "played": "20", "rating": "5.60", "total_kill": "49", "win_rate": "0.3500", "xpm": "784" },
    { "avg_assist": "8.00", "avg_bekill": "2.20", "avg_kill": "0.40", "gpm": "406", "kda": "4.48", "name": "JV.馒头", "openid": "75457993849E7DE0B27A8A8E94C287C8", "played": "20", "rating": "5.60", "total_kill": "8", "win_rate": "0.3500", "xpm": "723" },
    { "avg_assist": "5.00", "avg_bekill": "4.05", "avg_kill": "2.05", "gpm": "571", "kda": "2.55", "name": "DVG.云凡", "openid": "2E56560654855EAD79D4D726749D3BBB", "played": "19", "rating": "5.60", "total_kill": "39", "win_rate": "0.4737", "xpm": "840" },
    { "avg_assist": "4.11", "avg_bekill": "2.68", "avg_kill": "2.79", "gpm": "614", "kda": "3.42", "name": "XM.岛岛", "openid": "18CB7BC70440597FB442A777B7420178", "played": "19", "rating": "5.60", "total_kill": "53", "win_rate": "0.4737", "xpm": "816" },
    { "avg_assist": "5.89", "avg_bekill": "3.11", "avg_kill": "1.63", "gpm": "581", "kda": "2.83", "name": "XM.BB", "openid": "88F391A7CE029AD4F529785F563CF56C", "played": "19", "rating": "5.60", "total_kill": "31", "win_rate": "0.4737", "xpm": "813" },
    { "avg_assist": "4.47", "avg_bekill": "2.79", "avg_kill": "2.16", "gpm": "572", "kda": "3.10", "name": "TTG.白歌", "openid": "EDE798F88C3F6FC9A3C0E8955C77A1D3", "played": "19", "rating": "5.60", "total_kill": "41", "win_rate": "0.3158", "xpm": "784" },
    { "avg_assist": "5.74", "avg_bekill": "2.53", "avg_kill": "3.05", "gpm": "609", "kda": "4.70", "name": "XM.松松 ", "openid": "738D2585E2C93CBAD09ED12BF393FCC0", "played": "19", "rating": "5.60", "total_kill": "58", "win_rate": "0.4737", "xpm": "801" },
    { "avg_assist": "3.63", "avg_bekill": "1.58", "avg_kill": "2.32", "gpm": "610", "kda": "4.50", "name": "DVG.笑煮 ", "openid": "BF9DFCA9A5F4DECD44E62AF037E1E527", "played": "19", "rating": "5.60", "total_kill": "44", "win_rate": "0.4737", "xpm": "817" },
    { "avg_assist": "5.00", "avg_bekill": "2.42", "avg_kill": "0.63", "gpm": "387", "kda": "2.90", "name": "TTG.小鹿", "openid": "3728DBD4B5E4DA22495634E9669BA0C2", "played": "19", "rating": "5.60", "total_kill": "12", "win_rate": "0.3158", "xpm": "724" },
    { "avg_assist": "4.00", "avg_bekill": "3.63", "avg_kill": "2.16", "gpm": "622", "kda": "2.74", "name": "TTG.蛋糕", "openid": "D410B0E959434347945967C7A45873A2", "played": "19", "rating": "5.60", "total_kill": "41", "win_rate": "0.3158", "xpm": "811" },
    { "avg_assist": "6.42", "avg_bekill": "2.79", "avg_kill": "0.32", "gpm": "395", "kda": "3.86", "name": "DVG.阿灿 ", "openid": "61FB4978731530DB27226AB575EA1129", "played": "19", "rating": "5.60", "total_kill": "6", "win_rate": "0.4737", "xpm": "736" },
    { "avg_assist": "3.68", "avg_bekill": "2.47", "avg_kill": "3.53", "gpm": "710", "kda": "3.68", "name": "XM.煜煜", "openid": "686D29E41C3DB878F73D5C83D91CCD0B", "played": "19", "rating": "5.60", "total_kill": "67", "win_rate": "0.4737", "xpm": "834" },
    { "avg_assist": "5.16", "avg_bekill": "2.58", "avg_kill": "2.11", "gpm": "597", "kda": "3.87", "name": "DVG.小千 ", "openid": "BB498D0D35CDDBE9137CC8920E86F056", "played": "19", "rating": "5.60", "total_kill": "40", "win_rate": "0.4737", "xpm": "817" },
    { "avg_assist": "6.84", "avg_bekill": "2.79", "avg_kill": "0.84", "gpm": "425", "kda": "3.73", "name": "XM.天天", "openid": "EFB586239F2B43F0EC1038C31C062CC4", "played": "19", "rating": "5.60", "total_kill": "16", "win_rate": "0.4737", "xpm": "739" },
    { "avg_assist": "3.26", "avg_bekill": "2.05", "avg_kill": "3.05", "gpm": "672", "kda": "3.71", "name": "TTG.鹿九", "openid": "EFC208DAD375521498CF6D9AB95BAC0F", "played": "19", "rating": "5.60", "total_kill": "58", "win_rate": "0.3158", "xpm": "821" },
    { "avg_assist": "6.39", "avg_bekill": "2.50", "avg_kill": "2.61", "gpm": "622", "kda": "5.14", "name": "Hope.一梦", "openid": "A62056113852C8BD1AE1171C33D32ABA", "played": "18", "rating": "5.60", "total_kill": "47", "win_rate": "0.8333", "xpm": "818" },
    { "avg_assist": "6.17", "avg_bekill": "2.44", "avg_kill": "1.44", "gpm": "604", "kda": "4.11", "name": "KSSC.无忌", "openid": "66EC81766B148ED74236686E7F1C8493", "played": "18", "rating": "5.60", "total_kill": "26", "win_rate": "0.7778", "xpm": "815" },
    { "avg_assist": "6.39", "avg_bekill": "1.17", "avg_kill": "2.44", "gpm": "640", "kda": "6.62", "name": "KSSC.无邪", "openid": "F7E6BD9D6B8D3648E3C8F54974BF15C1", "played": "18", "rating": "5.60", "total_kill": "44", "win_rate": "0.7778", "xpm": "806" },
    { "avg_assist": "6.50", "avg_bekill": "2.50", "avg_kill": "0.44", "gpm": "398", "kda": "3.55", "name": "CGX.C", "openid": "4AB1CF3710C1353AB7EBBF44DC6485A9", "played": "18", "rating": "5.60", "total_kill": "8", "win_rate": "0.2222", "xpm": "708" },
    { "avg_assist": "4.00", "avg_bekill": "2.22", "avg_kill": "3.11", "gpm": "690", "kda": "3.88", "name": "YSL.汤汤 ", "openid": "7DE8C75A050BE3A6615F952899C1782E", "played": "18", "rating": "5.60", "total_kill": "56", "win_rate": "0.3333", "xpm": "817" },
    { "avg_assist": "4.00", "avg_bekill": "2.89", "avg_kill": "2.56", "gpm": "531", "kda": "2.80", "name": "CGX.s686", "openid": "925C269C44F709B439DEAAC3F7839769", "played": "18", "rating": "5.60", "total_kill": "46", "win_rate": "0.2222", "xpm": "767" },
    { "avg_assist": "5.50", "avg_bekill": "2.83", "avg_kill": "0.67", "gpm": "389", "kda": "2.78", "name": "YSL.TAO", "openid": "F15AF57919C0D3861537DB345DE82034", "played": "18", "rating": "5.60", "total_kill": "12", "win_rate": "0.3333", "xpm": "712" },
    { "avg_assist": "5.83", "avg_bekill": "1.83", "avg_kill": "4.22", "gpm": "742", "kda": "6.24", "name": "Hope.倾城", "openid": "576982DDE588DFBF070EE568BC165EE7", "played": "18", "rating": "5.60", "total_kill": "76", "win_rate": "0.8333", "xpm": "833" },
    { "avg_assist": "6.72", "avg_bekill": "2.33", "avg_kill": "2.50", "gpm": "603", "kda": "5.66", "name": "Hope.君诏", "openid": "C19D0F7E18428F851F9CBED82071436D", "played": "18", "rating": "5.60", "total_kill": "45", "win_rate": "0.8333", "xpm": "812" },
    { "avg_assist": "8.06", "avg_bekill": "1.61", "avg_kill": "0.44", "gpm": "412", "kda": "6.33", "name": "KSSC.筱辉", "openid": "EE3CCB62FB60F968EE47D3F7E0B0BB57", "played": "18", "rating": "5.60", "total_kill": "8", "win_rate": "0.7778", "xpm": "773" },
    { "avg_assist": "3.33", "avg_bekill": "4.00", "avg_kill": "1.94", "gpm": "598", "kda": "1.48", "name": "CGX.小宇 ", "openid": "01383CA89C3564E5FB06213933D90A4B", "played": "18", "rating": "5.60", "total_kill": "35", "win_rate": "0.2222", "xpm": "778" },
    { "avg_assist": "2.22", "avg_bekill": "2.72", "avg_kill": "2.06", "gpm": "650", "kda": "2.01", "name": "YSL.阿四 ", "openid": "48C2342D4B15F30DD1C38067CCD5F242", "played": "18", "rating": "5.60", "total_kill": "37", "win_rate": "0.3333", "xpm": "813" },
    { "avg_assist": "5.39", "avg_bekill": "1.33", "avg_kill": "2.28", "gpm": "605", "kda": "5.72", "name": "CGX.爱喵", "openid": "76CCD2231E91B50A0464E9E164C966FC", "played": "18", "rating": "5.60", "total_kill": "41", "win_rate": "0.2222", "xpm": "781" },
    { "avg_assist": "5.50", "avg_bekill": "1.28", "avg_kill": "1.89", "gpm": "608", "kda": "6.25", "name": "YSL.超神 ", "openid": "AE49061AE340DB9A2A8C01F6FA1D12A3", "played": "18", "rating": "5.60", "total_kill": "34", "win_rate": "0.3333", "xpm": "790" },
    { "avg_assist": "8.67", "avg_bekill": "1.89", "avg_kill": "0.72", "gpm": "472", "kda": "5.41", "name": "HOPE.凡", "openid": "25822801F76AF7A8471C0145FFDAC065", "played": "18", "rating": "5.60", "total_kill": "13", "win_rate": "0.8333", "xpm": "785" },
    { "avg_assist": "4.94", "avg_bekill": "3.00", "avg_kill": "4.61", "gpm": "744", "kda": "4.01", "name": "Hope.晨阳", "openid": "B0019B42DA5B187F036E30193F5BC1C6", "played": "18", "rating": "5.60", "total_kill": "83", "win_rate": "0.8333", "xpm": "841" },
    { "avg_assist": "3.22", "avg_bekill": "1.00", "avg_kill": "6.44", "gpm": "766", "kda": "8.34", "name": "KSSC.小义", "openid": "7D1D29C1629432D8FA2E1CE299D1DF0C", "played": "18", "rating": "5.60", "total_kill": "116", "win_rate": "0.7778", "xpm": "817" },
    { "avg_assist": "4.83", "avg_bekill": "2.56", "avg_kill": "2.67", "gpm": "728", "kda": "4.09", "name": "KSSC.无畏", "openid": "F95EE73A43207678BF73129A2717E243", "played": "18", "rating": "5.60", "total_kill": "48", "win_rate": "0.7778", "xpm": "820" },
    { "avg_assist": "4.00", "avg_bekill": "2.22", "avg_kill": "2.72", "gpm": "647", "kda": "4.44", "name": "CGX.夜半", "openid": "6CF826549059807301E9391E6AA4AD10", "played": "18", "rating": "5.60", "total_kill": "49", "win_rate": "0.2222", "xpm": "778" },
    { "avg_assist": "3.44", "avg_bekill": "3.33", "avg_kill": "2.61", "gpm": "532", "kda": "2.81", "name": "YSL.小9i", "openid": "8FA1D4A9B1890ACEF43B7DD4889CA14F", "played": "18", "rating": "5.60", "total_kill": "47", "win_rate": "0.3333", "xpm": "779" },
    { "avg_assist": "4.35", "avg_bekill": "1.12", "avg_kill": "5.18", "gpm": "752", "kda": "8.21", "name": "VSR.Qy", "openid": "D6D4C5BC0F9EA17C73027A40EA70EA47", "played": "17", "rating": "5.60", "total_kill": "88", "win_rate": "0.7647", "xpm": "851" },
    { "avg_assist": "7.00", "avg_bekill": "1.76", "avg_kill": "3.41", "gpm": "640", "kda": "7.17", "name": "VSR.Mf", "openid": "15CB0C8B97A91A3421E42FFF06CDC079", "played": "17", "rating": "5.60", "total_kill": "58", "win_rate": "0.7647", "xpm": "856" },
    { "avg_assist": "8.47", "avg_bekill": "2.18", "avg_kill": "0.65", "gpm": "416", "kda": "6.24", "name": "VSR.Mssss", "openid": "9A7776308B153BD50C9A29E9041CB5B0", "played": "17", "rating": "5.60", "total_kill": "11", "win_rate": "0.7647", "xpm": "752" },
    { "avg_assist": "6.76", "avg_bekill": "1.59", "avg_kill": "3.71", "gpm": "624", "kda": "7.37", "name": "VSR.Jx", "openid": "5CB464E6753E0DF3D0D9EA6D1B050604", "played": "17", "rating": "5.60", "total_kill": "63", "win_rate": "0.7647", "xpm": "804" },
    { "avg_assist": "7.06", "avg_bekill": "2.47", "avg_kill": "1.47", "gpm": "593", "kda": "4.79", "name": "VSR.Vv", "openid": "30936661D0227A5A83DC27246BAE9AD6", "played": "17", "rating": "5.60", "total_kill": "25", "win_rate": "0.7647", "xpm": "799" },
    { "avg_assist": "3.64", "avg_bekill": "1.93", "avg_kill": "4.29", "gpm": "706", "kda": "5.69", "name": "DVG.诺龙 ", "openid": "6A6EAB6AAA01CB1D15750744879A6BE6", "played": "14", "rating": "5.60", "total_kill": "60", "win_rate": "0.5714", "xpm": "844" },
    { "avg_assist": "4.83", "avg_bekill": "2.67", "avg_kill": "2.25", "gpm": "560", "kda": "3.88", "name": "TTG.如愿", "openid": "A3FADD0B7AE3CCA6A4AC2CCC57A5478A", "played": "12", "rating": "5.60", "total_kill": "27", "win_rate": "0.3333", "xpm": "748" },
    { "avg_assist": "2.29", "avg_bekill": "2.57", "avg_kill": "1.71", "gpm": "611", "kda": "2.43", "name": "TTG.小雨", "openid": "677E3EBCFEDCCD0AFFB6ABAC9422F70D", "played": "7", "rating": "5.60", "total_kill": "12", "win_rate": "0.2857", "xpm": "862" },
    { "avg_assist": "1.75", "avg_bekill": "2.25", "avg_kill": "2.75", "gpm": "665", "kda": "2.17", "name": "DVG.成彦 ", "openid": "7DCABA86362CF01CDDE5B58D645F7C74", "played": "4", "rating": "5.60", "total_kill": "11", "win_rate": "0.2500", "xpm": "838" },
    { "avg_assist": "0.00", "avg_bekill": "1.00", "avg_kill": "1.00", "gpm": "604", "kda": "1.00", "name": "DVG.涛涛 ", "openid": "FD8A3C52B3CF02E26D6675C8D1E0964B", "played": "1", "rating": "5.60", "total_kill": "1", "win_rate": "0.0000", "xpm": "853" }
]