[
    { "ban_heros": "199|148|177|111", "camp": "2", "game_label": "119501", "game_time": "2019-12-03 14:13:54", "is_win": "0", "kill_cnt": "1", "pick_heros": "", "team_id": "21", "team_name": "DVG" },
    { "ban_heros": "509|153|107|511", "camp": "1", "game_label": "119501", "game_time": "2019-12-03 14:13:54", "is_win": "1", "kill_cnt": "10", "pick_heros": "", "team_id": "73", "team_name": "VSTAR" },
    { "ban_heros": "132|509|518|186", "camp": "1", "game_label": "119501", "game_time": "2019-12-03 14:38:40", "is_win": "0", "kill_cnt": "2", "pick_heros": "", "team_id": "21", "team_name": "DVG" },
    { "ban_heros": "148|529|156|312", "camp": "2", "game_label": "119501", "game_time": "2019-12-03 14:38:40", "is_win": "1", "kill_cnt": "17", "pick_heros": "", "team_id": "73", "team_name": "VSTAR" },
    { "ban_heros": "199|148|153|107", "camp": "2", "game_label": "119503", "game_time": "2019-12-03 15:09:19", "is_win": "1", "kill_cnt": "17", "pick_heros": "", "team_id": "75", "team_name": "KSSC" },
    { "ban_heros": "509|518|157|513", "camp": "1", "game_label": "119503", "game_time": "2019-12-03 15:09:19", "is_win": "0", "kill_cnt": "13", "pick_heros": "132|312|105|511|128", "team_id": "82", "team_name": "CGX" },
    { "ban_heros": "529|111|141|176", "camp": "1", "game_label": "119503", "game_time": "2019-12-03 15:40:04", "is_win": "1", "kill_cnt": "14", "pick_heros": "", "team_id": "75", "team_name": "KSSC" },
    { "ban_heros": "148|509|178|153", "camp": "2", "game_label": "119503", "game_time": "2019-12-03 15:40:04", "is_win": "0", "kill_cnt": "15", "pick_heros": "123|502|118|140|152", "team_id": "82", "team_name": "CGX" },
    { "ban_heros": "148|199|157|522", "camp": "2", "game_label": "119505", "game_time": "2019-12-03 16:28:14", "is_win": "1", "kill_cnt": "19", "pick_heros": "", "team_id": "73", "team_name": "VSTAR" },
    { "ban_heros": "513|509|511|140", "camp": "1", "game_label": "119505", "game_time": "2019-12-03 16:28:14", "is_win": "0", "kill_cnt": "11", "pick_heros": "529|186|111|518|515", "team_id": "85", "team_name": "YSL" },
    { "ban_heros": "529|171|140|518", "camp": "2", "game_label": "119506", "game_time": "2019-12-03 17:00:28", "is_win": "0", "kill_cnt": "15", "pick_heros": "", "team_id": "21", "team_name": "DVG" },
    { "ban_heros": "132|509|511|139", "camp": "1", "game_label": "119506", "game_time": "2019-12-03 17:00:28", "is_win": "1", "kill_cnt": "26", "pick_heros": "", "team_id": "47", "team_name": "JV" },
    { "ban_heros": "153|522|511|193", "camp": "1", "game_label": "119505", "game_time": "2019-12-03 17:09:48", "is_win": "1", "kill_cnt": "15", "pick_heros": "", "team_id": "73", "team_name": "VSTAR" },
    { "ban_heros": "148|199|186|162", "camp": "2", "game_label": "119505", "game_time": "2019-12-03 17:09:48", "is_win": "0", "kill_cnt": "10", "pick_heros": "509|132|124|163|139", "team_id": "85", "team_name": "YSL" },
    { "ban_heros": "199|529|153|140", "camp": "1", "game_label": "119506", "game_time": "2019-12-03 17:35:09", "is_win": "0", "kill_cnt": "7", "pick_heros": "", "team_id": "21", "team_name": "DVG" },
    { "ban_heros": "148|132|157|124", "camp": "2", "game_label": "119506", "game_time": "2019-12-03 17:35:09", "is_win": "1", "kill_cnt": "15", "pick_heros": "", "team_id": "47", "team_name": "JV" },
    { "ban_heros": "199|148|139|153", "camp": "2", "game_label": "119507", "game_time": "2019-12-03 17:45:14", "is_win": "1", "kill_cnt": "10", "pick_heros": "", "team_id": "75", "team_name": "KSSC" },
    { "ban_heros": "509|186|124|513", "camp": "1", "game_label": "119507", "game_time": "2019-12-03 17:45:14", "is_win": "0", "kill_cnt": "4", "pick_heros": "132|178|149|141|522", "team_id": "83", "team_name": "XM" },
    { "ban_heros": "111|529|518|163", "camp": "1", "game_label": "119507", "game_time": "2019-12-03 18:13:32", "is_win": "1", "kill_cnt": "15", "pick_heros": "", "team_id": "75", "team_name": "KSSC" },
    { "ban_heros": "148|511|312|124", "camp": "2", "game_label": "119507", "game_time": "2019-12-03 18:13:32", "is_win": "0", "kill_cnt": "15", "pick_heros": "199|194|157|107|193", "team_id": "83", "team_name": "XM" },
    { "ban_heros": "509|518|171|184", "camp": "1", "game_label": "119508", "game_time": "2019-12-03 18:18:12", "is_win": "1", "kill_cnt": "15", "pick_heros": "199|124|194|153|128", "team_id": "82", "team_name": "CGX" },
    { "ban_heros": "148|132|140|139", "camp": "2", "game_label": "119508", "game_time": "2019-12-03 18:18:12", "is_win": "0", "kill_cnt": "13", "pick_heros": "529|511|111|186|513", "team_id": "84", "team_name": "TTG" },
    { "ban_heros": "199|148|194|105", "camp": "2", "game_label": "119508", "game_time": "2019-12-03 18:51:50", "is_win": "0", "kill_cnt": "1", "pick_heros": "522|509|312|511|174", "team_id": "82", "team_name": "CGX" },
    { "ban_heros": "529|111|177|133", "camp": "1", "game_label": "119508", "game_time": "2019-12-03 18:51:50", "is_win": "1", "kill_cnt": "7", "pick_heros": "132|124|139|171|506", "team_id": "84", "team_name": "TTG" },
    { "ban_heros": "148|199|171|156", "camp": "2", "game_label": "119509", "game_time": "2019-12-03 18:55:02", "is_win": "1", "kill_cnt": "18", "pick_heros": "", "team_id": "73", "team_name": "VSTAR" },
    { "ban_heros": "509|153|140|518", "camp": "1", "game_label": "119509", "game_time": "2019-12-03 18:55:03", "is_win": "0", "kill_cnt": "18", "pick_heros": "", "team_id": "47", "team_name": "JV" },
    { "ban_heros": "509|141|153|194", "camp": "1", "game_label": "119508", "game_time": "2019-12-03 19:18:05", "is_win": "1", "kill_cnt": "18", "pick_heros": "123|502|118|515|193", "team_id": "82", "team_name": "CGX" },
    { "ban_heros": "148|529|139|140", "camp": "2", "game_label": "119508", "game_time": "2019-12-03 19:18:05", "is_win": "0", "kill_cnt": "10", "pick_heros": "199|518|312|105|162", "team_id": "84", "team_name": "TTG" },
    { "ban_heros": "132|148|511|139", "camp": "2", "game_label": "119509", "game_time": "2019-12-03 19:32:32", "is_win": "0", "kill_cnt": "18", "pick_heros": "", "team_id": "47", "team_name": "JV" },
    { "ban_heros": "529|199|156|124", "camp": "1", "game_label": "119509", "game_time": "2019-12-03 19:32:32", "is_win": "1", "kill_cnt": "22", "pick_heros": "", "team_id": "73", "team_name": "VSTAR" },
    { "ban_heros": "509|513|124|152", "camp": "1", "game_label": "119510", "game_time": "2019-12-03 19:59:26", "is_win": "1", "kill_cnt": "11", "pick_heros": "", "team_id": "21", "team_name": "DVG" },
    { "ban_heros": "148|191|139|522", "camp": "2", "game_label": "119510", "game_time": "2019-12-03 19:59:26", "is_win": "0", "kill_cnt": "7", "pick_heros": "171|199|518|163|110", "team_id": "85", "team_name": "YSL" },
    { "ban_heros": "529|148|511|513", "camp": "2", "game_label": "119510", "game_time": "2019-12-03 20:36:26", "is_win": "1", "kill_cnt": "18", "pick_heros": "", "team_id": "21", "team_name": "DVG" },
    { "ban_heros": "199|153|156|124", "camp": "1", "game_label": "119510", "game_time": "2019-12-03 20:36:26", "is_win": "0", "kill_cnt": "10", "pick_heros": "509|522|132|510|515", "team_id": "85", "team_name": "YSL" },
    { "ban_heros": "148|111|139|522", "camp": "2", "game_label": "119512", "game_time": "2019-12-04 13:09:47", "is_win": "1", "kill_cnt": "11", "pick_heros": "", "team_id": "21", "team_name": "DVG" },
    { "ban_heros": "511|186|312|518", "camp": "1", "game_label": "119512", "game_time": "2019-12-04 13:09:47", "is_win": "0", "kill_cnt": "8", "pick_heros": "", "team_id": "75", "team_name": "KSSC" },
    { "ban_heros": "529|111|140|522", "camp": "1", "game_label": "119512", "game_time": "2019-12-04 13:36:44", "is_win": "0", "kill_cnt": "7", "pick_heros": "", "team_id": "21", "team_name": "DVG" },
    { "ban_heros": "511|148|136|312", "camp": "2", "game_label": "119512", "game_time": "2019-12-04 13:36:44", "is_win": "1", "kill_cnt": "20", "pick_heros": "", "team_id": "75", "team_name": "KSSC" },
    { "ban_heros": "529|148|171|152", "camp": "2", "game_label": "119512", "game_time": "2019-12-04 14:06:50", "is_win": "0", "kill_cnt": "3", "pick_heros": "", "team_id": "21", "team_name": "DVG" },
    { "ban_heros": "186|513|312|118", "camp": "1", "game_label": "119512", "game_time": "2019-12-04 14:06:50", "is_win": "1", "kill_cnt": "12", "pick_heros": "", "team_id": "75", "team_name": "KSSC" },
    { "ban_heros": "148|199|312|513", "camp": "2", "game_label": "119511", "game_time": "2019-12-04 14:14:50", "is_win": "1", "kill_cnt": "18", "pick_heros": "", "team_id": "47", "team_name": "JV" },
    { "ban_heros": "509|518|140|157", "camp": "1", "game_label": "119511", "game_time": "2019-12-04 14:14:50", "is_win": "0", "kill_cnt": "12", "pick_heros": "132|105|153|182|128", "team_id": "82", "team_name": "CGX" },
    { "ban_heros": "529|111|157|513", "camp": "1", "game_label": "119511", "game_time": "2019-12-04 14:50:28", "is_win": "0", "kill_cnt": "6", "pick_heros": "", "team_id": "47", "team_name": "JV" },
    { "ban_heros": "148|509|511|141", "camp": "2", "game_label": "119511", "game_time": "2019-12-04 14:50:28", "is_win": "1", "kill_cnt": "10", "pick_heros": "123|502|194|522|106", "team_id": "82", "team_name": "CGX" },
    { "ban_heros": "199|148|156|139", "camp": "2", "game_label": "119511", "game_time": "2019-12-04 15:23:34", "is_win": "0", "kill_cnt": "13", "pick_heros": "", "team_id": "47", "team_name": "JV" },
    { "ban_heros": "132|509|184|157", "camp": "1", "game_label": "119511", "game_time": "2019-12-04 15:23:34", "is_win": "1", "kill_cnt": "17", "pick_heros": "171|529|111|193|136", "team_id": "82", "team_name": "CGX" },
    { "ban_heros": "148|199|515|139", "camp": "2", "game_label": "119513", "game_time": "2019-12-04 16:15:05", "is_win": "1", "kill_cnt": "11", "pick_heros": "132|171|312|518|162", "team_id": "84", "team_name": "TTG" },
    { "ban_heros": "513|509|522|107", "camp": "1", "game_label": "119513", "game_time": "2019-12-04 16:15:05", "is_win": "0", "kill_cnt": "6", "pick_heros": "529|186|177|141|193", "team_id": "85", "team_name": "YSL" },
    { "ban_heros": "132|518|107|511", "camp": "1", "game_label": "119513", "game_time": "2019-12-04 16:44:20", "is_win": "0", "kill_cnt": "4", "pick_heros": "199|139|124|506|194", "team_id": "84", "team_name": "TTG" },
    { "ban_heros": "148|529|153|191", "camp": "2", "game_label": "119513", "game_time": "2019-12-04 16:44:20", "is_win": "1", "kill_cnt": "19", "pick_heros": "509|111|312|510|522", "team_id": "85", "team_name": "YSL" },
    { "ban_heros": "148|199|156|153", "camp": "2", "game_label": "119513", "game_time": "2019-12-04 17:18:26", "is_win": "0", "kill_cnt": "9", "pick_heros": "186|111|193|163|141", "team_id": "84", "team_name": "TTG" },
    { "ban_heros": "529|509|513|157", "camp": "1", "game_label": "119513", "game_time": "2019-12-04 17:18:26", "is_win": "1", "kill_cnt": "12", "pick_heros": "132|194|518|178|182", "team_id": "85", "team_name": "YSL" },
    { "ban_heros": "518|522|162|506", "camp": "1", "game_label": "119518", "game_time": "2019-12-04 17:55:08", "is_win": "1", "kill_cnt": "15", "pick_heros": "", "team_id": "73", "team_name": "VSTAR" },
    { "ban_heros": "148|529|193|153", "camp": "2", "game_label": "119518", "game_time": "2019-12-04 17:55:08", "is_win": "0", "kill_cnt": "5", "pick_heros": "111|171|152|140|163", "team_id": "84", "team_name": "TTG" },
    { "ban_heros": "148|199|522|128", "camp": "2", "game_label": "119515", "game_time": "2019-12-04 18:00:27", "is_win": "1", "kill_cnt": "13", "pick_heros": "", "team_id": "21", "team_name": "DVG" },
    { "ban_heros": "509|518|513|515", "camp": "1", "game_label": "119515", "game_time": "2019-12-04 18:00:27", "is_win": "0", "kill_cnt": "7", "pick_heros": "132|107|105|157|140", "team_id": "82", "team_name": "CGX" },
    { "ban_heros": "148|199|162|506", "camp": "2", "game_label": "119518", "game_time": "2019-12-04 18:17:16", "is_win": "1", "kill_cnt": "19", "pick_heros": "", "team_id": "73", "team_name": "VSTAR" },
    { "ban_heros": "518|140|193|171", "camp": "1", "game_label": "119518", "game_time": "2019-12-04 18:17:16", "is_win": "0", "kill_cnt": "6", "pick_heros": "132|513|139|194|153", "team_id": "84", "team_name": "TTG" },
    { "ban_heros": "529|509|124|513", "camp": "1", "game_label": "119515", "game_time": "2019-12-04 18:30:41", "is_win": "1", "kill_cnt": "12", "pick_heros": "", "team_id": "21", "team_name": "DVG" },
    { "ban_heros": "148|522|139|178", "camp": "2", "game_label": "119515", "game_time": "2019-12-04 18:30:41", "is_win": "0", "kill_cnt": "2", "pick_heros": "502|123|518|186|176", "team_id": "82", "team_name": "CGX" },
    { "ban_heros": "509|529|139|522", "camp": "1", "game_label": "119520", "game_time": "2019-12-04 19:03:14", "is_win": "1", "kill_cnt": "14", "pick_heros": "", "team_id": "47", "team_name": "JV" },
    { "ban_heros": "199|148|156|515", "camp": "2", "game_label": "119520", "game_time": "2019-12-04 19:03:14", "is_win": "0", "kill_cnt": "6", "pick_heros": "", "team_id": "75", "team_name": "KSSC" },
    { "ban_heros": "509|522|523|513", "camp": "1", "game_label": "119517", "game_time": "2019-12-04 19:04:56", "is_win": "1", "kill_cnt": "20", "pick_heros": "529|186|124|174|157", "team_id": "83", "team_name": "XM" },
    { "ban_heros": "148|191|111|132", "camp": "2", "game_label": "119517", "game_time": "2019-12-04 19:04:56", "is_win": "0", "kill_cnt": "17", "pick_heros": "511|199|184|182|153", "team_id": "85", "team_name": "YSL" },
    { "ban_heros": "153|132|162|502", "camp": "2", "game_label": "119520", "game_time": "2019-12-04 19:37:58", "is_win": "0", "kill_cnt": "3", "pick_heros": "", "team_id": "47", "team_name": "JV" },
    { "ban_heros": "111|518|511|522", "camp": "1", "game_label": "119520", "game_time": "2019-12-04 19:37:58", "is_win": "1", "kill_cnt": "13", "pick_heros": "", "team_id": "75", "team_name": "KSSC" },
    { "ban_heros": "148|186|124|515", "camp": "2", "game_label": "119517", "game_time": "2019-12-04 19:45:12", "is_win": "0", "kill_cnt": "11", "pick_heros": "522|509|111|152|134", "team_id": "83", "team_name": "XM" },
    { "ban_heros": "518|199|141|312", "camp": "1", "game_label": "119517", "game_time": "2019-12-04 19:45:12", "is_win": "1", "kill_cnt": "21", "pick_heros": "132|529|194|157|193", "team_id": "85", "team_name": "YSL" },
    { "ban_heros": "132|199|123|503", "camp": "1", "game_label": "119520", "game_time": "2019-12-04 20:03:37", "is_win": "0", "kill_cnt": "9", "pick_heros": "", "team_id": "47", "team_name": "JV" },
    { "ban_heros": "148|511|186|184", "camp": "2", "game_label": "119520", "game_time": "2019-12-04 20:03:37", "is_win": "1", "kill_cnt": "7", "pick_heros": "", "team_id": "75", "team_name": "KSSC" },
    { "ban_heros": "111|509|124|152", "camp": "1", "game_label": "119517", "game_time": "2019-12-04 20:16:02", "is_win": "0", "kill_cnt": "7", "pick_heros": "511|118|506|119|139", "team_id": "83", "team_name": "XM" },
    { "ban_heros": "148|132|518|141", "camp": "2", "game_label": "119517", "game_time": "2019-12-04 20:16:02", "is_win": "1", "kill_cnt": "10", "pick_heros": "502|123|522|176|186", "team_id": "85", "team_name": "YSL" },
    { "ban_heros": "509|132|123|193", "camp": "1", "game_label": "119519", "game_time": "2019-12-04 20:54:29", "is_win": "1", "kill_cnt": "13", "pick_heros": "", "team_id": "74", "team_name": "HOPE" },
    { "ban_heros": "148|529|152|156", "camp": "2", "game_label": "119519", "game_time": "2019-12-04 20:54:29", "is_win": "0", "kill_cnt": "13", "pick_heros": "199|194|124|522|107", "team_id": "82", "team_name": "CGX" },
    { "ban_heros": "511|148|513|157", "camp": "2", "game_label": "119519", "game_time": "2019-12-04 21:23:09", "is_win": "1", "kill_cnt": "14", "pick_heros": "", "team_id": "74", "team_name": "HOPE" },
    { "ban_heros": "199|509|153|139", "camp": "1", "game_label": "119519", "game_time": "2019-12-04 21:23:09", "is_win": "0", "kill_cnt": "7", "pick_heros": "529|111|171|193|312", "team_id": "82", "team_name": "CGX" },
    { "ban_heros": "509|157|163|149", "camp": "1", "game_label": "119522", "game_time": "2019-12-05 13:03:52", "is_win": "1", "kill_cnt": "16", "pick_heros": "", "team_id": "74", "team_name": "HOPE" },
    { "ban_heros": "148|511|156|124", "camp": "2", "game_label": "119522", "game_time": "2019-12-05 13:03:52", "is_win": "0", "kill_cnt": "10", "pick_heros": "132|186|141|510|518", "team_id": "83", "team_name": "XM" },
    { "ban_heros": "529|157|522|199", "camp": "2", "game_label": "119522", "game_time": "2019-12-05 13:27:47", "is_win": "0", "kill_cnt": "14", "pick_heros": "", "team_id": "74", "team_name": "HOPE" },
    { "ban_heros": "132|186|162|146", "camp": "1", "game_label": "119522", "game_time": "2019-12-05 13:27:47", "is_win": "1", "kill_cnt": "20", "pick_heros": "511|124|105|163|111", "team_id": "83", "team_name": "XM" },
    { "ban_heros": "529|509|148|140", "camp": "1", "game_label": "119522", "game_time": "2019-12-05 14:03:34", "is_win": "0", "kill_cnt": "10", "pick_heros": "", "team_id": "74", "team_name": "HOPE" },
    { "ban_heros": "511|132|153|162", "camp": "2", "game_label": "119522", "game_time": "2019-12-05 14:03:34", "is_win": "1", "kill_cnt": "16", "pick_heros": "502|123|157|522|189", "team_id": "83", "team_name": "XM" },
    { "ban_heros": "529|156|110|312", "camp": "1", "game_label": "119521", "game_time": "2019-12-05 14:12:00", "is_win": "0", "kill_cnt": "6", "pick_heros": "", "team_id": "73", "team_name": "VSTAR" },
    { "ban_heros": "148|509|186|140", "camp": "2", "game_label": "119521", "game_time": "2019-12-05 14:12:00", "is_win": "1", "kill_cnt": "16", "pick_heros": "", "team_id": "75", "team_name": "KSSC" },
    { "ban_heros": "148|132|136|312", "camp": "2", "game_label": "119521", "game_time": "2019-12-05 14:47:16", "is_win": "0", "kill_cnt": "14", "pick_heros": "", "team_id": "73", "team_name": "VSTAR" },
    { "ban_heros": "111|529|133|174", "camp": "1", "game_label": "119521", "game_time": "2019-12-05 14:47:16", "is_win": "1", "kill_cnt": "13", "pick_heros": "", "team_id": "75", "team_name": "KSSC" },
    { "ban_heros": "509|111|186|184", "camp": "1", "game_label": "119523", "game_time": "2019-12-05 15:27:54", "is_win": "0", "kill_cnt": "1", "pick_heros": "", "team_id": "47", "team_name": "JV" },
    { "ban_heros": "148|529|107|163", "camp": "2", "game_label": "119523", "game_time": "2019-12-05 15:27:54", "is_win": "1", "kill_cnt": "3", "pick_heros": "132|511|507|194|141", "team_id": "84", "team_name": "TTG" },
    { "ban_heros": "529|153|121|124", "camp": "1", "game_label": "119526", "game_time": "2019-12-05 15:52:32", "is_win": "1", "kill_cnt": "13", "pick_heros": "", "team_id": "73", "team_name": "VSTAR" },
    { "ban_heros": "132|511|193|186", "camp": "2", "game_label": "119526", "game_time": "2019-12-05 15:52:32", "is_win": "0", "kill_cnt": "4", "pick_heros": "", "team_id": "74", "team_name": "HOPE" },
    { "ban_heros": "148|111|191|513", "camp": "2", "game_label": "119523", "game_time": "2019-12-05 15:57:30", "is_win": "0", "kill_cnt": "9", "pick_heros": "", "team_id": "47", "team_name": "JV" },
    { "ban_heros": "509|132|511|176", "camp": "1", "game_label": "119523", "game_time": "2019-12-05 15:57:30", "is_win": "1", "kill_cnt": "15", "pick_heros": "529|199|139|515|156", "team_id": "84", "team_name": "TTG" },
    { "ban_heros": "148|511|124|312", "camp": "2", "game_label": "119526", "game_time": "2019-12-05 16:12:42", "is_win": "0", "kill_cnt": "12", "pick_heros": "", "team_id": "73", "team_name": "VSTAR" },
    { "ban_heros": "509|199|186|149", "camp": "1", "game_label": "119526", "game_time": "2019-12-05 16:12:42", "is_win": "1", "kill_cnt": "15", "pick_heros": "", "team_id": "74", "team_name": "HOPE" },
    { "ban_heros": "509|522|149|107", "camp": "1", "game_label": "119525", "game_time": "2019-12-05 16:43:38", "is_win": "1", "kill_cnt": "11", "pick_heros": "", "team_id": "21", "team_name": "DVG" },
    { "ban_heros": "148|199|124|156", "camp": "2", "game_label": "119525", "game_time": "2019-12-05 16:43:38", "is_win": "0", "kill_cnt": "7", "pick_heros": "132|511|157|118|193", "team_id": "83", "team_name": "XM" },
    { "ban_heros": "148|153|178|140", "camp": "1", "game_label": "119526", "game_time": "2019-12-05 16:47:25", "is_win": "0", "kill_cnt": "12", "pick_heros": "", "team_id": "73", "team_name": "VSTAR" },
    { "ban_heros": "529|199|312|111", "camp": "2", "game_label": "119526", "game_time": "2019-12-05 16:47:25", "is_win": "1", "kill_cnt": "18", "pick_heros": "", "team_id": "74", "team_name": "HOPE" },
    { "ban_heros": "148|529|174|111", "camp": "2", "game_label": "119525", "game_time": "2019-12-05 17:11:08", "is_win": "1", "kill_cnt": "14", "pick_heros": "", "team_id": "21", "team_name": "DVG" },
    { "ban_heros": "511|132|523|157", "camp": "1", "game_label": "119525", "game_time": "2019-12-05 17:11:08", "is_win": "0", "kill_cnt": "6", "pick_heros": "163|186|124|133|518", "team_id": "83", "team_name": "XM" },
    { "ban_heros": "509|153|312|156", "camp": "1", "game_label": "119527", "game_time": "2019-12-05 17:50:37", "is_win": "1", "kill_cnt": "15", "pick_heros": "", "team_id": "75", "team_name": "KSSC" },
    { "ban_heros": "148|529|139|518", "camp": "2", "game_label": "119527", "game_time": "2019-12-05 17:50:37", "is_win": "0", "kill_cnt": "2", "pick_heros": "132|511|522|118|182", "team_id": "84", "team_name": "TTG" },
    { "ban_heros": "148|199|107|506", "camp": "2", "game_label": "119527", "game_time": "2019-12-05 18:17:15", "is_win": "1", "kill_cnt": "22", "pick_heros": "", "team_id": "75", "team_name": "KSSC" },
    { "ban_heros": "509|529|511|193", "camp": "1", "game_label": "119527", "game_time": "2019-12-05 18:17:15", "is_win": "0", "kill_cnt": "12", "pick_heros": "111|171|139|149|141", "team_id": "84", "team_name": "TTG" },
    { "ban_heros": "509|511|186|118", "camp": "1", "game_label": "119529", "game_time": "2019-12-05 19:00:13", "is_win": "0", "kill_cnt": "7", "pick_heros": "", "team_id": "21", "team_name": "DVG" },
    { "ban_heros": "148|105|312|157", "camp": "2", "game_label": "119529", "game_time": "2019-12-05 19:00:13", "is_win": "1", "kill_cnt": "18", "pick_heros": "", "team_id": "74", "team_name": "HOPE" },
    { "ban_heros": "529|148|107|506", "camp": "2", "game_label": "119529", "game_time": "2019-12-05 19:30:10", "is_win": "0", "kill_cnt": "21", "pick_heros": "", "team_id": "21", "team_name": "DVG" },
    { "ban_heros": "153|199|157|163", "camp": "1", "game_label": "119529", "game_time": "2019-12-05 19:30:10", "is_win": "1", "kill_cnt": "28", "pick_heros": "", "team_id": "74", "team_name": "HOPE" },
    { "ban_heros": "148|132|157|140", "camp": "2", "game_label": "119531", "game_time": "2019-12-06 14:10:56", "is_win": "1", "kill_cnt": "14", "pick_heros": "", "team_id": "74", "team_name": "HOPE" },
    { "ban_heros": "153|509|107|162", "camp": "1", "game_label": "119531", "game_time": "2019-12-06 14:10:56", "is_win": "0", "kill_cnt": "4", "pick_heros": "529|111|171|523|123", "team_id": "84", "team_name": "TTG" },
    { "ban_heros": "199|511|141|312", "camp": "1", "game_label": "119531", "game_time": "2019-12-06 14:35:15", "is_win": "1", "kill_cnt": "19", "pick_heros": "", "team_id": "74", "team_name": "HOPE" },
    { "ban_heros": "153|509|111|132", "camp": "2", "game_label": "119531", "game_time": "2019-12-06 14:35:15", "is_win": "0", "kill_cnt": "9", "pick_heros": "518|502|140|194|513", "team_id": "84", "team_name": "TTG" },
    { "ban_heros": "171|511|156|312", "camp": "1", "game_label": "119533", "game_time": "2019-12-06 15:11:01", "is_win": "1", "kill_cnt": "13", "pick_heros": "", "team_id": "75", "team_name": "KSSC" },
    { "ban_heros": "148|529|518|522", "camp": "2", "game_label": "119533", "game_time": "2019-12-06 15:11:01", "is_win": "0", "kill_cnt": "6", "pick_heros": "510|194|132|140|152", "team_id": "85", "team_name": "YSL" },
    { "ban_heros": "148|511|124|515", "camp": "2", "game_label": "119533", "game_time": "2019-12-06 15:39:33", "is_win": "1", "kill_cnt": "17", "pick_heros": "", "team_id": "75", "team_name": "KSSC" },
    { "ban_heros": "132|529|153|177", "camp": "1", "game_label": "119533", "game_time": "2019-12-06 15:39:33", "is_win": "0", "kill_cnt": "3", "pick_heros": "111|171|163|522|136", "team_id": "85", "team_name": "YSL" },
    { "ban_heros": "148|199|124|149", "camp": "2", "game_label": "119535", "game_time": "2019-12-06 16:19:59", "is_win": "0", "kill_cnt": "16", "pick_heros": "", "team_id": "47", "team_name": "JV" },
    { "ban_heros": "509|511|513|157", "camp": "1", "game_label": "119535", "game_time": "2019-12-06 16:19:59", "is_win": "1", "kill_cnt": "19", "pick_heros": "", "team_id": "74", "team_name": "HOPE" },
    { "ban_heros": "132|199|186|194", "camp": "1", "game_label": "119535", "game_time": "2019-12-06 16:52:21", "is_win": "0", "kill_cnt": "9", "pick_heros": "", "team_id": "47", "team_name": "JV" },
    { "ban_heros": "529|148|149|163", "camp": "2", "game_label": "119535", "game_time": "2019-12-06 16:52:21", "is_win": "1", "kill_cnt": "18", "pick_heros": "", "team_id": "74", "team_name": "HOPE" }
]