[
    { "hero1_id": "132", "hero1_name": "马可波罗", "hero2_id": "154", "hero2_name": "花木兰", "played": "116", "win_rate": "0.5086" },
    { "hero1_id": "132", "hero1_name": "马可波罗", "hero2_id": "194", "hero2_name": "苏烈", "played": "104", "win_rate": "0.4712" },
    { "hero1_id": "132", "hero1_name": "马可波罗", "hero2_id": "171", "hero2_name": "张飞", "played": "98", "win_rate": "0.4592" },
    { "hero1_id": "132", "hero1_name": "马可波罗", "hero2_id": "135", "hero2_name": "项羽", "played": "92", "win_rate": "0.4891" },
    { "hero1_id": "154", "hero1_name": "花木兰", "hero2_id": "199", "hero2_name": "公孙离", "played": "90", "win_rate": "0.5000" },
    { "hero1_id": "132", "hero1_name": "马可波罗", "hero2_id": "140", "hero2_name": "关羽", "played": "88", "win_rate": "0.5795" },
    { "hero1_id": "125", "hero1_name": "元歌", "hero2_id": "132", "hero2_name": "马可波罗", "played": "86", "win_rate": "0.5698" },
    { "hero1_id": "154", "hero1_name": "花木兰", "hero2_id": "194", "hero2_name": "苏烈", "played": "84", "win_rate": "0.4762" },
    { "hero1_id": "120", "hero1_name": "白起", "hero2_id": "132", "hero2_name": "马可波罗", "played": "79", "win_rate": "0.5443" },
    { "hero1_id": "135", "hero1_name": "项羽", "hero2_id": "154", "hero2_name": "花木兰", "played": "71", "win_rate": "0.4507" },
    { "hero1_id": "125", "hero1_name": "元歌", "hero2_id": "154", "hero2_name": "花木兰", "played": "71", "win_rate": "0.4507" },
    { "hero1_id": "132", "hero1_name": "马可波罗", "hero2_id": "134", "hero2_name": "达摩", "played": "71", "win_rate": "0.5352" },
    { "hero1_id": "140", "hero1_name": "关羽", "hero2_id": "199", "hero2_name": "公孙离", "played": "69", "win_rate": "0.5072" },
    { "hero1_id": "125", "hero1_name": "元歌", "hero2_id": "199", "hero2_name": "公孙离", "played": "68", "win_rate": "0.3824" },
    { "hero1_id": "129", "hero1_name": "典韦", "hero2_id": "132", "hero2_name": "马可波罗", "played": "64", "win_rate": "0.5313" },
    { "hero1_id": "154", "hero1_name": "花木兰", "hero2_id": "171", "hero2_name": "张飞", "played": "63", "win_rate": "0.4603" },
    { "hero1_id": "120", "hero1_name": "白起", "hero2_id": "199", "hero2_name": "公孙离", "played": "62", "win_rate": "0.4839" },
    { "hero1_id": "125", "hero1_name": "元歌", "hero2_id": "194", "hero2_name": "苏烈", "played": "61", "win_rate": "0.4918" },
    { "hero1_id": "126", "hero1_name": "夏侯惇", "hero2_id": "132", "hero2_name": "马可波罗", "played": "59", "win_rate": "0.4915" },
    { "hero1_id": "135", "hero1_name": "项羽", "hero2_id": "199", "hero2_name": "公孙离", "played": "55", "win_rate": "0.4727" },
    { "hero1_id": "171", "hero1_name": "张飞", "hero2_id": "199", "hero2_name": "公孙离", "played": "54", "win_rate": "0.3704" },
    { "hero1_id": "132", "hero1_name": "马可波罗", "hero2_id": "141", "hero2_name": "貂蝉", "played": "53", "win_rate": "0.6415" },
    { "hero1_id": "194", "hero1_name": "苏烈", "hero2_id": "199", "hero2_name": "公孙离", "played": "52", "win_rate": "0.4231" },
    { "hero1_id": "140", "hero1_name": "关羽", "hero2_id": "194", "hero2_name": "苏烈", "played": "52", "win_rate": "0.5000" },
    { "hero1_id": "140", "hero1_name": "关羽", "hero2_id": "171", "hero2_name": "张飞", "played": "50", "win_rate": "0.6000" },
    { "hero1_id": "134", "hero1_name": "达摩", "hero2_id": "171", "hero2_name": "张飞", "played": "50", "win_rate": "0.6200" },
    { "hero1_id": "129", "hero1_name": "典韦", "hero2_id": "194", "hero2_name": "苏烈", "played": "49", "win_rate": "0.4694" },
    { "hero1_id": "132", "hero1_name": "马可波罗", "hero2_id": "509", "hero2_name": "盾山", "played": "49", "win_rate": "0.4898" },
    { "hero1_id": "134", "hero1_name": "达摩", "hero2_id": "162", "hero2_name": "娜可露露", "played": "48", "win_rate": "0.6042" },
    { "hero1_id": "134", "hero1_name": "达摩", "hero2_id": "199", "hero2_name": "公孙离", "played": "48", "win_rate": "0.4583" },
    { "hero1_id": "154", "hero1_name": "花木兰", "hero2_id": "189", "hero2_name": "鬼谷子", "played": "48", "win_rate": "0.5833" },
    { "hero1_id": "154", "hero1_name": "花木兰", "hero2_id": "502", "hero2_name": "裴擒虎", "played": "48", "win_rate": "0.6042" },
    { "hero1_id": "132", "hero1_name": "马可波罗", "hero2_id": "189", "hero2_name": "鬼谷子", "played": "47", "win_rate": "0.5745" },
    { "hero1_id": "135", "hero1_name": "项羽", "hero2_id": "171", "hero2_name": "张飞", "played": "47", "win_rate": "0.4894" },
    { "hero1_id": "125", "hero1_name": "元歌", "hero2_id": "129", "hero2_name": "典韦", "played": "47", "win_rate": "0.4255" },
    { "hero1_id": "154", "hero1_name": "花木兰", "hero2_id": "162", "hero2_name": "娜可露露", "played": "47", "win_rate": "0.5319" },
    { "hero1_id": "154", "hero1_name": "花木兰", "hero2_id": "182", "hero2_name": "干将莫邪", "played": "46", "win_rate": "0.5000" },
    { "hero1_id": "132", "hero1_name": "马可波罗", "hero2_id": "139", "hero2_name": "老夫子", "played": "45", "win_rate": "0.4000" },
    { "hero1_id": "132", "hero1_name": "马可波罗", "hero2_id": "176", "hero2_name": "杨玉环", "played": "45", "win_rate": "0.5333" },
    { "hero1_id": "120", "hero1_name": "白起", "hero2_id": "134", "hero2_name": "达摩", "played": "45", "win_rate": "0.6222" },
    { "hero1_id": "126", "hero1_name": "夏侯惇", "hero2_id": "154", "hero2_name": "花木兰", "played": "45", "win_rate": "0.5333" },
    { "hero1_id": "132", "hero1_name": "马可波罗", "hero2_id": "144", "hero2_name": "程咬金", "played": "44", "win_rate": "0.5000" },
    { "hero1_id": "132", "hero1_name": "马可波罗", "hero2_id": "182", "hero2_name": "干将莫邪", "played": "44", "win_rate": "0.4091" },
    { "hero1_id": "120", "hero1_name": "白起", "hero2_id": "154", "hero2_name": "花木兰", "played": "44", "win_rate": "0.5682" },
    { "hero1_id": "125", "hero1_name": "元歌", "hero2_id": "135", "hero2_name": "项羽", "played": "44", "win_rate": "0.6136" },
    { "hero1_id": "129", "hero1_name": "典韦", "hero2_id": "171", "hero2_name": "张飞", "played": "43", "win_rate": "0.3721" },
    { "hero1_id": "120", "hero1_name": "白起", "hero2_id": "125", "hero2_name": "元歌", "played": "43", "win_rate": "0.7209" },
    { "hero1_id": "154", "hero1_name": "花木兰", "hero2_id": "176", "hero2_name": "杨玉环", "played": "43", "win_rate": "0.5814" },
    { "hero1_id": "129", "hero1_name": "典韦", "hero2_id": "199", "hero2_name": "公孙离", "played": "43", "win_rate": "0.3953" },
    { "hero1_id": "140", "hero1_name": "关羽", "hero2_id": "182", "hero2_name": "干将莫邪", "played": "42", "win_rate": "0.5238" },
    { "hero1_id": "134", "hero1_name": "达摩", "hero2_id": "135", "hero2_name": "项羽", "played": "41", "win_rate": "0.4878" },
    { "hero1_id": "120", "hero1_name": "白起", "hero2_id": "140", "hero2_name": "关羽", "played": "41", "win_rate": "0.5854" },
    { "hero1_id": "125", "hero1_name": "元歌", "hero2_id": "162", "hero2_name": "娜可露露", "played": "41", "win_rate": "0.6829" },
    { "hero1_id": "194", "hero1_name": "苏烈", "hero2_id": "502", "hero2_name": "裴擒虎", "played": "41", "win_rate": "0.5610" },
    { "hero1_id": "118", "hero1_name": "孙膑", "hero2_id": "132", "hero2_name": "马可波罗", "played": "40", "win_rate": "0.3750" },
    { "hero1_id": "132", "hero1_name": "马可波罗", "hero2_id": "156", "hero2_name": "张良", "played": "40", "win_rate": "0.5500" },
    { "hero1_id": "125", "hero1_name": "元歌", "hero2_id": "126", "hero2_name": "夏侯惇", "played": "40", "win_rate": "0.4500" },
    { "hero1_id": "176", "hero1_name": "杨玉环", "hero2_id": "199", "hero2_name": "公孙离", "played": "40", "win_rate": "0.4750" },
    { "hero1_id": "132", "hero1_name": "马可波罗", "hero2_id": "168", "hero2_name": "牛魔", "played": "40", "win_rate": "0.4500" },
    { "hero1_id": "125", "hero1_name": "元歌", "hero2_id": "134", "hero2_name": "达摩", "played": "40", "win_rate": "0.6250" },
    { "hero1_id": "162", "hero1_name": "娜可露露", "hero2_id": "194", "hero2_name": "苏烈", "played": "39", "win_rate": "0.4103" },
    { "hero1_id": "134", "hero1_name": "达摩", "hero2_id": "194", "hero2_name": "苏烈", "played": "39", "win_rate": "0.3846" },
    { "hero1_id": "132", "hero1_name": "马可波罗", "hero2_id": "186", "hero2_name": "太乙真人", "played": "39", "win_rate": "0.5128" },
    { "hero1_id": "182", "hero1_name": "干将莫邪", "hero2_id": "194", "hero2_name": "苏烈", "played": "38", "win_rate": "0.3947" },
    { "hero1_id": "154", "hero1_name": "花木兰", "hero2_id": "156", "hero2_name": "张良", "played": "38", "win_rate": "0.5789" },
    { "hero1_id": "135", "hero1_name": "项羽", "hero2_id": "189", "hero2_name": "鬼谷子", "played": "38", "win_rate": "0.5000" },
    { "hero1_id": "118", "hero1_name": "孙膑", "hero2_id": "199", "hero2_name": "公孙离", "played": "38", "win_rate": "0.6053" },
    { "hero1_id": "171", "hero1_name": "张飞", "hero2_id": "182", "hero2_name": "干将莫邪", "played": "38", "win_rate": "0.4737" },
    { "hero1_id": "135", "hero1_name": "项羽", "hero2_id": "182", "hero2_name": "干将莫邪", "played": "38", "win_rate": "0.4474" },
    { "hero1_id": "154", "hero1_name": "花木兰", "hero2_id": "168", "hero2_name": "牛魔", "played": "37", "win_rate": "0.5405" },
    { "hero1_id": "120", "hero1_name": "白起", "hero2_id": "171", "hero2_name": "张飞", "played": "37", "win_rate": "0.5135" },
    { "hero1_id": "171", "hero1_name": "张飞", "hero2_id": "502", "hero2_name": "裴擒虎", "played": "37", "win_rate": "0.5946" },
    { "hero1_id": "125", "hero1_name": "元歌", "hero2_id": "189", "hero2_name": "鬼谷子", "played": "37", "win_rate": "0.5135" },
    { "hero1_id": "140", "hero1_name": "关羽", "hero2_id": "176", "hero2_name": "杨玉环", "played": "36", "win_rate": "0.4722" },
    { "hero1_id": "118", "hero1_name": "孙膑", "hero2_id": "120", "hero2_name": "白起", "played": "36", "win_rate": "0.3611" },
    { "hero1_id": "120", "hero1_name": "白起", "hero2_id": "194", "hero2_name": "苏烈", "played": "36", "win_rate": "0.4167" },
    { "hero1_id": "135", "hero1_name": "项羽", "hero2_id": "140", "hero2_name": "关羽", "played": "36", "win_rate": "0.6111" },
    { "hero1_id": "140", "hero1_name": "关羽", "hero2_id": "189", "hero2_name": "鬼谷子", "played": "36", "win_rate": "0.4444" },
    { "hero1_id": "134", "hero1_name": "达摩", "hero2_id": "182", "hero2_name": "干将莫邪", "played": "36", "win_rate": "0.3333" },
    { "hero1_id": "182", "hero1_name": "干将莫邪", "hero2_id": "199", "hero2_name": "公孙离", "played": "36", "win_rate": "0.3889" },
    { "hero1_id": "125", "hero1_name": "元歌", "hero2_id": "140", "hero2_name": "关羽", "played": "36", "win_rate": "0.5833" },
    { "hero1_id": "134", "hero1_name": "达摩", "hero2_id": "502", "hero2_name": "裴擒虎", "played": "35", "win_rate": "0.6857" },
    { "hero1_id": "139", "hero1_name": "老夫子", "hero2_id": "171", "hero2_name": "张飞", "played": "35", "win_rate": "0.4571" },
    { "hero1_id": "118", "hero1_name": "孙膑", "hero2_id": "154", "hero2_name": "花木兰", "played": "35", "win_rate": "0.6286" },
    { "hero1_id": "141", "hero1_name": "貂蝉", "hero2_id": "154", "hero2_name": "花木兰", "played": "35", "win_rate": "0.5714" },
    { "hero1_id": "154", "hero1_name": "花木兰", "hero2_id": "186", "hero2_name": "太乙真人", "played": "34", "win_rate": "0.5294" },
    { "hero1_id": "140", "hero1_name": "关羽", "hero2_id": "162", "hero2_name": "娜可露露", "played": "34", "win_rate": "0.4706" },
    { "hero1_id": "148", "hero1_name": "姜子牙", "hero2_id": "154", "hero2_name": "花木兰", "played": "34", "win_rate": "0.5000" },
    { "hero1_id": "126", "hero1_name": "夏侯惇", "hero2_id": "199", "hero2_name": "公孙离", "played": "34", "win_rate": "0.2941" },
    { "hero1_id": "171", "hero1_name": "张飞", "hero2_id": "194", "hero2_name": "苏烈", "played": "34", "win_rate": "0.4118" },
    { "hero1_id": "129", "hero1_name": "典韦", "hero2_id": "502", "hero2_name": "裴擒虎", "played": "33", "win_rate": "0.4848" },
    { "hero1_id": "141", "hero1_name": "貂蝉", "hero2_id": "199", "hero2_name": "公孙离", "played": "33", "win_rate": "0.4848" },
    { "hero1_id": "134", "hero1_name": "达摩", "hero2_id": "189", "hero2_name": "鬼谷子", "played": "32", "win_rate": "0.5938" },
    { "hero1_id": "135", "hero1_name": "项羽", "hero2_id": "186", "hero2_name": "太乙真人", "played": "31", "win_rate": "0.4839" },
    { "hero1_id": "182", "hero1_name": "干将莫邪", "hero2_id": "502", "hero2_name": "裴擒虎", "played": "31", "win_rate": "0.5484" },
    { "hero1_id": "134", "hero1_name": "达摩", "hero2_id": "176", "hero2_name": "杨玉环", "played": "31", "win_rate": "0.5484" },
    { "hero1_id": "125", "hero1_name": "元歌", "hero2_id": "144", "hero2_name": "程咬金", "played": "31", "win_rate": "0.5806" },
    { "hero1_id": "132", "hero1_name": "马可波罗", "hero2_id": "148", "hero2_name": "姜子牙", "played": "31", "win_rate": "0.4839" },
    { "hero1_id": "126", "hero1_name": "夏侯惇", "hero2_id": "140", "hero2_name": "关羽", "played": "31", "win_rate": "0.3871" },
    { "hero1_id": "134", "hero1_name": "达摩", "hero2_id": "141", "hero2_name": "貂蝉", "played": "30", "win_rate": "0.6000" },
    { "hero1_id": "186", "hero1_name": "太乙真人", "hero2_id": "199", "hero2_name": "公孙离", "played": "30", "win_rate": "0.5000" },
    { "hero1_id": "141", "hero1_name": "貂蝉", "hero2_id": "171", "hero2_name": "张飞", "played": "30", "win_rate": "0.4667" },
    { "hero1_id": "139", "hero1_name": "老夫子", "hero2_id": "194", "hero2_name": "苏烈", "played": "30", "win_rate": "0.4333" },
    { "hero1_id": "134", "hero1_name": "达摩", "hero2_id": "186", "hero2_name": "太乙真人", "played": "29", "win_rate": "0.5517" },
    { "hero1_id": "125", "hero1_name": "元歌", "hero2_id": "509", "hero2_name": "盾山", "played": "29", "win_rate": "0.5517" },
    { "hero1_id": "129", "hero1_name": "典韦", "hero2_id": "154", "hero2_name": "花木兰", "played": "29", "win_rate": "0.4138" },
    { "hero1_id": "129", "hero1_name": "典韦", "hero2_id": "135", "hero2_name": "项羽", "played": "29", "win_rate": "0.3793" },
    { "hero1_id": "176", "hero1_name": "杨玉环", "hero2_id": "194", "hero2_name": "苏烈", "played": "29", "win_rate": "0.5172" },
    { "hero1_id": "120", "hero1_name": "白起", "hero2_id": "129", "hero2_name": "典韦", "played": "29", "win_rate": "0.4483" },
    { "hero1_id": "140", "hero1_name": "关羽", "hero2_id": "168", "hero2_name": "牛魔", "played": "29", "win_rate": "0.3793" },
    { "hero1_id": "140", "hero1_name": "关羽", "hero2_id": "141", "hero2_name": "貂蝉", "played": "28", "win_rate": "0.6429" },
    { "hero1_id": "189", "hero1_name": "鬼谷子", "hero2_id": "199", "hero2_name": "公孙离", "played": "28", "win_rate": "0.5000" },
    { "hero1_id": "120", "hero1_name": "白起", "hero2_id": "182", "hero2_name": "干将莫邪", "played": "28", "win_rate": "0.4286" },
    { "hero1_id": "118", "hero1_name": "孙膑", "hero2_id": "125", "hero2_name": "元歌", "played": "28", "win_rate": "0.4643" },
    { "hero1_id": "134", "hero1_name": "达摩", "hero2_id": "168", "hero2_name": "牛魔", "played": "28", "win_rate": "0.5714" },
    { "hero1_id": "106", "hero1_name": "小乔", "hero2_id": "132", "hero2_name": "马可波罗", "played": "27", "win_rate": "0.4074" },
    { "hero1_id": "113", "hero1_name": "庄周", "hero2_id": "162", "hero2_name": "娜可露露", "played": "27", "win_rate": "0.5556" },
    { "hero1_id": "118", "hero1_name": "孙膑", "hero2_id": "194", "hero2_name": "苏烈", "played": "27", "win_rate": "0.5926" },
    { "hero1_id": "134", "hero1_name": "达摩", "hero2_id": "148", "hero2_name": "姜子牙", "played": "27", "win_rate": "0.4815" },
    { "hero1_id": "162", "hero1_name": "娜可露露", "hero2_id": "189", "hero2_name": "鬼谷子", "played": "27", "win_rate": "0.3704" },
    { "hero1_id": "144", "hero1_name": "程咬金", "hero2_id": "194", "hero2_name": "苏烈", "played": "27", "win_rate": "0.4074" },
    { "hero1_id": "125", "hero1_name": "元歌", "hero2_id": "168", "hero2_name": "牛魔", "played": "27", "win_rate": "0.5185" },
    { "hero1_id": "135", "hero1_name": "项羽", "hero2_id": "141", "hero2_name": "貂蝉", "played": "27", "win_rate": "0.7037" },
    { "hero1_id": "118", "hero1_name": "孙膑", "hero2_id": "176", "hero2_name": "杨玉环", "played": "26", "win_rate": "0.6154" },
    { "hero1_id": "125", "hero1_name": "元歌", "hero2_id": "139", "hero2_name": "老夫子", "played": "26", "win_rate": "0.4231" },
    { "hero1_id": "168", "hero1_name": "牛魔", "hero2_id": "199", "hero2_name": "公孙离", "played": "26", "win_rate": "0.5000" },
    { "hero1_id": "171", "hero1_name": "张飞", "hero2_id": "176", "hero2_name": "杨玉环", "played": "26", "win_rate": "0.5385" },
    { "hero1_id": "139", "hero1_name": "老夫子", "hero2_id": "199", "hero2_name": "公孙离", "played": "26", "win_rate": "0.3462" },
    { "hero1_id": "120", "hero1_name": "白起", "hero2_id": "162", "hero2_name": "娜可露露", "played": "26", "win_rate": "0.5000" },
    { "hero1_id": "120", "hero1_name": "白起", "hero2_id": "189", "hero2_name": "鬼谷子", "played": "25", "win_rate": "0.6800" },
    { "hero1_id": "140", "hero1_name": "关羽", "hero2_id": "186", "hero2_name": "太乙真人", "played": "25", "win_rate": "0.5200" },
    { "hero1_id": "113", "hero1_name": "庄周", "hero2_id": "132", "hero2_name": "马可波罗", "played": "25", "win_rate": "0.5200" },
    { "hero1_id": "134", "hero1_name": "达摩", "hero2_id": "509", "hero2_name": "盾山", "played": "25", "win_rate": "0.4800" },
    { "hero1_id": "120", "hero1_name": "白起", "hero2_id": "502", "hero2_name": "裴擒虎", "played": "25", "win_rate": "0.5600" },
    { "hero1_id": "135", "hero1_name": "项羽", "hero2_id": "502", "hero2_name": "裴擒虎", "played": "25", "win_rate": "0.6000" },
    { "hero1_id": "154", "hero1_name": "花木兰", "hero2_id": "509", "hero2_name": "盾山", "played": "25", "win_rate": "0.5600" },
    { "hero1_id": "182", "hero1_name": "干将莫邪", "hero2_id": "189", "hero2_name": "鬼谷子", "played": "25", "win_rate": "0.4400" },
    { "hero1_id": "189", "hero1_name": "鬼谷子", "hero2_id": "502", "hero2_name": "裴擒虎", "played": "25", "win_rate": "0.7600" },
    { "hero1_id": "113", "hero1_name": "庄周", "hero2_id": "134", "hero2_name": "达摩", "played": "25", "win_rate": "0.5200" },
    { "hero1_id": "176", "hero1_name": "杨玉环", "hero2_id": "502", "hero2_name": "裴擒虎", "played": "25", "win_rate": "0.5600" },
    { "hero1_id": "125", "hero1_name": "元歌", "hero2_id": "148", "hero2_name": "姜子牙", "played": "25", "win_rate": "0.5200" },
    { "hero1_id": "126", "hero1_name": "夏侯惇", "hero2_id": "176", "hero2_name": "杨玉环", "played": "24", "win_rate": "0.5833" },
    { "hero1_id": "120", "hero1_name": "白起", "hero2_id": "156", "hero2_name": "张良", "played": "24", "win_rate": "0.6667" },
    { "hero1_id": "134", "hero1_name": "达摩", "hero2_id": "140", "hero2_name": "关羽", "played": "24", "win_rate": "0.7083" },
    { "hero1_id": "125", "hero1_name": "元歌", "hero2_id": "502", "hero2_name": "裴擒虎", "played": "24", "win_rate": "0.7083" },
    { "hero1_id": "125", "hero1_name": "元歌", "hero2_id": "171", "hero2_name": "张飞", "played": "24", "win_rate": "0.5833" },
    { "hero1_id": "154", "hero1_name": "花木兰", "hero2_id": "184", "hero2_name": "蔡文姬", "played": "24", "win_rate": "0.6250" },
    { "hero1_id": "125", "hero1_name": "元歌", "hero2_id": "184", "hero2_name": "蔡文姬", "played": "24", "win_rate": "0.6667" },
    { "hero1_id": "129", "hero1_name": "典韦", "hero2_id": "189", "hero2_name": "鬼谷子", "played": "24", "win_rate": "0.7083" },
    { "hero1_id": "199", "hero1_name": "公孙离", "hero2_id": "509", "hero2_name": "盾山", "played": "24", "win_rate": "0.5833" },
    { "hero1_id": "134", "hero1_name": "达摩", "hero2_id": "156", "hero2_name": "张良", "played": "23", "win_rate": "0.7391" },
    { "hero1_id": "135", "hero1_name": "项羽", "hero2_id": "162", "hero2_name": "娜可露露", "played": "23", "win_rate": "0.5217" },
    { "hero1_id": "118", "hero1_name": "孙膑", "hero2_id": "126", "hero2_name": "夏侯惇", "played": "23", "win_rate": "0.5217" },
    { "hero1_id": "129", "hero1_name": "典韦", "hero2_id": "182", "hero2_name": "干将莫邪", "played": "23", "win_rate": "0.6957" },
    { "hero1_id": "118", "hero1_name": "孙膑", "hero2_id": "140", "hero2_name": "关羽", "played": "23", "win_rate": "0.6957" },
    { "hero1_id": "118", "hero1_name": "孙膑", "hero2_id": "162", "hero2_name": "娜可露露", "played": "23", "win_rate": "0.7391" },
    { "hero1_id": "176", "hero1_name": "杨玉环", "hero2_id": "186", "hero2_name": "太乙真人", "played": "23", "win_rate": "0.5217" },
    { "hero1_id": "118", "hero1_name": "孙膑", "hero2_id": "134", "hero2_name": "达摩", "played": "23", "win_rate": "0.6522" },
    { "hero1_id": "139", "hero1_name": "老夫子", "hero2_id": "191", "hero2_name": "大乔", "played": "23", "win_rate": "0.4783" },
    { "hero1_id": "141", "hero1_name": "貂蝉", "hero2_id": "194", "hero2_name": "苏烈", "played": "22", "win_rate": "0.4545" },
    { "hero1_id": "123", "hero1_name": "吕布", "hero2_id": "132", "hero2_name": "马可波罗", "played": "22", "win_rate": "0.3636" },
    { "hero1_id": "132", "hero1_name": "马可波罗", "hero2_id": "184", "hero2_name": "蔡文姬", "played": "22", "win_rate": "0.6364" },
    { "hero1_id": "126", "hero1_name": "夏侯惇", "hero2_id": "502", "hero2_name": "裴擒虎", "played": "22", "win_rate": "0.5909" },
    { "hero1_id": "123", "hero1_name": "吕布", "hero2_id": "125", "hero2_name": "元歌", "played": "22", "win_rate": "0.4545" },
    { "hero1_id": "126", "hero1_name": "夏侯惇", "hero2_id": "134", "hero2_name": "达摩", "played": "22", "win_rate": "0.5455" },
    { "hero1_id": "156", "hero1_name": "张良", "hero2_id": "199", "hero2_name": "公孙离", "played": "22", "win_rate": "0.5909" },
    { "hero1_id": "189", "hero1_name": "鬼谷子", "hero2_id": "194", "hero2_name": "苏烈", "played": "22", "win_rate": "0.4091" },
    { "hero1_id": "132", "hero1_name": "马可波罗", "hero2_id": "187", "hero2_name": "东皇太一", "played": "22", "win_rate": "0.4545" },
    { "hero1_id": "156", "hero1_name": "张良", "hero2_id": "194", "hero2_name": "苏烈", "played": "22", "win_rate": "0.5455" },
    { "hero1_id": "162", "hero1_name": "娜可露露", "hero2_id": "509", "hero2_name": "盾山", "played": "22", "win_rate": "0.4545" },
    { "hero1_id": "162", "hero1_name": "娜可露露", "hero2_id": "182", "hero2_name": "干将莫邪", "played": "22", "win_rate": "0.4091" },
    { "hero1_id": "140", "hero1_name": "关羽", "hero2_id": "154", "hero2_name": "花木兰", "played": "21", "win_rate": "0.5238" },
    { "hero1_id": "110", "hero1_name": "嬴政", "hero2_id": "132", "hero2_name": "马可波罗", "played": "21", "win_rate": "0.2857" },
    { "hero1_id": "129", "hero1_name": "典韦", "hero2_id": "140", "hero2_name": "关羽", "played": "21", "win_rate": "0.6190" },
    { "hero1_id": "144", "hero1_name": "程咬金", "hero2_id": "171", "hero2_name": "张飞", "played": "21", "win_rate": "0.4762" },
    { "hero1_id": "140", "hero1_name": "关羽", "hero2_id": "502", "hero2_name": "裴擒虎", "played": "21", "win_rate": "0.5714" },
    { "hero1_id": "113", "hero1_name": "庄周", "hero2_id": "154", "hero2_name": "花木兰", "played": "21", "win_rate": "0.6190" },
    { "hero1_id": "118", "hero1_name": "孙膑", "hero2_id": "123", "hero2_name": "吕布", "played": "21", "win_rate": "0.6667" },
    { "hero1_id": "123", "hero1_name": "吕布", "hero2_id": "176", "hero2_name": "杨玉环", "played": "21", "win_rate": "0.7619" },
    { "hero1_id": "129", "hero1_name": "典韦", "hero2_id": "156", "hero2_name": "张良", "played": "21", "win_rate": "0.5238" },
    { "hero1_id": "168", "hero1_name": "牛魔", "hero2_id": "509", "hero2_name": "盾山", "played": "21", "win_rate": "0.5238" },
    { "hero1_id": "139", "hero1_name": "老夫子", "hero2_id": "186", "hero2_name": "太乙真人", "played": "20", "win_rate": "0.4500" },
    { "hero1_id": "126", "hero1_name": "夏侯惇", "hero2_id": "162", "hero2_name": "娜可露露", "played": "20", "win_rate": "0.5500" },
    { "hero1_id": "129", "hero1_name": "典韦", "hero2_id": "176", "hero2_name": "杨玉环", "played": "20", "win_rate": "0.4000" },
    { "hero1_id": "123", "hero1_name": "吕布", "hero2_id": "502", "hero2_name": "裴擒虎", "played": "20", "win_rate": "0.6000" },
    { "hero1_id": "182", "hero1_name": "干将莫邪", "hero2_id": "186", "hero2_name": "太乙真人", "played": "20", "win_rate": "0.3500" },
    { "hero1_id": "118", "hero1_name": "孙膑", "hero2_id": "129", "hero2_name": "典韦", "played": "20", "win_rate": "0.4000" },
    { "hero1_id": "135", "hero1_name": "项羽", "hero2_id": "176", "hero2_name": "杨玉环", "played": "20", "win_rate": "0.4000" },
    { "hero1_id": "135", "hero1_name": "项羽", "hero2_id": "139", "hero2_name": "老夫子", "played": "20", "win_rate": "0.4500" },
    { "hero1_id": "141", "hero1_name": "貂蝉", "hero2_id": "502", "hero2_name": "裴擒虎", "played": "20", "win_rate": "0.6000" },
    { "hero1_id": "156", "hero1_name": "张良", "hero2_id": "171", "hero2_name": "张飞", "played": "20", "win_rate": "0.5000" },
    { "hero1_id": "156", "hero1_name": "张良", "hero2_id": "189", "hero2_name": "鬼谷子", "played": "20", "win_rate": "0.7500" },
    { "hero1_id": "140", "hero1_name": "关羽", "hero2_id": "509", "hero2_name": "盾山", "played": "19", "win_rate": "0.5789" },
    { "hero1_id": "113", "hero1_name": "庄周", "hero2_id": "199", "hero2_name": "公孙离", "played": "19", "win_rate": "0.4737" },
    { "hero1_id": "120", "hero1_name": "白起", "hero2_id": "141", "hero2_name": "貂蝉", "played": "19", "win_rate": "0.6316" },
    { "hero1_id": "106", "hero1_name": "小乔", "hero2_id": "154", "hero2_name": "花木兰", "played": "19", "win_rate": "0.4737" },
    { "hero1_id": "135", "hero1_name": "项羽", "hero2_id": "194", "hero2_name": "苏烈", "played": "19", "win_rate": "0.5263" },
    { "hero1_id": "144", "hero1_name": "程咬金", "hero2_id": "199", "hero2_name": "公孙离", "played": "19", "win_rate": "0.3158" },
    { "hero1_id": "136", "hero1_name": "武则天", "hero2_id": "154", "hero2_name": "花木兰", "played": "19", "win_rate": "0.4737" },
    { "hero1_id": "135", "hero1_name": "项羽", "hero2_id": "168", "hero2_name": "牛魔", "played": "19", "win_rate": "0.4211" },
    { "hero1_id": "120", "hero1_name": "白起", "hero2_id": "176", "hero2_name": "杨玉环", "played": "19", "win_rate": "0.4211" },
    { "hero1_id": "135", "hero1_name": "项羽", "hero2_id": "156", "hero2_name": "张良", "played": "19", "win_rate": "0.5263" },
    { "hero1_id": "140", "hero1_name": "关羽", "hero2_id": "144", "hero2_name": "程咬金", "played": "19", "win_rate": "0.5263" },
    { "hero1_id": "182", "hero1_name": "干将莫邪", "hero2_id": "509", "hero2_name": "盾山", "played": "19", "win_rate": "0.4211" },
    { "hero1_id": "140", "hero1_name": "关羽", "hero2_id": "156", "hero2_name": "张良", "played": "19", "win_rate": "0.4737" },
    { "hero1_id": "139", "hero1_name": "老夫子", "hero2_id": "502", "hero2_name": "裴擒虎", "played": "19", "win_rate": "0.3684" },
    { "hero1_id": "139", "hero1_name": "老夫子", "hero2_id": "156", "hero2_name": "张良", "played": "18", "win_rate": "0.5556" },
    { "hero1_id": "135", "hero1_name": "项羽", "hero2_id": "148", "hero2_name": "姜子牙", "played": "18", "win_rate": "0.5000" },
    { "hero1_id": "118", "hero1_name": "孙膑", "hero2_id": "141", "hero2_name": "貂蝉", "played": "18", "win_rate": "0.6111" },
    { "hero1_id": "154", "hero1_name": "花木兰", "hero2_id": "196", "hero2_name": "百里守约", "played": "18", "win_rate": "0.3889" },
    { "hero1_id": "129", "hero1_name": "典韦", "hero2_id": "186", "hero2_name": "太乙真人", "played": "18", "win_rate": "0.2778" },
    { "hero1_id": "125", "hero1_name": "元歌", "hero2_id": "186", "hero2_name": "太乙真人", "played": "18", "win_rate": "0.3889" },
    { "hero1_id": "148", "hero1_name": "姜子牙", "hero2_id": "162", "hero2_name": "娜可露露", "played": "18", "win_rate": "0.6111" },
    { "hero1_id": "126", "hero1_name": "夏侯惇", "hero2_id": "141", "hero2_name": "貂蝉", "played": "18", "win_rate": "0.5000" },
    { "hero1_id": "162", "hero1_name": "娜可露露", "hero2_id": "171", "hero2_name": "张飞", "played": "18", "win_rate": "0.6667" },
    { "hero1_id": "156", "hero1_name": "张良", "hero2_id": "162", "hero2_name": "娜可露露", "played": "18", "win_rate": "0.3333" },
    { "hero1_id": "113", "hero1_name": "庄周", "hero2_id": "140", "hero2_name": "关羽", "played": "18", "win_rate": "0.5556" },
    { "hero1_id": "120", "hero1_name": "白起", "hero2_id": "168", "hero2_name": "牛魔", "played": "17", "win_rate": "0.7059" },
    { "hero1_id": "154", "hero1_name": "花木兰", "hero2_id": "191", "hero2_name": "大乔", "played": "17", "win_rate": "0.5882" },
    { "hero1_id": "141", "hero1_name": "貂蝉", "hero2_id": "149", "hero2_name": "刘邦", "played": "17", "win_rate": "0.4118" },
    { "hero1_id": "194", "hero1_name": "苏烈", "hero2_id": "196", "hero2_name": "百里守约", "played": "17", "win_rate": "0.3529" },
    { "hero1_id": "113", "hero1_name": "庄周", "hero2_id": "194", "hero2_name": "苏烈", "played": "17", "win_rate": "0.4118" },
    { "hero1_id": "134", "hero1_name": "达摩", "hero2_id": "184", "hero2_name": "蔡文姬", "played": "17", "win_rate": "0.6471" },
    { "hero1_id": "144", "hero1_name": "程咬金", "hero2_id": "154", "hero2_name": "花木兰", "played": "17", "win_rate": "0.4118" },
    { "hero1_id": "118", "hero1_name": "孙膑", "hero2_id": "135", "hero2_name": "项羽", "played": "17", "win_rate": "0.6471" },
    { "hero1_id": "106", "hero1_name": "小乔", "hero2_id": "120", "hero2_name": "白起", "played": "17", "win_rate": "0.3529" },
    { "hero1_id": "113", "hero1_name": "庄周", "hero2_id": "176", "hero2_name": "杨玉环", "played": "17", "win_rate": "0.4706" },
    { "hero1_id": "148", "hero1_name": "姜子牙", "hero2_id": "199", "hero2_name": "公孙离", "played": "17", "win_rate": "0.2353" },
    { "hero1_id": "144", "hero1_name": "程咬金", "hero2_id": "502", "hero2_name": "裴擒虎", "played": "17", "win_rate": "0.6471" },
    { "hero1_id": "162", "hero1_name": "娜可露露", "hero2_id": "168", "hero2_name": "牛魔", "played": "17", "win_rate": "0.5882" },
    { "hero1_id": "106", "hero1_name": "小乔", "hero2_id": "140", "hero2_name": "关羽", "played": "16", "win_rate": "0.3750" },
    { "hero1_id": "126", "hero1_name": "夏侯惇", "hero2_id": "148", "hero2_name": "姜子牙", "played": "16", "win_rate": "0.4375" },
    { "hero1_id": "134", "hero1_name": "达摩", "hero2_id": "196", "hero2_name": "百里守约", "played": "16", "win_rate": "0.6250" },
    { "hero1_id": "156", "hero1_name": "张良", "hero2_id": "168", "hero2_name": "牛魔", "played": "16", "win_rate": "0.5000" },
    { "hero1_id": "171", "hero1_name": "张飞", "hero2_id": "509", "hero2_name": "盾山", "played": "16", "win_rate": "0.4375" },
    { "hero1_id": "113", "hero1_name": "庄周", "hero2_id": "125", "hero2_name": "元歌", "played": "16", "win_rate": "0.5625" },
    { "hero1_id": "139", "hero1_name": "老夫子", "hero2_id": "182", "hero2_name": "干将莫邪", "played": "16", "win_rate": "0.1875" },
    { "hero1_id": "144", "hero1_name": "程咬金", "hero2_id": "189", "hero2_name": "鬼谷子", "played": "16", "win_rate": "0.6250" },
    { "hero1_id": "141", "hero1_name": "貂蝉", "hero2_id": "184", "hero2_name": "蔡文姬", "played": "16", "win_rate": "0.7500" },
    { "hero1_id": "123", "hero1_name": "吕布", "hero2_id": "154", "hero2_name": "花木兰", "played": "16", "win_rate": "0.5000" },
    { "hero1_id": "139", "hero1_name": "老夫子", "hero2_id": "162", "hero2_name": "娜可露露", "played": "16", "win_rate": "0.6250" },
    { "hero1_id": "126", "hero1_name": "夏侯惇", "hero2_id": "189", "hero2_name": "鬼谷子", "played": "16", "win_rate": "0.4375" },
    { "hero1_id": "144", "hero1_name": "程咬金", "hero2_id": "148", "hero2_name": "姜子牙", "played": "16", "win_rate": "0.2500" },
    { "hero1_id": "106", "hero1_name": "小乔", "hero2_id": "194", "hero2_name": "苏烈", "played": "16", "win_rate": "0.2500" },
    { "hero1_id": "126", "hero1_name": "夏侯惇", "hero2_id": "182", "hero2_name": "干将莫邪", "played": "16", "win_rate": "0.5000" },
    { "hero1_id": "144", "hero1_name": "程咬金", "hero2_id": "162", "hero2_name": "娜可露露", "played": "16", "win_rate": "0.6250" },
    { "hero1_id": "106", "hero1_name": "小乔", "hero2_id": "135", "hero2_name": "项羽", "played": "16", "win_rate": "0.3125" },
    { "hero1_id": "186", "hero1_name": "太乙真人", "hero2_id": "194", "hero2_name": "苏烈", "played": "16", "win_rate": "0.3125" },
    { "hero1_id": "126", "hero1_name": "夏侯惇", "hero2_id": "156", "hero2_name": "张良", "played": "16", "win_rate": "0.5000" },
    { "hero1_id": "132", "hero1_name": "马可波罗", "hero2_id": "191", "hero2_name": "大乔", "played": "16", "win_rate": "0.5625" },
    { "hero1_id": "140", "hero1_name": "关羽", "hero2_id": "187", "hero2_name": "东皇太一", "played": "16", "win_rate": "0.6875" },
    { "hero1_id": "120", "hero1_name": "白起", "hero2_id": "184", "hero2_name": "蔡文姬", "played": "16", "win_rate": "0.8125" },
    { "hero1_id": "123", "hero1_name": "吕布", "hero2_id": "162", "hero2_name": "娜可露露", "played": "16", "win_rate": "0.5000" },
    { "hero1_id": "191", "hero1_name": "大乔", "hero2_id": "199", "hero2_name": "公孙离", "played": "16", "win_rate": "0.3125" },
    { "hero1_id": "118", "hero1_name": "孙膑", "hero2_id": "502", "hero2_name": "裴擒虎", "played": "15", "win_rate": "0.4667" },
    { "hero1_id": "126", "hero1_name": "夏侯惇", "hero2_id": "186", "hero2_name": "太乙真人", "played": "15", "win_rate": "0.4667" },
    { "hero1_id": "110", "hero1_name": "嬴政", "hero2_id": "140", "hero2_name": "关羽", "played": "15", "win_rate": "0.4667" },
    { "hero1_id": "182", "hero1_name": "干将莫邪", "hero2_id": "187", "hero2_name": "东皇太一", "played": "15", "win_rate": "0.4000" },
    { "hero1_id": "126", "hero1_name": "夏侯惇", "hero2_id": "139", "hero2_name": "老夫子", "played": "15", "win_rate": "0.2000" },
    { "hero1_id": "140", "hero1_name": "关羽", "hero2_id": "148", "hero2_name": "姜子牙", "played": "15", "win_rate": "0.5333" },
    { "hero1_id": "141", "hero1_name": "貂蝉", "hero2_id": "509", "hero2_name": "盾山", "played": "15", "win_rate": "0.6667" },
    { "hero1_id": "162", "hero1_name": "娜可露露", "hero2_id": "184", "hero2_name": "蔡文姬", "played": "15", "win_rate": "0.5333" },
    { "hero1_id": "502", "hero1_name": "裴擒虎", "hero2_id": "509", "hero2_name": "盾山", "played": "15", "win_rate": "0.5333" },
    { "hero1_id": "126", "hero1_name": "夏侯惇", "hero2_id": "168", "hero2_name": "牛魔", "played": "15", "win_rate": "0.4667" },
    { "hero1_id": "132", "hero1_name": "马可波罗", "hero2_id": "136", "hero2_name": "武则天", "played": "15", "win_rate": "0.2000" },
    { "hero1_id": "129", "hero1_name": "典韦", "hero2_id": "144", "hero2_name": "程咬金", "played": "15", "win_rate": "0.5333" },
    { "hero1_id": "168", "hero1_name": "牛魔", "hero2_id": "502", "hero2_name": "裴擒虎", "played": "15", "win_rate": "0.6667" },
    { "hero1_id": "106", "hero1_name": "小乔", "hero2_id": "189", "hero2_name": "鬼谷子", "played": "15", "win_rate": "0.4667" },
    { "hero1_id": "120", "hero1_name": "白起", "hero2_id": "144", "hero2_name": "程咬金", "played": "15", "win_rate": "0.5333" },
    { "hero1_id": "123", "hero1_name": "吕布", "hero2_id": "189", "hero2_name": "鬼谷子", "played": "15", "win_rate": "0.5333" },
    { "hero1_id": "148", "hero1_name": "姜子牙", "hero2_id": "194", "hero2_name": "苏烈", "played": "15", "win_rate": "0.3333" },
    { "hero1_id": "126", "hero1_name": "夏侯惇", "hero2_id": "171", "hero2_name": "张飞", "played": "15", "win_rate": "0.4000" },
    { "hero1_id": "113", "hero1_name": "庄周", "hero2_id": "126", "hero2_name": "夏侯惇", "played": "14", "win_rate": "0.3571" },
    { "hero1_id": "126", "hero1_name": "夏侯惇", "hero2_id": "129", "hero2_name": "典韦", "played": "14", "win_rate": "0.5714" },
    { "hero1_id": "129", "hero1_name": "典韦", "hero2_id": "187", "hero2_name": "东皇太一", "played": "14", "win_rate": "0.5000" },
    { "hero1_id": "134", "hero1_name": "达摩", "hero2_id": "154", "hero2_name": "花木兰", "played": "14", "win_rate": "0.5714" },
    { "hero1_id": "123", "hero1_name": "吕布", "hero2_id": "194", "hero2_name": "苏烈", "played": "14", "win_rate": "0.5000" },
    { "hero1_id": "129", "hero1_name": "典韦", "hero2_id": "196", "hero2_name": "百里守约", "played": "14", "win_rate": "0.5000" },
    { "hero1_id": "139", "hero1_name": "老夫子", "hero2_id": "140", "hero2_name": "关羽", "played": "14", "win_rate": "0.6429" },
    { "hero1_id": "178", "hero1_name": "杨戬", "hero2_id": "199", "hero2_name": "公孙离", "played": "14", "win_rate": "0.4286" },
    { "hero1_id": "144", "hero1_name": "程咬金", "hero2_id": "168", "hero2_name": "牛魔", "played": "14", "win_rate": "0.4286" },
    { "hero1_id": "149", "hero1_name": "刘邦", "hero2_id": "154", "hero2_name": "花木兰", "played": "14", "win_rate": "0.7143" },
    { "hero1_id": "125", "hero1_name": "元歌", "hero2_id": "510", "hero2_name": "孙策", "played": "14", "win_rate": "0.3571" },
    { "hero1_id": "126", "hero1_name": "夏侯惇", "hero2_id": "194", "hero2_name": "苏烈", "played": "14", "win_rate": "0.4286" },
    { "hero1_id": "118", "hero1_name": "孙膑", "hero2_id": "144", "hero2_name": "程咬金", "played": "14", "win_rate": "0.6429" },
    { "hero1_id": "129", "hero1_name": "典韦", "hero2_id": "141", "hero2_name": "貂蝉", "played": "14", "win_rate": "0.4286" },
    { "hero1_id": "106", "hero1_name": "小乔", "hero2_id": "199", "hero2_name": "公孙离", "played": "13", "win_rate": "0.2308" },
    { "hero1_id": "168", "hero1_name": "牛魔", "hero2_id": "182", "hero2_name": "干将莫邪", "played": "13", "win_rate": "0.3846" },
    { "hero1_id": "162", "hero1_name": "娜可露露", "hero2_id": "186", "hero2_name": "太乙真人", "played": "13", "win_rate": "0.3846" },
    { "hero1_id": "178", "hero1_name": "杨戬", "hero2_id": "186", "hero2_name": "太乙真人", "played": "13", "win_rate": "0.3846" },
    { "hero1_id": "139", "hero1_name": "老夫子", "hero2_id": "509", "hero2_name": "盾山", "played": "13", "win_rate": "0.2308" },
    { "hero1_id": "184", "hero1_name": "蔡文姬", "hero2_id": "199", "hero2_name": "公孙离", "played": "13", "win_rate": "0.6923" },
    { "hero1_id": "132", "hero1_name": "马可波罗", "hero2_id": "178", "hero2_name": "杨戬", "played": "13", "win_rate": "0.4615" },
    { "hero1_id": "139", "hero1_name": "老夫子", "hero2_id": "154", "hero2_name": "花木兰", "played": "13", "win_rate": "0.3846" },
    { "hero1_id": "129", "hero1_name": "典韦", "hero2_id": "148", "hero2_name": "姜子牙", "played": "13", "win_rate": "0.3846" },
    { "hero1_id": "123", "hero1_name": "吕布", "hero2_id": "140", "hero2_name": "关羽", "played": "13", "win_rate": "0.6154" },
    { "hero1_id": "136", "hero1_name": "武则天", "hero2_id": "194", "hero2_name": "苏烈", "played": "13", "win_rate": "0.3077" },
    { "hero1_id": "132", "hero1_name": "马可波罗", "hero2_id": "510", "hero2_name": "孙策", "played": "13", "win_rate": "0.5385" },
    { "hero1_id": "191", "hero1_name": "大乔", "hero2_id": "194", "hero2_name": "苏烈", "played": "13", "win_rate": "0.4615" },
    { "hero1_id": "120", "hero1_name": "白起", "hero2_id": "186", "hero2_name": "太乙真人", "played": "13", "win_rate": "0.5385" },
    { "hero1_id": "120", "hero1_name": "白起", "hero2_id": "148", "hero2_name": "姜子牙", "played": "13", "win_rate": "0.3077" },
    { "hero1_id": "199", "hero1_name": "公孙离", "hero2_id": "510", "hero2_name": "孙策", "played": "13", "win_rate": "0.3077" },
    { "hero1_id": "184", "hero1_name": "蔡文姬", "hero2_id": "194", "hero2_name": "苏烈", "played": "13", "win_rate": "0.5385" },
    { "hero1_id": "134", "hero1_name": "达摩", "hero2_id": "144", "hero2_name": "程咬金", "played": "13", "win_rate": "0.4615" },
    { "hero1_id": "148", "hero1_name": "姜子牙", "hero2_id": "171", "hero2_name": "张飞", "played": "13", "win_rate": "0.3846" },
    { "hero1_id": "110", "hero1_name": "嬴政", "hero2_id": "194", "hero2_name": "苏烈", "played": "13", "win_rate": "0.4615" },
    { "hero1_id": "118", "hero1_name": "孙膑", "hero2_id": "171", "hero2_name": "张飞", "played": "13", "win_rate": "0.5385" },
    { "hero1_id": "154", "hero1_name": "花木兰", "hero2_id": "187", "hero2_name": "东皇太一", "played": "13", "win_rate": "0.4615" },
    { "hero1_id": "189", "hero1_name": "鬼谷子", "hero2_id": "509", "hero2_name": "盾山", "played": "12", "win_rate": "0.6667" },
    { "hero1_id": "162", "hero1_name": "娜可露露", "hero2_id": "176", "hero2_name": "杨玉环", "played": "12", "win_rate": "0.7500" },
    { "hero1_id": "140", "hero1_name": "关羽", "hero2_id": "196", "hero2_name": "百里守约", "played": "12", "win_rate": "0.7500" },
    { "hero1_id": "141", "hero1_name": "貂蝉", "hero2_id": "168", "hero2_name": "牛魔", "played": "12", "win_rate": "0.3333" },
    { "hero1_id": "168", "hero1_name": "牛魔", "hero2_id": "194", "hero2_name": "苏烈", "played": "12", "win_rate": "0.3333" },
    { "hero1_id": "139", "hero1_name": "老夫子", "hero2_id": "141", "hero2_name": "貂蝉", "played": "12", "win_rate": "0.4167" },
    { "hero1_id": "136", "hero1_name": "武则天", "hero2_id": "199", "hero2_name": "公孙离", "played": "12", "win_rate": "0.6667" },
    { "hero1_id": "126", "hero1_name": "夏侯惇", "hero2_id": "510", "hero2_name": "孙策", "played": "12", "win_rate": "0.5000" },
    { "hero1_id": "140", "hero1_name": "关羽", "hero2_id": "184", "hero2_name": "蔡文姬", "played": "12", "win_rate": "0.8333" },
    { "hero1_id": "509", "hero1_name": "盾山", "hero2_id": "510", "hero2_name": "孙策", "played": "12", "win_rate": "0.4167" },
    { "hero1_id": "176", "hero1_name": "杨玉环", "hero2_id": "509", "hero2_name": "盾山", "played": "12", "win_rate": "0.8333" },
    { "hero1_id": "123", "hero1_name": "吕布", "hero2_id": "509", "hero2_name": "盾山", "played": "12", "win_rate": "0.7500" },
    { "hero1_id": "162", "hero1_name": "娜可露露", "hero2_id": "510", "hero2_name": "孙策", "played": "12", "win_rate": "0.5833" },
    { "hero1_id": "156", "hero1_name": "张良", "hero2_id": "186", "hero2_name": "太乙真人", "played": "12", "win_rate": "0.5833" },
    { "hero1_id": "113", "hero1_name": "庄周", "hero2_id": "510", "hero2_name": "孙策", "played": "12", "win_rate": "0.6667" },
    { "hero1_id": "134", "hero1_name": "达摩", "hero2_id": "139", "hero2_name": "老夫子", "played": "12", "win_rate": "0.5000" },
    { "hero1_id": "118", "hero1_name": "孙膑", "hero2_id": "139", "hero2_name": "老夫子", "played": "12", "win_rate": "0.5000" },
    { "hero1_id": "135", "hero1_name": "项羽", "hero2_id": "196", "hero2_name": "百里守约", "played": "12", "win_rate": "0.6667" },
    { "hero1_id": "144", "hero1_name": "程咬金", "hero2_id": "509", "hero2_name": "盾山", "played": "11", "win_rate": "0.6364" },
    { "hero1_id": "110", "hero1_name": "嬴政", "hero2_id": "171", "hero2_name": "张飞", "played": "11", "win_rate": "0.3636" },
    { "hero1_id": "134", "hero1_name": "达摩", "hero2_id": "136", "hero2_name": "武则天", "played": "11", "win_rate": "0.5455" },
    { "hero1_id": "141", "hero1_name": "貂蝉", "hero2_id": "186", "hero2_name": "太乙真人", "played": "11", "win_rate": "0.7273" },
    { "hero1_id": "125", "hero1_name": "元歌", "hero2_id": "187", "hero2_name": "东皇太一", "played": "11", "win_rate": "0.7273" },
    { "hero1_id": "171", "hero1_name": "张飞", "hero2_id": "191", "hero2_name": "大乔", "played": "11", "win_rate": "0.5455" },
    { "hero1_id": "120", "hero1_name": "白起", "hero2_id": "136", "hero2_name": "武则天", "played": "11", "win_rate": "0.3636" },
    { "hero1_id": "132", "hero1_name": "马可波罗", "hero2_id": "149", "hero2_name": "刘邦", "played": "11", "win_rate": "0.4545" },
    { "hero1_id": "171", "hero1_name": "张飞", "hero2_id": "196", "hero2_name": "百里守约", "played": "11", "win_rate": "0.5455" },
    { "hero1_id": "129", "hero1_name": "典韦", "hero2_id": "162", "hero2_name": "娜可露露", "played": "11", "win_rate": "0.3636" },
    { "hero1_id": "110", "hero1_name": "嬴政", "hero2_id": "129", "hero2_name": "典韦", "played": "11", "win_rate": "0.6364" },
    { "hero1_id": "139", "hero1_name": "老夫子", "hero2_id": "176", "hero2_name": "杨玉环", "played": "11", "win_rate": "0.5455" },
    { "hero1_id": "125", "hero1_name": "元歌", "hero2_id": "196", "hero2_name": "百里守约", "played": "11", "win_rate": "0.5455" },
    { "hero1_id": "139", "hero1_name": "老夫子", "hero2_id": "189", "hero2_name": "鬼谷子", "played": "11", "win_rate": "0.2727" },
    { "hero1_id": "141", "hero1_name": "貂蝉", "hero2_id": "189", "hero2_name": "鬼谷子", "played": "11", "win_rate": "0.3636" },
    { "hero1_id": "184", "hero1_name": "蔡文姬", "hero2_id": "509", "hero2_name": "盾山", "played": "11", "win_rate": "0.8182" },
    { "hero1_id": "118", "hero1_name": "孙膑", "hero2_id": "510", "hero2_name": "孙策", "played": "11", "win_rate": "0.5455" },
    { "hero1_id": "136", "hero1_name": "武则天", "hero2_id": "140", "hero2_name": "关羽", "played": "11", "win_rate": "0.7273" },
    { "hero1_id": "136", "hero1_name": "武则天", "hero2_id": "189", "hero2_name": "鬼谷子", "played": "11", "win_rate": "0.6364" },
    { "hero1_id": "135", "hero1_name": "项羽", "hero2_id": "144", "hero2_name": "程咬金", "played": "11", "win_rate": "0.3636" },
    { "hero1_id": "162", "hero1_name": "娜可露露", "hero2_id": "501", "hero2_name": "明世隐", "played": "11", "win_rate": "0.6364" },
    { "hero1_id": "168", "hero1_name": "牛魔", "hero2_id": "176", "hero2_name": "杨玉环", "played": "11", "win_rate": "0.6364" },
    { "hero1_id": "139", "hero1_name": "老夫子", "hero2_id": "144", "hero2_name": "程咬金", "played": "11", "win_rate": "0.4545" },
    { "hero1_id": "123", "hero1_name": "吕布", "hero2_id": "171", "hero2_name": "张飞", "played": "10", "win_rate": "0.4000" },
    { "hero1_id": "113", "hero1_name": "庄周", "hero2_id": "139", "hero2_name": "老夫子", "played": "10", "win_rate": "0.3000" },
    { "hero1_id": "176", "hero1_name": "杨玉环", "hero2_id": "184", "hero2_name": "蔡文姬", "played": "10", "win_rate": "0.6000" },
    { "hero1_id": "187", "hero1_name": "东皇太一", "hero2_id": "502", "hero2_name": "裴擒虎", "played": "10", "win_rate": "0.4000" },
    { "hero1_id": "110", "hero1_name": "嬴政", "hero2_id": "199", "hero2_name": "公孙离", "played": "10", "win_rate": "0.6000" },
    { "hero1_id": "178", "hero1_name": "杨戬", "hero2_id": "502", "hero2_name": "裴擒虎", "played": "10", "win_rate": "0.4000" },
    { "hero1_id": "167", "hero1_name": "孙悟空", "hero2_id": "189", "hero2_name": "鬼谷子", "played": "10", "win_rate": "0.6000" },
    { "hero1_id": "106", "hero1_name": "小乔", "hero2_id": "502", "hero2_name": "裴擒虎", "played": "10", "win_rate": "0.6000" },
    { "hero1_id": "129", "hero1_name": "典韦", "hero2_id": "139", "hero2_name": "老夫子", "played": "10", "win_rate": "0.3000" },
    { "hero1_id": "144", "hero1_name": "程咬金", "hero2_id": "182", "hero2_name": "干将莫邪", "played": "10", "win_rate": "0.3000" },
    { "hero1_id": "123", "hero1_name": "吕布", "hero2_id": "199", "hero2_name": "公孙离", "played": "10", "win_rate": "0.5000" },
    { "hero1_id": "110", "hero1_name": "嬴政", "hero2_id": "135", "hero2_name": "项羽", "played": "10", "win_rate": "0.5000" },
    { "hero1_id": "139", "hero1_name": "老夫子", "hero2_id": "148", "hero2_name": "姜子牙", "played": "10", "win_rate": "0.5000" },
    { "hero1_id": "186", "hero1_name": "太乙真人", "hero2_id": "502", "hero2_name": "裴擒虎", "played": "10", "win_rate": "0.7000" },
    { "hero1_id": "120", "hero1_name": "白起", "hero2_id": "139", "hero2_name": "老夫子", "played": "10", "win_rate": "0.5000" },
    { "hero1_id": "106", "hero1_name": "小乔", "hero2_id": "129", "hero2_name": "典韦", "played": "10", "win_rate": "0.4000" },
    { "hero1_id": "141", "hero1_name": "貂蝉", "hero2_id": "144", "hero2_name": "程咬金", "played": "10", "win_rate": "0.3000" },
    { "hero1_id": "134", "hero1_name": "达摩", "hero2_id": "187", "hero2_name": "东皇太一", "played": "10", "win_rate": "0.5000" },
    { "hero1_id": "123", "hero1_name": "吕布", "hero2_id": "134", "hero2_name": "达摩", "played": "10", "win_rate": "0.5000" },
    { "hero1_id": "156", "hero1_name": "张良", "hero2_id": "502", "hero2_name": "裴擒虎", "played": "10", "win_rate": "0.8000" },
    { "hero1_id": "144", "hero1_name": "程咬金", "hero2_id": "196", "hero2_name": "百里守约", "played": "10", "win_rate": "0.7000" },
    { "hero1_id": "187", "hero1_name": "东皇太一", "hero2_id": "194", "hero2_name": "苏烈", "played": "9", "win_rate": "0.4444" },
    { "hero1_id": "141", "hero1_name": "貂蝉", "hero2_id": "510", "hero2_name": "孙策", "played": "9", "win_rate": "0.4444" },
    { "hero1_id": "156", "hero1_name": "张良", "hero2_id": "178", "hero2_name": "杨戬", "played": "9", "win_rate": "0.4444" },
    { "hero1_id": "131", "hero1_name": "李白", "hero2_id": "154", "hero2_name": "花木兰", "played": "9", "win_rate": "0.4444" },
    { "hero1_id": "118", "hero1_name": "孙膑", "hero2_id": "156", "hero2_name": "张良", "played": "9", "win_rate": "0.6667" },
    { "hero1_id": "129", "hero1_name": "典韦", "hero2_id": "136", "hero2_name": "武则天", "played": "9", "win_rate": "0.1111" },
    { "hero1_id": "129", "hero1_name": "典韦", "hero2_id": "509", "hero2_name": "盾山", "played": "9", "win_rate": "0.4444" },
    { "hero1_id": "118", "hero1_name": "孙膑", "hero2_id": "196", "hero2_name": "百里守约", "played": "9", "win_rate": "0.7778" },
    { "hero1_id": "106", "hero1_name": "小乔", "hero2_id": "509", "hero2_name": "盾山", "played": "9", "win_rate": "0.3333" },
    { "hero1_id": "135", "hero1_name": "项羽", "hero2_id": "178", "hero2_name": "杨戬", "played": "9", "win_rate": "0.6667" },
    { "hero1_id": "176", "hero1_name": "杨玉环", "hero2_id": "189", "hero2_name": "鬼谷子", "played": "9", "win_rate": "0.6667" },
    { "hero1_id": "136", "hero1_name": "武则天", "hero2_id": "186", "hero2_name": "太乙真人", "played": "9", "win_rate": "0.6667" },
    { "hero1_id": "113", "hero1_name": "庄周", "hero2_id": "136", "hero2_name": "武则天", "played": "9", "win_rate": "0.6667" },
    { "hero1_id": "120", "hero1_name": "白起", "hero2_id": "178", "hero2_name": "杨戬", "played": "9", "win_rate": "0.3333" },
    { "hero1_id": "182", "hero1_name": "干将莫邪", "hero2_id": "184", "hero2_name": "蔡文姬", "played": "9", "win_rate": "0.5556" },
    { "hero1_id": "148", "hero1_name": "姜子牙", "hero2_id": "178", "hero2_name": "杨戬", "played": "9", "win_rate": "0.3333" },
    { "hero1_id": "189", "hero1_name": "鬼谷子", "hero2_id": "510", "hero2_name": "孙策", "played": "9", "win_rate": "0.2222" },
    { "hero1_id": "184", "hero1_name": "蔡文姬", "hero2_id": "502", "hero2_name": "裴擒虎", "played": "9", "win_rate": "1.0000" },
    { "hero1_id": "106", "hero1_name": "小乔", "hero2_id": "134", "hero2_name": "达摩", "played": "9", "win_rate": "0.5556" },
    { "hero1_id": "189", "hero1_name": "鬼谷子", "hero2_id": "196", "hero2_name": "百里守约", "played": "9", "win_rate": "0.4444" },
    { "hero1_id": "134", "hero1_name": "达摩", "hero2_id": "191", "hero2_name": "大乔", "played": "9", "win_rate": "0.5556" },
    { "hero1_id": "135", "hero1_name": "项羽", "hero2_id": "136", "hero2_name": "武则天", "played": "8", "win_rate": "0.2500" },
    { "hero1_id": "125", "hero1_name": "元歌", "hero2_id": "173", "hero2_name": "李元芳", "played": "8", "win_rate": "0.6250" },
    { "hero1_id": "134", "hero1_name": "达摩", "hero2_id": "167", "hero2_name": "孙悟空", "played": "8", "win_rate": "0.5000" },
    { "hero1_id": "113", "hero1_name": "庄周", "hero2_id": "144", "hero2_name": "程咬金", "played": "8", "win_rate": "0.2500" },
    { "hero1_id": "131", "hero1_name": "李白", "hero2_id": "171", "hero2_name": "张飞", "played": "8", "win_rate": "0.5000" },
    { "hero1_id": "125", "hero1_name": "元歌", "hero2_id": "178", "hero2_name": "杨戬", "played": "8", "win_rate": "0.3750" },
    { "hero1_id": "110", "hero1_name": "嬴政", "hero2_id": "139", "hero2_name": "老夫子", "played": "8", "win_rate": "0.5000" },
    { "hero1_id": "126", "hero1_name": "夏侯惇", "hero2_id": "144", "hero2_name": "程咬金", "played": "8", "win_rate": "0.5000" },
    { "hero1_id": "137", "hero1_name": "司马懿", "hero2_id": "154", "hero2_name": "花木兰", "played": "8", "win_rate": "0.3750" },
    { "hero1_id": "162", "hero1_name": "娜可露露", "hero2_id": "196", "hero2_name": "百里守约", "played": "8", "win_rate": "0.6250" },
    { "hero1_id": "131", "hero1_name": "李白", "hero2_id": "139", "hero2_name": "老夫子", "played": "8", "win_rate": "0.5000" },
    { "hero1_id": "123", "hero1_name": "吕布", "hero2_id": "174", "hero2_name": "虞姬", "played": "8", "win_rate": "0.6250" },
    { "hero1_id": "113", "hero1_name": "庄周", "hero2_id": "141", "hero2_name": "貂蝉", "played": "8", "win_rate": "0.5000" },
    { "hero1_id": "149", "hero1_name": "刘邦", "hero2_id": "199", "hero2_name": "公孙离", "played": "8", "win_rate": "0.2500" },
    { "hero1_id": "137", "hero1_name": "司马懿", "hero2_id": "140", "hero2_name": "关羽", "played": "8", "win_rate": "0.2500" },
    { "hero1_id": "139", "hero1_name": "老夫子", "hero2_id": "168", "hero2_name": "牛魔", "played": "8", "win_rate": "0.3750" },
    { "hero1_id": "113", "hero1_name": "庄周", "hero2_id": "502", "hero2_name": "裴擒虎", "played": "8", "win_rate": "0.3750" },
    { "hero1_id": "187", "hero1_name": "东皇太一", "hero2_id": "199", "hero2_name": "公孙离", "played": "8", "win_rate": "0.7500" },
    { "hero1_id": "126", "hero1_name": "夏侯惇", "hero2_id": "196", "hero2_name": "百里守约", "played": "8", "win_rate": "0.5000" },
    { "hero1_id": "113", "hero1_name": "庄周", "hero2_id": "148", "hero2_name": "姜子牙", "played": "8", "win_rate": "0.3750" },
    { "hero1_id": "174", "hero1_name": "虞姬", "hero2_id": "176", "hero2_name": "杨玉环", "played": "8", "win_rate": "0.7500" },
    { "hero1_id": "113", "hero1_name": "庄周", "hero2_id": "509", "hero2_name": "盾山", "played": "8", "win_rate": "0.2500" },
    { "hero1_id": "144", "hero1_name": "程咬金", "hero2_id": "191", "hero2_name": "大乔", "played": "8", "win_rate": "0.7500" },
    { "hero1_id": "113", "hero1_name": "庄周", "hero2_id": "120", "hero2_name": "白起", "played": "8", "win_rate": "0.5000" },
    { "hero1_id": "129", "hero1_name": "典韦", "hero2_id": "168", "hero2_name": "牛魔", "played": "8", "win_rate": "0.5000" },
    { "hero1_id": "136", "hero1_name": "武则天", "hero2_id": "139", "hero2_name": "老夫子", "played": "8", "win_rate": "0.6250" },
    { "hero1_id": "110", "hero1_name": "嬴政", "hero2_id": "154", "hero2_name": "花木兰", "played": "8", "win_rate": "0.3750" },
    { "hero1_id": "144", "hero1_name": "程咬金", "hero2_id": "186", "hero2_name": "太乙真人", "played": "8", "win_rate": "0.5000" },
    { "hero1_id": "194", "hero1_name": "苏烈", "hero2_id": "509", "hero2_name": "盾山", "played": "7", "win_rate": "0.2857" },
    { "hero1_id": "178", "hero1_name": "杨戬", "hero2_id": "194", "hero2_name": "苏烈", "played": "7", "win_rate": "0.2857" },
    { "hero1_id": "140", "hero1_name": "关羽", "hero2_id": "167", "hero2_name": "孙悟空", "played": "7", "win_rate": "0.7143" },
    { "hero1_id": "110", "hero1_name": "嬴政", "hero2_id": "502", "hero2_name": "裴擒虎", "played": "7", "win_rate": "0.5714" },
    { "hero1_id": "106", "hero1_name": "小乔", "hero2_id": "171", "hero2_name": "张飞", "played": "7", "win_rate": "0.5714" },
    { "hero1_id": "176", "hero1_name": "杨玉环", "hero2_id": "196", "hero2_name": "百里守约", "played": "7", "win_rate": "0.4286" },
    { "hero1_id": "149", "hero1_name": "刘邦", "hero2_id": "171", "hero2_name": "张飞", "played": "7", "win_rate": "0.1429" },
    { "hero1_id": "106", "hero1_name": "小乔", "hero2_id": "113", "hero2_name": "庄周", "played": "7", "win_rate": "0.1429" },
    { "hero1_id": "144", "hero1_name": "程咬金", "hero2_id": "156", "hero2_name": "张良", "played": "7", "win_rate": "0.5714" },
    { "hero1_id": "126", "hero1_name": "夏侯惇", "hero2_id": "191", "hero2_name": "大乔", "played": "7", "win_rate": "0.1429" },
    { "hero1_id": "132", "hero1_name": "马可波罗", "hero2_id": "196", "hero2_name": "百里守约", "played": "7", "win_rate": "0.4286" },
    { "hero1_id": "171", "hero1_name": "张飞", "hero2_id": "178", "hero2_name": "杨戬", "played": "7", "win_rate": "0.4286" },
    { "hero1_id": "139", "hero1_name": "老夫子", "hero2_id": "178", "hero2_name": "杨戬", "played": "7", "win_rate": "0.5714" },
    { "hero1_id": "105", "hero1_name": "廉颇", "hero2_id": "154", "hero2_name": "花木兰", "played": "7", "win_rate": "0.4286" },
    { "hero1_id": "136", "hero1_name": "武则天", "hero2_id": "162", "hero2_name": "娜可露露", "played": "7", "win_rate": "0.5714" },
    { "hero1_id": "105", "hero1_name": "廉颇", "hero2_id": "502", "hero2_name": "裴擒虎", "played": "7", "win_rate": "0.5714" },
    { "hero1_id": "123", "hero1_name": "吕布", "hero2_id": "168", "hero2_name": "牛魔", "played": "7", "win_rate": "0.4286" },
    { "hero1_id": "118", "hero1_name": "孙膑", "hero2_id": "174", "hero2_name": "虞姬", "played": "7", "win_rate": "0.7143" },
    { "hero1_id": "156", "hero1_name": "张良", "hero2_id": "509", "hero2_name": "盾山", "played": "7", "win_rate": "0.7143" },
    { "hero1_id": "136", "hero1_name": "武则天", "hero2_id": "171", "hero2_name": "张飞", "played": "7", "win_rate": "0.1429" },
    { "hero1_id": "178", "hero1_name": "杨戬", "hero2_id": "182", "hero2_name": "干将莫邪", "played": "7", "win_rate": "0.1429" },
    { "hero1_id": "105", "hero1_name": "廉颇", "hero2_id": "191", "hero2_name": "大乔", "played": "7", "win_rate": "0.5714" },
    { "hero1_id": "113", "hero1_name": "庄周", "hero2_id": "129", "hero2_name": "典韦", "played": "7", "win_rate": "0.4286" },
    { "hero1_id": "141", "hero1_name": "貂蝉", "hero2_id": "196", "hero2_name": "百里守约", "played": "7", "win_rate": "0.5714" },
    { "hero1_id": "120", "hero1_name": "白起", "hero2_id": "191", "hero2_name": "大乔", "played": "7", "win_rate": "0.7143" },
    { "hero1_id": "187", "hero1_name": "东皇太一", "hero2_id": "196", "hero2_name": "百里守约", "played": "7", "win_rate": "0.5714" },
    { "hero1_id": "105", "hero1_name": "廉颇", "hero2_id": "134", "hero2_name": "达摩", "played": "7", "win_rate": "0.4286" },
    { "hero1_id": "118", "hero1_name": "孙膑", "hero2_id": "167", "hero2_name": "孙悟空", "played": "7", "win_rate": "0.5714" },
    { "hero1_id": "148", "hero1_name": "姜子牙", "hero2_id": "502", "hero2_name": "裴擒虎", "played": "7", "win_rate": "0.2857" },
    { "hero1_id": "131", "hero1_name": "李白", "hero2_id": "148", "hero2_name": "姜子牙", "played": "7", "win_rate": "0.1429" },
    { "hero1_id": "144", "hero1_name": "程咬金", "hero2_id": "187", "hero2_name": "东皇太一", "played": "7", "win_rate": "0.4286" },
    { "hero1_id": "136", "hero1_name": "武则天", "hero2_id": "502", "hero2_name": "裴擒虎", "played": "7", "win_rate": "0.4286" },
    { "hero1_id": "110", "hero1_name": "嬴政", "hero2_id": "144", "hero2_name": "程咬金", "played": "7", "win_rate": "0.7143" },
    { "hero1_id": "135", "hero1_name": "项羽", "hero2_id": "509", "hero2_name": "盾山", "played": "7", "win_rate": "0.2857" },
    { "hero1_id": "118", "hero1_name": "孙膑", "hero2_id": "509", "hero2_name": "盾山", "played": "7", "win_rate": "0.7143" },
    { "hero1_id": "123", "hero1_name": "吕布", "hero2_id": "126", "hero2_name": "夏侯惇", "played": "7", "win_rate": "0.2857" },
    { "hero1_id": "113", "hero1_name": "庄周", "hero2_id": "182", "hero2_name": "干将莫邪", "played": "7", "win_rate": "0.5714" },
    { "hero1_id": "148", "hero1_name": "姜子牙", "hero2_id": "509", "hero2_name": "盾山", "played": "6", "win_rate": "0.3333" },
    { "hero1_id": "129", "hero1_name": "典韦", "hero2_id": "173", "hero2_name": "李元芳", "played": "6", "win_rate": "0.1667" },
    { "hero1_id": "120", "hero1_name": "白起", "hero2_id": "126", "hero2_name": "夏侯惇", "played": "6", "win_rate": "0.3333" },
    { "hero1_id": "139", "hero1_name": "老夫子", "hero2_id": "173", "hero2_name": "李元芳", "played": "6", "win_rate": "0.5000" },
    { "hero1_id": "148", "hero1_name": "姜子牙", "hero2_id": "168", "hero2_name": "牛魔", "played": "6", "win_rate": "0.8333" },
    { "hero1_id": "134", "hero1_name": "达摩", "hero2_id": "174", "hero2_name": "虞姬", "played": "6", "win_rate": "0.1667" },
    { "hero1_id": "120", "hero1_name": "白起", "hero2_id": "509", "hero2_name": "盾山", "played": "6", "win_rate": "0.5000" },
    { "hero1_id": "186", "hero1_name": "太乙真人", "hero2_id": "196", "hero2_name": "百里守约", "played": "6", "win_rate": "0.3333" },
    { "hero1_id": "123", "hero1_name": "吕布", "hero2_id": "141", "hero2_name": "貂蝉", "played": "6", "win_rate": "0.5000" },
    { "hero1_id": "113", "hero1_name": "庄周", "hero2_id": "118", "hero2_name": "孙膑", "played": "6", "win_rate": "0.8333" },
    { "hero1_id": "154", "hero1_name": "花木兰", "hero2_id": "501", "hero2_name": "明世隐", "played": "6", "win_rate": "0.1667" },
    { "hero1_id": "140", "hero1_name": "关羽", "hero2_id": "190", "hero2_name": "诸葛亮", "played": "6", "win_rate": "0.8333" },
    { "hero1_id": "154", "hero1_name": "花木兰", "hero2_id": "174", "hero2_name": "虞姬", "played": "6", "win_rate": "0.6667" },
    { "hero1_id": "131", "hero1_name": "李白", "hero2_id": "194", "hero2_name": "苏烈", "played": "6", "win_rate": "0.3333" },
    { "hero1_id": "148", "hero1_name": "姜子牙", "hero2_id": "189", "hero2_name": "鬼谷子", "played": "6", "win_rate": "0.5000" },
    { "hero1_id": "120", "hero1_name": "白起", "hero2_id": "187", "hero2_name": "东皇太一", "played": "6", "win_rate": "0.8333" },
    { "hero1_id": "110", "hero1_name": "嬴政", "hero2_id": "120", "hero2_name": "白起", "played": "6", "win_rate": "0.3333" },
    { "hero1_id": "132", "hero1_name": "马可波罗", "hero2_id": "504", "hero2_name": "米莱狄", "played": "6", "win_rate": "0.1667" },
    { "hero1_id": "132", "hero1_name": "马可波罗", "hero2_id": "137", "hero2_name": "司马懿", "played": "6", "win_rate": "0.5000" },
    { "hero1_id": "105", "hero1_name": "廉颇", "hero2_id": "140", "hero2_name": "关羽", "played": "6", "win_rate": "0.3333" },
    { "hero1_id": "156", "hero1_name": "张良", "hero2_id": "195", "hero2_name": "百里玄策", "played": "6", "win_rate": "0.5000" },
    { "hero1_id": "144", "hero1_name": "程咬金", "hero2_id": "176", "hero2_name": "杨玉环", "played": "6", "win_rate": "0.1667" },
    { "hero1_id": "135", "hero1_name": "项羽", "hero2_id": "184", "hero2_name": "蔡文姬", "played": "6", "win_rate": "0.6667" },
    { "hero1_id": "140", "hero1_name": "关羽", "hero2_id": "195", "hero2_name": "百里玄策", "played": "6", "win_rate": "0.3333" },
    { "hero1_id": "173", "hero1_name": "李元芳", "hero2_id": "186", "hero2_name": "太乙真人", "played": "6", "win_rate": "0.3333" },
    { "hero1_id": "139", "hero1_name": "老夫子", "hero2_id": "149", "hero2_name": "刘邦", "played": "6", "win_rate": "0.1667" },
    { "hero1_id": "136", "hero1_name": "武则天", "hero2_id": "509", "hero2_name": "盾山", "played": "6", "win_rate": "0.3333" },
    { "hero1_id": "154", "hero1_name": "花木兰", "hero2_id": "510", "hero2_name": "孙策", "played": "6", "win_rate": "0.5000" },
    { "hero1_id": "187", "hero1_name": "东皇太一", "hero2_id": "509", "hero2_name": "盾山", "played": "6", "win_rate": "0.5000" },
    { "hero1_id": "154", "hero1_name": "花木兰", "hero2_id": "173", "hero2_name": "李元芳", "played": "6", "win_rate": "0.5000" },
    { "hero1_id": "113", "hero1_name": "庄周", "hero2_id": "156", "hero2_name": "张良", "played": "6", "win_rate": "0.1667" },
    { "hero1_id": "131", "hero1_name": "李白", "hero2_id": "191", "hero2_name": "大乔", "played": "6", "win_rate": "0.5000" },
    { "hero1_id": "178", "hero1_name": "杨戬", "hero2_id": "189", "hero2_name": "鬼谷子", "played": "6", "win_rate": "0.8333" },
    { "hero1_id": "105", "hero1_name": "廉颇", "hero2_id": "126", "hero2_name": "夏侯惇", "played": "6", "win_rate": "0.5000" },
    { "hero1_id": "113", "hero1_name": "庄周", "hero2_id": "135", "hero2_name": "项羽", "played": "6", "win_rate": "0.3333" },
    { "hero1_id": "120", "hero1_name": "白起", "hero2_id": "196", "hero2_name": "百里守约", "played": "6", "win_rate": "0.3333" },
    { "hero1_id": "154", "hero1_name": "花木兰", "hero2_id": "167", "hero2_name": "孙悟空", "played": "6", "win_rate": "0.3333" },
    { "hero1_id": "125", "hero1_name": "元歌", "hero2_id": "191", "hero2_name": "大乔", "played": "6", "win_rate": "0.6667" },
    { "hero1_id": "157", "hero1_name": "不知火舞", "hero2_id": "194", "hero2_name": "苏烈", "played": "6", "win_rate": "0.5000" },
    { "hero1_id": "105", "hero1_name": "廉颇", "hero2_id": "162", "hero2_name": "娜可露露", "played": "6", "win_rate": "0.6667" },
    { "hero1_id": "136", "hero1_name": "武则天", "hero2_id": "168", "hero2_name": "牛魔", "played": "6", "win_rate": "0.1667" },
    { "hero1_id": "137", "hero1_name": "司马懿", "hero2_id": "189", "hero2_name": "鬼谷子", "played": "6", "win_rate": "0.5000" },
    { "hero1_id": "113", "hero1_name": "庄周", "hero2_id": "184", "hero2_name": "蔡文姬", "played": "6", "win_rate": "0.5000" },
    { "hero1_id": "110", "hero1_name": "嬴政", "hero2_id": "126", "hero2_name": "夏侯惇", "played": "6", "win_rate": "0.3333" },
    { "hero1_id": "126", "hero1_name": "夏侯惇", "hero2_id": "187", "hero2_name": "东皇太一", "played": "6", "win_rate": "0.5000" },
    { "hero1_id": "134", "hero1_name": "达摩", "hero2_id": "157", "hero2_name": "不知火舞", "played": "6", "win_rate": "0.3333" },
    { "hero1_id": "105", "hero1_name": "廉颇", "hero2_id": "132", "hero2_name": "马可波罗", "played": "6", "win_rate": "0.3333" },
    { "hero1_id": "129", "hero1_name": "典韦", "hero2_id": "184", "hero2_name": "蔡文姬", "played": "6", "win_rate": "0.6667" },
    { "hero1_id": "162", "hero1_name": "娜可露露", "hero2_id": "178", "hero2_name": "杨戬", "played": "6", "win_rate": "0.3333" },
    { "hero1_id": "135", "hero1_name": "项羽", "hero2_id": "187", "hero2_name": "东皇太一", "played": "6", "win_rate": "0.3333" },
    { "hero1_id": "123", "hero1_name": "吕布", "hero2_id": "144", "hero2_name": "程咬金", "played": "6", "win_rate": "0.5000" },
    { "hero1_id": "141", "hero1_name": "貂蝉", "hero2_id": "187", "hero2_name": "东皇太一", "played": "6", "win_rate": "0.5000" },
    { "hero1_id": "106", "hero1_name": "小乔", "hero2_id": "162", "hero2_name": "娜可露露", "played": "6", "win_rate": "0.1667" },
    { "hero1_id": "135", "hero1_name": "项羽", "hero2_id": "191", "hero2_name": "大乔", "played": "6", "win_rate": "0.3333" },
    { "hero1_id": "182", "hero1_name": "干将莫邪", "hero2_id": "196", "hero2_name": "百里守约", "played": "6", "win_rate": "0.5000" },
    { "hero1_id": "136", "hero1_name": "武则天", "hero2_id": "167", "hero2_name": "孙悟空", "played": "6", "win_rate": "0.5000" },
    { "hero1_id": "176", "hero1_name": "杨玉环", "hero2_id": "191", "hero2_name": "大乔", "played": "6", "win_rate": "0.5000" },
    { "hero1_id": "118", "hero1_name": "孙膑", "hero2_id": "189", "hero2_name": "鬼谷子", "played": "6", "win_rate": "0.5000" },
    { "hero1_id": "171", "hero1_name": "张飞", "hero2_id": "510", "hero2_name": "孙策", "played": "6", "win_rate": "0.6667" },
    { "hero1_id": "120", "hero1_name": "白起", "hero2_id": "137", "hero2_name": "司马懿", "played": "5", "win_rate": "0.2000" },
    { "hero1_id": "173", "hero1_name": "李元芳", "hero2_id": "187", "hero2_name": "东皇太一", "played": "5", "win_rate": "0.4000" },
    { "hero1_id": "113", "hero1_name": "庄周", "hero2_id": "174", "hero2_name": "虞姬", "played": "5", "win_rate": "0.8000" },
    { "hero1_id": "139", "hero1_name": "老夫子", "hero2_id": "196", "hero2_name": "百里守约", "played": "5", "win_rate": "0.2000" },
    { "hero1_id": "123", "hero1_name": "吕布", "hero2_id": "156", "hero2_name": "张良", "played": "5", "win_rate": "0.2000" },
    { "hero1_id": "129", "hero1_name": "典韦", "hero2_id": "131", "hero2_name": "李白", "played": "5", "win_rate": "0.2000" },
    { "hero1_id": "156", "hero1_name": "张良", "hero2_id": "187", "hero2_name": "东皇太一", "played": "5", "win_rate": "0.8000" },
    { "hero1_id": "123", "hero1_name": "吕布", "hero2_id": "187", "hero2_name": "东皇太一", "played": "5", "win_rate": "0.4000" },
    { "hero1_id": "134", "hero1_name": "达摩", "hero2_id": "178", "hero2_name": "杨戬", "played": "5", "win_rate": "0.4000" },
    { "hero1_id": "144", "hero1_name": "程咬金", "hero2_id": "184", "hero2_name": "蔡文姬", "played": "5", "win_rate": "0.8000" },
    { "hero1_id": "141", "hero1_name": "貂蝉", "hero2_id": "173", "hero2_name": "李元芳", "played": "5", "win_rate": "0.4000" },
    { "hero1_id": "173", "hero1_name": "李元芳", "hero2_id": "194", "hero2_name": "苏烈", "played": "5", "win_rate": "0.2000" },
    { "hero1_id": "120", "hero1_name": "白起", "hero2_id": "173", "hero2_name": "李元芳", "played": "5", "win_rate": "0.8000" },
    { "hero1_id": "137", "hero1_name": "司马懿", "hero2_id": "509", "hero2_name": "盾山", "played": "5", "win_rate": "0.4000" },
    { "hero1_id": "126", "hero1_name": "夏侯惇", "hero2_id": "184", "hero2_name": "蔡文姬", "played": "5", "win_rate": "0.6000" },
    { "hero1_id": "106", "hero1_name": "小乔", "hero2_id": "123", "hero2_name": "吕布", "played": "5", "win_rate": "0.2000" },
    { "hero1_id": "123", "hero1_name": "吕布", "hero2_id": "182", "hero2_name": "干将莫邪", "played": "5", "win_rate": "0.6000" },
    { "hero1_id": "119", "hero1_name": "扁鹊", "hero2_id": "171", "hero2_name": "张飞", "played": "5", "win_rate": "0.4000" },
    { "hero1_id": "134", "hero1_name": "达摩", "hero2_id": "173", "hero2_name": "李元芳", "played": "5", "win_rate": "0.6000" },
    { "hero1_id": "186", "hero1_name": "太乙真人", "hero2_id": "195", "hero2_name": "百里玄策", "played": "5", "win_rate": "0.2000" },
    { "hero1_id": "123", "hero1_name": "吕布", "hero2_id": "129", "hero2_name": "典韦", "played": "5", "win_rate": "0.4000" },
    { "hero1_id": "134", "hero1_name": "达摩", "hero2_id": "195", "hero2_name": "百里玄策", "played": "5", "win_rate": "0.6000" },
    { "hero1_id": "186", "hero1_name": "太乙真人", "hero2_id": "509", "hero2_name": "盾山", "played": "5", "win_rate": "0.8000" },
    { "hero1_id": "106", "hero1_name": "小乔", "hero2_id": "186", "hero2_name": "太乙真人", "played": "5", "win_rate": "0.4000" },
    { "hero1_id": "110", "hero1_name": "嬴政", "hero2_id": "186", "hero2_name": "太乙真人", "played": "5", "win_rate": "0.4000" },
    { "hero1_id": "171", "hero1_name": "张飞", "hero2_id": "190", "hero2_name": "诸葛亮", "played": "5", "win_rate": "0.8000" },
    { "hero1_id": "507", "hero1_name": "李信", "hero2_id": "509", "hero2_name": "盾山", "played": "5", "win_rate": "0.6000" },
    { "hero1_id": "123", "hero1_name": "吕布", "hero2_id": "186", "hero2_name": "太乙真人", "played": "5", "win_rate": "0.6000" },
    { "hero1_id": "176", "hero1_name": "杨玉环", "hero2_id": "187", "hero2_name": "东皇太一", "played": "5", "win_rate": "0.4000" },
    { "hero1_id": "171", "hero1_name": "张飞", "hero2_id": "504", "hero2_name": "米莱狄", "played": "5", "win_rate": "0.2000" },
    { "hero1_id": "137", "hero1_name": "司马懿", "hero2_id": "171", "hero2_name": "张飞", "played": "5", "win_rate": "0.6000" },
    { "hero1_id": "137", "hero1_name": "司马懿", "hero2_id": "502", "hero2_name": "裴擒虎", "played": "5", "win_rate": "0.0000" },
    { "hero1_id": "154", "hero1_name": "花木兰", "hero2_id": "195", "hero2_name": "百里玄策", "played": "5", "win_rate": "0.4000" },
    { "hero1_id": "113", "hero1_name": "庄周", "hero2_id": "123", "hero2_name": "吕布", "played": "5", "win_rate": "1.0000" },
    { "hero1_id": "105", "hero1_name": "廉颇", "hero2_id": "199", "hero2_name": "公孙离", "played": "5", "win_rate": "0.0000" },
    { "hero1_id": "174", "hero1_name": "虞姬", "hero2_id": "509", "hero2_name": "盾山", "played": "5", "win_rate": "0.4000" },
    { "hero1_id": "110", "hero1_name": "嬴政", "hero2_id": "118", "hero2_name": "孙膑", "played": "5", "win_rate": "0.6000" },
    { "hero1_id": "123", "hero1_name": "吕布", "hero2_id": "167", "hero2_name": "孙悟空", "played": "5", "win_rate": "0.8000" },
    { "hero1_id": "120", "hero1_name": "白起", "hero2_id": "135", "hero2_name": "项羽", "played": "5", "win_rate": "0.2000" },
    { "hero1_id": "168", "hero1_name": "牛魔", "hero2_id": "178", "hero2_name": "杨戬", "played": "5", "win_rate": "0.4000" },
    { "hero1_id": "154", "hero1_name": "花木兰", "hero2_id": "178", "hero2_name": "杨戬", "played": "5", "win_rate": "0.4000" },
    { "hero1_id": "113", "hero1_name": "庄周", "hero2_id": "168", "hero2_name": "牛魔", "played": "5", "win_rate": "1.0000" },
    { "hero1_id": "125", "hero1_name": "元歌", "hero2_id": "149", "hero2_name": "刘邦", "played": "5", "win_rate": "0.8000" },
    { "hero1_id": "191", "hero1_name": "大乔", "hero2_id": "502", "hero2_name": "裴擒虎", "played": "5", "win_rate": "0.8000" },
    { "hero1_id": "168", "hero1_name": "牛魔", "hero2_id": "510", "hero2_name": "孙策", "played": "5", "win_rate": "0.2000" },
    { "hero1_id": "119", "hero1_name": "扁鹊", "hero2_id": "132", "hero2_name": "马可波罗", "played": "5", "win_rate": "0.4000" },
    { "hero1_id": "196", "hero1_name": "百里守约", "hero2_id": "509", "hero2_name": "盾山", "played": "5", "win_rate": "0.4000" },
    { "hero1_id": "123", "hero1_name": "吕布", "hero2_id": "184", "hero2_name": "蔡文姬", "played": "5", "win_rate": "0.8000" },
    { "hero1_id": "139", "hero1_name": "老夫子", "hero2_id": "187", "hero2_name": "东皇太一", "played": "5", "win_rate": "0.4000" },
    { "hero1_id": "120", "hero1_name": "白起", "hero2_id": "510", "hero2_name": "孙策", "played": "5", "win_rate": "0.4000" },
    { "hero1_id": "173", "hero1_name": "李元芳", "hero2_id": "189", "hero2_name": "鬼谷子", "played": "5", "win_rate": "0.6000" },
    { "hero1_id": "105", "hero1_name": "廉颇", "hero2_id": "176", "hero2_name": "杨玉环", "played": "5", "win_rate": "0.4000" },
    { "hero1_id": "120", "hero1_name": "白起", "hero2_id": "123", "hero2_name": "吕布", "played": "5", "win_rate": "0.6000" },
    { "hero1_id": "113", "hero1_name": "庄周", "hero2_id": "189", "hero2_name": "鬼谷子", "played": "5", "win_rate": "0.6000" },
    { "hero1_id": "149", "hero1_name": "刘邦", "hero2_id": "502", "hero2_name": "裴擒虎", "played": "5", "win_rate": "0.8000" },
    { "hero1_id": "173", "hero1_name": "李元芳", "hero2_id": "182", "hero2_name": "干将莫邪", "played": "5", "win_rate": "0.6000" },
    { "hero1_id": "140", "hero1_name": "关羽", "hero2_id": "501", "hero2_name": "明世隐", "played": "5", "win_rate": "0.8000" },
    { "hero1_id": "167", "hero1_name": "孙悟空", "hero2_id": "168", "hero2_name": "牛魔", "played": "5", "win_rate": "0.4000" },
    { "hero1_id": "123", "hero1_name": "吕布", "hero2_id": "152", "hero2_name": "王昭君", "played": "4", "win_rate": "0.5000" },
    { "hero1_id": "132", "hero1_name": "马可波罗", "hero2_id": "190", "hero2_name": "诸葛亮", "played": "4", "win_rate": "0.7500" },
    { "hero1_id": "149", "hero1_name": "刘邦", "hero2_id": "194", "hero2_name": "苏烈", "played": "4", "win_rate": "0.2500" },
    { "hero1_id": "106", "hero1_name": "小乔", "hero2_id": "126", "hero2_name": "夏侯惇", "played": "4", "win_rate": "0.0000" },
    { "hero1_id": "137", "hero1_name": "司马懿", "hero2_id": "162", "hero2_name": "娜可露露", "played": "4", "win_rate": "0.2500" },
    { "hero1_id": "154", "hero1_name": "花木兰", "hero2_id": "180", "hero2_name": "哪吒", "played": "4", "win_rate": "0.7500" },
    { "hero1_id": "129", "hero1_name": "典韦", "hero2_id": "149", "hero2_name": "刘邦", "played": "4", "win_rate": "0.2500" },
    { "hero1_id": "174", "hero1_name": "虞姬", "hero2_id": "182", "hero2_name": "干将莫邪", "played": "4", "win_rate": "0.5000" },
    { "hero1_id": "116", "hero1_name": "阿轲", "hero2_id": "134", "hero2_name": "达摩", "played": "4", "win_rate": "0.5000" },
    { "hero1_id": "176", "hero1_name": "杨玉环", "hero2_id": "510", "hero2_name": "孙策", "played": "4", "win_rate": "0.5000" },
    { "hero1_id": "191", "hero1_name": "大乔", "hero2_id": "509", "hero2_name": "盾山", "played": "4", "win_rate": "1.0000" },
    { "hero1_id": "502", "hero1_name": "裴擒虎", "hero2_id": "510", "hero2_name": "孙策", "played": "4", "win_rate": "0.5000" },
    { "hero1_id": "136", "hero1_name": "武则天", "hero2_id": "510", "hero2_name": "孙策", "played": "4", "win_rate": "0.5000" },
    { "hero1_id": "131", "hero1_name": "李白", "hero2_id": "140", "hero2_name": "关羽", "played": "4", "win_rate": "0.5000" },
    { "hero1_id": "110", "hero1_name": "嬴政", "hero2_id": "189", "hero2_name": "鬼谷子", "played": "4", "win_rate": "0.2500" },
    { "hero1_id": "137", "hero1_name": "司马懿", "hero2_id": "144", "hero2_name": "程咬金", "played": "4", "win_rate": "0.2500" },
    { "hero1_id": "190", "hero1_name": "诸葛亮", "hero2_id": "194", "hero2_name": "苏烈", "played": "4", "win_rate": "0.5000" },
    { "hero1_id": "134", "hero1_name": "达摩", "hero2_id": "190", "hero2_name": "诸葛亮", "played": "4", "win_rate": "0.7500" },
    { "hero1_id": "123", "hero1_name": "吕布", "hero2_id": "148", "hero2_name": "姜子牙", "played": "4", "win_rate": "0.5000" },
    { "hero1_id": "119", "hero1_name": "扁鹊", "hero2_id": "120", "hero2_name": "白起", "played": "4", "win_rate": "0.5000" },
    { "hero1_id": "129", "hero1_name": "典韦", "hero2_id": "191", "hero2_name": "大乔", "played": "4", "win_rate": "0.2500" },
    { "hero1_id": "136", "hero1_name": "武则天", "hero2_id": "144", "hero2_name": "程咬金", "played": "4", "win_rate": "0.7500" },
    { "hero1_id": "125", "hero1_name": "元歌", "hero2_id": "137", "hero2_name": "司马懿", "played": "4", "win_rate": "0.2500" },
    { "hero1_id": "106", "hero1_name": "小乔", "hero2_id": "168", "hero2_name": "牛魔", "played": "4", "win_rate": "0.2500" },
    { "hero1_id": "139", "hero1_name": "老夫子", "hero2_id": "195", "hero2_name": "百里玄策", "played": "4", "win_rate": "0.5000" },
    { "hero1_id": "140", "hero1_name": "关羽", "hero2_id": "152", "hero2_name": "王昭君", "played": "4", "win_rate": "0.5000" },
    { "hero1_id": "126", "hero1_name": "夏侯惇", "hero2_id": "501", "hero2_name": "明世隐", "played": "4", "win_rate": "0.2500" },
    { "hero1_id": "141", "hero1_name": "貂蝉", "hero2_id": "148", "hero2_name": "姜子牙", "played": "4", "win_rate": "0.7500" },
    { "hero1_id": "119", "hero1_name": "扁鹊", "hero2_id": "194", "hero2_name": "苏烈", "played": "4", "win_rate": "0.0000" },
    { "hero1_id": "174", "hero1_name": "虞姬", "hero2_id": "186", "hero2_name": "太乙真人", "played": "4", "win_rate": "0.5000" },
    { "hero1_id": "149", "hero1_name": "刘邦", "hero2_id": "189", "hero2_name": "鬼谷子", "played": "4", "win_rate": "0.5000" },
    { "hero1_id": "129", "hero1_name": "典韦", "hero2_id": "134", "hero2_name": "达摩", "played": "4", "win_rate": "0.5000" },
    { "hero1_id": "125", "hero1_name": "元歌", "hero2_id": "501", "hero2_name": "明世隐", "played": "4", "win_rate": "0.7500" },
    { "hero1_id": "141", "hero1_name": "貂蝉", "hero2_id": "178", "hero2_name": "杨戬", "played": "4", "win_rate": "1.0000" },
    { "hero1_id": "106", "hero1_name": "小乔", "hero2_id": "184", "hero2_name": "蔡文姬", "played": "4", "win_rate": "0.7500" },
    { "hero1_id": "194", "hero1_name": "苏烈", "hero2_id": "510", "hero2_name": "孙策", "played": "4", "win_rate": "0.2500" },
    { "hero1_id": "105", "hero1_name": "廉颇", "hero2_id": "120", "hero2_name": "白起", "played": "4", "win_rate": "0.2500" },
    { "hero1_id": "149", "hero1_name": "刘邦", "hero2_id": "182", "hero2_name": "干将莫邪", "played": "4", "win_rate": "0.5000" },
    { "hero1_id": "113", "hero1_name": "庄周", "hero2_id": "196", "hero2_name": "百里守约", "played": "4", "win_rate": "0.5000" },
    { "hero1_id": "137", "hero1_name": "司马懿", "hero2_id": "139", "hero2_name": "老夫子", "played": "4", "win_rate": "0.2500" },
    { "hero1_id": "129", "hero1_name": "典韦", "hero2_id": "137", "hero2_name": "司马懿", "played": "4", "win_rate": "0.2500" },
    { "hero1_id": "129", "hero1_name": "典韦", "hero2_id": "195", "hero2_name": "百里玄策", "played": "4", "win_rate": "0.2500" },
    { "hero1_id": "106", "hero1_name": "小乔", "hero2_id": "144", "hero2_name": "程咬金", "played": "4", "win_rate": "0.0000" },
    { "hero1_id": "148", "hero1_name": "姜子牙", "hero2_id": "186", "hero2_name": "太乙真人", "played": "4", "win_rate": "0.5000" },
    { "hero1_id": "111", "hero1_name": "孙尚香", "hero2_id": "509", "hero2_name": "盾山", "played": "4", "win_rate": "0.7500" },
    { "hero1_id": "135", "hero1_name": "项羽", "hero2_id": "137", "hero2_name": "司马懿", "played": "4", "win_rate": "0.2500" },
    { "hero1_id": "116", "hero1_name": "阿轲", "hero2_id": "135", "hero2_name": "项羽", "played": "4", "win_rate": "0.7500" },
    { "hero1_id": "152", "hero1_name": "王昭君", "hero2_id": "509", "hero2_name": "盾山", "played": "4", "win_rate": "1.0000" },
    { "hero1_id": "134", "hero1_name": "达摩", "hero2_id": "137", "hero2_name": "司马懿", "played": "4", "win_rate": "0.5000" },
    { "hero1_id": "137", "hero1_name": "司马懿", "hero2_id": "196", "hero2_name": "百里守约", "played": "4", "win_rate": "0.5000" },
    { "hero1_id": "105", "hero1_name": "廉颇", "hero2_id": "196", "hero2_name": "百里守约", "played": "4", "win_rate": "0.2500" },
    { "hero1_id": "134", "hero1_name": "达摩", "hero2_id": "510", "hero2_name": "孙策", "played": "4", "win_rate": "0.5000" },
    { "hero1_id": "106", "hero1_name": "小乔", "hero2_id": "118", "hero2_name": "孙膑", "played": "4", "win_rate": "0.2500" },
    { "hero1_id": "131", "hero1_name": "李白", "hero2_id": "144", "hero2_name": "程咬金", "played": "4", "win_rate": "0.0000" },
    { "hero1_id": "116", "hero1_name": "阿轲", "hero2_id": "194", "hero2_name": "苏烈", "played": "4", "win_rate": "0.5000" },
    { "hero1_id": "140", "hero1_name": "关羽", "hero2_id": "173", "hero2_name": "李元芳", "played": "4", "win_rate": "0.2500" },
    { "hero1_id": "144", "hero1_name": "程咬金", "hero2_id": "174", "hero2_name": "虞姬", "played": "4", "win_rate": "0.2500" },
    { "hero1_id": "148", "hero1_name": "姜子牙", "hero2_id": "176", "hero2_name": "杨玉环", "played": "4", "win_rate": "0.5000" },
    { "hero1_id": "136", "hero1_name": "武则天", "hero2_id": "187", "hero2_name": "东皇太一", "played": "4", "win_rate": "0.5000" }
]