[
    { "avg_assist": "4.16", "avg_ban_seq": "3.5", "avg_bekill": "1.56", "avg_kill": "3.18", "avg_pick_seq": "0.0", "ban_cnt": "85", "gpm": "660", "hero_id": "132", "hero_name": "马可波罗", "kda": "5.45", "pick_cnt": "410", "played": "409", "win_rate": "0.4988" },
    { "avg_assist": "3.53", "avg_ban_seq": "4.4", "avg_bekill": "2.42", "avg_kill": "2.68", "avg_pick_seq": "0.0", "ban_cnt": "156", "gpm": "653", "hero_id": "154", "hero_name": "花木兰", "kda": "3.56", "pick_cnt": "352", "played": "350", "win_rate": "0.5171" },
    { "avg_assist": "4.96", "avg_ban_seq": "5.8", "avg_bekill": "2.39", "avg_kill": "0.97", "avg_pick_seq": "0.0", "ban_cnt": "86", "gpm": "490", "hero_id": "194", "hero_name": "苏烈", "kda": "3.50", "pick_cnt": "273", "played": "271", "win_rate": "0.4428" },
    { "avg_assist": "3.85", "avg_ban_seq": "5.3", "avg_bekill": "2.09", "avg_kill": "3.17", "avg_pick_seq": "0.0", "ban_cnt": "59", "gpm": "647", "hero_id": "199", "hero_name": "公孙离", "kda": "4.45", "pick_cnt": "271", "played": "270", "win_rate": "0.4519" },
    { "avg_assist": "3.92", "avg_ban_seq": "3.2", "avg_bekill": "2.00", "avg_kill": "2.33", "avg_pick_seq": "0.0", "ban_cnt": "258", "gpm": "620", "hero_id": "140", "hero_name": "关羽", "kda": "4.12", "pick_cnt": "256", "played": "259", "win_rate": "0.5483" },
    { "avg_assist": "4.63", "avg_ban_seq": "3.4", "avg_bekill": "1.37", "avg_kill": "2.90", "avg_pick_seq": "0.0", "ban_cnt": "273", "gpm": "607", "hero_id": "125", "hero_name": "元歌", "kda": "5.93", "pick_cnt": "253", "played": "252", "win_rate": "0.5278" },
    { "avg_assist": "3.18", "avg_ban_seq": "5.3", "avg_bekill": "2.31", "avg_kill": "2.45", "avg_pick_seq": "0.0", "ban_cnt": "118", "gpm": "640", "hero_id": "134", "hero_name": "达摩", "kda": "3.37", "pick_cnt": "245", "played": "245", "win_rate": "0.5469" },
    { "avg_assist": "5.27", "avg_ban_seq": "6.2", "avg_bekill": "2.08", "avg_kill": "0.63", "avg_pick_seq": "0.0", "ban_cnt": "110", "gpm": "434", "hero_id": "171", "hero_name": "张飞", "kda": "3.96", "pick_cnt": "227", "played": "228", "win_rate": "0.4781" },
    { "avg_assist": "4.77", "avg_ban_seq": "5.7", "avg_bekill": "2.04", "avg_kill": "1.03", "avg_pick_seq": "0.0", "ban_cnt": "93", "gpm": "528", "hero_id": "135", "hero_name": "项羽", "kda": "3.81", "pick_cnt": "221", "played": "220", "win_rate": "0.4864" },
    { "avg_assist": "6.09", "avg_ban_seq": "4.7", "avg_bekill": "2.06", "avg_kill": "1.38", "avg_pick_seq": "0.0", "ban_cnt": "207", "gpm": "546", "hero_id": "120", "hero_name": "白起", "kda": "4.86", "pick_cnt": "212", "played": "212", "win_rate": "0.5283" },
    { "avg_assist": "3.54", "avg_ban_seq": "6.3", "avg_bekill": "2.66", "avg_kill": "2.32", "avg_pick_seq": "0.0", "ban_cnt": "107", "gpm": "635", "hero_id": "129", "hero_name": "典韦", "kda": "3.16", "pick_cnt": "185", "played": "183", "win_rate": "0.4481" },
    { "avg_assist": "3.94", "avg_ban_seq": "4.5", "avg_bekill": "2.18", "avg_kill": "4.75", "avg_pick_seq": "0.0", "ban_cnt": "108", "gpm": "663", "hero_id": "162", "hero_name": "娜可露露", "kda": "5.46", "pick_cnt": "165", "played": "165", "win_rate": "0.5333" },
    { "avg_assist": "8.82", "avg_ban_seq": "5.6", "avg_bekill": "2.52", "avg_kill": "0.86", "avg_pick_seq": "0.0", "ban_cnt": "213", "gpm": "411", "hero_id": "189", "hero_name": "鬼谷子", "kda": "5.52", "pick_cnt": "160", "played": "160", "win_rate": "0.5375" },
    { "avg_assist": "4.53", "avg_ban_seq": "2.3", "avg_bekill": "1.50", "avg_kill": "3.60", "avg_pick_seq": "0.0", "ban_cnt": "445", "gpm": "669", "hero_id": "502", "hero_name": "裴擒虎", "kda": "6.19", "pick_cnt": "158", "played": "162", "win_rate": "0.5864" },
    { "avg_assist": "4.54", "avg_ban_seq": "6.2", "avg_bekill": "1.36", "avg_kill": "2.51", "avg_pick_seq": "0.0", "ban_cnt": "153", "gpm": "623", "hero_id": "182", "hero_name": "干将莫邪", "kda": "5.54", "pick_cnt": "156", "played": "157", "win_rate": "0.4331" },
    { "avg_assist": "4.76", "avg_ban_seq": "6.5", "avg_bekill": "2.57", "avg_kill": "1.03", "avg_pick_seq": "0.0", "ban_cnt": "64", "gpm": "523", "hero_id": "126", "hero_name": "夏侯惇", "kda": "3.28", "pick_cnt": "154", "played": "155", "win_rate": "0.4581" },
    { "avg_assist": "5.53", "avg_ban_seq": "6.8", "avg_bekill": "1.76", "avg_kill": "2.68", "avg_pick_seq": "0.0", "ban_cnt": "55", "gpm": "620", "hero_id": "176", "hero_name": "杨玉环", "kda": "5.78", "pick_cnt": "145", "played": "143", "win_rate": "0.5315" },
    { "avg_assist": "4.27", "avg_ban_seq": "4.8", "avg_bekill": "2.51", "avg_kill": "1.17", "avg_pick_seq": "0.0", "ban_cnt": "179", "gpm": "606", "hero_id": "139", "hero_name": "老夫子", "kda": "2.95", "pick_cnt": "142", "played": "142", "win_rate": "0.4225" },
    { "avg_assist": "7.01", "avg_ban_seq": "5.6", "avg_bekill": "1.42", "avg_kill": "1.01", "avg_pick_seq": "0.0", "ban_cnt": "161", "gpm": "456", "hero_id": "118", "hero_name": "孙膑", "kda": "6.18", "pick_cnt": "139", "played": "139", "win_rate": "0.5540" },
    { "avg_assist": "5.35", "avg_ban_seq": "4.8", "avg_bekill": "1.82", "avg_kill": "2.98", "avg_pick_seq": "0.0", "ban_cnt": "236", "gpm": "620", "hero_id": "141", "hero_name": "貂蝉", "kda": "5.81", "pick_cnt": "130", "played": "130", "win_rate": "0.5538" },
    { "avg_assist": "3.48", "avg_ban_seq": "6.0", "avg_bekill": "2.54", "avg_kill": "1.44", "avg_pick_seq": "0.0", "ban_cnt": "103", "gpm": "622", "hero_id": "144", "hero_name": "程咬金", "kda": "2.74", "pick_cnt": "125", "played": "125", "win_rate": "0.4880" },
    { "avg_assist": "5.65", "avg_ban_seq": "3.5", "avg_bekill": "2.69", "avg_kill": "0.73", "avg_pick_seq": "0.0", "ban_cnt": "142", "gpm": "499", "hero_id": "509", "hero_name": "盾山", "kda": "3.60", "pick_cnt": "124", "played": "127", "win_rate": "0.5197" },
    { "avg_assist": "5.81", "avg_ban_seq": "4.4", "avg_bekill": "2.90", "avg_kill": "0.52", "avg_pick_seq": "0.0", "ban_cnt": "109", "gpm": "435", "hero_id": "186", "hero_name": "太乙真人", "kda": "3.30", "pick_cnt": "123", "played": "124", "win_rate": "0.4919" },
    { "avg_assist": "6.13", "avg_ban_seq": "8.4", "avg_bekill": "2.07", "avg_kill": "0.67", "avg_pick_seq": "0.0", "ban_cnt": "25", "gpm": "406", "hero_id": "168", "hero_name": "牛魔", "kda": "4.48", "pick_cnt": "116", "played": "116", "win_rate": "0.4828" },
    { "avg_assist": "6.45", "avg_ban_seq": "4.8", "avg_bekill": "1.83", "avg_kill": "2.59", "avg_pick_seq": "0.0", "ban_cnt": "262", "gpm": "576", "hero_id": "156", "hero_name": "张良", "kda": "6.40", "pick_cnt": "111", "played": "111", "win_rate": "0.5586" },
    { "avg_assist": "4.92", "avg_ban_seq": "4.1", "avg_bekill": "1.77", "avg_kill": "1.32", "avg_pick_seq": "0.0", "ban_cnt": "187", "gpm": "475", "hero_id": "148", "hero_name": "姜子牙", "kda": "4.26", "pick_cnt": "96", "played": "95", "win_rate": "0.4421" },
    { "avg_assist": "6.20", "avg_ban_seq": "4.5", "avg_bekill": "1.80", "avg_kill": "0.96", "avg_pick_seq": "0.0", "ban_cnt": "87", "gpm": "487", "hero_id": "113", "hero_name": "庄周", "kda": "4.82", "pick_cnt": "96", "played": "95", "win_rate": "0.5053" },
    { "avg_assist": "3.99", "avg_ban_seq": "6.6", "avg_bekill": "1.89", "avg_kill": "2.48", "avg_pick_seq": "0.0", "ban_cnt": "30", "gpm": "612", "hero_id": "123", "hero_name": "吕布", "kda": "4.34", "pick_cnt": "86", "played": "87", "win_rate": "0.5402" },
    { "avg_assist": "8.01", "avg_ban_seq": "7.1", "avg_bekill": "1.81", "avg_kill": "0.34", "avg_pick_seq": "0.0", "ban_cnt": "85", "gpm": "429", "hero_id": "184", "hero_name": "蔡文姬", "kda": "5.94", "pick_cnt": "67", "played": "67", "win_rate": "0.6716" },
    { "avg_assist": "3.48", "avg_ban_seq": "6.1", "avg_bekill": "1.57", "avg_kill": "2.54", "avg_pick_seq": "0.0", "ban_cnt": "55", "gpm": "598", "hero_id": "196", "hero_name": "百里守约", "kda": "4.31", "pick_cnt": "65", "played": "65", "win_rate": "0.5231" },
    { "avg_assist": "5.57", "avg_ban_seq": "8.1", "avg_bekill": "1.90", "avg_kill": "2.92", "avg_pick_seq": "0.0", "ban_cnt": "17", "gpm": "602", "hero_id": "106", "hero_name": "小乔", "kda": "5.54", "pick_cnt": "62", "played": "61", "win_rate": "0.3770" },
    { "avg_assist": "7.37", "avg_ban_seq": "6.2", "avg_bekill": "4.42", "avg_kill": "1.31", "avg_pick_seq": "0.0", "ban_cnt": "89", "gpm": "410", "hero_id": "187", "hero_name": "东皇太一", "kda": "3.21", "pick_cnt": "57", "played": "59", "win_rate": "0.5085" },
    { "avg_assist": "6.67", "avg_ban_seq": "7.1", "avg_bekill": "1.47", "avg_kill": "2.09", "avg_pick_seq": "0.0", "ban_cnt": "77", "gpm": "601", "hero_id": "136", "hero_name": "武则天", "kda": "6.70", "pick_cnt": "55", "played": "55", "win_rate": "0.4545" },
    { "avg_assist": "7.53", "avg_ban_seq": "3.4", "avg_bekill": "2.17", "avg_kill": "1.28", "avg_pick_seq": "0.0", "ban_cnt": "158", "gpm": "496", "hero_id": "191", "hero_name": "大乔", "kda": "5.12", "pick_cnt": "53", "played": "53", "win_rate": "0.5283" },
    { "avg_assist": "4.98", "avg_ban_seq": "6.5", "avg_bekill": "2.74", "avg_kill": "1.94", "avg_pick_seq": "0.0", "ban_cnt": "13", "gpm": "618", "hero_id": "510", "hero_name": "孙策", "kda": "3.34", "pick_cnt": "51", "played": "53", "win_rate": "0.4717" },
    { "avg_assist": "3.67", "avg_ban_seq": "8.0", "avg_bekill": "2.50", "avg_kill": "2.17", "avg_pick_seq": "0.0", "ban_cnt": "8", "gpm": "596", "hero_id": "178", "hero_name": "杨戬", "kda": "3.37", "pick_cnt": "48", "played": "48", "win_rate": "0.4167" },
    { "avg_assist": "4.05", "avg_ban_seq": "7.8", "avg_bekill": "0.95", "avg_kill": "2.17", "avg_pick_seq": "0.0", "ban_cnt": "13", "gpm": "630", "hero_id": "110", "hero_name": "嬴政", "kda": "5.58", "pick_cnt": "41", "played": "41", "win_rate": "0.4390" },
    { "avg_assist": "5.12", "avg_ban_seq": "7.3", "avg_bekill": "2.21", "avg_kill": "1.85", "avg_pick_seq": "0.0", "ban_cnt": "24", "gpm": "577", "hero_id": "149", "hero_name": "刘邦", "kda": "4.48", "pick_cnt": "33", "played": "33", "win_rate": "0.4545" },
    { "avg_assist": "5.69", "avg_ban_seq": "8.3", "avg_bekill": "3.04", "avg_kill": "0.77", "avg_pick_seq": "0.0", "ban_cnt": "8", "gpm": "424", "hero_id": "105", "hero_name": "廉颇", "kda": "2.98", "pick_cnt": "27", "played": "26", "win_rate": "0.3846" },
    { "avg_assist": "5.31", "avg_ban_seq": "7.8", "avg_bekill": "2.00", "avg_kill": "2.88", "avg_pick_seq": "0.0", "ban_cnt": "7", "gpm": "632", "hero_id": "173", "hero_name": "李元芳", "kda": "4.99", "pick_cnt": "26", "played": "26", "win_rate": "0.4615" },
    { "avg_assist": "5.62", "avg_ban_seq": "7.6", "avg_bekill": "3.69", "avg_kill": "3.92", "avg_pick_seq": "0.0", "ban_cnt": "15", "gpm": "572", "hero_id": "137", "hero_name": "司马懿", "kda": "3.68", "pick_cnt": "26", "played": "26", "win_rate": "0.3077" },
    { "avg_assist": "4.71", "avg_ban_seq": "7.1", "avg_bekill": "2.67", "avg_kill": "4.08", "avg_pick_seq": "0.0", "ban_cnt": "10", "gpm": "648", "hero_id": "174", "hero_name": "虞姬", "kda": "4.57", "pick_cnt": "25", "played": "24", "win_rate": "0.5000" },
    { "avg_assist": "4.08", "avg_ban_seq": "6.0", "avg_bekill": "2.60", "avg_kill": "4.20", "avg_pick_seq": "0.0", "ban_cnt": "9", "gpm": "658", "hero_id": "167", "hero_name": "孙悟空", "kda": "4.64", "pick_cnt": "25", "played": "25", "win_rate": "0.5200" },
    { "avg_assist": "3.83", "avg_ban_seq": "7.2", "avg_bekill": "2.39", "avg_kill": "3.04", "avg_pick_seq": "0.0", "ban_cnt": "18", "gpm": "604", "hero_id": "131", "hero_name": "李白", "kda": "3.90", "pick_cnt": "23", "played": "23", "win_rate": "0.3913" },
    { "avg_assist": "4.69", "avg_ban_seq": "6.8", "avg_bekill": "2.56", "avg_kill": "3.56", "avg_pick_seq": "0.0", "ban_cnt": "17", "gpm": "640", "hero_id": "195", "hero_name": "百里玄策", "kda": "4.02", "pick_cnt": "16", "played": "16", "win_rate": "0.3750" },
    { "avg_assist": "7.93", "avg_ban_seq": "7.8", "avg_bekill": "1.47", "avg_kill": "0.27", "avg_pick_seq": "0.0", "ban_cnt": "9", "gpm": "450", "hero_id": "501", "hero_name": "明世隐", "kda": "6.67", "pick_cnt": "15", "played": "15", "win_rate": "0.5333" },
    { "avg_assist": "4.21", "avg_ban_seq": "6.9", "avg_bekill": "2.93", "avg_kill": "1.79", "avg_pick_seq": "0.0", "ban_cnt": "2", "gpm": "615", "hero_id": "198", "hero_name": "梦奇", "kda": "3.64", "pick_cnt": "13", "played": "14", "win_rate": "0.5000" },
    { "avg_assist": "3.54", "avg_ban_seq": "7.8", "avg_bekill": "1.92", "avg_kill": "4.31", "avg_pick_seq": "0.0", "ban_cnt": "8", "gpm": "638", "hero_id": "116", "hero_name": "阿轲", "kda": "5.31", "pick_cnt": "13", "played": "13", "win_rate": "0.6154" },
    { "avg_assist": "5.17", "avg_ban_seq": "8.9", "avg_bekill": "3.00", "avg_kill": "3.17", "avg_pick_seq": "0.0", "ban_cnt": "0", "gpm": "550", "hero_id": "157", "hero_name": "不知火舞", "kda": "3.76", "pick_cnt": "12", "played": "12", "win_rate": "0.5000" },
    { "avg_assist": "3.00", "avg_ban_seq": "5.7", "avg_bekill": "1.17", "avg_kill": "5.92", "avg_pick_seq": "0.0", "ban_cnt": "8", "gpm": "808", "hero_id": "111", "hero_name": "孙尚香", "kda": "7.60", "pick_cnt": "11", "played": "12", "win_rate": "0.5833" },
    { "avg_assist": "4.55", "avg_ban_seq": "9.3", "avg_bekill": "1.82", "avg_kill": "3.91", "avg_pick_seq": "0.0", "ban_cnt": "0", "gpm": "639", "hero_id": "190", "hero_name": "诸葛亮", "kda": "5.61", "pick_cnt": "11", "played": "11", "win_rate": "0.6364" },
    { "avg_assist": "5.73", "avg_ban_seq": "8.2", "avg_bekill": "2.82", "avg_kill": "1.36", "avg_pick_seq": "0.0", "ban_cnt": "2", "gpm": "583", "hero_id": "180", "hero_name": "哪吒", "kda": "4.32", "pick_cnt": "11", "played": "11", "win_rate": "0.5455" },
    { "avg_assist": "9.00", "avg_ban_seq": "5.3", "avg_bekill": "1.54", "avg_kill": "2.62", "avg_pick_seq": "0.0", "ban_cnt": "9", "gpm": "607", "hero_id": "152", "hero_name": "王昭君", "kda": "8.93", "pick_cnt": "10", "played": "13", "win_rate": "0.6923" },
    { "avg_assist": "4.33", "avg_ban_seq": "6.4", "avg_bekill": "2.33", "avg_kill": "1.44", "avg_pick_seq": "0.0", "ban_cnt": "6", "gpm": "594", "hero_id": "119", "hero_name": "扁鹊", "kda": "2.71", "pick_cnt": "9", "played": "9", "win_rate": "0.3333" },
    { "avg_assist": "4.11", "avg_ban_seq": "7.4", "avg_bekill": "2.00", "avg_kill": "2.33", "avg_pick_seq": "0.0", "ban_cnt": "5", "gpm": "717", "hero_id": "121", "hero_name": "芈月", "kda": "4.15", "pick_cnt": "9", "played": "9", "win_rate": "0.8889" },
    { "avg_assist": "2.44", "avg_ban_seq": "9.0", "avg_bekill": "1.56", "avg_kill": "1.11", "avg_pick_seq": "0.0", "ban_cnt": "0", "gpm": "568", "hero_id": "504", "hero_name": "米莱狄", "kda": "2.15", "pick_cnt": "9", "played": "9", "win_rate": "0.1111" },
    { "avg_assist": "4.00", "avg_ban_seq": "3.6", "avg_bekill": "2.75", "avg_kill": "3.92", "avg_pick_seq": "0.0", "ban_cnt": "20", "gpm": "690", "hero_id": "507", "hero_name": "李信", "kda": "4.91", "pick_cnt": "9", "played": "12", "win_rate": "0.5000" },
    { "avg_assist": "2.29", "avg_ban_seq": "7.6", "avg_bekill": "1.71", "avg_kill": "2.86", "avg_pick_seq": "0.0", "ban_cnt": "1", "gpm": "714", "hero_id": "150", "hero_name": "韩信", "kda": "3.43", "pick_cnt": "7", "played": "7", "win_rate": "0.2857" },
    { "avg_assist": "3.86", "avg_ban_seq": "7.3", "avg_bekill": "5.71", "avg_kill": "3.29", "avg_pick_seq": "0.0", "ban_cnt": "8", "gpm": "439", "hero_id": "153", "hero_name": "兰陵王", "kda": "1.71", "pick_cnt": "7", "played": "7", "win_rate": "0.2857" },
    { "avg_assist": "8.60", "avg_ban_seq": "8.8", "avg_bekill": "1.40", "avg_kill": "4.20", "avg_pick_seq": "0.0", "ban_cnt": "1", "gpm": "576", "hero_id": "197", "hero_name": "弈星", "kda": "8.55", "pick_cnt": "5", "played": "5", "win_rate": "0.4000" },
    { "avg_assist": "10.20", "avg_ban_seq": "10.0", "avg_bekill": "4.80", "avg_kill": "3.20", "avg_pick_seq": "0.0", "ban_cnt": "0", "gpm": "461", "hero_id": "175", "hero_name": "钟馗", "kda": "5.26", "pick_cnt": "5", "played": "5", "win_rate": "0.6000" },
    { "avg_assist": "5.40", "avg_ban_seq": "7.4", "avg_bekill": "0.80", "avg_kill": "2.00", "avg_pick_seq": "0.0", "ban_cnt": "2", "gpm": "607", "hero_id": "179", "hero_name": "女娲", "kda": "7.30", "pick_cnt": "5", "played": "5", "win_rate": "0.6000" },
    { "avg_assist": "1.60", "avg_ban_seq": "8.8", "avg_bekill": "2.80", "avg_kill": "1.20", "avg_pick_seq": "0.0", "ban_cnt": "1", "gpm": "690", "hero_id": "146", "hero_name": "露娜", "kda": "1.25", "pick_cnt": "5", "played": "5", "win_rate": "0.4000" },
    { "avg_assist": "7.00", "avg_ban_seq": "8.0", "avg_bekill": "2.00", "avg_kill": "2.00", "avg_pick_seq": "0.0", "ban_cnt": "0", "gpm": "561", "hero_id": "108", "hero_name": "墨子", "kda": "4.50", "pick_cnt": "4", "played": "4", "win_rate": "0.2500" },
    { "avg_assist": "5.50", "avg_ban_seq": "7.8", "avg_bekill": "3.25", "avg_kill": "3.25", "avg_pick_seq": "0.0", "ban_cnt": "0", "gpm": "554", "hero_id": "117", "hero_name": "钟无艳", "kda": "5.46", "pick_cnt": "4", "played": "4", "win_rate": "0.5000" },
    { "avg_assist": "5.00", "avg_ban_seq": "8.0", "avg_bekill": "15.00", "avg_kill": "1.33", "avg_pick_seq": "0.0", "ban_cnt": "3", "gpm": "401", "hero_id": "183", "hero_name": "雅典娜", "kda": "0.49", "pick_cnt": "3", "played": "3", "win_rate": "0.3333" },
    { "avg_assist": "5.33", "avg_ban_seq": "6.2", "avg_bekill": "4.00", "avg_kill": "4.33", "avg_pick_seq": "0.0", "ban_cnt": "1", "gpm": "621", "hero_id": "170", "hero_name": "刘备", "kda": "2.26", "pick_cnt": "3", "played": "3", "win_rate": "0.3333" },
    { "avg_assist": "3.00", "avg_ban_seq": "9.7", "avg_bekill": "2.00", "avg_kill": "4.33", "avg_pick_seq": "0.0", "ban_cnt": "0", "gpm": "632", "hero_id": "107", "hero_name": "赵云", "kda": "6.53", "pick_cnt": "3", "played": "3", "win_rate": "0.6667" },
    { "avg_assist": "4.33", "avg_ban_seq": "9.7", "avg_bekill": "2.00", "avg_kill": "3.67", "avg_pick_seq": "0.0", "ban_cnt": "0", "gpm": "668", "hero_id": "128", "hero_name": "曹操", "kda": "4.72", "pick_cnt": "3", "played": "3", "win_rate": "0.6667" },
    { "avg_assist": "7.00", "avg_ban_seq": "7.2", "avg_bekill": "1.33", "avg_kill": "2.33", "avg_pick_seq": "0.0", "ban_cnt": "1", "gpm": "690", "hero_id": "508", "hero_name": "伽罗", "kda": "6.67", "pick_cnt": "3", "played": "3", "win_rate": "0.6667" },
    { "avg_assist": "6.00", "avg_ban_seq": "10.0", "avg_bekill": "2.50", "avg_kill": "1.50", "avg_pick_seq": "0.0", "ban_cnt": "0", "gpm": "564", "hero_id": "124", "hero_name": "周瑜", "kda": "3.67", "pick_cnt": "2", "played": "2", "win_rate": "0.5000" },
    { "avg_assist": "3.50", "avg_ban_seq": "9.0", "avg_bekill": "2.00", "avg_kill": "2.50", "avg_pick_seq": "0.0", "ban_cnt": "0", "gpm": "564", "hero_id": "503", "hero_name": "狂铁", "kda": "3.00", "pick_cnt": "2", "played": "2", "win_rate": "0.0000" },
    { "avg_assist": "3.00", "avg_ban_seq": "9.0", "avg_bekill": "3.50", "avg_kill": "0.00", "avg_pick_seq": "0.0", "ban_cnt": "0", "gpm": "383", "hero_id": "114", "hero_name": "刘禅", "kda": "0.75", "pick_cnt": "2", "played": "2", "win_rate": "0.5000" },
    { "avg_assist": "4.00", "avg_ban_seq": "10.0", "avg_bekill": "3.50", "avg_kill": "3.00", "avg_pick_seq": "0.0", "ban_cnt": "0", "gpm": "549", "hero_id": "127", "hero_name": "甄姬", "kda": "4.92", "pick_cnt": "2", "played": "2", "win_rate": "0.5000" },
    { "avg_assist": "5.00", "avg_ban_seq": "10.0", "avg_bekill": "2.00", "avg_kill": "2.00", "avg_pick_seq": "0.0", "ban_cnt": "0", "gpm": "669", "hero_id": "193", "hero_name": "铠", "kda": "3.50", "pick_cnt": "1", "played": "1", "win_rate": "1.0000" },
    { "avg_assist": "7.00", "avg_ban_seq": "8.0", "avg_bekill": "4.00", "avg_kill": "8.00", "avg_pick_seq": "0.0", "ban_cnt": "0", "gpm": "602", "hero_id": "163", "hero_name": "橘右京", "kda": "3.75", "pick_cnt": "1", "played": "1", "win_rate": "0.0000" }
]