[
    { "hero_id": "109", "hero_name": "妲己" },
    { "hero_id": "112", "hero_name": "鲁班七号" },
    { "hero_id": "115", "hero_name": "高渐离" },
    { "hero_id": "130", "hero_name": "宫本武藏" },
    { "hero_id": "133", "hero_name": "狄仁杰" },
    { "hero_id": "142", "hero_name": "安琪拉" },
    { "hero_id": "155", "hero_name": "艾琳" },
    { "hero_id": "166", "hero_name": "亚瑟" },
    { "hero_id": "169", "hero_name": "后羿" },
    { "hero_id": "177", "hero_name": "成吉思汗" },
    { "hero_id": "192", "hero_name": "黄忠" },
    { "hero_id": "312", "hero_name": "沈梦溪" },
    { "hero_id": "505", "hero_name": "瑶" },
    { "hero_id": "506", "hero_name": "云中君" },
    { "hero_id": "511", "hero_name": "猪八戒" },
    { "hero_id": "513", "hero_name": "上官婉儿" },
    { "hero_id": "515", "hero_name": "嫦娥" },
    { "hero_id": "518", "hero_name": "马超" },
    { "hero_id": "522", "hero_name": "曜" },
    { "hero_id": "523", "hero_name": "西施" },
    { "hero_id": "525", "hero_name": "鲁班大师" },
    { "hero_id": "529", "hero_name": "盘古" }
]