[
    { "avg_assist": "7.01", "avg_bekill": "2.29", "avg_kill": "0.79", "gpm": "420", "kda": "4.68", "name": "EDGM.koko", "openid": "91C65C11C1BA16F63A59C4E571394E18", "played": "101", "rating": "5.60", "total_kill": "80", "win_rate": "0.5644", "xpm": "721" },
    { "avg_assist": "4.54", "avg_bekill": "2.50", "avg_kill": "2.08", "gpm": "624", "kda": "3.65", "name": "EDGM.阿澈", "openid": "BDA5D3D8B600DC8ACD800F77FFE41BE0", "played": "101", "rating": "5.60", "total_kill": "210", "win_rate": "0.5644", "xpm": "772" },
    { "avg_assist": "4.04", "avg_bekill": "1.57", "avg_kill": "4.45", "gpm": "679", "kda": "6.57", "name": "EDGM.初晨", "openid": "65907C634614595853DF76D9708F0E04", "played": "101", "rating": "5.60", "total_kill": "449", "win_rate": "0.5644", "xpm": "792" },
    { "avg_assist": "6.12", "avg_bekill": "1.70", "avg_kill": "2.74", "gpm": "589", "kda": "6.63", "name": "EDGM.浪浪", "openid": "B58E5BEB1CAC18ADF1300F9877348CA4", "played": "101", "rating": "5.60", "total_kill": "277", "win_rate": "0.5644", "xpm": "766" },
    { "avg_assist": "3.80", "avg_bekill": "2.07", "avg_kill": "2.35", "gpm": "663", "kda": "3.92", "name": "Ts.十三", "openid": "FD70952C1A9B936EDDB00609A7440670", "played": "99", "rating": "5.60", "total_kill": "233", "win_rate": "0.4949", "xpm": "741" },
    { "avg_assist": "6.81", "avg_bekill": "2.89", "avg_kill": "0.68", "gpm": "405", "kda": "3.84", "name": "Hero.最初", "openid": "75A0E028EC2BF9D41710669411CD19F8", "played": "99", "rating": "5.60", "total_kill": "67", "win_rate": "0.5455", "xpm": "704" },
    { "avg_assist": "4.06", "avg_bekill": "1.97", "avg_kill": "1.62", "gpm": "549", "kda": "4.03", "name": "Ts.神人", "openid": "217E45134E48B0E55522590E23FFE479", "played": "99", "rating": "5.60", "total_kill": "160", "win_rate": "0.4949", "xpm": "725" },
    { "avg_assist": "3.72", "avg_bekill": "1.96", "avg_kill": "2.43", "gpm": "653", "kda": "4.07", "name": "Hero.柠栀", "openid": "A7AAD11E26643813D72EFEBD3B0EBD28", "played": "99", "rating": "5.60", "total_kill": "241", "win_rate": "0.5455", "xpm": "771" },
    { "avg_assist": "3.90", "avg_bekill": "2.35", "avg_kill": "3.54", "gpm": "644", "kda": "4.24", "name": "Ts.暖阳", "openid": "B61E31C87EB42BE852DEADE5273AB0DE", "played": "99", "rating": "5.60", "total_kill": "350", "win_rate": "0.4949", "xpm": "742" },
    { "avg_assist": "3.64", "avg_bekill": "2.30", "avg_kill": "2.07", "gpm": "608", "kda": "3.38", "name": "YTG丶小壳", "openid": "DC038568C171B98D6EC9EE60B2F0F657", "played": "97", "rating": "5.60", "total_kill": "201", "win_rate": "0.4330", "xpm": "755" },
    { "avg_assist": "6.32", "avg_bekill": "2.49", "avg_kill": "0.99", "gpm": "439", "kda": "4.57", "name": "Ts.阿豆", "openid": "6D54271544D17B374436D7189EEBC522", "played": "96", "rating": "5.60", "total_kill": "95", "win_rate": "0.5000", "xpm": "702" },
    { "avg_assist": "5.93", "avg_bekill": "3.28", "avg_kill": "0.76", "gpm": "426", "kda": "3.14", "name": "YTG丶落幕", "openid": "9EABDFC2F259BCDBADECD4D3AFBAAB65", "played": "96", "rating": "5.60", "total_kill": "73", "win_rate": "0.4375", "xpm": "705" },
    { "avg_assist": "4.96", "avg_bekill": "2.11", "avg_kill": "1.95", "gpm": "571", "kda": "4.26", "name": "Ts.破碎", "openid": "BEC56680808C6B082705E412637008B1", "played": "96", "rating": "5.60", "total_kill": "187", "win_rate": "0.4896", "xpm": "717" },
    { "avg_assist": "7.51", "avg_bekill": "2.23", "avg_kill": "0.88", "gpm": "446", "kda": "5.28", "name": "RNGM.伊恩", "openid": "1ADE7C65DFA7373C8DEC4B7477E636A1", "played": "95", "rating": "5.60", "total_kill": "84", "win_rate": "0.6000", "xpm": "743" },
    { "avg_assist": "4.69", "avg_bekill": "1.64", "avg_kill": "4.36", "gpm": "695", "kda": "6.65", "name": "RNGM.虔诚", "openid": "F1BCCA006C3701F765FD5D8AE9DC349F", "played": "95", "rating": "5.60", "total_kill": "414", "win_rate": "0.6000", "xpm": "811" },
    { "avg_assist": "5.77", "avg_bekill": "1.31", "avg_kill": "2.87", "gpm": "628", "kda": "6.69", "name": "RNGM.暴风锐", "openid": "C33F4D32C03321DF09F884E61C01394E", "played": "95", "rating": "5.60", "total_kill": "273", "win_rate": "0.6000", "xpm": "790" },
    { "avg_assist": "4.14", "avg_bekill": "2.12", "avg_kill": "3.44", "gpm": "654", "kda": "4.57", "name": "YTG丶夏天", "openid": "7F7B2244B823795821247DD45B7572FD", "played": "94", "rating": "5.60", "total_kill": "323", "win_rate": "0.4362", "xpm": "782" },
    { "avg_assist": "5.51", "avg_bekill": "1.75", "avg_kill": "2.95", "gpm": "635", "kda": "5.60", "name": "Hero.久诚", "openid": "919D5E5E2A9039A5E7393859C9B4E012", "played": "93", "rating": "5.60", "total_kill": "274", "win_rate": "0.5591", "xpm": "773" },
    { "avg_assist": "5.02", "avg_bekill": "2.71", "avg_kill": "1.54", "gpm": "574", "kda": "3.75", "name": "EDGM.无痕", "openid": "48042210647B57C4BC3D6867F1934705", "played": "91", "rating": "5.60", "total_kill": "140", "win_rate": "0.5934", "xpm": "763" },
    { "avg_assist": "6.20", "avg_bekill": "1.58", "avg_kill": "1.14", "gpm": "581", "kda": "5.24", "name": "BA黑凤梨.六点六", "openid": "38A1A5401569451A53BCA340154E5B3B", "played": "90", "rating": "5.60", "total_kill": "103", "win_rate": "0.7444", "xpm": "775" },
    { "avg_assist": "4.16", "avg_bekill": "1.67", "avg_kill": "2.87", "gpm": "685", "kda": "4.84", "name": "BA黑凤梨.一诺", "openid": "924F7C93F262FC99443B7C27E9A3D6AA", "played": "90", "rating": "5.60", "total_kill": "258", "win_rate": "0.7444", "xpm": "794" },
    { "avg_assist": "4.52", "avg_bekill": "1.52", "avg_kill": "3.94", "gpm": "672", "kda": "6.31", "name": "BA黑凤梨.小兽", "openid": "F3E08E1AC058EC52B27CFD04D7FD24A1", "played": "90", "rating": "5.60", "total_kill": "355", "win_rate": "0.7444", "xpm": "814" },
    { "avg_assist": "4.14", "avg_bekill": "2.21", "avg_kill": "2.32", "gpm": "621", "kda": "4.09", "name": "RNGM.Zero", "openid": "558B8536033B16FEC1FF02F3E02FC1D1", "played": "90", "rating": "5.60", "total_kill": "209", "win_rate": "0.6111", "xpm": "784" },
    { "avg_assist": "4.76", "avg_bekill": "1.99", "avg_kill": "2.87", "gpm": "627", "kda": "4.93", "name": "Hero.久龙", "openid": "5DE81E7A60330EC8E695CF286441E468", "played": "89", "rating": "5.60", "total_kill": "255", "win_rate": "0.5618", "xpm": "784" },
    { "avg_assist": "7.52", "avg_bekill": "1.74", "avg_kill": "0.78", "gpm": "447", "kda": "5.89", "name": "BA黑凤梨.770", "openid": "646CAD1B629DD3DE2569986E43CA132E", "played": "89", "rating": "5.60", "total_kill": "69", "win_rate": "0.7416", "xpm": "747" },
    { "avg_assist": "5.40", "avg_bekill": "2.51", "avg_kill": "1.71", "gpm": "563", "kda": "4.20", "name": "RNGM.凉晨", "openid": "5BD6D8E9DEB9362CC60A568244A18625", "played": "87", "rating": "5.60", "total_kill": "149", "win_rate": "0.6207", "xpm": "779" },
    { "avg_assist": "6.18", "avg_bekill": "2.38", "avg_kill": "0.79", "gpm": "426", "kda": "4.20", "name": "Jc丶老王", "openid": "1C794E7920EBA8B92C81BC5FA9E4C864", "played": "87", "rating": "5.60", "total_kill": "69", "win_rate": "0.4943", "xpm": "717" },
    { "avg_assist": "6.38", "avg_bekill": "2.39", "avg_kill": "0.65", "gpm": "414", "kda": "4.12", "name": "eStarPro.TiGer", "openid": "44519BEABF41B3C9C5BAB0AC33E3F6B7", "played": "85", "rating": "5.60", "total_kill": "55", "win_rate": "0.5176", "xpm": "707" },
    { "avg_assist": "5.29", "avg_bekill": "2.34", "avg_kill": "2.86", "gpm": "584", "kda": "4.91", "name": "eStarPro.Cat", "openid": "A25A35A18EE5DC93117789871D929E83", "played": "85", "rating": "5.60", "total_kill": "243", "win_rate": "0.5176", "xpm": "751" },
    { "avg_assist": "4.58", "avg_bekill": "1.29", "avg_kill": "2.70", "gpm": "617", "kda": "6.08", "name": "Jc丶青浪", "openid": "6EF57E102F9A23CC825DDC1ED5D55F3B", "played": "84", "rating": "5.60", "total_kill": "227", "win_rate": "0.5119", "xpm": "772" },
    { "avg_assist": "4.74", "avg_bekill": "2.36", "avg_kill": "1.48", "gpm": "566", "kda": "3.90", "name": "WE.LY", "openid": "66EC81766B148ED74236686E7F1C8493", "played": "81", "rating": "5.60", "total_kill": "120", "win_rate": "0.4074", "xpm": "760" },
    { "avg_assist": "4.02", "avg_bekill": "2.07", "avg_kill": "2.58", "gpm": "618", "kda": "4.23", "name": "WE.762", "openid": "EB48CF52432EABB8A847A1EA8CA6C7F8", "played": "81", "rating": "5.60", "total_kill": "209", "win_rate": "0.4074", "xpm": "776" },
    { "avg_assist": "6.83", "avg_bekill": "2.31", "avg_kill": "0.74", "gpm": "435", "kda": "4.60", "name": "WE.994", "openid": "FFE0641C557DBC5BD95896C0C4CE9346", "played": "80", "rating": "5.60", "total_kill": "59", "win_rate": "0.4125", "xpm": "725" },
    { "avg_assist": "3.61", "avg_bekill": "2.04", "avg_kill": "3.61", "gpm": "661", "kda": "4.83", "name": "JC丶易峥", "openid": "E2DA8DAFB90822DA6DA39C6FC40C4172", "played": "80", "rating": "5.60", "total_kill": "289", "win_rate": "0.5250", "xpm": "786" },
    { "avg_assist": "6.49", "avg_bekill": "2.46", "avg_kill": "0.57", "gpm": "422", "kda": "4.21", "name": "RW侠.爱思", "openid": "51C3A4979ADDE9E23CE73E176DE64319", "played": "79", "rating": "5.60", "total_kill": "45", "win_rate": "0.5063", "xpm": "699" },
    { "avg_assist": "3.94", "avg_bekill": "2.53", "avg_kill": "2.51", "gpm": "657", "kda": "3.52", "name": "eStarPro.诺言", "openid": "CFD5FB9589587760CD3C44425C336E21", "played": "78", "rating": "5.60", "total_kill": "196", "win_rate": "0.5385", "xpm": "761" },
    { "avg_assist": "4.77", "avg_bekill": "2.31", "avg_kill": "3.41", "gpm": "633", "kda": "4.85", "name": "WE.小新", "openid": "AE578BB17CFD55109721263CE8478536", "played": "78", "rating": "5.60", "total_kill": "266", "win_rate": "0.4103", "xpm": "804" },
    { "avg_assist": "3.56", "avg_bekill": "2.63", "avg_kill": "2.41", "gpm": "638", "kda": "3.19", "name": "RW侠.黎明", "openid": "8DE9AA986DBA66F6F9D813357E61D7C3", "played": "78", "rating": "5.60", "total_kill": "188", "win_rate": "0.5128", "xpm": "740" },
    { "avg_assist": "4.64", "avg_bekill": "2.31", "avg_kill": "1.23", "gpm": "552", "kda": "3.42", "name": "RW侠.浅安", "openid": "9D87D9863D32421E8C9F6249E76CC60B", "played": "77", "rating": "5.60", "total_kill": "95", "win_rate": "0.4935", "xpm": "726" },
    { "avg_assist": "4.96", "avg_bekill": "1.71", "avg_kill": "2.46", "gpm": "590", "kda": "5.49", "name": "QGhappy.伪装", "openid": "1C7EBF05DC5EA980A259A34290DE7430", "played": "76", "rating": "5.60", "total_kill": "187", "win_rate": "0.5921", "xpm": "791" },
    { "avg_assist": "6.59", "avg_bekill": "1.75", "avg_kill": "1.12", "gpm": "440", "kda": "5.58", "name": "QGhappy.Snow", "openid": "9C0EBC8C5FDAB2B947FE66D477F1F683", "played": "76", "rating": "5.60", "total_kill": "85", "win_rate": "0.5921", "xpm": "748" },
    { "avg_assist": "4.63", "avg_bekill": "1.97", "avg_kill": "2.22", "gpm": "629", "kda": "4.52", "name": "QGhappy.Fly", "openid": "81AEA3A32BA205D61F400FA612808490", "played": "76", "rating": "5.60", "total_kill": "169", "win_rate": "0.5921", "xpm": "790" },
    { "avg_assist": "5.79", "avg_bekill": "1.00", "avg_kill": "2.75", "gpm": "641", "kda": "7.15", "name": "RW侠.阿楠", "openid": "F20A79CABDFBFD552C72E1E72379A885", "played": "76", "rating": "5.60", "total_kill": "209", "win_rate": "0.5263", "xpm": "748" },
    { "avg_assist": "4.47", "avg_bekill": "1.48", "avg_kill": "3.77", "gpm": "697", "kda": "6.22", "name": "QGhappy.Hurt", "openid": "B8982198AC67B048D317C07DE73F4962", "played": "75", "rating": "5.60", "total_kill": "283", "win_rate": "0.6000", "xpm": "808" },
    { "avg_assist": "4.55", "avg_bekill": "2.60", "avg_kill": "1.09", "gpm": "562", "kda": "2.99", "name": "Jc丶怼怼", "openid": "09059D196CF06A3C755C2E0393E899B6", "played": "75", "rating": "5.60", "total_kill": "82", "win_rate": "0.5467", "xpm": "744" },
    { "avg_assist": "7.11", "avg_bekill": "2.49", "avg_kill": "0.55", "gpm": "408", "kda": "4.66", "name": "TOPM.惜言", "openid": "A299DD910EA76FAC72345B9983BFE912", "played": "74", "rating": "5.60", "total_kill": "41", "win_rate": "0.4730", "xpm": "668" },
    { "avg_assist": "5.32", "avg_bekill": "1.41", "avg_kill": "2.95", "gpm": "589", "kda": "6.21", "name": "TOPM.心醉", "openid": "03C692C2132AAF22135204F4A4F5B87F", "played": "74", "rating": "5.60", "total_kill": "218", "win_rate": "0.4730", "xpm": "720" },
    { "avg_assist": "5.50", "avg_bekill": "2.05", "avg_kill": "1.32", "gpm": "541", "kda": "4.23", "name": "TOPM.酒孺", "openid": "7220305557867928F17515C424392336", "played": "74", "rating": "5.60", "total_kill": "98", "win_rate": "0.4730", "xpm": "704" },
    { "avg_assist": "4.92", "avg_bekill": "2.49", "avg_kill": "1.90", "gpm": "585", "kda": "3.94", "name": "YTG.沽沽", "openid": "84D734C7C7990CE6518DAED05C25C8DF", "played": "73", "rating": "5.60", "total_kill": "139", "win_rate": "0.4795", "xpm": "750" },
    { "avg_assist": "4.51", "avg_bekill": "1.35", "avg_kill": "3.28", "gpm": "647", "kda": "5.93", "name": "TOPM.道尔", "openid": "8A491271360DEC38D65B61BC5936A664", "played": "72", "rating": "5.60", "total_kill": "236", "win_rate": "0.4861", "xpm": "736" },
    { "avg_assist": "4.11", "avg_bekill": "1.53", "avg_kill": "3.64", "gpm": "641", "kda": "5.68", "name": "eStarPro.星辰", "openid": "32DA367C8FB2A46F7E532BCF690AA352", "played": "72", "rating": "5.60", "total_kill": "262", "win_rate": "0.5556", "xpm": "779" },
    { "avg_assist": "2.53", "avg_bekill": "2.32", "avg_kill": "2.07", "gpm": "626", "kda": "2.80", "name": "GK.迷神", "openid": "5023AD9F6841811669BD74413DDD8A60", "played": "72", "rating": "5.60", "total_kill": "149", "win_rate": "0.3056", "xpm": "745" },
    { "avg_assist": "3.41", "avg_bekill": "2.26", "avg_kill": "1.11", "gpm": "557", "kda": "2.81", "name": "XQ丶Orange", "openid": "0821DA9D795FCD36B7EDA6E78EAAC2B0", "played": "70", "rating": "5.60", "total_kill": "78", "win_rate": "0.2286", "xpm": "747" },
    { "avg_assist": "4.69", "avg_bekill": "2.18", "avg_kill": "1.78", "gpm": "615", "kda": "4.19", "name": "QGhappy.Song", "openid": "72AC547EDBDD6A0E0D6FE07DBB816D59", "played": "68", "rating": "5.60", "total_kill": "121", "win_rate": "0.6029", "xpm": "794" },
    { "avg_assist": "3.85", "avg_bekill": "2.15", "avg_kill": "2.04", "gpm": "617", "kda": "3.99", "name": "JC丶Evildoer", "openid": "372D6C9C98009EDA40C3965ED57B369E", "played": "67", "rating": "5.60", "total_kill": "137", "win_rate": "0.5373", "xpm": "771" },
    { "avg_assist": "3.03", "avg_bekill": "2.39", "avg_kill": "1.97", "gpm": "616", "kda": "2.84", "name": "TOPM.逍遥", "openid": "ED0728CC570F35D891889943C42E3548", "played": "67", "rating": "5.60", "total_kill": "132", "win_rate": "0.4925", "xpm": "731" },
    { "avg_assist": "4.05", "avg_bekill": "1.67", "avg_kill": "2.50", "gpm": "615", "kda": "4.80", "name": "GK.青枫", "openid": "5E31B5644BB92B93CAE202FDBF8CCD5B", "played": "66", "rating": "5.60", "total_kill": "165", "win_rate": "0.3333", "xpm": "752" },
    { "avg_assist": "2.88", "avg_bekill": "2.71", "avg_kill": "1.88", "gpm": "608", "kda": "2.60", "name": "XQ丶7Kill", "openid": "7FE605FBDCC926A0693240C7F397E6EA", "played": "66", "rating": "5.60", "total_kill": "124", "win_rate": "0.2424", "xpm": "754" },
    { "avg_assist": "4.31", "avg_bekill": "1.86", "avg_kill": "3.59", "gpm": "632", "kda": "5.30", "name": "RW侠.暖海", "openid": "B35B984A6AB21068B8FB77267735F93A", "played": "64", "rating": "5.60", "total_kill": "230", "win_rate": "0.5469", "xpm": "774" },
    { "avg_assist": "6.02", "avg_bekill": "1.81", "avg_kill": "2.43", "gpm": "604", "kda": "5.64", "name": "YTG丶茶", "openid": "54079F360AAF7A740D4B8E3C87689841", "played": "63", "rating": "5.60", "total_kill": "153", "win_rate": "0.5238", "xpm": "776" },
    { "avg_assist": "5.19", "avg_bekill": "2.98", "avg_kill": "0.52", "gpm": "398", "kda": "2.80", "name": "GK.胖墩", "openid": "D524EC63CD87275ED44EFB2C898E0360", "played": "63", "rating": "5.60", "total_kill": "33", "win_rate": "0.3333", "xpm": "695" },
    { "avg_assist": "5.36", "avg_bekill": "2.03", "avg_kill": "1.10", "gpm": "559", "kda": "4.30", "name": "eStarPro.Alan", "openid": "E5D1C89DE8A875B1187141E8BF55764B", "played": "58", "rating": "5.60", "total_kill": "64", "win_rate": "0.5172", "xpm": "747" },
    { "avg_assist": "3.77", "avg_bekill": "1.77", "avg_kill": "2.14", "gpm": "556", "kda": "4.15", "name": "XQ丶情浪", "openid": "377C1E9811441F58A97515258E041572", "played": "56", "rating": "5.60", "total_kill": "120", "win_rate": "0.2500", "xpm": "747" },
    { "avg_assist": "5.30", "avg_bekill": "2.74", "avg_kill": "2.64", "gpm": "592", "kda": "4.34", "name": "Hero.尘夏", "openid": "DBB1AA4588256E9DF8DEA01D8286A0CE", "played": "53", "rating": "5.60", "total_kill": "140", "win_rate": "0.5660", "xpm": "748" },
    { "avg_assist": "5.75", "avg_bekill": "1.45", "avg_kill": "2.30", "gpm": "587", "kda": "6.22", "name": "WE.DogRan", "openid": "CAE449FCECAA014CB9B6C3CD335A9A69", "played": "53", "rating": "5.60", "total_kill": "122", "win_rate": "0.4340", "xpm": "811" },
    { "avg_assist": "5.76", "avg_bekill": "1.39", "avg_kill": "3.16", "gpm": "627", "kda": "6.97", "name": "BA黑凤梨.居居", "openid": "9EF5FFA1B24C530E143325B3058D16C1", "played": "49", "rating": "5.60", "total_kill": "155", "win_rate": "0.7551", "xpm": "800" },
    { "avg_assist": "3.12", "avg_bekill": "1.77", "avg_kill": "2.26", "gpm": "623", "kda": "3.60", "name": "GK.花开", "openid": "40752648B27C20E928CE042D54B15F85", "played": "43", "rating": "5.60", "total_kill": "97", "win_rate": "0.2791", "xpm": "774" },
    { "avg_assist": "4.14", "avg_bekill": "2.26", "avg_kill": "1.72", "gpm": "585", "kda": "3.35", "name": "Hero.行星", "openid": "DDCA3A81C166A0A37472586666211AC2", "played": "43", "rating": "5.60", "total_kill": "74", "win_rate": "0.5349", "xpm": "790" },
    { "avg_assist": "3.00", "avg_bekill": "2.50", "avg_kill": "2.52", "gpm": "627", "kda": "3.06", "name": "XQ丶AT", "openid": "A552A28278B83C89BC2AB49D287CCF74", "played": "42", "rating": "5.60", "total_kill": "106", "win_rate": "0.3095", "xpm": "808" },
    { "avg_assist": "5.41", "avg_bekill": "2.02", "avg_kill": "0.46", "gpm": "419", "kda": "4.03", "name": "XQ丶随风", "openid": "01EA6EBFA6DA9AC7B8F43892C670038A", "played": "41", "rating": "5.60", "total_kill": "19", "win_rate": "0.3171", "xpm": "713" },
    { "avg_assist": "5.46", "avg_bekill": "1.15", "avg_kill": "3.00", "gpm": "591", "kda": "6.97", "name": "BA黑凤梨.小剑", "openid": "AE1143A24050713B348441573E740EC8", "played": "41", "rating": "5.60", "total_kill": "123", "win_rate": "0.7317", "xpm": "772" },
    { "avg_assist": "3.61", "avg_bekill": "2.69", "avg_kill": "0.42", "gpm": "481", "kda": "1.86", "name": "GK.未央", "openid": "FF015A729A354D88C932FB379A94F347", "played": "36", "rating": "5.60", "total_kill": "15", "win_rate": "0.1667", "xpm": "697" },
    { "avg_assist": "4.50", "avg_bekill": "2.06", "avg_kill": "1.76", "gpm": "581", "kda": "3.54", "name": "YTG丶橙汁", "openid": "92BAD4D1F8FF42AC86E91BA64A2BECCE", "played": "34", "rating": "5.60", "total_kill": "60", "win_rate": "0.2647", "xpm": "719" },
    { "avg_assist": "3.97", "avg_bekill": "2.59", "avg_kill": "1.68", "gpm": "597", "kda": "3.18", "name": "eStarPro.兮兮", "openid": "68346659D82EE54099EA1A1FAD4F6B9A", "played": "34", "rating": "5.60", "total_kill": "57", "win_rate": "0.4706", "xpm": "746" },
    { "avg_assist": "3.43", "avg_bekill": "2.07", "avg_kill": "2.53", "gpm": "621", "kda": "3.58", "name": "GK.黄大仙", "openid": "AAF56DF8B57DDF439561DE5FA824035C", "played": "30", "rating": "5.60", "total_kill": "76", "win_rate": "0.3333", "xpm": "749" },
    { "avg_assist": "3.62", "avg_bekill": "2.72", "avg_kill": "0.52", "gpm": "395", "kda": "2.53", "name": "XQ丶Yang", "openid": "CC431042192DC2081E567A27B8FB5890", "played": "29", "rating": "5.60", "total_kill": "15", "win_rate": "0.1034", "xpm": "647" },
    { "avg_assist": "6.25", "avg_bekill": "1.79", "avg_kill": "2.14", "gpm": "567", "kda": "5.80", "name": "WE.十一", "openid": "3B9CCA3399402721B7242C5E2E2A6531", "played": "28", "rating": "5.60", "total_kill": "60", "win_rate": "0.3571", "xpm": "708" },
    { "avg_assist": "3.58", "avg_bekill": "3.08", "avg_kill": "1.71", "gpm": "561", "kda": "2.45", "name": "YTG丶路西法", "openid": "B0CDF2F5F1199932608F6B65DC23DE54", "played": "24", "rating": "5.60", "total_kill": "41", "win_rate": "0.2917", "xpm": "723" },
    { "avg_assist": "4.14", "avg_bekill": "3.00", "avg_kill": "1.71", "gpm": "591", "kda": "3.21", "name": "GK.梦客", "openid": "8760EAB0DEA16584E45793BD4E4D601C", "played": "21", "rating": "5.60", "total_kill": "36", "win_rate": "0.4286", "xpm": "749" },
    { "avg_assist": "3.30", "avg_bekill": "1.65", "avg_kill": "1.90", "gpm": "630", "kda": "3.39", "name": "JC丶七罪", "openid": "C8E16253F577E213B1FB389FF96E2402", "played": "20", "rating": "5.60", "total_kill": "38", "win_rate": "0.4000", "xpm": "754" },
    { "avg_assist": "4.21", "avg_bekill": "2.37", "avg_kill": "2.32", "gpm": "589", "kda": "3.92", "name": "Hero.暮色", "openid": "3B71649AB0EDA28C7B72C8FB31D37EBF", "played": "19", "rating": "5.60", "total_kill": "44", "win_rate": "0.3684", "xpm": "716" },
    { "avg_assist": "3.06", "avg_bekill": "2.19", "avg_kill": "2.12", "gpm": "591", "kda": "3.26", "name": "XQ丶诺念", "openid": "27C1F449FAE7F505A563370EC62694FB", "played": "16", "rating": "5.60", "total_kill": "34", "win_rate": "0.1250", "xpm": "764" },
    { "avg_assist": "4.07", "avg_bekill": "2.00", "avg_kill": "1.47", "gpm": "556", "kda": "3.16", "name": "GK.阿改", "openid": "1D9FE3C27E1D59E8DAC386A9962F0955", "played": "15", "rating": "5.60", "total_kill": "22", "win_rate": "0.4667", "xpm": "743" },
    { "avg_assist": "2.73", "avg_bekill": "1.40", "avg_kill": "2.27", "gpm": "632", "kda": "3.64", "name": "RW侠.几迟", "openid": "0F6759BF34B0FD288069B7C4E3AA7966", "played": "15", "rating": "5.60", "total_kill": "34", "win_rate": "0.3333", "xpm": "717" },
    { "avg_assist": "3.07", "avg_bekill": "1.93", "avg_kill": "1.43", "gpm": "576", "kda": "3.02", "name": "XQ丶NNice", "openid": "1D00A5D8B6D4F6BEB848BA80077AFF66", "played": "14", "rating": "5.60", "total_kill": "20", "win_rate": "0.1429", "xpm": "751" },
    { "avg_assist": "4.62", "avg_bekill": "2.54", "avg_kill": "0.69", "gpm": "532", "kda": "2.92", "name": "EDGM.阿楚", "openid": "B24AE898D77397EFB00E1CA9BC8C9E61", "played": "13", "rating": "5.60", "total_kill": "9", "win_rate": "0.2308", "xpm": "763" },
    { "avg_assist": "2.58", "avg_bekill": "2.83", "avg_kill": "1.08", "gpm": "547", "kda": "1.76", "name": "Jc丶倾城", "openid": "C9370DD54FF93F6FC7FFB078FDC7CD17", "played": "12", "rating": "5.60", "total_kill": "13", "win_rate": "0.0833", "xpm": "746" },
    { "avg_assist": "2.83", "avg_bekill": "2.25", "avg_kill": "1.42", "gpm": "610", "kda": "2.88", "name": "XQ丶Ku", "openid": "6690B40363495C6F757FF7B87B2E8631", "played": "12", "rating": "5.60", "total_kill": "17", "win_rate": "0.0833", "xpm": "722" },
    { "avg_assist": "5.33", "avg_bekill": "3.56", "avg_kill": "0.89", "gpm": "372", "kda": "2.57", "name": "GK.支配", "openid": "D95E688F61A809ACBDDAC2B70235C2A6", "played": "9", "rating": "5.60", "total_kill": "8", "win_rate": "0.1111", "xpm": "594" },
    { "avg_assist": "3.25", "avg_bekill": "3.12", "avg_kill": "3.38", "gpm": "604", "kda": "2.96", "name": "eStarPro.小怪兽", "openid": "07B4EDF3EDFFE6EAA8EE349D3BADB4CF", "played": "8", "rating": "5.60", "total_kill": "27", "win_rate": "0.2500", "xpm": "733" },
    { "avg_assist": "4.50", "avg_bekill": "3.25", "avg_kill": "1.12", "gpm": "504", "kda": "1.80", "name": "RNGM.OoZ", "openid": "80C8A576D7AF6A697FD29087E60398F1", "played": "8", "rating": "5.60", "total_kill": "9", "win_rate": "0.3750", "xpm": "684" },
    { "avg_assist": "4.12", "avg_bekill": "3.50", "avg_kill": "1.50", "gpm": "573", "kda": "2.27", "name": "QGhappy.M", "openid": "F2FA495E4C353EFFBABAE92BA4B5F360", "played": "8", "rating": "5.60", "total_kill": "12", "win_rate": "0.5000", "xpm": "706" },
    { "avg_assist": "4.29", "avg_bekill": "3.86", "avg_kill": "2.71", "gpm": "612", "kda": "2.03", "name": "TOPM.Muyu", "openid": "0A7DD09394C206A0F2AB53E94AF7B2FF", "played": "7", "rating": "5.60", "total_kill": "19", "win_rate": "0.2857", "xpm": "626" },
    { "avg_assist": "2.14", "avg_bekill": "1.71", "avg_kill": "2.14", "gpm": "658", "kda": "2.12", "name": "Jc丶纵情", "openid": "253E4A1FC4BABC9E6563A23D93070F4C", "played": "7", "rating": "5.60", "total_kill": "15", "win_rate": "0.1429", "xpm": "743" },
    { "avg_assist": "2.60", "avg_bekill": "2.80", "avg_kill": "3.60", "gpm": "660", "kda": "3.24", "name": "RNGM.雨雨", "openid": "F87C373893FEE91FC263955B00CA3D0B", "played": "5", "rating": "5.60", "total_kill": "18", "win_rate": "0.4000", "xpm": "733" },
    { "avg_assist": "5.20", "avg_bekill": "3.40", "avg_kill": "3.20", "gpm": "682", "kda": "3.79", "name": "eStarPro.酷酷", "openid": "139912C9D006D280322C3F5115E72581", "played": "5", "rating": "5.60", "total_kill": "16", "win_rate": "0.4000", "xpm": "783" },
    { "avg_assist": "3.80", "avg_bekill": "1.80", "avg_kill": "2.40", "gpm": "563", "kda": "4.87", "name": "GK.贝壳", "openid": "75AB65116EAE2DFC168177C15B7D60D8", "played": "5", "rating": "5.60", "total_kill": "12", "win_rate": "0.0000", "xpm": "624" },
    { "avg_assist": "1.50", "avg_bekill": "2.50", "avg_kill": "0.25", "gpm": "486", "kda": "0.71", "name": "XQ丶纪九", "openid": "97F29E14E690DACF7F49BFF372C590BF", "played": "4", "rating": "5.60", "total_kill": "1", "win_rate": "0.0000", "xpm": "764" },
    { "avg_assist": "4.67", "avg_bekill": "1.67", "avg_kill": "1.00", "gpm": "588", "kda": "3.50", "name": "RW侠.不负", "openid": "DC6F288387907EEFC37653693AC6C56B", "played": "3", "rating": "5.60", "total_kill": "3", "win_rate": "0.6667", "xpm": "711" },
    { "avg_assist": "3.67", "avg_bekill": "2.67", "avg_kill": "1.67", "gpm": "483", "kda": "1.94", "name": "EDGM.PJJ", "openid": "C01ECCCEA8C5A9BFFC3A3347F143CCF8", "played": "3", "rating": "5.60", "total_kill": "5", "win_rate": "0.0000", "xpm": "819" },
    { "avg_assist": "2.67", "avg_bekill": "1.67", "avg_kill": "1.67", "gpm": "552", "kda": "2.39", "name": "EDGM.Mac", "openid": "E0EAC7456627FBFC8605E490F7BA3E73", "played": "3", "rating": "5.60", "total_kill": "5", "win_rate": "0.0000", "xpm": "886" },
    { "avg_assist": "2.33", "avg_bekill": "2.00", "avg_kill": "2.33", "gpm": "590", "kda": "2.33", "name": "JC丶初拥", "openid": "FD603420270748C50D2E046F9F976549", "played": "3", "rating": "5.60", "total_kill": "7", "win_rate": "0.0000", "xpm": "705" },
    { "avg_assist": "2.67", "avg_bekill": "2.33", "avg_kill": "2.33", "gpm": "625", "kda": "1.83", "name": "YTG.星海", "openid": "7DCABA86362CF01CDDE5B58D645F7C74", "played": "3", "rating": "5.60", "total_kill": "7", "win_rate": "0.3333", "xpm": "744" },
    { "avg_assist": "5.33", "avg_bekill": "0.67", "avg_kill": "0.00", "gpm": "415", "kda": "5.00", "name": "Ts.RX", "openid": "0719969AF5B0DF5925920D5C6A799B01", "played": "3", "rating": "5.60", "total_kill": "0", "win_rate": "0.3333", "xpm": "719" },
    { "avg_assist": "3.67", "avg_bekill": "3.67", "avg_kill": "1.33", "gpm": "552", "kda": "1.36", "name": "EDGM.轩泽", "openid": "D7DB5C8BF6162962050BC9E35CD000FA", "played": "3", "rating": "5.60", "total_kill": "4", "win_rate": "0.0000", "xpm": "890" },
    { "avg_assist": "2.33", "avg_bekill": "3.67", "avg_kill": "3.00", "gpm": "589", "kda": "1.43", "name": "WE.依恋", "openid": "741E66A4E4BCEB1B6B2C881174B96FE3", "played": "3", "rating": "5.60", "total_kill": "9", "win_rate": "0.3333", "xpm": "711" },
    { "avg_assist": "1.67", "avg_bekill": "3.00", "avg_kill": "2.00", "gpm": "611", "kda": "1.25", "name": "EDGM.旧梦", "openid": "6032526B0E40970311FC5BA4BC1CC987", "played": "3", "rating": "5.60", "total_kill": "6", "win_rate": "0.0000", "xpm": "958" },
    { "avg_assist": "4.33", "avg_bekill": "1.67", "avg_kill": "1.00", "gpm": "597", "kda": "4.00", "name": "Ts.鸳北", "openid": "023142A95D69821DCAF77FF103B2B3CB", "played": "3", "rating": "5.60", "total_kill": "3", "win_rate": "0.6667", "xpm": "999" },
    { "avg_assist": "2.50", "avg_bekill": "1.00", "avg_kill": "0.50", "gpm": "588", "kda": "3.00", "name": "RW侠.老帅", "openid": "B3291E44A69302A28C6D9343BDE8181A", "played": "2", "rating": "5.60", "total_kill": "1", "win_rate": "0.0000", "xpm": "759" },
    { "avg_assist": "5.00", "avg_bekill": "3.50", "avg_kill": "2.00", "gpm": "568", "kda": "2.00", "name": "TOPM.Zed", "openid": "716AD9D880907191722DBB595381CDCB", "played": "2", "rating": "5.60", "total_kill": "4", "win_rate": "0.0000", "xpm": "816" },
    { "avg_assist": "7.00", "avg_bekill": "0.00", "avg_kill": "0.00", "gpm": "424", "kda": "7.00", "name": "BA黑凤梨.Top", "openid": "6365F7AD0112A91FB9C5F8796FD95C3A", "played": "1", "rating": "5.60", "total_kill": "0", "win_rate": "1.0000", "xpm": "910" },
    { "avg_assist": "0.00", "avg_bekill": "2.00", "avg_kill": "1.00", "gpm": "378", "kda": "0.50", "name": "YTG.夏至", "openid": "1401F3A9B627220039141B6588C8DFE1", "played": "1", "rating": "5.60", "total_kill": "1", "win_rate": "0.0000", "xpm": "722" },
    { "avg_assist": "2.00", "avg_bekill": "1.00", "avg_kill": "2.00", "gpm": "665", "kda": "4.00", "name": "QGhappy.Hico", "openid": "1C77895A57EEE438D8E366DD45E79F62", "played": "1", "rating": "5.60", "total_kill": "2", "win_rate": "0.0000", "xpm": "1035" },
    { "avg_assist": "0.00", "avg_bekill": "1.00", "avg_kill": "0.00", "gpm": "522", "kda": "0.00", "name": "RW侠.辰馨", "openid": "F28BE03F74FEBD63DF5EFBD4AE057FDD", "played": "1", "rating": "5.60", "total_kill": "0", "win_rate": "0.0000", "xpm": "770" },
    { "avg_assist": "2.00", "avg_bekill": "4.00", "avg_kill": "0.00", "gpm": "340", "kda": "0.50", "name": "WE.七夏", "openid": "8134CA7E9D26330C4722292D4C06FF37", "played": "1", "rating": "5.60", "total_kill": "0", "win_rate": "0.0000", "xpm": "671" }
]