[
    { "avg_assist": "5.43", "avg_ban_seq": "4.0", "avg_bekill": "3.24", "avg_kill": "2.40", "avg_pick_seq": "0.0", "ban_cnt": "19", "gpm": "623", "hero_id": "510", "hero_name": "孙策", "kda": "3.44", "pick_cnt": "40", "played": "42", "win_rate": "0.5476" },
    { "avg_assist": "5.50", "avg_ban_seq": "4.5", "avg_bekill": "3.22", "avg_kill": "0.56", "avg_pick_seq": "0.0", "ban_cnt": "11", "gpm": "424", "hero_id": "186", "hero_name": "太乙真人", "kda": "2.84", "pick_cnt": "35", "played": "36", "win_rate": "0.3611" },
    { "avg_assist": "3.77", "avg_ban_seq": "6.6", "avg_bekill": "2.03", "avg_kill": "2.03", "avg_pick_seq": "0.0", "ban_cnt": "15", "gpm": "595", "hero_id": "123", "hero_name": "吕布", "kda": "3.68", "pick_cnt": "31", "played": "31", "win_rate": "0.4839" },
    { "avg_assist": "4.68", "avg_ban_seq": "4.2", "avg_bekill": "2.58", "avg_kill": "2.68", "avg_pick_seq": "0.0", "ban_cnt": "27", "gpm": "598", "hero_id": "140", "hero_name": "关羽", "kda": "3.59", "pick_cnt": "31", "played": "31", "win_rate": "0.5161" },
    { "avg_assist": "7.24", "avg_ban_seq": "4.4", "avg_bekill": "1.61", "avg_kill": "2.30", "avg_pick_seq": "0.0", "ban_cnt": "23", "gpm": "597", "hero_id": "152", "hero_name": "王昭君", "kda": "7.04", "pick_cnt": "31", "played": "33", "win_rate": "0.5455" },
    { "avg_assist": "3.10", "avg_ban_seq": "4.1", "avg_bekill": "2.32", "avg_kill": "2.58", "avg_pick_seq": "0.0", "ban_cnt": "24", "gpm": "664", "hero_id": "507", "hero_name": "李信", "kda": "3.31", "pick_cnt": "31", "played": "31", "win_rate": "0.3871" },
    { "avg_assist": "4.26", "avg_ban_seq": "2.6", "avg_bekill": "1.48", "avg_kill": "5.71", "avg_pick_seq": "0.0", "ban_cnt": "46", "gpm": "707", "hero_id": "162", "hero_name": "娜可露露", "kda": "8.06", "pick_cnt": "30", "played": "31", "win_rate": "0.7742" },
    { "avg_assist": "4.83", "avg_ban_seq": "5.8", "avg_bekill": "2.24", "avg_kill": "0.90", "avg_pick_seq": "0.0", "ban_cnt": "7", "gpm": "510", "hero_id": "126", "hero_name": "夏侯惇", "kda": "3.46", "pick_cnt": "29", "played": "29", "win_rate": "0.4483" },
    { "avg_assist": "4.97", "avg_ban_seq": "5.2", "avg_bekill": "1.90", "avg_kill": "4.34", "avg_pick_seq": "0.0", "ban_cnt": "7", "gpm": "671", "hero_id": "132", "hero_name": "马可波罗", "kda": "5.76", "pick_cnt": "29", "played": "29", "win_rate": "0.3448" },
    { "avg_assist": "5.47", "avg_ban_seq": "2.5", "avg_bekill": "3.57", "avg_kill": "0.90", "avg_pick_seq": "0.0", "ban_cnt": "51", "gpm": "436", "hero_id": "509", "hero_name": "盾山", "kda": "2.67", "pick_cnt": "29", "played": "30", "win_rate": "0.4000" },
    { "avg_assist": "9.81", "avg_ban_seq": "4.5", "avg_bekill": "1.15", "avg_kill": "1.65", "avg_pick_seq": "0.0", "ban_cnt": "34", "gpm": "473", "hero_id": "118", "hero_name": "孙膑", "kda": "9.28", "pick_cnt": "25", "played": "26", "win_rate": "0.6538" },
    { "avg_assist": "5.00", "avg_ban_seq": "5.5", "avg_bekill": "2.50", "avg_kill": "4.96", "avg_pick_seq": "0.0", "ban_cnt": "6", "gpm": "690", "hero_id": "199", "hero_name": "公孙离", "kda": "5.19", "pick_cnt": "24", "played": "24", "win_rate": "0.5833" },
    { "avg_assist": "3.90", "avg_ban_seq": "2.3", "avg_bekill": "2.19", "avg_kill": "2.81", "avg_pick_seq": "0.0", "ban_cnt": "58", "gpm": "662", "hero_id": "502", "hero_name": "裴擒虎", "kda": "4.18", "pick_cnt": "21", "played": "21", "win_rate": "0.3810" },
    { "avg_assist": "9.65", "avg_ban_seq": "4.6", "avg_bekill": "2.35", "avg_kill": "1.05", "avg_pick_seq": "0.0", "ban_cnt": "40", "gpm": "413", "hero_id": "189", "hero_name": "鬼谷子", "kda": "6.78", "pick_cnt": "20", "played": "20", "win_rate": "0.6000" },
    { "avg_assist": "3.50", "avg_ban_seq": "3.5", "avg_bekill": "1.75", "avg_kill": "5.35", "avg_pick_seq": "0.0", "ban_cnt": "27", "gpm": "766", "hero_id": "111", "hero_name": "孙尚香", "kda": "6.39", "pick_cnt": "19", "played": "20", "win_rate": "0.4500" },
    { "avg_assist": "6.32", "avg_ban_seq": "6.5", "avg_bekill": "2.16", "avg_kill": "0.63", "avg_pick_seq": "0.0", "ban_cnt": "5", "gpm": "501", "hero_id": "194", "hero_name": "苏烈", "kda": "4.96", "pick_cnt": "19", "played": "19", "win_rate": "0.4737" },
    { "avg_assist": "6.60", "avg_ban_seq": "5.6", "avg_bekill": "1.80", "avg_kill": "1.65", "avg_pick_seq": "0.0", "ban_cnt": "26", "gpm": "557", "hero_id": "120", "hero_name": "白起", "kda": "4.72", "pick_cnt": "19", "played": "20", "win_rate": "0.6000" },
    { "avg_assist": "6.78", "avg_ban_seq": "7.8", "avg_bekill": "2.39", "avg_kill": "1.00", "avg_pick_seq": "0.0", "ban_cnt": "2", "gpm": "398", "hero_id": "168", "hero_name": "牛魔", "kda": "4.88", "pick_cnt": "18", "played": "18", "win_rate": "0.4444" },
    { "avg_assist": "5.24", "avg_ban_seq": "5.7", "avg_bekill": "1.59", "avg_kill": "3.29", "avg_pick_seq": "0.0", "ban_cnt": "10", "gpm": "625", "hero_id": "182", "hero_name": "干将莫邪", "kda": "6.01", "pick_cnt": "17", "played": "17", "win_rate": "0.4118" },
    { "avg_assist": "4.35", "avg_ban_seq": "6.0", "avg_bekill": "1.47", "avg_kill": "1.53", "avg_pick_seq": "0.0", "ban_cnt": "15", "gpm": "668", "hero_id": "144", "hero_name": "程咬金", "kda": "3.88", "pick_cnt": "17", "played": "17", "win_rate": "0.6471" },
    { "avg_assist": "6.18", "avg_ban_seq": "2.7", "avg_bekill": "1.71", "avg_kill": "1.47", "avg_pick_seq": "0.0", "ban_cnt": "44", "gpm": "516", "hero_id": "113", "hero_name": "庄周", "kda": "5.66", "pick_cnt": "17", "played": "17", "win_rate": "0.7059" },
    { "avg_assist": "4.29", "avg_ban_seq": "7.8", "avg_bekill": "2.12", "avg_kill": "0.35", "avg_pick_seq": "0.0", "ban_cnt": "3", "gpm": "405", "hero_id": "171", "hero_name": "张飞", "kda": "3.16", "pick_cnt": "17", "played": "17", "win_rate": "0.4706" },
    { "avg_assist": "4.31", "avg_ban_seq": "6.4", "avg_bekill": "2.31", "avg_kill": "2.62", "avg_pick_seq": "0.0", "ban_cnt": "8", "gpm": "599", "hero_id": "176", "hero_name": "杨玉环", "kda": "4.08", "pick_cnt": "16", "played": "16", "win_rate": "0.4375" },
    { "avg_assist": "4.20", "avg_ban_seq": "7.5", "avg_bekill": "1.93", "avg_kill": "1.80", "avg_pick_seq": "0.0", "ban_cnt": "2", "gpm": "652", "hero_id": "128", "hero_name": "曹操", "kda": "3.97", "pick_cnt": "15", "played": "15", "win_rate": "0.5333" },
    { "avg_assist": "4.87", "avg_ban_seq": "6.2", "avg_bekill": "3.07", "avg_kill": "3.67", "avg_pick_seq": "0.0", "ban_cnt": "15", "gpm": "673", "hero_id": "154", "hero_name": "花木兰", "kda": "4.38", "pick_cnt": "15", "played": "15", "win_rate": "0.6000" },
    { "avg_assist": "3.64", "avg_ban_seq": "5.8", "avg_bekill": "2.36", "avg_kill": "2.36", "avg_pick_seq": "0.0", "ban_cnt": "24", "gpm": "552", "hero_id": "125", "hero_name": "元歌", "kda": "2.87", "pick_cnt": "14", "played": "14", "win_rate": "0.1429" },
    { "avg_assist": "7.14", "avg_ban_seq": "7.2", "avg_bekill": "1.71", "avg_kill": "1.79", "avg_pick_seq": "0.0", "ban_cnt": "9", "gpm": "480", "hero_id": "148", "hero_name": "姜子牙", "kda": "6.36", "pick_cnt": "14", "played": "14", "win_rate": "0.5000" },
    { "avg_assist": "6.62", "avg_ban_seq": "6.1", "avg_bekill": "5.46", "avg_kill": "1.85", "avg_pick_seq": "0.0", "ban_cnt": "12", "gpm": "394", "hero_id": "187", "hero_name": "东皇太一", "kda": "2.62", "pick_cnt": "13", "played": "13", "win_rate": "0.4615" },
    { "avg_assist": "7.85", "avg_ban_seq": "6.4", "avg_bekill": "2.15", "avg_kill": "2.85", "avg_pick_seq": "0.0", "ban_cnt": "11", "gpm": "566", "hero_id": "156", "hero_name": "张良", "kda": "6.81", "pick_cnt": "13", "played": "13", "win_rate": "0.7692" },
    { "avg_assist": "3.42", "avg_ban_seq": "5.6", "avg_bekill": "2.58", "avg_kill": "5.42", "avg_pick_seq": "0.0", "ban_cnt": "7", "gpm": "698", "hero_id": "167", "hero_name": "孙悟空", "kda": "5.29", "pick_cnt": "12", "played": "12", "win_rate": "0.4167" },
    { "avg_assist": "4.00", "avg_ban_seq": "7.3", "avg_bekill": "2.17", "avg_kill": "2.67", "avg_pick_seq": "0.0", "ban_cnt": "7", "gpm": "655", "hero_id": "129", "hero_name": "典韦", "kda": "4.51", "pick_cnt": "12", "played": "12", "win_rate": "0.4167" },
    { "avg_assist": "4.27", "avg_ban_seq": "6.7", "avg_bekill": "1.91", "avg_kill": "3.64", "avg_pick_seq": "0.0", "ban_cnt": "13", "gpm": "625", "hero_id": "141", "hero_name": "貂蝉", "kda": "5.52", "pick_cnt": "11", "played": "11", "win_rate": "0.2727" },
    { "avg_assist": "4.55", "avg_ban_seq": "8.5", "avg_bekill": "1.36", "avg_kill": "1.09", "avg_pick_seq": "0.0", "ban_cnt": "0", "gpm": "562", "hero_id": "108", "hero_name": "墨子", "kda": "3.84", "pick_cnt": "11", "played": "11", "win_rate": "0.5455" },
    { "avg_assist": "4.82", "avg_ban_seq": "6.1", "avg_bekill": "1.91", "avg_kill": "0.82", "avg_pick_seq": "0.0", "ban_cnt": "1", "gpm": "533", "hero_id": "135", "hero_name": "项羽", "kda": "3.45", "pick_cnt": "11", "played": "11", "win_rate": "0.5455" },
    { "avg_assist": "4.30", "avg_ban_seq": "6.3", "avg_bekill": "1.60", "avg_kill": "3.80", "avg_pick_seq": "0.0", "ban_cnt": "7", "gpm": "685", "hero_id": "134", "hero_name": "达摩", "kda": "6.31", "pick_cnt": "10", "played": "10", "win_rate": "0.9000" },
    { "avg_assist": "2.30", "avg_ban_seq": "5.5", "avg_bekill": "2.30", "avg_kill": "1.30", "avg_pick_seq": "0.0", "ban_cnt": "3", "gpm": "598", "hero_id": "139", "hero_name": "老夫子", "kda": "2.02", "pick_cnt": "10", "played": "10", "win_rate": "0.3000" },
    { "avg_assist": "4.78", "avg_ban_seq": "7.9", "avg_bekill": "1.44", "avg_kill": "2.11", "avg_pick_seq": "0.0", "ban_cnt": "5", "gpm": "667", "hero_id": "198", "hero_name": "梦奇", "kda": "4.87", "pick_cnt": "9", "played": "9", "win_rate": "0.6667" },
    { "avg_assist": "7.00", "avg_ban_seq": "6.3", "avg_bekill": "2.78", "avg_kill": "0.78", "avg_pick_seq": "0.0", "ban_cnt": "7", "gpm": "488", "hero_id": "191", "hero_name": "大乔", "kda": "3.70", "pick_cnt": "9", "played": "9", "win_rate": "0.3333" },
    { "avg_assist": "4.22", "avg_ban_seq": "7.5", "avg_bekill": "2.33", "avg_kill": "2.89", "avg_pick_seq": "0.0", "ban_cnt": "1", "gpm": "635", "hero_id": "193", "hero_name": "铠", "kda": "4.38", "pick_cnt": "9", "played": "9", "win_rate": "0.5556" },
    { "avg_assist": "3.78", "avg_ban_seq": "5.4", "avg_bekill": "1.33", "avg_kill": "2.44", "avg_pick_seq": "0.0", "ban_cnt": "8", "gpm": "603", "hero_id": "196", "hero_name": "百里守约", "kda": "5.84", "pick_cnt": "9", "played": "9", "win_rate": "0.6667" },
    { "avg_assist": "5.88", "avg_ban_seq": "7.9", "avg_bekill": "1.38", "avg_kill": "1.88", "avg_pick_seq": "0.0", "ban_cnt": "3", "gpm": "604", "hero_id": "106", "hero_name": "小乔", "kda": "7.38", "pick_cnt": "8", "played": "8", "win_rate": "0.5000" },
    { "avg_assist": "5.50", "avg_ban_seq": "7.2", "avg_bekill": "0.83", "avg_kill": "2.17", "avg_pick_seq": "0.0", "ban_cnt": "0", "gpm": "667", "hero_id": "312", "hero_name": "沈梦溪", "kda": "6.75", "pick_cnt": "6", "played": "6", "win_rate": "0.8333" },
    { "avg_assist": "2.33", "avg_ban_seq": "4.9", "avg_bekill": "2.67", "avg_kill": "1.33", "avg_pick_seq": "0.0", "ban_cnt": "3", "gpm": "623", "hero_id": "131", "hero_name": "李白", "kda": "1.49", "pick_cnt": "6", "played": "6", "win_rate": "0.1667" },
    { "avg_assist": "3.33", "avg_ban_seq": "9.0", "avg_bekill": "1.83", "avg_kill": "1.50", "avg_pick_seq": "0.0", "ban_cnt": "0", "gpm": "671", "hero_id": "121", "hero_name": "芈月", "kda": "3.19", "pick_cnt": "6", "played": "6", "win_rate": "0.6667" },
    { "avg_assist": "6.20", "avg_ban_seq": "7.1", "avg_bekill": "13.80", "avg_kill": "1.80", "avg_pick_seq": "0.0", "ban_cnt": "6", "gpm": "479", "hero_id": "183", "hero_name": "雅典娜", "kda": "1.82", "pick_cnt": "5", "played": "5", "win_rate": "0.4000" },
    { "avg_assist": "6.00", "avg_ban_seq": "8.0", "avg_bekill": "2.20", "avg_kill": "2.60", "avg_pick_seq": "0.0", "ban_cnt": "1", "gpm": "610", "hero_id": "173", "hero_name": "李元芳", "kda": "4.32", "pick_cnt": "5", "played": "5", "win_rate": "0.4000" },
    { "avg_assist": "6.00", "avg_ban_seq": "6.6", "avg_bekill": "3.40", "avg_kill": "2.00", "avg_pick_seq": "0.0", "ban_cnt": "2", "gpm": "561", "hero_id": "174", "hero_name": "虞姬", "kda": "2.31", "pick_cnt": "5", "played": "5", "win_rate": "0.4000" },
    { "avg_assist": "3.00", "avg_ban_seq": "7.4", "avg_bekill": "3.00", "avg_kill": "0.25", "avg_pick_seq": "0.0", "ban_cnt": "3", "gpm": "414", "hero_id": "105", "hero_name": "廉颇", "kda": "0.96", "pick_cnt": "4", "played": "4", "win_rate": "0.0000" },
    { "avg_assist": "7.75", "avg_ban_seq": "8.8", "avg_bekill": "3.75", "avg_kill": "2.25", "avg_pick_seq": "0.0", "ban_cnt": "1", "gpm": "548", "hero_id": "149", "hero_name": "刘邦", "kda": "2.50", "pick_cnt": "4", "played": "4", "win_rate": "0.2500" },
    { "avg_assist": "3.75", "avg_ban_seq": "7.2", "avg_bekill": "2.00", "avg_kill": "4.25", "avg_pick_seq": "0.0", "ban_cnt": "1", "gpm": "698", "hero_id": "195", "hero_name": "百里玄策", "kda": "4.75", "pick_cnt": "4", "played": "4", "win_rate": "0.7500" },
    { "avg_assist": "6.33", "avg_ban_seq": "8.2", "avg_bekill": "3.67", "avg_kill": "2.67", "avg_pick_seq": "0.0", "ban_cnt": "1", "gpm": "571", "hero_id": "513", "hero_name": "上官婉儿", "kda": "4.85", "pick_cnt": "3", "played": "3", "win_rate": "0.6667" },
    { "avg_assist": "7.00", "avg_ban_seq": "7.5", "avg_bekill": "0.00", "avg_kill": "5.00", "avg_pick_seq": "0.0", "ban_cnt": "1", "gpm": "735", "hero_id": "110", "hero_name": "嬴政", "kda": "12.00", "pick_cnt": "3", "played": "3", "win_rate": "1.0000" },
    { "avg_assist": "7.67", "avg_ban_seq": "9.7", "avg_bekill": "2.33", "avg_kill": "0.67", "avg_pick_seq": "0.0", "ban_cnt": "0", "gpm": "448", "hero_id": "501", "hero_name": "明世隐", "kda": "8.07", "pick_cnt": "3", "played": "3", "win_rate": "0.6667" },
    { "avg_assist": "4.67", "avg_ban_seq": "8.2", "avg_bekill": "9.67", "avg_kill": "2.33", "avg_pick_seq": "0.0", "ban_cnt": "3", "gpm": "387", "hero_id": "153", "hero_name": "兰陵王", "kda": "0.66", "pick_cnt": "3", "played": "3", "win_rate": "0.0000" },
    { "avg_assist": "6.00", "avg_ban_seq": "8.7", "avg_bekill": "2.00", "avg_kill": "0.67", "avg_pick_seq": "0.0", "ban_cnt": "0", "gpm": "583", "hero_id": "136", "hero_name": "武则天", "kda": "5.33", "pick_cnt": "3", "played": "3", "win_rate": "0.3333" },
    { "avg_assist": "10.00", "avg_ban_seq": "8.3", "avg_bekill": "2.00", "avg_kill": "3.00", "avg_pick_seq": "0.0", "ban_cnt": "1", "gpm": "580", "hero_id": "157", "hero_name": "不知火舞", "kda": "10.00", "pick_cnt": "2", "played": "2", "win_rate": "1.0000" },
    { "avg_assist": "7.00", "avg_ban_seq": "7.3", "avg_bekill": "1.50", "avg_kill": "1.00", "avg_pick_seq": "0.0", "ban_cnt": "1", "gpm": "419", "hero_id": "184", "hero_name": "蔡文姬", "kda": "7.00", "pick_cnt": "2", "played": "2", "win_rate": "0.5000" },
    { "avg_assist": "15.00", "avg_ban_seq": "8.0", "avg_bekill": "2.00", "avg_kill": "3.00", "avg_pick_seq": "0.0", "ban_cnt": "0", "gpm": "676", "hero_id": "163", "hero_name": "橘右京", "kda": "9.00", "pick_cnt": "1", "played": "1", "win_rate": "1.0000" },
    { "avg_assist": "3.00", "avg_ban_seq": "6.8", "avg_bekill": "7.00", "avg_kill": "6.00", "avg_pick_seq": "0.0", "ban_cnt": "3", "gpm": "682", "hero_id": "150", "hero_name": "韩信", "kda": "1.29", "pick_cnt": "1", "played": "1", "win_rate": "0.0000" },
    { "avg_assist": "4.00", "avg_ban_seq": "10.0", "avg_bekill": "2.00", "avg_kill": "0.00", "avg_pick_seq": "0.0", "ban_cnt": "0", "gpm": "621", "hero_id": "504", "hero_name": "米莱狄", "kda": "2.00", "pick_cnt": "1", "played": "1", "win_rate": "0.0000" },
    { "avg_assist": "3.00", "avg_ban_seq": "7.0", "avg_bekill": "4.00", "avg_kill": "1.00", "avg_pick_seq": "0.0", "ban_cnt": "0", "gpm": "494", "hero_id": "115", "hero_name": "高渐离", "kda": "1.00", "pick_cnt": "1", "played": "1", "win_rate": "0.0000" },
    { "avg_assist": "7.00", "avg_ban_seq": "10.0", "avg_bekill": "4.00", "avg_kill": "1.00", "avg_pick_seq": "0.0", "ban_cnt": "0", "gpm": "448", "hero_id": "117", "hero_name": "钟无艳", "kda": "2.00", "pick_cnt": "1", "played": "1", "win_rate": "0.0000" },
    { "avg_assist": "2.00", "avg_ban_seq": "10.0", "avg_bekill": "1.00", "avg_kill": "2.00", "avg_pick_seq": "0.0", "ban_cnt": "0", "gpm": "606", "hero_id": "179", "hero_name": "女娲", "kda": "4.00", "pick_cnt": "1", "played": "1", "win_rate": "0.0000" },
    { "avg_assist": "0.00", "avg_ban_seq": "8.0", "avg_bekill": "0.00", "avg_kill": "0.00", "avg_pick_seq": "0.0", "ban_cnt": "1", "gpm": "0", "hero_id": "170", "hero_name": "刘备", "kda": "0.00", "pick_cnt": "0", "played": "0", "win_rate": "0.0000" },
    { "avg_assist": "0.00", "avg_ban_seq": "8.0", "avg_bekill": "0.00", "avg_kill": "0.00", "avg_pick_seq": "0.0", "ban_cnt": "1", "gpm": "0", "hero_id": "508", "hero_name": "伽罗", "kda": "0.00", "pick_cnt": "0", "played": "0", "win_rate": "0.0000" }
]