[
    { "hero_id": "107", "hero_name": "赵云" },
    { "hero_id": "109", "hero_name": "妲己" },
    { "hero_id": "112", "hero_name": "鲁班七号" },
    { "hero_id": "114", "hero_name": "刘禅" },
    { "hero_id": "116", "hero_name": "阿轲" },
    { "hero_id": "119", "hero_name": "扁鹊" },
    { "hero_id": "124", "hero_name": "周瑜" },
    { "hero_id": "127", "hero_name": "甄姬" },
    { "hero_id": "130", "hero_name": "宫本武藏" },
    { "hero_id": "133", "hero_name": "狄仁杰" },
    { "hero_id": "137", "hero_name": "司马懿" },
    { "hero_id": "142", "hero_name": "安琪拉" },
    { "hero_id": "146", "hero_name": "露娜" },
    { "hero_id": "155", "hero_name": "艾琳" },
    { "hero_id": "166", "hero_name": "亚瑟" },
    { "hero_id": "169", "hero_name": "后羿" },
    { "hero_id": "175", "hero_name": "钟馗" },
    { "hero_id": "177", "hero_name": "成吉思汗" },
    { "hero_id": "178", "hero_name": "杨戬" },
    { "hero_id": "180", "hero_name": "哪吒" },
    { "hero_id": "190", "hero_name": "诸葛亮" },
    { "hero_id": "192", "hero_name": "黄忠" },
    { "hero_id": "197", "hero_name": "弈星" },
    { "hero_id": "503", "hero_name": "狂铁" },
    { "hero_id": "505", "hero_name": "瑶" },
    { "hero_id": "506", "hero_name": "云中君" },
    { "hero_id": "511", "hero_name": "猪八戒" },
    { "hero_id": "515", "hero_name": "嫦娥" },
    { "hero_id": "518", "hero_name": "马超" },
    { "hero_id": "522", "hero_name": "曜" },
    { "hero_id": "523", "hero_name": "西施" },
    { "hero_id": "525", "hero_name": "鲁班大师" },
    { "hero_id": "529", "hero_name": "盘古" }
]