[
    { "avg_assist": "6.13", "avg_bekill": "1.83", "avg_kill": "2.33", "gpm": "625", "kda": "5.39", "name": "QGhappy.Fly", "openid": "81AEA3A32BA205D61F400FA612808490", "played": "30", "rating": "5.60", "total_kill": "70", "win_rate": "0.7333", "xpm": "738" },
    { "avg_assist": "4.93", "avg_bekill": "1.67", "avg_kill": "2.00", "gpm": "633", "kda": "4.33", "name": "QGhappy.Song", "openid": "72AC547EDBDD6A0E0D6FE07DBB816D59", "played": "30", "rating": "5.60", "total_kill": "60", "win_rate": "0.7333", "xpm": "744" },
    { "avg_assist": "4.87", "avg_bekill": "1.63", "avg_kill": "5.27", "gpm": "746", "kda": "7.45", "name": "QGhappy.Hurt", "openid": "B8982198AC67B048D317C07DE73F4962", "played": "30", "rating": "5.60", "total_kill": "158", "win_rate": "0.7333", "xpm": "761" },
    { "avg_assist": "7.13", "avg_bekill": "1.77", "avg_kill": "2.50", "gpm": "585", "kda": "7.36", "name": "QGhappy.伪装", "openid": "1C7EBF05DC5EA980A259A34290DE7430", "played": "30", "rating": "5.60", "total_kill": "75", "win_rate": "0.7333", "xpm": "741" },
    { "avg_assist": "8.63", "avg_bekill": "2.77", "avg_kill": "1.23", "gpm": "430", "kda": "7.05", "name": "QGhappy.Snow", "openid": "9C0EBC8C5FDAB2B947FE66D477F1F683", "played": "30", "rating": "5.60", "total_kill": "37", "win_rate": "0.7333", "xpm": "712" },
    { "avg_assist": "6.00", "avg_bekill": "2.29", "avg_kill": "2.17", "gpm": "644", "kda": "4.70", "name": "EDGM.阿澈", "openid": "BDA5D3D8B600DC8ACD800F77FFE41BE0", "played": "24", "rating": "5.60", "total_kill": "52", "win_rate": "0.6667", "xpm": "794" },
    { "avg_assist": "5.79", "avg_bekill": "2.17", "avg_kill": "1.21", "gpm": "591", "kda": "4.36", "name": "EDGM.无痕", "openid": "48042210647B57C4BC3D6867F1934705", "played": "24", "rating": "5.60", "total_kill": "29", "win_rate": "0.6667", "xpm": "789" },
    { "avg_assist": "8.00", "avg_bekill": "1.92", "avg_kill": "2.83", "gpm": "595", "kda": "7.41", "name": "EDGM.浪浪", "openid": "B58E5BEB1CAC18ADF1300F9877348CA4", "played": "24", "rating": "5.60", "total_kill": "68", "win_rate": "0.6667", "xpm": "795" },
    { "avg_assist": "8.17", "avg_bekill": "2.08", "avg_kill": "0.83", "gpm": "433", "kda": "6.20", "name": "EDGM.koko", "openid": "91C65C11C1BA16F63A59C4E571394E18", "played": "24", "rating": "5.60", "total_kill": "20", "win_rate": "0.6667", "xpm": "755" },
    { "avg_assist": "4.17", "avg_bekill": "1.42", "avg_kill": "6.79", "gpm": "744", "kda": "8.43", "name": "EDGM.初晨", "openid": "65907C634614595853DF76D9708F0E04", "played": "24", "rating": "5.60", "total_kill": "163", "win_rate": "0.6667", "xpm": "827" },
    { "avg_assist": "7.22", "avg_bekill": "1.56", "avg_kill": "2.67", "gpm": "640", "kda": "7.02", "name": "Hero.久诚", "openid": "919D5E5E2A9039A5E7393859C9B4E012", "played": "18", "rating": "5.60", "total_kill": "48", "win_rate": "0.7778", "xpm": "746" },
    { "avg_assist": "7.61", "avg_bekill": "2.94", "avg_kill": "1.17", "gpm": "406", "kda": "4.31", "name": "Hero.最初", "openid": "75A0E028EC2BF9D41710669411CD19F8", "played": "18", "rating": "5.60", "total_kill": "21", "win_rate": "0.7778", "xpm": "688" },
    { "avg_assist": "5.33", "avg_bekill": "2.22", "avg_kill": "3.22", "gpm": "609", "kda": "4.86", "name": "Hero.尘夏", "openid": "DBB1AA4588256E9DF8DEA01D8286A0CE", "played": "18", "rating": "5.60", "total_kill": "58", "win_rate": "0.7778", "xpm": "754" },
    { "avg_assist": "5.22", "avg_bekill": "3.06", "avg_kill": "2.28", "gpm": "615", "kda": "3.30", "name": "Hero.久龙", "openid": "5DE81E7A60330EC8E695CF286441E468", "played": "18", "rating": "5.60", "total_kill": "41", "win_rate": "0.7778", "xpm": "737" },
    { "avg_assist": "4.11", "avg_bekill": "1.33", "avg_kill": "3.94", "gpm": "713", "kda": "5.43", "name": "Hero.柠栀", "openid": "A7AAD11E26643813D72EFEBD3B0EBD28", "played": "18", "rating": "5.60", "total_kill": "71", "win_rate": "0.7778", "xpm": "750" },
    { "avg_assist": "7.86", "avg_bekill": "3.36", "avg_kill": "1.14", "gpm": "443", "kda": "4.94", "name": "Jc丶老王", "openid": "1C794E7920EBA8B92C81BC5FA9E4C864", "played": "14", "rating": "5.60", "total_kill": "16", "win_rate": "0.4286", "xpm": "632" },
    { "avg_assist": "5.50", "avg_bekill": "1.93", "avg_kill": "3.43", "gpm": "607", "kda": "6.20", "name": "Jc丶青浪", "openid": "6EF57E102F9A23CC825DDC1ED5D55F3B", "played": "14", "rating": "5.60", "total_kill": "48", "win_rate": "0.4286", "xpm": "664" },
    { "avg_assist": "6.21", "avg_bekill": "3.79", "avg_kill": "1.36", "gpm": "520", "kda": "2.54", "name": "Jc丶怼怼", "openid": "09059D196CF06A3C755C2E0393E899B6", "played": "14", "rating": "5.60", "total_kill": "19", "win_rate": "0.4286", "xpm": "658" },
    { "avg_assist": "5.25", "avg_bekill": "2.33", "avg_kill": "1.33", "gpm": "527", "kda": "3.73", "name": "RNGM.凉晨", "openid": "5BD6D8E9DEB9362CC60A568244A18625", "played": "12", "rating": "5.60", "total_kill": "16", "win_rate": "0.4167", "xpm": "718" },
    { "avg_assist": "4.08", "avg_bekill": "3.00", "avg_kill": "1.75", "gpm": "594", "kda": "3.14", "name": "RNGM.Zero", "openid": "558B8536033B16FEC1FF02F3E02FC1D1", "played": "12", "rating": "5.60", "total_kill": "21", "win_rate": "0.4167", "xpm": "719" },
    { "avg_assist": "4.58", "avg_bekill": "1.75", "avg_kill": "5.17", "gpm": "715", "kda": "6.29", "name": "RNGM.虔诚", "openid": "F1BCCA006C3701F765FD5D8AE9DC349F", "played": "12", "rating": "5.60", "total_kill": "62", "win_rate": "0.4167", "xpm": "756" },
    { "avg_assist": "7.58", "avg_bekill": "2.58", "avg_kill": "1.25", "gpm": "431", "kda": "5.25", "name": "RNGM.伊恩", "openid": "1ADE7C65DFA7373C8DEC4B7477E636A1", "played": "12", "rating": "5.60", "total_kill": "15", "win_rate": "0.4167", "xpm": "693" },
    { "avg_assist": "7.92", "avg_bekill": "1.33", "avg_kill": "2.08", "gpm": "581", "kda": "7.28", "name": "RNGM.暴风锐", "openid": "C33F4D32C03321DF09F884E61C01394E", "played": "12", "rating": "5.60", "total_kill": "25", "win_rate": "0.4167", "xpm": "720" },
    { "avg_assist": "4.55", "avg_bekill": "1.82", "avg_kill": "1.18", "gpm": "527", "kda": "3.82", "name": "EMC.CHU", "openid": "8D594C38125641BF2C455BB7C7A437E7", "played": "11", "rating": "5.60", "total_kill": "13", "win_rate": "0.4545", "xpm": "837" },
    { "avg_assist": "5.09", "avg_bekill": "2.82", "avg_kill": "0.73", "gpm": "404", "kda": "3.24", "name": "EMC.MOON", "openid": "5D17C73BAE12C3FE940306D9BD8FBF68", "played": "11", "rating": "5.60", "total_kill": "8", "win_rate": "0.4545", "xpm": "785" },
    { "avg_assist": "3.73", "avg_bekill": "2.00", "avg_kill": "2.55", "gpm": "708", "kda": "3.89", "name": "EMC.AJIU", "openid": "5B49C57B2CB153A62A1914D2598E7987", "played": "11", "rating": "5.60", "total_kill": "28", "win_rate": "0.4545", "xpm": "919" },
    { "avg_assist": "3.55", "avg_bekill": "2.00", "avg_kill": "1.09", "gpm": "563", "kda": "3.75", "name": "EMC.LuiS", "openid": "BE7D85D56717EB986621A2DC1C023D92", "played": "11", "rating": "5.60", "total_kill": "12", "win_rate": "0.4545", "xpm": "831" },
    { "avg_assist": "2.27", "avg_bekill": "2.09", "avg_kill": "3.18", "gpm": "643", "kda": "3.60", "name": "EMC.Aolin", "openid": "0AA7F781C7D181A9072C32A3CD5B2F80", "played": "11", "rating": "5.60", "total_kill": "35", "win_rate": "0.4545", "xpm": "869" },
    { "avg_assist": "3.70", "avg_bekill": "3.10", "avg_kill": "2.10", "gpm": "588", "kda": "2.20", "name": "CW.Play", "openid": "E86B8AFB124F4B05A76E8C7D3E74D732", "played": "10", "rating": "5.60", "total_kill": "21", "win_rate": "0.3000", "xpm": "635" },
    { "avg_assist": "5.60", "avg_bekill": "3.90", "avg_kill": "0.50", "gpm": "389", "kda": "2.08", "name": "CW.Him", "openid": "35FF465DAE69783E3C9CC1B466C535D0", "played": "10", "rating": "5.60", "total_kill": "5", "win_rate": "0.3000", "xpm": "558" },
    { "avg_assist": "3.90", "avg_bekill": "2.20", "avg_kill": "3.30", "gpm": "623", "kda": "4.23", "name": "CW.Kit", "openid": "6E4DF7143459537E67F9A22CC8ADD315", "played": "10", "rating": "5.60", "total_kill": "33", "win_rate": "0.3000", "xpm": "652" },
    { "avg_assist": "4.20", "avg_bekill": "2.30", "avg_kill": "1.60", "gpm": "539", "kda": "3.00", "name": "CW.Wolf", "openid": "3A63FE3996F2F8F31239275CF44DD9C6", "played": "10", "rating": "5.60", "total_kill": "16", "win_rate": "0.3000", "xpm": "613" },
    { "avg_assist": "4.50", "avg_bekill": "2.00", "avg_kill": "2.50", "gpm": "601", "kda": "4.34", "name": "CW.Adam", "openid": "39B0801F999FB8F41F99B37815BDD8B8", "played": "10", "rating": "5.60", "total_kill": "25", "win_rate": "0.3000", "xpm": "629" },
    { "avg_assist": "4.88", "avg_bekill": "2.88", "avg_kill": "4.25", "gpm": "674", "kda": "3.99", "name": "JC丶易峥", "openid": "E2DA8DAFB90822DA6DA39C6FC40C4172", "played": "8", "rating": "5.60", "total_kill": "34", "win_rate": "0.2500", "xpm": "623" },
    { "avg_assist": "4.43", "avg_bekill": "2.43", "avg_kill": "7.86", "gpm": "660", "kda": "8.31", "name": "eStarPro.星辰", "openid": "32DA367C8FB2A46F7E532BCF690AA352", "played": "7", "rating": "5.60", "total_kill": "55", "win_rate": "0.2857", "xpm": "577" },
    { "avg_assist": "7.43", "avg_bekill": "2.86", "avg_kill": "1.71", "gpm": "590", "kda": "4.03", "name": "eStarPro.Cat", "openid": "A25A35A18EE5DC93117789871D929E83", "played": "7", "rating": "5.60", "total_kill": "12", "win_rate": "0.2857", "xpm": "584" },
    { "avg_assist": "4.43", "avg_bekill": "2.57", "avg_kill": "1.29", "gpm": "543", "kda": "3.76", "name": "WE.LY", "openid": "66EC81766B148ED74236686E7F1C8493", "played": "7", "rating": "5.60", "total_kill": "9", "win_rate": "0.2857", "xpm": "780" },
    { "avg_assist": "4.14", "avg_bekill": "2.43", "avg_kill": "3.00", "gpm": "618", "kda": "4.98", "name": "Jc丶倾城", "openid": "C9370DD54FF93F6FC7FFB078FDC7CD17", "played": "7", "rating": "5.60", "total_kill": "21", "win_rate": "0.5714", "xpm": "708" },
    { "avg_assist": "4.14", "avg_bekill": "2.57", "avg_kill": "2.43", "gpm": "581", "kda": "4.19", "name": "WE.762", "openid": "EB48CF52432EABB8A847A1EA8CA6C7F8", "played": "7", "rating": "5.60", "total_kill": "17", "win_rate": "0.2857", "xpm": "807" },
    { "avg_assist": "5.14", "avg_bekill": "2.57", "avg_kill": "2.14", "gpm": "669", "kda": "3.92", "name": "YTG丶夏天", "openid": "7F7B2244B823795821247DD45B7572FD", "played": "7", "rating": "5.60", "total_kill": "15", "win_rate": "0.4286", "xpm": "813" },
    { "avg_assist": "4.57", "avg_bekill": "2.71", "avg_kill": "2.29", "gpm": "515", "kda": "3.95", "name": "Ts.神人", "openid": "217E45134E48B0E55522590E23FFE479", "played": "7", "rating": "5.60", "total_kill": "16", "win_rate": "0.2857", "xpm": "639" },
    { "avg_assist": "5.43", "avg_bekill": "2.00", "avg_kill": "1.86", "gpm": "651", "kda": "4.50", "name": "YTG丶小壳", "openid": "DC038568C171B98D6EC9EE60B2F0F657", "played": "7", "rating": "5.60", "total_kill": "13", "win_rate": "0.4286", "xpm": "778" },
    { "avg_assist": "4.71", "avg_bekill": "3.00", "avg_kill": "2.29", "gpm": "553", "kda": "4.12", "name": "Ts.破碎", "openid": "BEC56680808C6B082705E412637008B1", "played": "7", "rating": "5.60", "total_kill": "16", "win_rate": "0.2857", "xpm": "634" },
    { "avg_assist": "6.29", "avg_bekill": "1.57", "avg_kill": "2.71", "gpm": "583", "kda": "5.13", "name": "WE.DogRan", "openid": "CAE449FCECAA014CB9B6C3CD335A9A69", "played": "7", "rating": "5.60", "total_kill": "19", "win_rate": "0.2857", "xpm": "803" },
    { "avg_assist": "5.29", "avg_bekill": "2.00", "avg_kill": "3.29", "gpm": "607", "kda": "7.37", "name": "YTG丶茶", "openid": "54079F360AAF7A740D4B8E3C87689841", "played": "7", "rating": "5.60", "total_kill": "23", "win_rate": "0.4286", "xpm": "772" },
    { "avg_assist": "5.43", "avg_bekill": "5.71", "avg_kill": "1.00", "gpm": "436", "kda": "2.31", "name": "YTG丶落幕", "openid": "9EABDFC2F259BCDBADECD4D3AFBAAB65", "played": "7", "rating": "5.60", "total_kill": "7", "win_rate": "0.4286", "xpm": "722" },
    { "avg_assist": "2.43", "avg_bekill": "3.43", "avg_kill": "2.57", "gpm": "618", "kda": "1.56", "name": "Ts.暖阳", "openid": "B61E31C87EB42BE852DEADE5273AB0DE", "played": "7", "rating": "5.60", "total_kill": "18", "win_rate": "0.2857", "xpm": "675" },
    { "avg_assist": "6.86", "avg_bekill": "3.86", "avg_kill": "1.14", "gpm": "399", "kda": "2.79", "name": "eStarPro.TiGer", "openid": "44519BEABF41B3C9C5BAB0AC33E3F6B7", "played": "7", "rating": "5.60", "total_kill": "8", "win_rate": "0.2857", "xpm": "542" },
    { "avg_assist": "4.00", "avg_bekill": "4.57", "avg_kill": "2.29", "gpm": "617", "kda": "1.49", "name": "eStarPro.诺言", "openid": "CFD5FB9589587760CD3C44425C336E21", "played": "7", "rating": "5.60", "total_kill": "16", "win_rate": "0.2857", "xpm": "563" },
    { "avg_assist": "5.00", "avg_bekill": "2.57", "avg_kill": "2.14", "gpm": "618", "kda": "4.08", "name": "JC丶Evildoer", "openid": "372D6C9C98009EDA40C3965ED57B369E", "played": "7", "rating": "5.60", "total_kill": "15", "win_rate": "0.2857", "xpm": "629" },
    { "avg_assist": "4.29", "avg_bekill": "1.86", "avg_kill": "3.71", "gpm": "661", "kda": "5.12", "name": "WE.依恋", "openid": "741E66A4E4BCEB1B6B2C881174B96FE3", "played": "7", "rating": "5.60", "total_kill": "26", "win_rate": "0.2857", "xpm": "855" },
    { "avg_assist": "6.57", "avg_bekill": "2.86", "avg_kill": "1.14", "gpm": "436", "kda": "5.08", "name": "WE.994", "openid": "FFE0641C557DBC5BD95896C0C4CE9346", "played": "7", "rating": "5.60", "total_kill": "8", "win_rate": "0.2857", "xpm": "734" },
    { "avg_assist": "4.86", "avg_bekill": "2.71", "avg_kill": "2.29", "gpm": "599", "kda": "3.00", "name": "YTG.沽沽", "openid": "84D734C7C7990CE6518DAED05C25C8DF", "played": "7", "rating": "5.60", "total_kill": "16", "win_rate": "0.4286", "xpm": "759" },
    { "avg_assist": "5.86", "avg_bekill": "4.43", "avg_kill": "1.00", "gpm": "444", "kda": "5.60", "name": "Ts.阿豆", "openid": "6D54271544D17B374436D7189EEBC522", "played": "7", "rating": "5.60", "total_kill": "7", "win_rate": "0.2857", "xpm": "613" },
    { "avg_assist": "3.57", "avg_bekill": "2.14", "avg_kill": "3.00", "gpm": "660", "kda": "3.48", "name": "Ts.十三", "openid": "FD70952C1A9B936EDDB00609A7440670", "played": "7", "rating": "5.60", "total_kill": "21", "win_rate": "0.2857", "xpm": "653" },
    { "avg_assist": "2.33", "avg_bekill": "2.33", "avg_kill": "2.83", "gpm": "688", "kda": "3.41", "name": "BA黑凤梨.一诺", "openid": "924F7C93F262FC99443B7C27E9A3D6AA", "played": "6", "rating": "5.60", "total_kill": "17", "win_rate": "0.3333", "xpm": "833" },
    { "avg_assist": "5.83", "avg_bekill": "2.17", "avg_kill": "5.33", "gpm": "716", "kda": "6.93", "name": "Jc丶纵情", "openid": "253E4A1FC4BABC9E6563A23D93070F4C", "played": "6", "rating": "5.60", "total_kill": "32", "win_rate": "0.6667", "xpm": "769" },
    { "avg_assist": "3.00", "avg_bekill": "1.67", "avg_kill": "1.17", "gpm": "629", "kda": "2.50", "name": "BA黑凤梨.小兽", "openid": "F3E08E1AC058EC52B27CFD04D7FD24A1", "played": "6", "rating": "5.60", "total_kill": "7", "win_rate": "0.3333", "xpm": "833" },
    { "avg_assist": "1.17", "avg_bekill": "2.50", "avg_kill": "0.83", "gpm": "498", "kda": "1.04", "name": "ROX_Glow", "openid": "77DDAE83E3386784880B5A253B9C4AA2", "played": "6", "rating": "5.60", "total_kill": "5", "win_rate": "0.0000", "xpm": "808" },
    { "avg_assist": "0.83", "avg_bekill": "3.00", "avg_kill": "1.00", "gpm": "591", "kda": "0.72", "name": "ROX_Hasome", "openid": "A04CF3032068D16906A34AFC081C6519", "played": "6", "rating": "5.60", "total_kill": "6", "win_rate": "0.0000", "xpm": "896" },
    { "avg_assist": "4.33", "avg_bekill": "2.33", "avg_kill": "1.83", "gpm": "488", "kda": "4.23", "name": "KZ.Horror", "openid": "5A72F860F03B7B8C7B78D2BC76D99D47", "played": "6", "rating": "5.60", "total_kill": "11", "win_rate": "0.3333", "xpm": "546" },
    { "avg_assist": "5.17", "avg_bekill": "2.83", "avg_kill": "4.00", "gpm": "650", "kda": "5.58", "name": "KZ.Sweet", "openid": "E8FC931D70DA1033BA5BA2ACA1BA2798", "played": "6", "rating": "5.60", "total_kill": "24", "win_rate": "0.3333", "xpm": "593" },
    { "avg_assist": "1.17", "avg_bekill": "3.00", "avg_kill": "0.83", "gpm": "536", "kda": "0.62", "name": "ROX_Do", "openid": "1B68BD882E343D6008DB116555016A4B", "played": "6", "rating": "5.60", "total_kill": "5", "win_rate": "0.0000", "xpm": "880" },
    { "avg_assist": "1.33", "avg_bekill": "3.33", "avg_kill": "0.17", "gpm": "488", "kda": "0.57", "name": "ROX_Sage", "openid": "9C2B58B0FDC0348776689983AB75B152", "played": "6", "rating": "5.60", "total_kill": "1", "win_rate": "0.0000", "xpm": "785" },
    { "avg_assist": "6.83", "avg_bekill": "1.83", "avg_kill": "2.17", "gpm": "561", "kda": "5.02", "name": "KZ.Core", "openid": "0CF8FF32F624D8087A31B331D8241288", "played": "6", "rating": "5.60", "total_kill": "13", "win_rate": "0.3333", "xpm": "567" },
    { "avg_assist": "6.17", "avg_bekill": "2.33", "avg_kill": "0.67", "gpm": "383", "kda": "4.60", "name": "KZ.YK", "openid": "B95243035DBBE1AD9CD3417597199D3B", "played": "6", "rating": "5.60", "total_kill": "4", "win_rate": "0.3333", "xpm": "509" },
    { "avg_assist": "1.17", "avg_bekill": "3.33", "avg_kill": "0.50", "gpm": "347", "kda": "0.73", "name": "ROX_Salem", "openid": "98B86CDFC7F72D23D9BA59502A645E1B", "played": "6", "rating": "5.60", "total_kill": "3", "win_rate": "0.0000", "xpm": "691" },
    { "avg_assist": "3.50", "avg_bekill": "2.50", "avg_kill": "4.00", "gpm": "607", "kda": "2.62", "name": "KZ.JY", "openid": "AA60587C5DD214D999AB2FDA7AEAF923", "played": "6", "rating": "5.60", "total_kill": "24", "win_rate": "0.3333", "xpm": "578" },
    { "avg_assist": "3.17", "avg_bekill": "1.50", "avg_kill": "0.50", "gpm": "553", "kda": "2.80", "name": "BA黑凤梨.六点六", "openid": "38A1A5401569451A53BCA340154E5B3B", "played": "6", "rating": "5.60", "total_kill": "3", "win_rate": "0.3333", "xpm": "820" },
    { "avg_assist": "3.20", "avg_bekill": "2.00", "avg_kill": "0.40", "gpm": "371", "kda": "2.57", "name": "MVP.Shun", "openid": "73BF75A08BC90856D497BFE56F140E41", "played": "5", "rating": "5.60", "total_kill": "2", "win_rate": "0.2000", "xpm": "701" },
    { "avg_assist": "2.60", "avg_bekill": "2.00", "avg_kill": "2.40", "gpm": "589", "kda": "2.97", "name": "BA黑凤梨.小剑", "openid": "AE1143A24050713B348441573E740EC8", "played": "5", "rating": "5.60", "total_kill": "12", "win_rate": "0.4000", "xpm": "867" },
    { "avg_assist": "2.40", "avg_bekill": "1.60", "avg_kill": "0.40", "gpm": "531", "kda": "2.17", "name": "MVP.PoPo", "openid": "0BBE4931A8E635223D1C303A8559F668", "played": "5", "rating": "5.60", "total_kill": "2", "win_rate": "0.2000", "xpm": "822" },
    { "avg_assist": "3.20", "avg_bekill": "1.20", "avg_kill": "1.40", "gpm": "581", "kda": "3.93", "name": "MVP.Noth", "openid": "D3520640D35F38D1AE5A108795CE0FA3", "played": "5", "rating": "5.60", "total_kill": "7", "win_rate": "0.2000", "xpm": "880" },
    { "avg_assist": "2.40", "avg_bekill": "3.00", "avg_kill": "1.40", "gpm": "516", "kda": "1.53", "name": "MVP.Chicken", "openid": "095DB1A0374A74DAC0EAE22752D77DBB", "played": "5", "rating": "5.60", "total_kill": "7", "win_rate": "0.2000", "xpm": "892" },
    { "avg_assist": "2.00", "avg_bekill": "2.20", "avg_kill": "1.80", "gpm": "524", "kda": "2.70", "name": "MVP.Ming", "openid": "AC59B26145C8C73C359E09356A0ADCC6", "played": "5", "rating": "5.60", "total_kill": "9", "win_rate": "0.2000", "xpm": "809" },
    { "avg_assist": "2.25", "avg_bekill": "2.00", "avg_kill": "0.25", "gpm": "376", "kda": "1.67", "name": "BA黑凤梨.770", "openid": "646CAD1B629DD3DE2569986E43CA132E", "played": "4", "rating": "5.60", "total_kill": "1", "win_rate": "0.2500", "xpm": "763" },
    { "avg_assist": "7.33", "avg_bekill": "3.67", "avg_kill": "1.00", "gpm": "535", "kda": "2.44", "name": "eStarPro.兮兮", "openid": "68346659D82EE54099EA1A1FAD4F6B9A", "played": "3", "rating": "5.60", "total_kill": "3", "win_rate": "0.3333", "xpm": "568" },
    { "avg_assist": "2.67", "avg_bekill": "2.33", "avg_kill": "2.00", "gpm": "588", "kda": "2.92", "name": "eStarPro.Alan", "openid": "E5D1C89DE8A875B1187141E8BF55764B", "played": "3", "rating": "5.60", "total_kill": "6", "win_rate": "0.3333", "xpm": "517" },
    { "avg_assist": "5.00", "avg_bekill": "4.50", "avg_kill": "1.00", "gpm": "384", "kda": "3.81", "name": "BA黑凤梨.Top", "openid": "6365F7AD0112A91FB9C5F8796FD95C3A", "played": "2", "rating": "5.60", "total_kill": "2", "win_rate": "0.5000", "xpm": "772" },
    { "avg_assist": "3.00", "avg_bekill": "1.00", "avg_kill": "2.00", "gpm": "601", "kda": "5.00", "name": "eStarPro.无心", "openid": "F7E2ECFD7976D8FE5253CEA2909ACA39", "played": "1", "rating": "5.60", "total_kill": "2", "win_rate": "0.0000", "xpm": "1004" },
    { "avg_assist": "1.00", "avg_bekill": "3.00", "avg_kill": "0.00", "gpm": "522", "kda": "0.33", "name": "BA黑凤梨.居居", "openid": "9EF5FFA1B24C530E143325B3058D16C1", "played": "1", "rating": "5.60", "total_kill": "0", "win_rate": "0.0000", "xpm": "667" }
]