[
    { "ban_heros": "189|113|118|129", "camp": "1", "game_label": "118601", "game_time": "2018-12-28 15:26:12", "is_win": "0", "kill_cnt": "7", "pick_heros": "510|125|126|148|183", "team_id": "13", "team_name": "eStar" },
    { "ban_heros": "502|509|111|132", "camp": "2", "game_label": "118601", "game_time": "2018-12-28 15:26:12", "is_win": "1", "kill_cnt": "10", "pick_heros": "140|162|171|128|501", "team_id": "26", "team_name": "EDG.M" },
    { "ban_heros": "502|113|189|131", "camp": "2", "game_label": "118602", "game_time": "2018-12-28 16:11:16", "is_win": "1", "kill_cnt": "23", "pick_heros": "111|186|123|152|140", "team_id": "38", "team_name": "RNG.M" },
    { "ban_heros": "118|162|129|141", "camp": "1", "game_label": "118602", "game_time": "2018-12-28 16:11:16", "is_win": "0", "kill_cnt": "16", "pick_heros": "509|125|510|121|199", "team_id": "52", "team_name": "WE" },
    { "ban_heros": "113|111|183|187", "camp": "1", "game_label": "118603", "game_time": "2018-12-28 17:21:44", "is_win": "1", "kill_cnt": "18", "pick_heros": "509|132|507|134|118", "team_id": "25", "team_name": "QGhappy" },
    { "ban_heros": "502|162|128|144", "camp": "2", "game_label": "118603", "game_time": "2018-12-28 17:21:44", "is_win": "0", "kill_cnt": "5", "pick_heros": "510|123|131|115|153", "team_id": "31", "team_name": "YTG" },
    { "ban_heros": "162|509|148|118", "camp": "2", "game_label": "118604", "game_time": "2018-12-28 18:05:27", "is_win": "0", "kill_cnt": "6", "pick_heros": "502|186|141|126|149", "team_id": "28", "team_name": "JC" },
    { "ban_heros": "152|113|123|510", "camp": "1", "game_label": "118604", "game_time": "2018-12-28 18:05:27", "is_win": "1", "kill_cnt": "19", "pick_heros": "140|134|131|513|187", "team_id": "44", "team_name": "Ts" },
    { "ban_heros": "502|509|118|120", "camp": "2", "game_label": "118605", "game_time": "2018-12-28 18:40:43", "is_win": "1", "kill_cnt": "12", "pick_heros": "510|186|176|193|196", "team_id": "31", "team_name": "YTG" },
    { "ban_heros": "111|141|199|167", "camp": "1", "game_label": "118605", "game_time": "2018-12-28 18:40:43", "is_win": "0", "kill_cnt": "3", "pick_heros": "162|507|123|189|125", "team_id": "52", "team_name": "WE" },
    { "ban_heros": "113|509|140|510", "camp": "1", "game_label": "118606", "game_time": "2018-12-28 19:24:51", "is_win": "1", "kill_cnt": "11", "pick_heros": "162|120|182|183|154", "team_id": "25", "team_name": "QGhappy" },
    { "ban_heros": "502|507|187|186", "camp": "2", "game_label": "118606", "game_time": "2018-12-28 19:24:51", "is_win": "0", "kill_cnt": "21", "pick_heros": "189|167|118|134|126", "team_id": "26", "team_name": "EDG.M" },
    { "ban_heros": "502|162|189|118", "camp": "2", "game_label": "118607", "game_time": "2018-12-28 20:16:27", "is_win": "1", "kill_cnt": "14", "pick_heros": "152|186|111|126|123", "team_id": "28", "team_name": "JC" },
    { "ban_heros": "125|113|120|144", "camp": "1", "game_label": "118607", "game_time": "2018-12-28 20:16:27", "is_win": "0", "kill_cnt": "12", "pick_heros": "509|131|510|182|168", "team_id": "38", "team_name": "RNG.M" },
    { "ban_heros": "502|509|140|182", "camp": "2", "game_label": "118608", "game_time": "2018-12-28 21:21:46", "is_win": "1", "kill_cnt": "38", "pick_heros": "135|510|111|168|191", "team_id": "13", "team_name": "eStar" },
    { "ban_heros": "125|144|118|186", "camp": "1", "game_label": "118608", "game_time": "2018-12-28 21:21:46", "is_win": "0", "kill_cnt": "14", "pick_heros": "162|129|187|183|148", "team_id": "44", "team_name": "Ts" },
    { "ban_heros": "502|111|125|141", "camp": "2", "game_label": "118609", "game_time": "2018-12-28 22:33:15", "is_win": "1", "kill_cnt": "13", "pick_heros": "113|140|176|199|194", "team_id": "26", "team_name": "EDG.M" },
    { "ban_heros": "118|162|187|167", "camp": "1", "game_label": "118609", "game_time": "2018-12-28 22:33:15", "is_win": "0", "kill_cnt": "8", "pick_heros": "509|186|507|152|132", "team_id": "31", "team_name": "YTG" },
    { "ban_heros": "113|111|123|154", "camp": "1", "game_label": "118610", "game_time": "2018-12-28 23:18:35", "is_win": "1", "kill_cnt": "17", "pick_heros": "509|132|118|198|120", "team_id": "25", "team_name": "QGhappy" },
    { "ban_heros": "502|162|134|140", "camp": "2", "game_label": "118610", "game_time": "2018-12-28 23:18:35", "is_win": "0", "kill_cnt": "10", "pick_heros": "182|187|199|510|126", "team_id": "38", "team_name": "RNG.M" },
    { "ban_heros": "509|140|199|162", "camp": "2", "game_label": "118611", "game_time": "2018-12-29 15:13:49", "is_win": "0", "kill_cnt": "10", "pick_heros": "502|154|125|126|187", "team_id": "13", "team_name": "eStar" },
    { "ban_heros": "113|144|148|118", "camp": "1", "game_label": "118611", "game_time": "2018-12-29 15:13:49", "is_win": "1", "kill_cnt": "26", "pick_heros": "510|189|152|507|132", "team_id": "28", "team_name": "JC" },
    { "ban_heros": "509|502|191|183", "camp": "2", "game_label": "118612", "game_time": "2018-12-29 15:59:42", "is_win": "1", "kill_cnt": "10", "pick_heros": "162|118|120|156|144", "team_id": "25", "team_name": "QGhappy" },
    { "ban_heros": "113|186|154|123", "camp": "1", "game_label": "118612", "game_time": "2018-12-29 15:59:42", "is_win": "0", "kill_cnt": "5", "pick_heros": "140|131|139|136|194", "team_id": "44", "team_name": "Ts" },
    { "ban_heros": "125|507|126|113", "camp": "2", "game_label": "118613", "game_time": "2018-12-29 16:40:39", "is_win": "1", "kill_cnt": "12", "pick_heros": "509|140|167|156|129", "team_id": "26", "team_name": "EDG.M" },
    { "ban_heros": "162|189|182|118", "camp": "1", "game_label": "118613", "game_time": "2018-12-29 16:40:39", "is_win": "0", "kill_cnt": "8", "pick_heros": "502|510|152|168|123", "team_id": "52", "team_name": "WE" },
    { "ban_heros": "120|507|140|134", "camp": "1", "game_label": "118614", "game_time": "2018-12-29 17:38:26", "is_win": "0", "kill_cnt": "2", "pick_heros": "509|111|186|128|176", "team_id": "31", "team_name": "YTG" },
    { "ban_heros": "502|510|153|183", "camp": "2", "game_label": "118614", "game_time": "2018-12-29 17:38:26", "is_win": "1", "kill_cnt": "19", "pick_heros": "162|189|152|194|129", "team_id": "38", "team_name": "RNG.M" },
    { "ban_heros": "502|113|183|189", "camp": "2", "game_label": "118615", "game_time": "2018-12-29 18:15:11", "is_win": "0", "kill_cnt": "1", "pick_heros": "509|186|162|129|108", "team_id": "13", "team_name": "eStar" },
    { "ban_heros": "144|125|510|191", "camp": "1", "game_label": "118615", "game_time": "2018-12-29 18:15:11", "is_win": "1", "kill_cnt": "16", "pick_heros": "111|140|152|168|126", "team_id": "52", "team_name": "WE" },
    { "ban_heros": "152|510|125|507", "camp": "2", "game_label": "118616", "game_time": "2018-12-29 18:52:55", "is_win": "1", "kill_cnt": "12", "pick_heros": "502|140|156|126|154", "team_id": "26", "team_name": "EDG.M" },
    { "ban_heros": "113|189|187|168", "camp": "1", "game_label": "118616", "game_time": "2018-12-29 18:52:55", "is_win": "0", "kill_cnt": "12", "pick_heros": "509|111|186|123|118", "team_id": "28", "team_name": "JC" },
    { "ban_heros": "502|509|126|113", "camp": "2", "game_label": "118619", "game_time": "2018-12-29 19:58:57", "is_win": "1", "kill_cnt": "21", "pick_heros": "134|118|199|120|513", "team_id": "44", "team_name": "Ts" },
    { "ban_heros": "111|162|189|153", "camp": "1", "game_label": "118618", "game_time": "2018-12-29 21:07:41", "is_win": "0", "kill_cnt": "27", "pick_heros": "509|154|191|132|120", "team_id": "13", "team_name": "eStar" },
    { "ban_heros": "502|144|196|139", "camp": "2", "game_label": "118618", "game_time": "2018-12-29 21:07:41", "is_win": "1", "kill_cnt": "26", "pick_heros": "510|152|140|199|183", "team_id": "31", "team_name": "YTG" },
    { "ban_heros": "140|162|513|194", "camp": "1", "game_label": "118619", "game_time": "2018-12-29 22:06:04", "is_win": "1", "kill_cnt": "11", "pick_heros": "113|111|118|507|120", "team_id": "38", "team_name": "RNG.M" },
    { "ban_heros": "509|502|186|123", "camp": "2", "game_label": "118619", "game_time": "2018-12-29 22:06:04", "is_win": "0", "kill_cnt": "1", "pick_heros": "139|191|131|154|152", "team_id": "44", "team_name": "Ts" },
    { "ban_heros": "111|509|141|156", "camp": "2", "game_label": "118620", "game_time": "2018-12-29 22:44:20", "is_win": "1", "kill_cnt": "18", "pick_heros": "113|162|144|139|108", "team_id": "25", "team_name": "QGhappy" },
    { "ban_heros": "502|118|148|507", "camp": "1", "game_label": "118620", "game_time": "2018-12-29 22:44:20", "is_win": "0", "kill_cnt": "19", "pick_heros": "510|132|140|189|182", "team_id": "28", "team_name": "JC" },
    { "ban_heros": "162|131|191|140", "camp": "1", "game_label": "118621", "game_time": "2018-12-30 15:16:22", "is_win": "1", "kill_cnt": "13", "pick_heros": "502|507|123|187|106", "team_id": "31", "team_name": "YTG" },
    { "ban_heros": "111|510|183|118", "camp": "2", "game_label": "118621", "game_time": "2018-12-30 15:16:22", "is_win": "0", "kill_cnt": "10", "pick_heros": "509|152|199|129|148", "team_id": "44", "team_name": "Ts" },
    { "ban_heros": "111|113|187|118", "camp": "2", "game_label": "118622", "game_time": "2018-12-30 16:06:31", "is_win": "1", "kill_cnt": "17", "pick_heros": "152|509|162|123|198", "team_id": "26", "team_name": "EDG.M" },
    { "ban_heros": "189|140|507|129", "camp": "1", "game_label": "118622", "game_time": "2018-12-30 16:06:31", "is_win": "0", "kill_cnt": "7", "pick_heros": "502|120|510|106|186", "team_id": "38", "team_name": "RNG.M" },
    { "ban_heros": "113|118|125|140", "camp": "1", "game_label": "118623", "game_time": "2018-12-30 16:47:22", "is_win": "1", "kill_cnt": "13", "pick_heros": "152|162|510|123|168", "team_id": "13", "team_name": "eStar" },
    { "ban_heros": "191|509|189|148", "camp": "2", "game_label": "118623", "game_time": "2018-12-30 16:47:22", "is_win": "0", "kill_cnt": "9", "pick_heros": "502|186|126|507|182", "team_id": "25", "team_name": "QGhappy" },
    { "ban_heros": "507|113|105|154", "camp": "2", "game_label": "118624", "game_time": "2018-12-30 17:45:42", "is_win": "0", "kill_cnt": "4", "pick_heros": "509|140|125|167|129", "team_id": "28", "team_name": "JC" },
    { "ban_heros": "132|111|199|162", "camp": "1", "game_label": "118624", "game_time": "2018-12-30 17:45:42", "is_win": "1", "kill_cnt": "17", "pick_heros": "502|118|123|144|510", "team_id": "52", "team_name": "WE" },
    { "ban_heros": "502|162|152|125", "camp": "2", "game_label": "118625", "game_time": "2018-12-30 18:29:33", "is_win": "1", "kill_cnt": "14", "pick_heros": "510|186|176|199|135", "team_id": "26", "team_name": "EDG.M" },
    { "ban_heros": "189|509|196|198", "camp": "1", "game_label": "118625", "game_time": "2018-12-30 18:29:33", "is_win": "0", "kill_cnt": "8", "pick_heros": "140|111|507|154|171", "team_id": "44", "team_name": "Ts" },
    { "ban_heros": "189|152|141|156", "camp": "2", "game_label": "118626", "game_time": "2018-12-30 19:23:56", "is_win": "0", "kill_cnt": "6", "pick_heros": "510|162|191|171|198", "team_id": "13", "team_name": "eStar" },
    { "ban_heros": "113|140|120|123", "camp": "1", "game_label": "118626", "game_time": "2018-12-30 19:23:56", "is_win": "1", "kill_cnt": "14", "pick_heros": "509|502|118|176|154", "team_id": "38", "team_name": "RNG.M" },
    { "ban_heros": "509|140|182|176", "camp": "2", "game_label": "118627", "game_time": "2018-12-30 20:26:34", "is_win": "1", "kill_cnt": "7", "pick_heros": "186|113|111|144|108", "team_id": "25", "team_name": "QGhappy" },
    { "ban_heros": "162|132|154|134", "camp": "1", "game_label": "118627", "game_time": "2018-12-30 20:26:34", "is_win": "0", "kill_cnt": "1", "pick_heros": "502|118|507|141|123", "team_id": "52", "team_name": "WE" },
    { "ban_heros": "113|510|139|123", "camp": "1", "game_label": "118628", "game_time": "2018-12-30 21:10:32", "is_win": "1", "kill_cnt": "15", "pick_heros": "140|120|111|189|106", "team_id": "28", "team_name": "JC" },
    { "ban_heros": "509|502|141|118", "camp": "2", "game_label": "118628", "game_time": "2018-12-30 21:10:32", "is_win": "0", "kill_cnt": "8", "pick_heros": "186|152|507|199|198", "team_id": "31", "team_name": "YTG" },
    { "ban_heros": "509|140|187|118", "camp": "2", "game_label": "118629", "game_time": "2018-12-31 18:48:56", "is_win": "1", "kill_cnt": "14", "pick_heros": "186|111|113|108|198", "team_id": "25", "team_name": "QGhappy" },
    { "ban_heros": "162|502|152|144", "camp": "1", "game_label": "118629", "game_time": "2018-12-31 18:48:56", "is_win": "0", "kill_cnt": "3", "pick_heros": "132|182|510|171|507", "team_id": "28", "team_name": "JC" },
    { "ban_heros": "111|509|156|125", "camp": "1", "game_label": "118629", "game_time": "2018-12-31 19:30:50", "is_win": "1", "kill_cnt": "15", "pick_heros": "118|132|140|176|135", "team_id": "25", "team_name": "QGhappy" },
    { "ban_heros": "502|162|144|507", "camp": "2", "game_label": "118629", "game_time": "2018-12-31 19:30:50", "is_win": "0", "kill_cnt": "6", "pick_heros": "120|199|189|139|504", "team_id": "28", "team_name": "JC" },
    { "ban_heros": "111|140|183|118", "camp": "2", "game_label": "118629", "game_time": "2018-12-31 20:12:53", "is_win": "0", "kill_cnt": "8", "pick_heros": "167|510|123|194|148", "team_id": "25", "team_name": "QGhappy" },
    { "ban_heros": "189|502|507|168", "camp": "1", "game_label": "118629", "game_time": "2018-12-31 20:12:53", "is_win": "1", "kill_cnt": "12", "pick_heros": "162|126|134|152|113", "team_id": "28", "team_name": "JC" },
    { "ban_heros": "111|502|125|150", "camp": "1", "game_label": "118629", "game_time": "2018-12-31 21:03:39", "is_win": "1", "kill_cnt": "18", "pick_heros": "509|154|199|120|156", "team_id": "25", "team_name": "QGhappy" },
    { "ban_heros": "162|189|152|144", "camp": "2", "game_label": "118629", "game_time": "2018-12-31 21:03:39", "is_win": "0", "kill_cnt": "7", "pick_heros": "194|123|187|106|167", "team_id": "28", "team_name": "JC" },
    { "ban_heros": "111|502|118|150", "camp": "2", "game_label": "118629", "game_time": "2018-12-31 21:34:36", "is_win": "0", "kill_cnt": "15", "pick_heros": "144|182|187|173|117", "team_id": "25", "team_name": "QGhappy" },
    { "ban_heros": "162|152|196|174", "camp": "1", "game_label": "118629", "game_time": "2018-12-31 21:34:36", "is_win": "1", "kill_cnt": "27", "pick_heros": "140|156|509|163|141", "team_id": "28", "team_name": "JC" },
    { "ban_heros": "111|150|118|508", "camp": "1", "game_label": "118629", "game_time": "2018-12-31 22:08:55", "is_win": "0", "kill_cnt": "7", "pick_heros": "196|141|139|183|126", "team_id": "25", "team_name": "QGhappy" },
    { "ban_heros": "162|502|191|189", "camp": "2", "game_label": "118629", "game_time": "2018-12-31 22:08:55", "is_win": "1", "kill_cnt": "23", "pick_heros": "144|148|195|154|157", "team_id": "28", "team_name": "JC" },
    { "ban_heros": "0", "camp": "2", "game_label": "118629", "game_time": "2018-12-31 23:16:40", "is_win": "1", "kill_cnt": "25", "pick_heros": "", "team_id": "25", "team_name": "QGhappy" },
    { "ban_heros": "0", "camp": "1", "game_label": "118629", "game_time": "2018-12-31 23:16:40", "is_win": "0", "kill_cnt": "11", "pick_heros": "", "team_id": "28", "team_name": "JC" },
    { "ban_heros": "509|502|154|113", "camp": "2", "game_label": "118630", "game_time": "2019-01-01 18:49:46", "is_win": "0", "kill_cnt": "3", "pick_heros": "140|186|108|126|132", "team_id": "26", "team_name": "EDG.M" },
    { "ban_heros": "189|510|111|120", "camp": "1", "game_label": "118630", "game_time": "2019-01-01 18:49:46", "is_win": "1", "kill_cnt": "9", "pick_heros": "152|162|194|171|121", "team_id": "38", "team_name": "RNG.M" },
    { "ban_heros": "113|120|167|132", "camp": "1", "game_label": "118630", "game_time": "2019-01-01 19:19:28", "is_win": "1", "kill_cnt": "13", "pick_heros": "502|176|194|128|171", "team_id": "26", "team_name": "EDG.M" },
    { "ban_heros": "152|509|123|105", "camp": "2", "game_label": "118630", "game_time": "2019-01-01 19:19:28", "is_win": "0", "kill_cnt": "7", "pick_heros": "189|510|125|144|174", "team_id": "38", "team_name": "RNG.M" },
    { "ban_heros": "509|186|126|156", "camp": "2", "game_label": "118630", "game_time": "2019-01-01 19:53:22", "is_win": "1", "kill_cnt": "13", "pick_heros": "118|162|123|187|121", "team_id": "26", "team_name": "EDG.M" },
    { "ban_heros": "152|189|144|198", "camp": "1", "game_label": "118630", "game_time": "2019-01-01 19:53:22", "is_win": "0", "kill_cnt": "8", "pick_heros": "113|140|502|128|176", "team_id": "38", "team_name": "RNG.M" },
    { "ban_heros": "186|187|123|154", "camp": "1", "game_label": "118630", "game_time": "2019-01-01 20:33:38", "is_win": "1", "kill_cnt": "10", "pick_heros": "507|120|156|168|195", "team_id": "26", "team_name": "EDG.M" },
    { "ban_heros": "152|509|167|189", "camp": "2", "game_label": "118630", "game_time": "2019-01-01 20:33:38", "is_win": "0", "kill_cnt": "4", "pick_heros": "126|118|111|198|184", "team_id": "38", "team_name": "RNG.M" },
    { "ban_heros": "509|141|120|134", "camp": "2", "game_label": "118630", "game_time": "2019-01-01 21:12:53", "is_win": "1", "kill_cnt": "20", "pick_heros": "510|199|148|154|113", "team_id": "26", "team_name": "EDG.M" },
    { "ban_heros": "152|189|198|125", "camp": "1", "game_label": "118630", "game_time": "2019-01-01 21:12:53", "is_win": "0", "kill_cnt": "15", "pick_heros": "507|186|132|135|156", "team_id": "38", "team_name": "RNG.M" },
    { "ban_heros": "502|509|125|106", "camp": "2", "game_label": "118631", "game_time": "2019-01-02 18:46:05", "is_win": "1", "kill_cnt": "13", "pick_heros": "126|162|187|152|123", "team_id": "57", "team_name": "EMC" },
    { "ban_heros": "113|507|182|156", "camp": "1", "game_label": "118631", "game_time": "2019-01-02 18:46:05", "is_win": "0", "kill_cnt": "3", "pick_heros": "510|168|167|135|108", "team_id": "70", "team_name": "MVP" },
    { "ban_heros": "509|113|125|194", "camp": "1", "game_label": "118631", "game_time": "2019-01-02 19:17:46", "is_win": "1", "kill_cnt": "13", "pick_heros": "507|132|120|168|148", "team_id": "57", "team_name": "EMC" },
    { "ban_heros": "502|140|189|186", "camp": "2", "game_label": "118631", "game_time": "2019-01-02 19:17:46", "is_win": "0", "kill_cnt": "6", "pick_heros": "144|118|162|176|123", "team_id": "70", "team_name": "MVP" },
    { "ban_heros": "502|509|120|106", "camp": "2", "game_label": "118631", "game_time": "2019-01-02 19:48:21", "is_win": "1", "kill_cnt": "11", "pick_heros": "510|194|189|110|196", "team_id": "57", "team_name": "EMC" },
    { "ban_heros": "113|140|174|199", "camp": "1", "game_label": "118631", "game_time": "2019-01-02 19:48:21", "is_win": "0", "kill_cnt": "2", "pick_heros": "507|111|186|126|513", "team_id": "70", "team_name": "MVP" },
    { "ban_heros": "509|113|120|189", "camp": "1", "game_label": "118631", "game_time": "2019-01-02 20:20:11", "is_win": "0", "kill_cnt": "5", "pick_heros": "140|111|186|118|135", "team_id": "57", "team_name": "EMC" },
    { "ban_heros": "502|199|182|156", "camp": "2", "game_label": "118631", "game_time": "2019-01-02 20:20:11", "is_win": "1", "kill_cnt": "13", "pick_heros": "174|134|106|194|129", "team_id": "70", "team_name": "MVP" },
    { "ban_heros": "502|120|132|196", "camp": "2", "game_label": "118631", "game_time": "2019-01-02 20:49:06", "is_win": "1", "kill_cnt": "8", "pick_heros": "171|199|176|193|129", "team_id": "57", "team_name": "EMC" },
    { "ban_heros": "154|509|134|144", "camp": "1", "game_label": "118631", "game_time": "2019-01-02 20:49:06", "is_win": "0", "kill_cnt": "3", "pick_heros": "113|140|182|125|189", "team_id": "70", "team_name": "MVP" },
    { "ban_heros": "162|502|125|148", "camp": "2", "game_label": "118632", "game_time": "2019-01-04 15:27:22", "is_win": "1", "kill_cnt": "16", "pick_heros": "510|113|167|156|123", "team_id": "25", "team_name": "QGhappy" },
    { "ban_heros": "120|111|152|189", "camp": "1", "game_label": "118632", "game_time": "2019-01-04 15:27:22", "is_win": "0", "kill_cnt": "6", "pick_heros": "509|507|132|136|194", "team_id": "26", "team_name": "EDG.M" },
    { "ban_heros": "162|510|141|182", "camp": "2", "game_label": "118633", "game_time": "2019-01-04 16:17:16", "is_win": "0", "kill_cnt": "2", "pick_heros": "120|111|152|144|105", "team_id": "53", "team_name": "KZ" },
    { "ban_heros": "113|509|189|187", "camp": "1", "game_label": "118633", "game_time": "2019-01-04 16:17:16", "is_win": "1", "kill_cnt": "7", "pick_heros": "502|186|507|123|148", "team_id": "57", "team_name": "EMC" },
    { "ban_heros": "189|510|120|148", "camp": "1", "game_label": "118634", "game_time": "2019-01-04 17:02:30", "is_win": "1", "kill_cnt": "10", "pick_heros": "162|126|182|171|128", "team_id": "32", "team_name": "BA黑凤梨" },
    { "ban_heros": "502|509|118|140", "camp": "2", "game_label": "118634", "game_time": "2019-01-04 17:02:30", "is_win": "0", "kill_cnt": "2", "pick_heros": "507|113|132|176|123", "team_id": "69", "team_name": "ROX" },
    { "ban_heros": "162|509|189|120", "camp": "2", "game_label": "118635", "game_time": "2019-01-04 17:49:34", "is_win": "1", "kill_cnt": "16", "pick_heros": "186|507|199|126|136", "team_id": "53", "team_name": "KZ" },
    { "ban_heros": "113|111|152|182", "camp": "1", "game_label": "118635", "game_time": "2019-01-04 17:49:34", "is_win": "0", "kill_cnt": "7", "pick_heros": "502|129|156|194|168", "team_id": "71", "team_name": "CW" },
    { "ban_heros": "507|509|176|118", "camp": "1", "game_label": "118636", "game_time": "2019-01-04 18:44:54", "is_win": "1", "kill_cnt": "20", "pick_heros": "162|189|140|156|134", "team_id": "26", "team_name": "EDG.M" },
    { "ban_heros": "502|113|182|120", "camp": "2", "game_label": "118636", "game_time": "2019-01-04 18:44:54", "is_win": "0", "kill_cnt": "6", "pick_heros": "510|126|132|141|171", "team_id": "69", "team_name": "ROX" },
    { "ban_heros": "194|156|125|152", "camp": "2", "game_label": "118637", "game_time": "2019-01-04 19:32:01", "is_win": "1", "kill_cnt": "21", "pick_heros": "507|182|187|126|173", "team_id": "45", "team_name": "Hero久竞" },
    { "ban_heros": "113|509|162|170", "camp": "1", "game_label": "118637", "game_time": "2019-01-04 19:32:01", "is_win": "0", "kill_cnt": "13", "pick_heros": "502|186|140|149|141", "team_id": "71", "team_name": "CW" },
    { "ban_heros": "162|502|191|113", "camp": "2", "game_label": "118638", "game_time": "2019-01-04 20:22:01", "is_win": "1", "kill_cnt": "12", "pick_heros": "509|118|132|510|156", "team_id": "25", "team_name": "QGhappy" },
    { "ban_heros": "111|120|140|182", "camp": "1", "game_label": "118638", "game_time": "2019-01-04 20:22:01", "is_win": "0", "kill_cnt": "4", "pick_heros": "507|195|194|171|121", "team_id": "32", "team_name": "BA黑凤梨" },
    { "ban_heros": "113|162|111|140", "camp": "1", "game_label": "118637", "game_time": "2019-01-04 21:11:05", "is_win": "1", "kill_cnt": "18", "pick_heros": "509|196|189|312|154", "team_id": "45", "team_name": "Hero久竞" },
    { "ban_heros": "502|507|510|123", "camp": "2", "game_label": "118640", "game_time": "2019-01-05 15:14:51", "is_win": "0", "kill_cnt": "9", "pick_heros": "140|509|132|187|141", "team_id": "57", "team_name": "EMC" },
    { "ban_heros": "113|152|118|189", "camp": "1", "game_label": "118640", "game_time": "2019-01-05 15:14:51", "is_win": "1", "kill_cnt": "18", "pick_heros": "162|126|186|182|128", "team_id": "71", "team_name": "CW" },
    { "ban_heros": "140|111|118|189", "camp": "1", "game_label": "118641", "game_time": "2019-01-05 16:00:50", "is_win": "1", "kill_cnt": "11", "pick_heros": "162|312|123|139|191", "team_id": "45", "team_name": "Hero久竞" },
    { "ban_heros": "502|113|128|510", "camp": "2", "game_label": "118641", "game_time": "2019-01-05 16:00:50", "is_win": "0", "kill_cnt": "5", "pick_heros": "507|509|199|186|152", "team_id": "53", "team_name": "KZ" },
    { "ban_heros": "509|120|118|123", "camp": "1", "game_label": "118642", "game_time": "2019-01-05 16:49:19", "is_win": "1", "kill_cnt": "21", "pick_heros": "162|140|152|128|171", "team_id": "26", "team_name": "EDG.M" },
    { "ban_heros": "502|189|105|510", "camp": "2", "game_label": "118642", "game_time": "2019-01-05 16:49:19", "is_win": "0", "kill_cnt": "10", "pick_heros": "194|132|125|193|153", "team_id": "32", "team_name": "BA黑凤梨" },
    { "ban_heros": "113|120|123|152", "camp": "1", "game_label": "118643", "game_time": "2019-01-05 17:38:59", "is_win": "1", "kill_cnt": "13", "pick_heros": "162|509|144|125|128", "team_id": "25", "team_name": "QGhappy" },
    { "ban_heros": "502|507|156|141", "camp": "2", "game_label": "118643", "game_time": "2019-01-05 17:38:59", "is_win": "0", "kill_cnt": "2", "pick_heros": "510|189|167|126|312", "team_id": "69", "team_name": "ROX" },
    { "ban_heros": "111|199|126|140", "camp": "2", "game_label": "118644", "game_time": "2019-01-05 18:30:48", "is_win": "1", "kill_cnt": "9", "pick_heros": "507|510|162|168|312", "team_id": "45", "team_name": "Hero久竞" },
    { "ban_heros": "113|509|189|187", "camp": "1", "game_label": "118644", "game_time": "2019-01-05 18:30:48", "is_win": "0", "kill_cnt": "2", "pick_heros": "502|186|176|135|144", "team_id": "53", "team_name": "KZ" },
    { "ban_heros": "509|140|120|194", "camp": "1", "game_label": "118645", "game_time": "2019-01-05 19:19:09", "is_win": "0", "kill_cnt": "2", "pick_heros": "507|126|196|108|171", "team_id": "57", "team_name": "EMC" },
    { "ban_heros": "502|152|148|176", "camp": "2", "game_label": "118645", "game_time": "2019-01-05 19:19:09", "is_win": "1", "kill_cnt": "13", "pick_heros": "186|162|128|182|144", "team_id": "71", "team_name": "CW" },
    { "ban_heros": "502|510|118|120", "camp": "2", "game_label": "118646", "game_time": "2019-01-05 20:14:24", "is_win": "1", "kill_cnt": "11", "pick_heros": "152|189|128|126|195", "team_id": "32", "team_name": "BA黑凤梨" },
    { "ban_heros": "113|509|167|144", "camp": "1", "game_label": "118646", "game_time": "2019-01-05 20:14:24", "is_win": "0", "kill_cnt": "5", "pick_heros": "162|507|125|148|123", "team_id": "69", "team_name": "ROX" },
    { "ban_heros": "113|502|189|156", "camp": "1", "game_label": "118647", "game_time": "2019-01-05 21:05:28", "is_win": "1", "kill_cnt": "22", "pick_heros": "510|118|132|154|171", "team_id": "25", "team_name": "QGhappy" },
    { "ban_heros": "509|162|144|123", "camp": "2", "game_label": "118647", "game_time": "2019-01-05 21:05:28", "is_win": "0", "kill_cnt": "15", "pick_heros": "120|140|199|125|186", "team_id": "26", "team_name": "EDG.M" },
    { "ban_heros": "162|507|126|120", "camp": "1", "game_label": "118648", "game_time": "2019-01-06 15:13:48", "is_win": "0", "kill_cnt": "25", "pick_heros": "509|182|199|193|168", "team_id": "53", "team_name": "KZ" },
    { "ban_heros": "502|111|189|118", "camp": "2", "game_label": "118648", "game_time": "2019-01-06 15:13:48", "is_win": "1", "kill_cnt": "28", "pick_heros": "186|152|132|140|149", "team_id": "71", "team_name": "CW" },
    { "ban_heros": "509|507|118|148", "camp": "2", "game_label": "118649", "game_time": "2019-01-06 16:44:37", "is_win": "1", "kill_cnt": "20", "pick_heros": "162|510|152|194|501", "team_id": "26", "team_name": "EDG.M" },
    { "ban_heros": "113|189|123|186", "camp": "1", "game_label": "118649", "game_time": "2019-01-06 16:44:37", "is_win": "0", "kill_cnt": "4", "pick_heros": "502|126|176|154|105", "team_id": "69", "team_name": "ROX" },
    { "ban_heros": "502|509|120|126", "camp": "2", "game_label": "118650", "game_time": "2019-01-06 17:21:14", "is_win": "1", "kill_cnt": "14", "pick_heros": "118|510|196|134|144", "team_id": "45", "team_name": "Hero久竞" },
    { "ban_heros": "113|507|125|176", "camp": "1", "game_label": "118650", "game_time": "2019-01-06 17:21:14", "is_win": "0", "kill_cnt": "10", "pick_heros": "162|152|189|194|140", "team_id": "57", "team_name": "EMC" },
    { "ban_heros": "509|118|140|191", "camp": "1", "game_label": "118651", "game_time": "2019-01-06 17:57:30", "is_win": "1", "kill_cnt": "11", "pick_heros": "113|111|186|108|510", "team_id": "25", "team_name": "QGhappy" },
    { "ban_heros": "162|502|154|120", "camp": "2", "game_label": "118651", "game_time": "2019-01-06 17:57:30", "is_win": "0", "kill_cnt": "4", "pick_heros": "132|135|182|168|507", "team_id": "32", "team_name": "BA黑凤梨" },
    { "ban_heros": "156|189|125|152", "camp": "1", "game_label": "118652", "game_time": "2019-01-06 18:57:38", "is_win": "1", "kill_cnt": "15", "pick_heros": "162|148|144|123|193", "team_id": "45", "team_name": "Hero久竞" },
    { "ban_heros": "502|113|510|120", "camp": "2", "game_label": "118652", "game_time": "2019-01-06 18:57:38", "is_win": "0", "kill_cnt": "8", "pick_heros": "509|186|132|128|141", "team_id": "71", "team_name": "CW" },
    { "ban_heros": "507|152|154|140", "camp": "1", "game_label": "118653", "game_time": "2019-01-06 19:36:16", "is_win": "1", "kill_cnt": "26", "pick_heros": "162|123|510|148|168", "team_id": "53", "team_name": "KZ" },
    { "ban_heros": "502|113|187|189", "camp": "2", "game_label": "118653", "game_time": "2019-01-06 19:36:16", "is_win": "0", "kill_cnt": "9", "pick_heros": "509|186|132|193|106", "team_id": "57", "team_name": "EMC" },
    { "ban_heros": "509|120|135|194", "camp": "2", "game_label": "118654", "game_time": "2019-01-06 20:28:36", "is_win": "1", "kill_cnt": "12", "pick_heros": "510|152|167|126|121", "team_id": "26", "team_name": "EDG.M" },
    { "ban_heros": "162|189|140|171", "camp": "1", "game_label": "118654", "game_time": "2019-01-06 20:28:36", "is_win": "0", "kill_cnt": "3", "pick_heros": "502|118|125|123|105", "team_id": "32", "team_name": "BA黑凤梨" },
    { "ban_heros": "113|509|125|510", "camp": "1", "game_label": "118656", "game_time": "2019-01-12 15:45:14", "is_win": "1", "kill_cnt": "11", "pick_heros": "118|120|132|123|152", "team_id": "25", "team_name": "QGhappy" },
    { "ban_heros": "502|162|176|141", "camp": "2", "game_label": "118656", "game_time": "2019-01-12 15:45:14", "is_win": "0", "kill_cnt": "1", "pick_heros": "126|199|171|139|191", "team_id": "71", "team_name": "CW" },
    { "ban_heros": "162|502|125|152", "camp": "2", "game_label": "118656", "game_time": "2019-01-12 16:14:22", "is_win": "1", "kill_cnt": "15", "pick_heros": "167|510|189|193|148", "team_id": "25", "team_name": "QGhappy" },
    { "ban_heros": "113|186|156|106", "camp": "1", "game_label": "118656", "game_time": "2019-01-12 16:14:22", "is_win": "0", "kill_cnt": "8", "pick_heros": "509|132|118|128|141", "team_id": "71", "team_name": "CW" },
    { "ban_heros": "113|167|149|510", "camp": "1", "game_label": "118656", "game_time": "2019-01-12 16:59:49", "is_win": "1", "kill_cnt": "7", "pick_heros": "507|509|199|108|144", "team_id": "25", "team_name": "QGhappy" },
    { "ban_heros": "502|162|139|198", "camp": "2", "game_label": "118656", "game_time": "2019-01-12 16:59:49", "is_win": "0", "kill_cnt": "3", "pick_heros": "186|140|152|120|111", "team_id": "71", "team_name": "CW" },
    { "ban_heros": "162|502|189|167", "camp": "2", "game_label": "118656", "game_time": "2019-01-12 17:33:12", "is_win": "1", "kill_cnt": "13", "pick_heros": "113|139|191|173|110", "team_id": "25", "team_name": "QGhappy" },
    { "ban_heros": "111|154|125|196", "camp": "1", "game_label": "118656", "game_time": "2019-01-12 17:33:12", "is_win": "0", "kill_cnt": "1", "pick_heros": "510|182|123|174|168", "team_id": "71", "team_name": "CW" },
    { "ban_heros": "196|118|507|123", "camp": "1", "game_label": "118657", "game_time": "2019-01-12 18:31:01", "is_win": "0", "kill_cnt": "19", "pick_heros": "126|167|113|154|148", "team_id": "26", "team_name": "EDG.M" },
    { "ban_heros": "502|162|176|125", "camp": "2", "game_label": "118657", "game_time": "2019-01-12 18:31:01", "is_win": "1", "kill_cnt": "24", "pick_heros": "510|189|182|174|129", "team_id": "45", "team_name": "Hero久竞" },
    { "ban_heros": "118|152|509|148", "camp": "2", "game_label": "118657", "game_time": "2019-01-12 19:22:20", "is_win": "0", "kill_cnt": "15", "pick_heros": "123|502|176|105|128", "team_id": "26", "team_name": "EDG.M" },
    { "ban_heros": "189|140|186|171", "camp": "1", "game_label": "118657", "game_time": "2019-01-12 19:22:20", "is_win": "1", "kill_cnt": "21", "pick_heros": "162|187|507|126|157", "team_id": "45", "team_name": "Hero久竞" },
    { "ban_heros": "118|196|509|134", "camp": "1", "game_label": "118657", "game_time": "2019-01-12 19:54:48", "is_win": "0", "kill_cnt": "4", "pick_heros": "152|186|111|120|510", "team_id": "26", "team_name": "EDG.M" },
    { "ban_heros": "162|189|140|507", "camp": "2", "game_label": "118657", "game_time": "2019-01-12 19:54:48", "is_win": "1", "kill_cnt": "10", "pick_heros": "135|502|312|198|168", "team_id": "45", "team_name": "Hero久竞" },
    { "ban_heros": "118|509|134|154", "camp": "2", "game_label": "118657", "game_time": "2019-01-12 20:37:50", "is_win": "1", "kill_cnt": "14", "pick_heros": "140|199|184|194|106", "team_id": "26", "team_name": "EDG.M" },
    { "ban_heros": "162|189|141|129", "camp": "1", "game_label": "118657", "game_time": "2019-01-12 20:37:50", "is_win": "0", "kill_cnt": "1", "pick_heros": "196|113|176|128|186", "team_id": "45", "team_name": "Hero久竞" },
    { "ban_heros": "152|118|184|171", "camp": "1", "game_label": "118657", "game_time": "2019-01-12 21:15:22", "is_win": "1", "kill_cnt": "12", "pick_heros": "509|196|141|135|193", "team_id": "26", "team_name": "EDG.M" },
    { "ban_heros": "162|189|198|507", "camp": "2", "game_label": "118657", "game_time": "2019-01-12 21:15:22", "is_win": "0", "kill_cnt": "2", "pick_heros": "123|132|106|139|191", "team_id": "45", "team_name": "Hero久竞" },
    { "ban_heros": "152|509|125|154", "camp": "2", "game_label": "118657", "game_time": "2019-01-12 21:43:10", "is_win": "0", "kill_cnt": "16", "pick_heros": "129|156|132|168|149", "team_id": "26", "team_name": "EDG.M" },
    { "ban_heros": "162|189|507|187", "camp": "1", "game_label": "118657", "game_time": "2019-01-12 21:43:10", "is_win": "1", "kill_cnt": "13", "pick_heros": "118|194|199|134|108", "team_id": "45", "team_name": "Hero久竞" },
    { "ban_heros": "509|507|129|176", "camp": "1", "game_label": "118658", "game_time": "2019-01-13 18:15:17", "is_win": "0", "kill_cnt": "10", "pick_heros": "118|132|123|125|140", "team_id": "25", "team_name": "QGhappy" },
    { "ban_heros": "162|120|154|510", "camp": "2", "game_label": "118658", "game_time": "2019-01-13 18:15:17", "is_win": "1", "kill_cnt": "10", "pick_heros": "126|502|189|134|141", "team_id": "45", "team_name": "Hero久竞" },
    { "ban_heros": "162|118|187|123", "camp": "2", "game_label": "118658", "game_time": "2019-01-13 18:59:44", "is_win": "0", "kill_cnt": "1", "pick_heros": "509|152|131|193|171", "team_id": "25", "team_name": "QGhappy" },
    { "ban_heros": "502|510|154|144", "camp": "1", "game_label": "118658", "game_time": "2019-01-13 18:59:44", "is_win": "1", "kill_cnt": "7", "pick_heros": "140|113|312|196|186", "team_id": "45", "team_name": "Hero久竞" },
    { "ban_heros": "509|507|132|129", "camp": "1", "game_label": "118658", "game_time": "2019-01-13 19:31:43", "is_win": "1", "kill_cnt": "15", "pick_heros": "154|113|199|156|198", "team_id": "25", "team_name": "QGhappy" },
    { "ban_heros": "502|162|144|120", "camp": "2", "game_label": "118658", "game_time": "2019-01-13 19:31:43", "is_win": "0", "kill_cnt": "8", "pick_heros": "510|187|152|128|173", "team_id": "45", "team_name": "Hero久竞" },
    { "ban_heros": "162|118|509|125", "camp": "2", "game_label": "118658", "game_time": "2019-01-13 20:19:55", "is_win": "1", "kill_cnt": "22", "pick_heros": "189|510|110|167|120", "team_id": "25", "team_name": "QGhappy" },
    { "ban_heros": "502|111|196|173", "camp": "1", "game_label": "118658", "game_time": "2019-01-13 20:19:55", "is_win": "0", "kill_cnt": "14", "pick_heros": "507|168|174|194|108", "team_id": "45", "team_name": "Hero久竞" },
    { "ban_heros": "509|129|157|132", "camp": "1", "game_label": "118658", "game_time": "2019-01-13 21:08:26", "is_win": "0", "kill_cnt": "20", "pick_heros": "144|148|507|153|150", "team_id": "25", "team_name": "QGhappy" },
    { "ban_heros": "502|162|111|195", "camp": "2", "game_label": "118658", "game_time": "2019-01-13 21:08:26", "is_win": "1", "kill_cnt": "31", "pick_heros": "118|123|198|199|125", "team_id": "45", "team_name": "Hero久竞" },
    { "ban_heros": "162|509|154|193", "camp": "2", "game_label": "118658", "game_time": "2019-01-13 22:23:15", "is_win": "0", "kill_cnt": "4", "pick_heros": "139|191|173|129|179", "team_id": "25", "team_name": "QGhappy" },
    { "ban_heros": "502|111|141|126", "camp": "1", "game_label": "118658", "game_time": "2019-01-13 22:23:15", "is_win": "1", "kill_cnt": "10", "pick_heros": "135|182|132|121|171", "team_id": "45", "team_name": "Hero久竞" }
]