[
    { "hero1_id": "133", "hero1_name": "狄仁杰", "hero2_id": "163", "hero2_name": "橘右京", "played": "4", "win_rate": "0.5000" },
    { "hero1_id": "502", "hero1_name": "裴擒虎", "hero2_id": "511", "hero2_name": "猪八戒", "played": "4", "win_rate": "0.5000" },
    { "hero1_id": "121", "hero1_name": "芈月", "hero2_id": "506", "hero2_name": "云中君", "played": "3", "win_rate": "0.3333" },
    { "hero1_id": "152", "hero1_name": "王昭君", "hero2_id": "194", "hero2_name": "苏烈", "played": "3", "win_rate": "1.0000" },
    { "hero1_id": "132", "hero1_name": "马可波罗", "hero2_id": "510", "hero2_name": "孙策", "played": "3", "win_rate": "0.0000" },
    { "hero1_id": "118", "hero1_name": "孙膑", "hero2_id": "502", "hero2_name": "裴擒虎", "played": "3", "win_rate": "0.3333" },
    { "hero1_id": "133", "hero1_name": "狄仁杰", "hero2_id": "186", "hero2_name": "太乙真人", "played": "3", "win_rate": "0.6667" },
    { "hero1_id": "162", "hero1_name": "娜可露露", "hero2_id": "194", "hero2_name": "苏烈", "played": "3", "win_rate": "0.6667" },
    { "hero1_id": "139", "hero1_name": "老夫子", "hero2_id": "199", "hero2_name": "公孙离", "played": "3", "win_rate": "0.6667" },
    { "hero1_id": "194", "hero1_name": "苏烈", "hero2_id": "507", "hero2_name": "李信", "played": "2", "win_rate": "0.5000" },
    { "hero1_id": "171", "hero1_name": "张飞", "hero2_id": "507", "hero2_name": "李信", "played": "2", "win_rate": "0.0000" },
    { "hero1_id": "123", "hero1_name": "吕布", "hero2_id": "187", "hero2_name": "东皇太一", "played": "2", "win_rate": "0.0000" },
    { "hero1_id": "502", "hero1_name": "裴擒虎", "hero2_id": "515", "hero2_name": "嫦娥", "played": "2", "win_rate": "0.5000" },
    { "hero1_id": "123", "hero1_name": "吕布", "hero2_id": "510", "hero2_name": "孙策", "played": "2", "win_rate": "0.0000" },
    { "hero1_id": "133", "hero1_name": "狄仁杰", "hero2_id": "152", "hero2_name": "王昭君", "played": "2", "win_rate": "0.5000" },
    { "hero1_id": "312", "hero1_name": "沈梦溪", "hero2_id": "502", "hero2_name": "裴擒虎", "played": "2", "win_rate": "0.5000" },
    { "hero1_id": "148", "hero1_name": "姜子牙", "hero2_id": "511", "hero2_name": "猪八戒", "played": "2", "win_rate": "0.5000" },
    { "hero1_id": "144", "hero1_name": "程咬金", "hero2_id": "148", "hero2_name": "姜子牙", "played": "2", "win_rate": "1.0000" },
    { "hero1_id": "132", "hero1_name": "马可波罗", "hero2_id": "157", "hero2_name": "不知火舞", "played": "2", "win_rate": "0.0000" },
    { "hero1_id": "157", "hero1_name": "不知火舞", "hero2_id": "186", "hero2_name": "太乙真人", "played": "2", "win_rate": "0.5000" },
    { "hero1_id": "123", "hero1_name": "吕布", "hero2_id": "140", "hero2_name": "关羽", "played": "2", "win_rate": "0.0000" },
    { "hero1_id": "186", "hero1_name": "太乙真人", "hero2_id": "193", "hero2_name": "铠", "played": "2", "win_rate": "1.0000" },
    { "hero1_id": "194", "hero1_name": "苏烈", "hero2_id": "312", "hero2_name": "沈梦溪", "played": "2", "win_rate": "0.5000" },
    { "hero1_id": "123", "hero1_name": "吕布", "hero2_id": "515", "hero2_name": "嫦娥", "played": "2", "win_rate": "0.0000" },
    { "hero1_id": "163", "hero1_name": "橘右京", "hero2_id": "186", "hero2_name": "太乙真人", "played": "2", "win_rate": "0.5000" },
    { "hero1_id": "128", "hero1_name": "曹操", "hero2_id": "153", "hero2_name": "兰陵王", "played": "2", "win_rate": "0.5000" },
    { "hero1_id": "157", "hero1_name": "不知火舞", "hero2_id": "510", "hero2_name": "孙策", "played": "2", "win_rate": "0.5000" },
    { "hero1_id": "186", "hero1_name": "太乙真人", "hero2_id": "510", "hero2_name": "孙策", "played": "2", "win_rate": "0.5000" },
    { "hero1_id": "132", "hero1_name": "马可波罗", "hero2_id": "509", "hero2_name": "盾山", "played": "2", "win_rate": "0.0000" },
    { "hero1_id": "168", "hero1_name": "牛魔", "hero2_id": "193", "hero2_name": "铠", "played": "2", "win_rate": "0.5000" },
    { "hero1_id": "152", "hero1_name": "王昭君", "hero2_id": "163", "hero2_name": "橘右京", "played": "2", "win_rate": "0.5000" },
    { "hero1_id": "139", "hero1_name": "老夫子", "hero2_id": "191", "hero2_name": "大乔", "played": "2", "win_rate": "0.5000" },
    { "hero1_id": "163", "hero1_name": "橘右京", "hero2_id": "194", "hero2_name": "苏烈", "played": "2", "win_rate": "1.0000" },
    { "hero1_id": "118", "hero1_name": "孙膑", "hero2_id": "515", "hero2_name": "嫦娥", "played": "2", "win_rate": "0.5000" },
    { "hero1_id": "139", "hero1_name": "老夫子", "hero2_id": "513", "hero2_name": "上官婉儿", "played": "2", "win_rate": "1.0000" },
    { "hero1_id": "199", "hero1_name": "公孙离", "hero2_id": "510", "hero2_name": "孙策", "played": "2", "win_rate": "0.5000" },
    { "hero1_id": "168", "hero1_name": "牛魔", "hero2_id": "502", "hero2_name": "裴擒虎", "played": "2", "win_rate": "0.5000" },
    { "hero1_id": "118", "hero1_name": "孙膑", "hero2_id": "140", "hero2_name": "关羽", "played": "2", "win_rate": "0.0000" },
    { "hero1_id": "139", "hero1_name": "老夫子", "hero2_id": "506", "hero2_name": "云中君", "played": "2", "win_rate": "0.5000" },
    { "hero1_id": "126", "hero1_name": "夏侯惇", "hero2_id": "510", "hero2_name": "孙策", "played": "2", "win_rate": "0.0000" },
    { "hero1_id": "163", "hero1_name": "橘右京", "hero2_id": "507", "hero2_name": "李信", "played": "2", "win_rate": "0.5000" },
    { "hero1_id": "120", "hero1_name": "白起", "hero2_id": "152", "hero2_name": "王昭君", "played": "2", "win_rate": "0.5000" },
    { "hero1_id": "123", "hero1_name": "吕布", "hero2_id": "162", "hero2_name": "娜可露露", "played": "2", "win_rate": "0.5000" },
    { "hero1_id": "118", "hero1_name": "孙膑", "hero2_id": "123", "hero2_name": "吕布", "played": "2", "win_rate": "0.0000" },
    { "hero1_id": "139", "hero1_name": "老夫子", "hero2_id": "152", "hero2_name": "王昭君", "played": "2", "win_rate": "1.0000" },
    { "hero1_id": "168", "hero1_name": "牛魔", "hero2_id": "511", "hero2_name": "猪八戒", "played": "2", "win_rate": "0.5000" },
    { "hero1_id": "118", "hero1_name": "孙膑", "hero2_id": "154", "hero2_name": "花木兰", "played": "2", "win_rate": "0.0000" },
    { "hero1_id": "312", "hero1_name": "沈梦溪", "hero2_id": "511", "hero2_name": "猪八戒", "played": "2", "win_rate": "0.5000" },
    { "hero1_id": "163", "hero1_name": "橘右京", "hero2_id": "193", "hero2_name": "铠", "played": "2", "win_rate": "1.0000" },
    { "hero1_id": "118", "hero1_name": "孙膑", "hero2_id": "511", "hero2_name": "猪八戒", "played": "2", "win_rate": "0.5000" },
    { "hero1_id": "195", "hero1_name": "百里玄策", "hero2_id": "508", "hero2_name": "伽罗", "played": "2", "win_rate": "0.5000" },
    { "hero1_id": "199", "hero1_name": "公孙离", "hero2_id": "507", "hero2_name": "李信", "played": "2", "win_rate": "0.5000" },
    { "hero1_id": "168", "hero1_name": "牛魔", "hero2_id": "312", "hero2_name": "沈梦溪", "played": "2", "win_rate": "0.5000" },
    { "hero1_id": "139", "hero1_name": "老夫子", "hero2_id": "163", "hero2_name": "橘右京", "played": "2", "win_rate": "1.0000" },
    { "hero1_id": "126", "hero1_name": "夏侯惇", "hero2_id": "132", "hero2_name": "马可波罗", "played": "2", "win_rate": "0.0000" },
    { "hero1_id": "312", "hero1_name": "沈梦溪", "hero2_id": "507", "hero2_name": "李信", "played": "2", "win_rate": "0.0000" },
    { "hero1_id": "144", "hero1_name": "程咬金", "hero2_id": "162", "hero2_name": "娜可露露", "played": "2", "win_rate": "0.5000" },
    { "hero1_id": "128", "hero1_name": "曹操", "hero2_id": "141", "hero2_name": "貂蝉", "played": "2", "win_rate": "1.0000" },
    { "hero1_id": "132", "hero1_name": "马可波罗", "hero2_id": "163", "hero2_name": "橘右京", "played": "2", "win_rate": "1.0000" },
    { "hero1_id": "144", "hero1_name": "程咬金", "hero2_id": "507", "hero2_name": "李信", "played": "2", "win_rate": "0.5000" },
    { "hero1_id": "148", "hero1_name": "姜子牙", "hero2_id": "162", "hero2_name": "娜可露露", "played": "2", "win_rate": "0.5000" }
]