[
    { "avg_assist": "8.00", "avg_ban_seq": "3.9", "avg_bekill": "2.14", "avg_kill": "0.71", "avg_pick_seq": "0.0", "ban_cnt": "0", "gpm": "415", "hero_id": "194", "hero_name": "苏烈", "kda": "6.02", "pick_cnt": "7", "played": "7", "win_rate": "0.8571" },
    { "avg_assist": "3.86", "avg_ban_seq": "4.7", "avg_bekill": "2.14", "avg_kill": "1.86", "avg_pick_seq": "0.0", "ban_cnt": "5", "gpm": "674", "hero_id": "132", "hero_name": "马可波罗", "kda": "3.19", "pick_cnt": "7", "played": "7", "win_rate": "0.2857" },
    { "avg_assist": "5.43", "avg_ban_seq": "6.8", "avg_bekill": "1.14", "avg_kill": "2.86", "avg_pick_seq": "0.0", "ban_cnt": "3", "gpm": "585", "hero_id": "312", "hero_name": "沈梦溪", "kda": "7.33", "pick_cnt": "7", "played": "7", "win_rate": "0.2857" },
    { "avg_assist": "2.57", "avg_ban_seq": "3.9", "avg_bekill": "2.57", "avg_kill": "1.71", "avg_pick_seq": "0.0", "ban_cnt": "2", "gpm": "564", "hero_id": "123", "hero_name": "吕布", "kda": "2.27", "pick_cnt": "7", "played": "7", "win_rate": "0.1429" },
    { "avg_assist": "5.29", "avg_ban_seq": "3.7", "avg_bekill": "2.29", "avg_kill": "1.71", "avg_pick_seq": "0.0", "ban_cnt": "4", "gpm": "662", "hero_id": "139", "hero_name": "老夫子", "kda": "5.25", "pick_cnt": "7", "played": "7", "win_rate": "0.7143" },
    { "avg_assist": "4.00", "avg_ban_seq": "4.9", "avg_bekill": "1.86", "avg_kill": "3.43", "avg_pick_seq": "0.0", "ban_cnt": "3", "gpm": "717", "hero_id": "502", "hero_name": "裴擒虎", "kda": "5.19", "pick_cnt": "7", "played": "7", "win_rate": "0.4286" },
    { "avg_assist": "5.00", "avg_ban_seq": "3.8", "avg_bekill": "2.00", "avg_kill": "3.71", "avg_pick_seq": "0.0", "ban_cnt": "4", "gpm": "672", "hero_id": "163", "hero_name": "橘右京", "kda": "6.48", "pick_cnt": "7", "played": "7", "win_rate": "0.7143" },
    { "avg_assist": "3.00", "avg_ban_seq": "7.1", "avg_bekill": "2.33", "avg_kill": "3.17", "avg_pick_seq": "0.0", "ban_cnt": "2", "gpm": "696", "hero_id": "507", "hero_name": "李信", "kda": "2.53", "pick_cnt": "6", "played": "6", "win_rate": "0.3333" },
    { "avg_assist": "6.17", "avg_ban_seq": "5.9", "avg_bekill": "1.67", "avg_kill": "1.67", "avg_pick_seq": "0.0", "ban_cnt": "3", "gpm": "639", "hero_id": "193", "hero_name": "铠", "kda": "5.14", "pick_cnt": "6", "played": "6", "win_rate": "0.8333" },
    { "avg_assist": "5.00", "avg_ban_seq": "3.9", "avg_bekill": "3.50", "avg_kill": "1.50", "avg_pick_seq": "0.0", "ban_cnt": "2", "gpm": "548", "hero_id": "510", "hero_name": "孙策", "kda": "2.46", "pick_cnt": "6", "played": "6", "win_rate": "0.3333" },
    { "avg_assist": "5.50", "avg_ban_seq": "3.3", "avg_bekill": "1.33", "avg_kill": "1.33", "avg_pick_seq": "0.0", "ban_cnt": "4", "gpm": "477", "hero_id": "118", "hero_name": "孙膑", "kda": "6.00", "pick_cnt": "6", "played": "6", "win_rate": "0.3333" },
    { "avg_assist": "6.67", "avg_ban_seq": "5.6", "avg_bekill": "2.17", "avg_kill": "4.17", "avg_pick_seq": "0.0", "ban_cnt": "1", "gpm": "678", "hero_id": "133", "hero_name": "狄仁杰", "kda": "4.97", "pick_cnt": "6", "played": "6", "win_rate": "0.6667" },
    { "avg_assist": "8.00", "avg_ban_seq": "2.7", "avg_bekill": "2.83", "avg_kill": "0.83", "avg_pick_seq": "0.0", "ban_cnt": "7", "gpm": "511", "hero_id": "511", "hero_name": "猪八戒", "kda": "4.47", "pick_cnt": "6", "played": "6", "win_rate": "0.5000" },
    { "avg_assist": "8.33", "avg_ban_seq": "4.2", "avg_bekill": "3.33", "avg_kill": "0.33", "avg_pick_seq": "0.0", "ban_cnt": "2", "gpm": "433", "hero_id": "186", "hero_name": "太乙真人", "kda": "3.06", "pick_cnt": "6", "played": "6", "win_rate": "0.6667" },
    { "avg_assist": "7.00", "avg_ban_seq": "1.9", "avg_bekill": "2.00", "avg_kill": "1.80", "avg_pick_seq": "0.0", "ban_cnt": "9", "gpm": "557", "hero_id": "148", "hero_name": "姜子牙", "kda": "4.96", "pick_cnt": "5", "played": "5", "win_rate": "0.6000" },
    { "avg_assist": "7.20", "avg_ban_seq": "7.0", "avg_bekill": "0.80", "avg_kill": "2.60", "avg_pick_seq": "0.0", "ban_cnt": "0", "gpm": "670", "hero_id": "152", "hero_name": "王昭君", "kda": "9.80", "pick_cnt": "5", "played": "5", "win_rate": "0.8000" },
    { "avg_assist": "3.00", "avg_ban_seq": "5.1", "avg_bekill": "3.20", "avg_kill": "2.60", "avg_pick_seq": "0.0", "ban_cnt": "8", "gpm": "649", "hero_id": "199", "hero_name": "公孙离", "kda": "3.03", "pick_cnt": "5", "played": "5", "win_rate": "0.6000" },
    { "avg_assist": "5.40", "avg_ban_seq": "7.7", "avg_bekill": "3.20", "avg_kill": "3.20", "avg_pick_seq": "0.0", "ban_cnt": "6", "gpm": "643", "hero_id": "515", "hero_name": "嫦娥", "kda": "5.03", "pick_cnt": "5", "played": "5", "win_rate": "0.4000" },
    { "avg_assist": "3.40", "avg_ban_seq": "5.8", "avg_bekill": "2.00", "avg_kill": "1.20", "avg_pick_seq": "0.0", "ban_cnt": "3", "gpm": "641", "hero_id": "121", "hero_name": "芈月", "kda": "3.40", "pick_cnt": "5", "played": "5", "win_rate": "0.2000" },
    { "avg_assist": "3.20", "avg_ban_seq": "5.9", "avg_bekill": "2.40", "avg_kill": "6.20", "avg_pick_seq": "0.0", "ban_cnt": "3", "gpm": "680", "hero_id": "162", "hero_name": "娜可露露", "kda": "4.48", "pick_cnt": "5", "played": "5", "win_rate": "0.6000" },
    { "avg_assist": "4.50", "avg_ban_seq": "8.5", "avg_bekill": "3.75", "avg_kill": "1.00", "avg_pick_seq": "0.0", "ban_cnt": "0", "gpm": "394", "hero_id": "105", "hero_name": "廉颇", "kda": "2.95", "pick_cnt": "4", "played": "4", "win_rate": "0.5000" },
    { "avg_assist": "7.25", "avg_ban_seq": "6.8", "avg_bekill": "3.00", "avg_kill": "0.25", "avg_pick_seq": "0.0", "ban_cnt": "0", "gpm": "390", "hero_id": "168", "hero_name": "牛魔", "kda": "2.81", "pick_cnt": "4", "played": "4", "win_rate": "0.2500" },
    { "avg_assist": "3.75", "avg_ban_seq": "2.8", "avg_bekill": "4.00", "avg_kill": "3.25", "avg_pick_seq": "0.0", "ban_cnt": "12", "gpm": "583", "hero_id": "506", "hero_name": "云中君", "kda": "1.94", "pick_cnt": "4", "played": "4", "win_rate": "0.2500" },
    { "avg_assist": "4.00", "avg_ban_seq": "5.2", "avg_bekill": "2.00", "avg_kill": "2.25", "avg_pick_seq": "0.0", "ban_cnt": "2", "gpm": "705", "hero_id": "128", "hero_name": "曹操", "kda": "4.38", "pick_cnt": "4", "played": "4", "win_rate": "0.7500" },
    { "avg_assist": "4.25", "avg_ban_seq": "5.4", "avg_bekill": "2.75", "avg_kill": "2.00", "avg_pick_seq": "0.0", "ban_cnt": "3", "gpm": "659", "hero_id": "144", "hero_name": "程咬金", "kda": "2.83", "pick_cnt": "4", "played": "4", "win_rate": "0.7500" },
    { "avg_assist": "5.25", "avg_ban_seq": "5.0", "avg_bekill": "3.00", "avg_kill": "2.75", "avg_pick_seq": "0.0", "ban_cnt": "1", "gpm": "648", "hero_id": "195", "hero_name": "百里玄策", "kda": "2.92", "pick_cnt": "4", "played": "4", "win_rate": "0.5000" },
    { "avg_assist": "7.50", "avg_ban_seq": "6.0", "avg_bekill": "1.50", "avg_kill": "3.25", "avg_pick_seq": "0.0", "ban_cnt": "10", "gpm": "674", "hero_id": "513", "hero_name": "上官婉儿", "kda": "9.25", "pick_cnt": "4", "played": "4", "win_rate": "0.7500" },
    { "avg_assist": "10.75", "avg_ban_seq": "6.1", "avg_bekill": "3.00", "avg_kill": "1.00", "avg_pick_seq": "0.0", "ban_cnt": "3", "gpm": "408", "hero_id": "189", "hero_name": "鬼谷子", "kda": "6.25", "pick_cnt": "4", "played": "4", "win_rate": "0.2500" },
    { "avg_assist": "3.00", "avg_ban_seq": "5.2", "avg_bekill": "1.50", "avg_kill": "2.50", "avg_pick_seq": "0.0", "ban_cnt": "0", "gpm": "646", "hero_id": "140", "hero_name": "关羽", "kda": "4.88", "pick_cnt": "4", "played": "4", "win_rate": "0.2500" },
    { "avg_assist": "2.33", "avg_ban_seq": "6.7", "avg_bekill": "2.00", "avg_kill": "0.67", "avg_pick_seq": "0.0", "ban_cnt": "0", "gpm": "537", "hero_id": "126", "hero_name": "夏侯惇", "kda": "1.50", "pick_cnt": "3", "played": "3", "win_rate": "0.0000" },
    { "avg_assist": "8.33", "avg_ban_seq": "1.4", "avg_bekill": "4.67", "avg_kill": "0.33", "avg_pick_seq": "0.0", "ban_cnt": "12", "gpm": "368", "hero_id": "509", "hero_name": "盾山", "kda": "1.67", "pick_cnt": "3", "played": "3", "win_rate": "0.3333" },
    { "avg_assist": "7.67", "avg_ban_seq": "7.8", "avg_bekill": "6.00", "avg_kill": "3.00", "avg_pick_seq": "0.0", "ban_cnt": "3", "gpm": "460", "hero_id": "153", "hero_name": "兰陵王", "kda": "1.74", "pick_cnt": "3", "played": "3", "win_rate": "0.6667" },
    { "avg_assist": "4.00", "avg_ban_seq": "7.2", "avg_bekill": "3.00", "avg_kill": "4.00", "avg_pick_seq": "0.0", "ban_cnt": "5", "gpm": "612", "hero_id": "157", "hero_name": "不知火舞", "kda": "2.58", "pick_cnt": "3", "played": "3", "win_rate": "0.3333" },
    { "avg_assist": "9.50", "avg_ban_seq": "7.3", "avg_bekill": "0.50", "avg_kill": "0.00", "avg_pick_seq": "0.0", "ban_cnt": "1", "gpm": "411", "hero_id": "191", "hero_name": "大乔", "kda": "9.50", "pick_cnt": "2", "played": "2", "win_rate": "0.5000" },
    { "avg_assist": "5.00", "avg_ban_seq": "6.0", "avg_bekill": "0.50", "avg_kill": "7.00", "avg_pick_seq": "0.0", "ban_cnt": "6", "gpm": "725", "hero_id": "141", "hero_name": "貂蝉", "kda": "12.00", "pick_cnt": "2", "played": "2", "win_rate": "1.0000" },
    { "avg_assist": "5.50", "avg_ban_seq": "4.8", "avg_bekill": "2.50", "avg_kill": "1.00", "avg_pick_seq": "0.0", "ban_cnt": "2", "gpm": "403", "hero_id": "171", "hero_name": "张飞", "kda": "2.42", "pick_cnt": "2", "played": "2", "win_rate": "0.0000" },
    { "avg_assist": "6.50", "avg_ban_seq": "8.0", "avg_bekill": "3.50", "avg_kill": "1.00", "avg_pick_seq": "0.0", "ban_cnt": "0", "gpm": "633", "hero_id": "130", "hero_name": "宫本武藏", "kda": "4.17", "pick_cnt": "2", "played": "2", "win_rate": "0.5000" },
    { "avg_assist": "5.50", "avg_ban_seq": "7.0", "avg_bekill": "2.00", "avg_kill": "1.50", "avg_pick_seq": "0.0", "ban_cnt": "1", "gpm": "601", "hero_id": "508", "hero_name": "伽罗", "kda": "6.33", "pick_cnt": "2", "played": "2", "win_rate": "0.5000" },
    { "avg_assist": "5.50", "avg_ban_seq": "7.0", "avg_bekill": "1.00", "avg_kill": "1.50", "avg_pick_seq": "0.0", "ban_cnt": "2", "gpm": "702", "hero_id": "176", "hero_name": "杨玉环", "kda": "4.00", "pick_cnt": "2", "played": "2", "win_rate": "0.5000" },
    { "avg_assist": "6.00", "avg_ban_seq": "6.8", "avg_bekill": "2.00", "avg_kill": "4.00", "avg_pick_seq": "0.0", "ban_cnt": "2", "gpm": "635", "hero_id": "196", "hero_name": "百里守约", "kda": "6.67", "pick_cnt": "2", "played": "2", "win_rate": "1.0000" },
    { "avg_assist": "0.50", "avg_ban_seq": "7.0", "avg_bekill": "2.50", "avg_kill": "3.50", "avg_pick_seq": "0.0", "ban_cnt": "0", "gpm": "669", "hero_id": "154", "hero_name": "花木兰", "kda": "1.42", "pick_cnt": "2", "played": "2", "win_rate": "0.0000" },
    { "avg_assist": "4.00", "avg_ban_seq": "9.0", "avg_bekill": "0.50", "avg_kill": "3.00", "avg_pick_seq": "0.0", "ban_cnt": "0", "gpm": "795", "hero_id": "198", "hero_name": "梦奇", "kda": "7.00", "pick_cnt": "2", "played": "2", "win_rate": "1.0000" },
    { "avg_assist": "7.50", "avg_ban_seq": "7.2", "avg_bekill": "2.00", "avg_kill": "2.00", "avg_pick_seq": "0.0", "ban_cnt": "3", "gpm": "463", "hero_id": "156", "hero_name": "张良", "kda": "6.17", "pick_cnt": "2", "played": "2", "win_rate": "1.0000" },
    { "avg_assist": "7.00", "avg_ban_seq": "6.0", "avg_bekill": "1.50", "avg_kill": "0.50", "avg_pick_seq": "0.0", "ban_cnt": "0", "gpm": "549", "hero_id": "120", "hero_name": "白起", "kda": "6.00", "pick_cnt": "2", "played": "2", "win_rate": "0.5000" },
    { "avg_assist": "1.50", "avg_ban_seq": "10.0", "avg_bekill": "1.50", "avg_kill": "3.00", "avg_pick_seq": "0.0", "ban_cnt": "0", "gpm": "723", "hero_id": "182", "hero_name": "干将莫邪", "kda": "4.25", "pick_cnt": "2", "played": "2", "win_rate": "0.5000" },
    { "avg_assist": "6.50", "avg_ban_seq": "7.0", "avg_bekill": "7.50", "avg_kill": "4.50", "avg_pick_seq": "0.0", "ban_cnt": "1", "gpm": "385", "hero_id": "187", "hero_name": "东皇太一", "kda": "1.50", "pick_cnt": "2", "played": "2", "win_rate": "0.0000" },
    { "avg_assist": "1.00", "avg_ban_seq": "9.0", "avg_bekill": "3.00", "avg_kill": "0.00", "avg_pick_seq": "0.0", "ban_cnt": "0", "gpm": "548", "hero_id": "107", "hero_name": "赵云", "kda": "0.33", "pick_cnt": "1", "played": "1", "win_rate": "0.0000" },
    { "avg_assist": "4.00", "avg_ban_seq": "10.0", "avg_bekill": "1.00", "avg_kill": "10.00", "avg_pick_seq": "0.0", "ban_cnt": "0", "gpm": "764", "hero_id": "192", "hero_name": "黄忠", "kda": "14.00", "pick_cnt": "1", "played": "1", "win_rate": "1.0000" },
    { "avg_assist": "6.00", "avg_ban_seq": "10.0", "avg_bekill": "1.00", "avg_kill": "7.00", "avg_pick_seq": "0.0", "ban_cnt": "0", "gpm": "663", "hero_id": "110", "hero_name": "嬴政", "kda": "13.00", "pick_cnt": "1", "played": "1", "win_rate": "1.0000" },
    { "avg_assist": "4.00", "avg_ban_seq": "7.0", "avg_bekill": "0.00", "avg_kill": "11.00", "avg_pick_seq": "0.0", "ban_cnt": "0", "gpm": "717", "hero_id": "112", "hero_name": "鲁班七号", "kda": "15.00", "pick_cnt": "1", "played": "1", "win_rate": "1.0000" },
    { "avg_assist": "15.00", "avg_ban_seq": "8.0", "avg_bekill": "1.00", "avg_kill": "10.00", "avg_pick_seq": "0.0", "ban_cnt": "0", "gpm": "943", "hero_id": "173", "hero_name": "李元芳", "kda": "25.00", "pick_cnt": "1", "played": "1", "win_rate": "1.0000" },
    { "avg_assist": "9.00", "avg_ban_seq": "8.0", "avg_bekill": "2.00", "avg_kill": "6.00", "avg_pick_seq": "0.0", "ban_cnt": "0", "gpm": "662", "hero_id": "131", "hero_name": "李白", "kda": "7.50", "pick_cnt": "1", "played": "1", "win_rate": "1.0000" },
    { "avg_assist": "3.00", "avg_ban_seq": "9.0", "avg_bekill": "3.00", "avg_kill": "0.00", "avg_pick_seq": "0.0", "ban_cnt": "0", "gpm": "532", "hero_id": "113", "hero_name": "庄周", "kda": "1.00", "pick_cnt": "1", "played": "1", "win_rate": "0.0000" },
    { "avg_assist": "2.00", "avg_ban_seq": "8.0", "avg_bekill": "1.00", "avg_kill": "0.00", "avg_pick_seq": "0.0", "ban_cnt": "0", "gpm": "624", "hero_id": "174", "hero_name": "虞姬", "kda": "2.00", "pick_cnt": "1", "played": "1", "win_rate": "0.0000" },
    { "avg_assist": "11.00", "avg_ban_seq": "9.0", "avg_bekill": "6.00", "avg_kill": "4.00", "avg_pick_seq": "0.0", "ban_cnt": "0", "gpm": "407", "hero_id": "178", "hero_name": "杨戬", "kda": "2.50", "pick_cnt": "1", "played": "1", "win_rate": "1.0000" },
    { "avg_assist": "4.00", "avg_ban_seq": "8.0", "avg_bekill": "8.00", "avg_kill": "5.00", "avg_pick_seq": "0.0", "ban_cnt": "0", "gpm": "660", "hero_id": "134", "hero_name": "达摩", "kda": "1.12", "pick_cnt": "1", "played": "1", "win_rate": "0.0000" },
    { "avg_assist": "2.00", "avg_ban_seq": "8.0", "avg_bekill": "2.00", "avg_kill": "2.00", "avg_pick_seq": "0.0", "ban_cnt": "0", "gpm": "524", "hero_id": "135", "hero_name": "项羽", "kda": "2.00", "pick_cnt": "1", "played": "1", "win_rate": "0.0000" },
    { "avg_assist": "2.00", "avg_ban_seq": "7.5", "avg_bekill": "1.00", "avg_kill": "1.00", "avg_pick_seq": "0.0", "ban_cnt": "1", "gpm": "586", "hero_id": "136", "hero_name": "武则天", "kda": "3.00", "pick_cnt": "1", "played": "1", "win_rate": "0.0000" },
    { "avg_assist": "7.00", "avg_ban_seq": "2.0", "avg_bekill": "2.00", "avg_kill": "2.00", "avg_pick_seq": "0.0", "ban_cnt": "20", "gpm": "654", "hero_id": "529", "hero_name": "盘古", "kda": "4.50", "pick_cnt": "1", "played": "1", "win_rate": "1.0000" },
    { "avg_assist": "3.00", "avg_ban_seq": "7.0", "avg_bekill": "3.00", "avg_kill": "5.00", "avg_pick_seq": "0.0", "ban_cnt": "4", "gpm": "712", "hero_id": "125", "hero_name": "元歌", "kda": "2.67", "pick_cnt": "1", "played": "1", "win_rate": "0.0000" },
    { "avg_assist": "1.00", "avg_ban_seq": "7.0", "avg_bekill": "1.00", "avg_kill": "2.00", "avg_pick_seq": "0.0", "ban_cnt": "0", "gpm": "771", "hero_id": "503", "hero_name": "狂铁", "kda": "3.00", "pick_cnt": "1", "played": "1", "win_rate": "1.0000" },
    { "avg_assist": "0.00", "avg_ban_seq": "5.0", "avg_bekill": "0.00", "avg_kill": "0.00", "avg_pick_seq": "0.0", "ban_cnt": "1", "gpm": "0", "hero_id": "169", "hero_name": "后羿", "kda": "0.00", "pick_cnt": "0", "played": "0", "win_rate": "0.0000" },
    { "avg_assist": "0.00", "avg_ban_seq": "5.5", "avg_bekill": "0.00", "avg_kill": "0.00", "avg_pick_seq": "0.0", "ban_cnt": "2", "gpm": "0", "hero_id": "119", "hero_name": "扁鹊", "kda": "0.00", "pick_cnt": "0", "played": "0", "win_rate": "0.0000" }
]