[
    { "avg_assist": "3.17", "avg_bekill": "1.00", "avg_kill": "3.33", "gpm": "670", "kda": "6.39", "name": "VG.易瞳", "openid": "11B1E4A5877119E38789702C7BCAECEE", "played": "6", "rating": "5.60", "total_kill": "20", "win_rate": "0.3333", "xpm": "633" },
    { "avg_assist": "4.50", "avg_bekill": "2.50", "avg_kill": "1.50", "gpm": "625", "kda": "2.83", "name": "VG.笑", "openid": "EBEFAF54423F49235FE48C34A3BD9722", "played": "6", "rating": "5.60", "total_kill": "9", "win_rate": "0.3333", "xpm": "607" },
    { "avg_assist": "5.50", "avg_bekill": "1.00", "avg_kill": "3.33", "gpm": "617", "kda": "8.06", "name": "QGhappy.Mojo", "openid": "73D09DF6368EAA1198B9B43DCDCA8536", "played": "6", "rating": "5.60", "total_kill": "20", "win_rate": "0.6667", "xpm": "632" },
    { "avg_assist": "6.83", "avg_bekill": "3.67", "avg_kill": "0.67", "gpm": "396", "kda": "3.28", "name": "Ts.阿豆", "openid": "6D54271544D17B374436D7189EEBC522", "played": "6", "rating": "5.60", "total_kill": "4", "win_rate": "0.3333", "xpm": "654" },
    { "avg_assist": "9.67", "avg_bekill": "2.17", "avg_kill": "0.67", "gpm": "420", "kda": "7.00", "name": "RW侠.Chengkun", "openid": "9D87D9863D32421E8C9F6249E76CC60B", "played": "6", "rating": "5.60", "total_kill": "4", "win_rate": "0.6667", "xpm": "703" },
    { "avg_assist": "5.67", "avg_bekill": "2.33", "avg_kill": "2.33", "gpm": "640", "kda": "5.31", "name": "QGhappy.Hurt", "openid": "B8982198AC67B048D317C07DE73F4962", "played": "6", "rating": "5.60", "total_kill": "14", "win_rate": "0.6667", "xpm": "616" },
    { "avg_assist": "4.00", "avg_bekill": "2.33", "avg_kill": "3.17", "gpm": "681", "kda": "3.92", "name": "Ts.十三", "openid": "FD70952C1A9B936EDDB00609A7440670", "played": "6", "rating": "5.60", "total_kill": "19", "win_rate": "0.3333", "xpm": "727" },
    { "avg_assist": "5.17", "avg_bekill": "3.00", "avg_kill": "1.33", "gpm": "623", "kda": "2.33", "name": "VG.Tgod", "openid": "C49BCF9F5A17F680042924470DDA58C6", "played": "6", "rating": "5.60", "total_kill": "8", "win_rate": "0.3333", "xpm": "612" },
    { "avg_assist": "4.00", "avg_bekill": "3.50", "avg_kill": "2.83", "gpm": "667", "kda": "2.93", "name": "QGhappy.Hico", "openid": "1C77895A57EEE438D8E366DD45E79F62", "played": "6", "rating": "5.60", "total_kill": "17", "win_rate": "0.6667", "xpm": "636" },
    { "avg_assist": "5.50", "avg_bekill": "3.50", "avg_kill": "2.67", "gpm": "635", "kda": "4.66", "name": "RW侠.Djie", "openid": "8DE9AA986DBA66F6F9D813357E61D7C3", "played": "6", "rating": "5.60", "total_kill": "16", "win_rate": "0.6667", "xpm": "750" },
    { "avg_assist": "6.67", "avg_bekill": "2.50", "avg_kill": "1.33", "gpm": "435", "kda": "4.37", "name": "QGhappy.Snow", "openid": "9C0EBC8C5FDAB2B947FE66D477F1F683", "played": "6", "rating": "5.60", "total_kill": "8", "win_rate": "0.6667", "xpm": "605" },
    { "avg_assist": "5.50", "avg_bekill": "1.17", "avg_kill": "3.67", "gpm": "624", "kda": "8.83", "name": "RW侠.Yguo", "openid": "F20A79CABDFBFD552C72E1E72379A885", "played": "6", "rating": "5.60", "total_kill": "22", "win_rate": "0.6667", "xpm": "738" },
    { "avg_assist": "6.00", "avg_bekill": "3.17", "avg_kill": "1.33", "gpm": "414", "kda": "3.56", "name": "VG.趴趴熊", "openid": "B9E6B6FFCA0BBA0CA6E6545799E4C83D", "played": "6", "rating": "5.60", "total_kill": "8", "win_rate": "0.3333", "xpm": "579" },
    { "avg_assist": "4.67", "avg_bekill": "3.00", "avg_kill": "3.50", "gpm": "590", "kda": "3.22", "name": "VG.空", "openid": "EF8CCE6EB505E1AC11E743C31364F038", "played": "6", "rating": "5.60", "total_kill": "21", "win_rate": "0.3333", "xpm": "620" },
    { "avg_assist": "5.00", "avg_bekill": "2.50", "avg_kill": "0.83", "gpm": "568", "kda": "2.97", "name": "Ts.神人", "openid": "217E45134E48B0E55522590E23FFE479", "played": "6", "rating": "5.60", "total_kill": "5", "win_rate": "0.3333", "xpm": "702" },
    { "avg_assist": "5.67", "avg_bekill": "2.17", "avg_kill": "0.67", "gpm": "603", "kda": "4.38", "name": "RW侠.Dnan", "openid": "1B21D19644EBED5C05E13E37C648697D", "played": "6", "rating": "5.60", "total_kill": "4", "win_rate": "0.6667", "xpm": "736" },
    { "avg_assist": "3.50", "avg_bekill": "1.67", "avg_kill": "2.83", "gpm": "678", "kda": "4.67", "name": "QGhappy.Fly", "openid": "81AEA3A32BA205D61F400FA612808490", "played": "6", "rating": "5.60", "total_kill": "17", "win_rate": "0.6667", "xpm": "615" },
    { "avg_assist": "4.83", "avg_bekill": "2.50", "avg_kill": "3.33", "gpm": "663", "kda": "3.67", "name": "Ts.暖阳", "openid": "B61E31C87EB42BE852DEADE5273AB0DE", "played": "6", "rating": "5.60", "total_kill": "20", "win_rate": "0.3333", "xpm": "736" },
    { "avg_assist": "5.00", "avg_bekill": "1.83", "avg_kill": "4.83", "gpm": "706", "kda": "7.06", "name": "RW侠.Hmanlou", "openid": "B35B984A6AB21068B8FB77267735F93A", "played": "6", "rating": "5.60", "total_kill": "29", "win_rate": "0.6667", "xpm": "743" },
    { "avg_assist": "3.80", "avg_bekill": "1.80", "avg_kill": "1.20", "gpm": "659", "kda": "3.90", "name": "WE.OoZ", "openid": "80C8A576D7AF6A697FD29087E60398F1", "played": "5", "rating": "5.60", "total_kill": "6", "win_rate": "0.2000", "xpm": "886" },
    { "avg_assist": "5.20", "avg_bekill": "4.20", "avg_kill": "0.80", "gpm": "374", "kda": "1.32", "name": "WE.994", "openid": "FFE0641C557DBC5BD95896C0C4CE9346", "played": "5", "rating": "5.60", "total_kill": "4", "win_rate": "0.2000", "xpm": "743" },
    { "avg_assist": "6.80", "avg_bekill": "2.00", "avg_kill": "4.20", "gpm": "733", "kda": "8.43", "name": "Hero.久诚", "openid": "919D5E5E2A9039A5E7393859C9B4E012", "played": "5", "rating": "5.60", "total_kill": "21", "win_rate": "0.8000", "xpm": "973" },
    { "avg_assist": "3.60", "avg_bekill": "4.40", "avg_kill": "2.60", "gpm": "510", "kda": "1.38", "name": "WE.绑兔", "openid": "45542A4391B5BE4A0240153385EE51AD", "played": "5", "rating": "5.60", "total_kill": "13", "win_rate": "0.2000", "xpm": "869" },
    { "avg_assist": "4.40", "avg_bekill": "1.80", "avg_kill": "3.00", "gpm": "704", "kda": "6.20", "name": "WE.762", "openid": "EB48CF52432EABB8A847A1EA8CA6C7F8", "played": "5", "rating": "5.60", "total_kill": "15", "win_rate": "0.2000", "xpm": "894" },
    { "avg_assist": "4.60", "avg_bekill": "1.60", "avg_kill": "3.20", "gpm": "677", "kda": "6.23", "name": "TS.诗酒", "openid": "5D73362D8689CDE756564426B11DF410", "played": "5", "rating": "5.60", "total_kill": "16", "win_rate": "0.4000", "xpm": "691" },
    { "avg_assist": "10.00", "avg_bekill": "2.80", "avg_kill": "1.80", "gpm": "418", "kda": "6.80", "name": "Hero.最初", "openid": "75A0E028EC2BF9D41710669411CD19F8", "played": "5", "rating": "5.60", "total_kill": "9", "win_rate": "0.8000", "xpm": "846" },
    { "avg_assist": "5.20", "avg_bekill": "2.60", "avg_kill": "1.80", "gpm": "571", "kda": "3.65", "name": "Hero.尘夏", "openid": "DBB1AA4588256E9DF8DEA01D8286A0CE", "played": "5", "rating": "5.60", "total_kill": "9", "win_rate": "0.8000", "xpm": "891" },
    { "avg_assist": "5.00", "avg_bekill": "1.80", "avg_kill": "2.80", "gpm": "593", "kda": "6.70", "name": "WE.DogRan", "openid": "CAE449FCECAA014CB9B6C3CD335A9A69", "played": "5", "rating": "5.60", "total_kill": "14", "win_rate": "0.2000", "xpm": "852" },
    { "avg_assist": "5.60", "avg_bekill": "2.20", "avg_kill": "3.40", "gpm": "656", "kda": "5.63", "name": "Hero.久龙", "openid": "5DE81E7A60330EC8E695CF286441E468", "played": "5", "rating": "5.60", "total_kill": "17", "win_rate": "0.8000", "xpm": "957" },
    { "avg_assist": "3.60", "avg_bekill": "0.80", "avg_kill": "2.80", "gpm": "744", "kda": "5.73", "name": "Hero.柠栀", "openid": "A7AAD11E26643813D72EFEBD3B0EBD28", "played": "5", "rating": "5.60", "total_kill": "14", "win_rate": "0.8000", "xpm": "976" },
    { "avg_assist": "2.75", "avg_bekill": "1.75", "avg_kill": "5.25", "gpm": "702", "kda": "5.67", "name": "GK.迷神", "openid": "5023AD9F6841811669BD74413DDD8A60", "played": "4", "rating": "5.60", "total_kill": "21", "win_rate": "0.0000", "xpm": "689" },
    { "avg_assist": "7.75", "avg_bekill": "3.50", "avg_kill": "0.25", "gpm": "380", "kda": "3.70", "name": "GK.胖墩", "openid": "D524EC63CD87275ED44EFB2C898E0360", "played": "4", "rating": "5.60", "total_kill": "1", "win_rate": "0.0000", "xpm": "668" },
    { "avg_assist": "7.00", "avg_bekill": "2.75", "avg_kill": "3.25", "gpm": "567", "kda": "3.96", "name": "EDGM.浪浪", "openid": "B58E5BEB1CAC18ADF1300F9877348CA4", "played": "4", "rating": "5.60", "total_kill": "13", "win_rate": "1.0000", "xpm": "689" },
    { "avg_assist": "4.50", "avg_bekill": "3.50", "avg_kill": "1.25", "gpm": "583", "kda": "1.90", "name": "GK.阿改", "openid": "1D9FE3C27E1D59E8DAC386A9962F0955", "played": "4", "rating": "5.60", "total_kill": "5", "win_rate": "0.0000", "xpm": "689" },
    { "avg_assist": "4.25", "avg_bekill": "3.00", "avg_kill": "1.75", "gpm": "634", "kda": "2.27", "name": "GK.鹏鹏", "openid": "D218F9422931A172DFE2B9160C646C4B", "played": "4", "rating": "5.60", "total_kill": "7", "win_rate": "0.0000", "xpm": "689" },
    { "avg_assist": "9.00", "avg_bekill": "2.00", "avg_kill": "1.25", "gpm": "435", "kda": "5.92", "name": "EDGM.koko", "openid": "91C65C11C1BA16F63A59C4E571394E18", "played": "4", "rating": "5.60", "total_kill": "5", "win_rate": "1.0000", "xpm": "689" },
    { "avg_assist": "6.25", "avg_bekill": "1.50", "avg_kill": "2.25", "gpm": "598", "kda": "6.08", "name": "EDGM.轩泽", "openid": "D7DB5C8BF6162962050BC9E35CD000FA", "played": "4", "rating": "5.60", "total_kill": "9", "win_rate": "1.0000", "xpm": "689" },
    { "avg_assist": "5.25", "avg_bekill": "2.25", "avg_kill": "2.75", "gpm": "602", "kda": "4.31", "name": "GK.青枫", "openid": "5E31B5644BB92B93CAE202FDBF8CCD5B", "played": "4", "rating": "5.60", "total_kill": "11", "win_rate": "0.0000", "xpm": "689" },
    { "avg_assist": "5.25", "avg_bekill": "1.75", "avg_kill": "5.25", "gpm": "702", "kda": "6.50", "name": "EDGM.初晨", "openid": "65907C634614595853DF76D9708F0E04", "played": "4", "rating": "5.60", "total_kill": "21", "win_rate": "1.0000", "xpm": "689" },
    { "avg_assist": "5.00", "avg_bekill": "3.25", "avg_kill": "2.00", "gpm": "634", "kda": "2.39", "name": "EDGM.阿澈", "openid": "BDA5D3D8B600DC8ACD800F77FFE41BE0", "played": "4", "rating": "5.60", "total_kill": "8", "win_rate": "1.0000", "xpm": "689" },
    { "avg_assist": "2.00", "avg_bekill": "1.00", "avg_kill": "1.00", "gpm": "586", "kda": "3.00", "name": "Ts.破碎", "openid": "BEC56680808C6B082705E412637008B1", "played": "1", "rating": "5.60", "total_kill": "1", "win_rate": "0.0000", "xpm": "849" }
]