[
    { "ban_heros": "529|123|171|186", "camp": "2", "game_label": "119241", "game_time": "2019-06-06 18:25:25", "is_win": "0", "kill_cnt": "3", "pick_heros": "511|118|502|154|182", "team_id": "44", "team_name": "Ts" },
    { "ban_heros": "506|148|176|515", "camp": "1", "game_label": "119241", "game_time": "2019-06-06 18:25:25", "is_win": "1", "kill_cnt": "12", "pick_heros": "163|199|139|513|191", "team_id": "60", "team_name": "RW侠" },
    { "ban_heros": "509|186|502|193", "camp": "1", "game_label": "119241", "game_time": "2019-06-06 18:56:39", "is_win": "0", "kill_cnt": "12", "pick_heros": "123|132|510|187|125", "team_id": "44", "team_name": "Ts" },
    { "ban_heros": "529|506|156|513", "camp": "2", "game_label": "119241", "game_time": "2019-06-06 18:56:39", "is_win": "1", "kill_cnt": "18", "pick_heros": "118|128|141|133|153", "team_id": "60", "team_name": "RW侠" },
    { "ban_heros": "529|506|508|507", "camp": "2", "game_label": "119241", "game_time": "2019-06-06 19:37:50", "is_win": "1", "kill_cnt": "21", "pick_heros": "133|186|515|193|163", "team_id": "44", "team_name": "Ts" },
    { "ban_heros": "148|509|121|144", "camp": "1", "game_label": "119241", "game_time": "2019-06-06 19:37:50", "is_win": "0", "kill_cnt": "14", "pick_heros": "511|502|168|134|312", "team_id": "60", "team_name": "RW侠" },
    { "ban_heros": "132|509|125|515", "camp": "1", "game_label": "119241", "game_time": "2019-06-06 20:33:37", "is_win": "0", "kill_cnt": "7", "pick_heros": "506|189|121|174|136", "team_id": "44", "team_name": "Ts" },
    { "ban_heros": "529|139|128|156", "camp": "2", "game_label": "119241", "game_time": "2019-06-06 20:33:37", "is_win": "1", "kill_cnt": "11", "pick_heros": "144|148|162|105|198", "team_id": "60", "team_name": "RW侠" },
    { "ban_heros": "529|506|193|121", "camp": "2", "game_label": "119241", "game_time": "2019-06-06 21:07:55", "is_win": "1", "kill_cnt": "15", "pick_heros": "195|140|312|194|508", "team_id": "44", "team_name": "Ts" },
    { "ban_heros": "148|199|139|507", "camp": "1", "game_label": "119241", "game_time": "2019-06-06 21:07:55", "is_win": "0", "kill_cnt": "5", "pick_heros": "509|132|510|126|515", "team_id": "60", "team_name": "RW侠" },
    { "ban_heros": "506|195|156|157", "camp": "1", "game_label": "119241", "game_time": "2019-06-06 21:36:28", "is_win": "0", "kill_cnt": "7", "pick_heros": "139|168|507|199|113", "team_id": "44", "team_name": "Ts" },
    { "ban_heros": "529|148|513|141", "camp": "2", "game_label": "119241", "game_time": "2019-06-06 21:36:28", "is_win": "1", "kill_cnt": "15", "pick_heros": "194|120|130|152|192", "team_id": "60", "team_name": "RW侠" },
    { "ban_heros": "529|163|513|171", "camp": "2", "game_label": "119242", "game_time": "2019-06-07 18:26:10", "is_win": "1", "kill_cnt": "16", "pick_heros": "511|118|502|196|515", "team_id": "26", "team_name": "EDG.M" },
    { "ban_heros": "509|506|141|176", "camp": "1", "game_label": "119242", "game_time": "2019-06-07 18:26:10", "is_win": "0", "kill_cnt": "8", "pick_heros": "123|510|199|312|105", "team_id": "27", "team_name": "GK" },
    { "ban_heros": "509|511|515|513", "camp": "1", "game_label": "119242", "game_time": "2019-06-07 19:12:16", "is_win": "1", "kill_cnt": "13", "pick_heros": "163|193|132|156|105", "team_id": "26", "team_name": "EDG.M" },
    { "ban_heros": "529|123|189|187", "camp": "2", "game_label": "119242", "game_time": "2019-06-07 19:12:16", "is_win": "0", "kill_cnt": "9", "pick_heros": "506|139|191|154|118", "team_id": "27", "team_name": "GK" },
    { "ban_heros": "529|511|515|141", "camp": "2", "game_label": "119242", "game_time": "2019-06-07 19:56:30", "is_win": "1", "kill_cnt": "8", "pick_heros": "128|194|162|123|513", "team_id": "26", "team_name": "EDG.M" },
    { "ban_heros": "506|148|189|312", "camp": "1", "game_label": "119242", "game_time": "2019-06-07 19:56:30", "is_win": "0", "kill_cnt": "11", "pick_heros": "163|133|186|152|120", "team_id": "27", "team_name": "GK" },
    { "ban_heros": "511|509|153|513", "camp": "1", "game_label": "119242", "game_time": "2019-06-07 20:35:49", "is_win": "1", "kill_cnt": "19", "pick_heros": "148|144|507|131|199", "team_id": "26", "team_name": "EDG.M" },
    { "ban_heros": "529|506|125|141", "camp": "2", "game_label": "119242", "game_time": "2019-06-07 20:35:49", "is_win": "0", "kill_cnt": "17", "pick_heros": "189|140|132|157|130", "team_id": "27", "team_name": "GK" },
    { "ban_heros": "529|118|513|515", "camp": "2", "game_label": "119243", "game_time": "2019-06-08 18:21:54", "is_win": "1", "kill_cnt": "17", "pick_heros": "510|186|193|112|157", "team_id": "23", "team_name": "VG" },
    { "ban_heros": "509|141|132|199", "camp": "1", "game_label": "119243", "game_time": "2019-06-08 18:21:54", "is_win": "0", "kill_cnt": "16", "pick_heros": "163|171|133|507|312", "team_id": "25", "team_name": "QGhappy" },
    { "ban_heros": "509|513|136|125", "camp": "1", "game_label": "119243", "game_time": "2019-06-08 19:26:07", "is_win": "0", "kill_cnt": "23", "pick_heros": "148|162|511|123|189", "team_id": "23", "team_name": "VG" },
    { "ban_heros": "529|163|196|144", "camp": "2", "game_label": "119243", "game_time": "2019-06-08 19:26:07", "is_win": "1", "kill_cnt": "18", "pick_heros": "139|506|153|121|110", "team_id": "25", "team_name": "QGhappy" },
    { "ban_heros": "529|162|502|510", "camp": "2", "game_label": "119243", "game_time": "2019-06-08 20:09:52", "is_win": "1", "kill_cnt": "9", "pick_heros": "139|163|152|194|133", "team_id": "23", "team_name": "VG" },
    { "ban_heros": "509|506|132|153", "camp": "1", "game_label": "119243", "game_time": "2019-06-08 20:09:52", "is_win": "0", "kill_cnt": "4", "pick_heros": "118|123|176|140|107", "team_id": "25", "team_name": "QGhappy" },
    { "ban_heros": "148|502|199|189", "camp": "1", "game_label": "119243", "game_time": "2019-06-08 20:43:59", "is_win": "0", "kill_cnt": "7", "pick_heros": "509|128|132|312|153", "team_id": "23", "team_name": "VG" },
    { "ban_heros": "529|506|513|125", "camp": "2", "game_label": "119243", "game_time": "2019-06-08 20:43:59", "is_win": "1", "kill_cnt": "14", "pick_heros": "162|194|152|193|196", "team_id": "25", "team_name": "QGhappy" },
    { "ban_heros": "529|511|510|132", "camp": "2", "game_label": "119243", "game_time": "2019-06-08 21:30:17", "is_win": "0", "kill_cnt": "3", "pick_heros": "126|171|508|195|507", "team_id": "23", "team_name": "VG" },
    { "ban_heros": "506|199|121|513", "camp": "1", "game_label": "119243", "game_time": "2019-06-08 21:30:17", "is_win": "1", "kill_cnt": "13", "pick_heros": "502|141|186|144|128", "team_id": "25", "team_name": "QGhappy" },
    { "ban_heros": "509|132|515|157", "camp": "1", "game_label": "119243", "game_time": "2019-06-08 22:01:32", "is_win": "0", "kill_cnt": "7", "pick_heros": "513|502|121|135|105", "team_id": "23", "team_name": "VG" },
    { "ban_heros": "529|199|169|144", "camp": "2", "game_label": "119243", "game_time": "2019-06-08 22:01:32", "is_win": "1", "kill_cnt": "11", "pick_heros": "148|511|195|503|156", "team_id": "25", "team_name": "QGhappy" },
    { "ban_heros": "509|511|312|193", "camp": "1", "game_label": "119244", "game_time": "2019-06-09 17:20:33", "is_win": "1", "kill_cnt": "14", "pick_heros": "510|139|199|152|189", "team_id": "45", "team_name": "Hero久竞" },
    { "ban_heros": "529|506|157|191", "camp": "2", "game_label": "119244", "game_time": "2019-06-09 17:20:33", "is_win": "0", "kill_cnt": "4", "pick_heros": "118|123|502|140|515", "team_id": "52", "team_name": "WE" },
    { "ban_heros": "529|199|511|139", "camp": "2", "game_label": "119244", "game_time": "2019-06-09 17:50:18", "is_win": "1", "kill_cnt": "11", "pick_heros": "194|132|163|507|182", "team_id": "45", "team_name": "Hero久竞" },
    { "ban_heros": "118|312|513|141", "camp": "1", "game_label": "119244", "game_time": "2019-06-09 17:50:18", "is_win": "0", "kill_cnt": "5", "pick_heros": "148|193|506|121|168", "team_id": "52", "team_name": "WE" },
    { "ban_heros": "509|139|119|128", "camp": "1", "game_label": "119244", "game_time": "2019-06-09 18:25:47", "is_win": "1", "kill_cnt": "16", "pick_heros": "511|193|312|502|168", "team_id": "45", "team_name": "Hero久竞" },
    { "ban_heros": "148|529|196|162", "camp": "2", "game_label": "119244", "game_time": "2019-06-09 18:25:47", "is_win": "0", "kill_cnt": "6", "pick_heros": "510|186|132|157|126", "team_id": "52", "team_name": "WE" },
    { "ban_heros": "529|199|163|133", "camp": "2", "game_label": "119244", "game_time": "2019-06-09 19:00:27", "is_win": "0", "kill_cnt": "15", "pick_heros": "121|123|187|195|515", "team_id": "45", "team_name": "Hero久竞" },
    { "ban_heros": "148|118|157|162", "camp": "1", "game_label": "119244", "game_time": "2019-06-09 19:00:27", "is_win": "1", "kill_cnt": "28", "pick_heros": "509|139|513|173|178", "team_id": "52", "team_name": "WE" },
    { "ban_heros": "511|199|163|153", "camp": "1", "game_label": "119244", "game_time": "2019-06-09 19:33:29", "is_win": "1", "kill_cnt": "14", "pick_heros": "529|133|186|198|176", "team_id": "45", "team_name": "Hero久竞" },
    { "ban_heros": "148|118|119|157", "camp": "2", "game_label": "119244", "game_time": "2019-06-09 19:33:29", "is_win": "0", "kill_cnt": "9", "pick_heros": "144|194|312|507|162", "team_id": "52", "team_name": "WE" }
]