[
    { "avg_assist": "3.70", "avg_ban_seq": "4.1", "avg_bekill": "2.45", "avg_kill": "2.41", "avg_pick_seq": "0.0", "ban_cnt": "35", "gpm": "651", "hero_id": "154", "hero_name": "花木兰", "kda": "3.19", "pick_cnt": "106", "played": "106", "win_rate": "0.5283" },
    { "avg_assist": "3.76", "avg_ban_seq": "5.2", "avg_bekill": "1.82", "avg_kill": "2.87", "avg_pick_seq": "0.0", "ban_cnt": "37", "gpm": "662", "hero_id": "132", "hero_name": "马可波罗", "kda": "4.59", "pick_cnt": "99", "played": "99", "win_rate": "0.3838" },
    { "avg_assist": "4.74", "avg_ban_seq": "5.2", "avg_bekill": "2.45", "avg_kill": "1.35", "avg_pick_seq": "0.0", "ban_cnt": "32", "gpm": "512", "hero_id": "135", "hero_name": "项羽", "kda": "3.33", "pick_cnt": "98", "played": "98", "win_rate": "0.4592" },
    { "avg_assist": "8.09", "avg_ban_seq": "4.9", "avg_bekill": "2.28", "avg_kill": "0.67", "avg_pick_seq": "0.0", "ban_cnt": "35", "gpm": "430", "hero_id": "189", "hero_name": "鬼谷子", "kda": "5.12", "pick_cnt": "94", "played": "94", "win_rate": "0.5319" },
    { "avg_assist": "5.35", "avg_ban_seq": "2.1", "avg_bekill": "1.59", "avg_kill": "3.92", "avg_pick_seq": "0.0", "ban_cnt": "63", "gpm": "693", "hero_id": "502", "hero_name": "裴擒虎", "kda": "6.78", "pick_cnt": "80", "played": "80", "win_rate": "0.6875" },
    { "avg_assist": "5.47", "avg_ban_seq": "3.6", "avg_bekill": "1.33", "avg_kill": "2.74", "avg_pick_seq": "0.0", "ban_cnt": "47", "gpm": "613", "hero_id": "176", "hero_name": "杨玉环", "kda": "6.41", "pick_cnt": "76", "played": "76", "win_rate": "0.5526" },
    { "avg_assist": "5.32", "avg_ban_seq": "6.6", "avg_bekill": "2.20", "avg_kill": "1.58", "avg_pick_seq": "0.0", "ban_cnt": "30", "gpm": "544", "hero_id": "126", "hero_name": "夏侯惇", "kda": "4.41", "pick_cnt": "65", "played": "65", "win_rate": "0.5077" },
    { "avg_assist": "4.66", "avg_ban_seq": "6.0", "avg_bekill": "2.04", "avg_kill": "3.62", "avg_pick_seq": "0.0", "ban_cnt": "30", "gpm": "665", "hero_id": "199", "hero_name": "公孙离", "kda": "5.35", "pick_cnt": "56", "played": "56", "win_rate": "0.4821" },
    { "avg_assist": "5.82", "avg_ban_seq": "6.7", "avg_bekill": "1.98", "avg_kill": "0.80", "avg_pick_seq": "0.0", "ban_cnt": "22", "gpm": "497", "hero_id": "171", "hero_name": "张飞", "kda": "4.37", "pick_cnt": "50", "played": "50", "win_rate": "0.6000" },
    { "avg_assist": "4.82", "avg_ban_seq": "2.2", "avg_bekill": "1.96", "avg_kill": "2.29", "avg_pick_seq": "0.0", "ban_cnt": "83", "gpm": "626", "hero_id": "140", "hero_name": "关羽", "kda": "4.81", "pick_cnt": "49", "played": "49", "win_rate": "0.5714" },
    { "avg_assist": "4.94", "avg_ban_seq": "5.2", "avg_bekill": "1.56", "avg_kill": "2.71", "avg_pick_seq": "0.0", "ban_cnt": "49", "gpm": "618", "hero_id": "182", "hero_name": "干将莫邪", "kda": "5.15", "pick_cnt": "48", "played": "48", "win_rate": "0.3125" },
    { "avg_assist": "4.54", "avg_ban_seq": "4.2", "avg_bekill": "2.56", "avg_kill": "1.58", "avg_pick_seq": "0.0", "ban_cnt": "68", "gpm": "616", "hero_id": "139", "hero_name": "老夫子", "kda": "3.46", "pick_cnt": "48", "played": "48", "win_rate": "0.4792" },
    { "avg_assist": "6.11", "avg_ban_seq": "3.5", "avg_bekill": "2.65", "avg_kill": "0.57", "avg_pick_seq": "0.0", "ban_cnt": "75", "gpm": "450", "hero_id": "186", "hero_name": "太乙真人", "kda": "4.02", "pick_cnt": "46", "played": "46", "win_rate": "0.4348" },
    { "avg_assist": "6.84", "avg_ban_seq": "6.6", "avg_bekill": "1.96", "avg_kill": "1.53", "avg_pick_seq": "0.0", "ban_cnt": "37", "gpm": "571", "hero_id": "120", "hero_name": "白起", "kda": "5.58", "pick_cnt": "45", "played": "45", "win_rate": "0.6889" },
    { "avg_assist": "2.86", "avg_ban_seq": "7.2", "avg_bekill": "2.55", "avg_kill": "2.20", "avg_pick_seq": "0.0", "ban_cnt": "14", "gpm": "584", "hero_id": "178", "hero_name": "杨戬", "kda": "2.68", "pick_cnt": "44", "played": "44", "win_rate": "0.3182" },
    { "avg_assist": "4.87", "avg_ban_seq": "2.3", "avg_bekill": "1.77", "avg_kill": "1.87", "avg_pick_seq": "0.0", "ban_cnt": "104", "gpm": "503", "hero_id": "148", "hero_name": "姜子牙", "kda": "4.34", "pick_cnt": "39", "played": "39", "win_rate": "0.3590" },
    { "avg_assist": "4.92", "avg_ban_seq": "8.0", "avg_bekill": "2.16", "avg_kill": "0.62", "avg_pick_seq": "0.0", "ban_cnt": "8", "gpm": "407", "hero_id": "168", "hero_name": "牛魔", "kda": "3.24", "pick_cnt": "37", "played": "37", "win_rate": "0.3243" },
    { "avg_assist": "3.59", "avg_ban_seq": "6.2", "avg_bekill": "2.46", "avg_kill": "2.32", "avg_pick_seq": "0.0", "ban_cnt": "47", "gpm": "641", "hero_id": "129", "hero_name": "典韦", "kda": "3.31", "pick_cnt": "37", "played": "37", "win_rate": "0.4324" },
    { "avg_assist": "3.78", "avg_ban_seq": "6.4", "avg_bekill": "3.12", "avg_kill": "1.34", "avg_pick_seq": "0.0", "ban_cnt": "40", "gpm": "608", "hero_id": "144", "hero_name": "程咬金", "kda": "2.44", "pick_cnt": "32", "played": "32", "win_rate": "0.3438" },
    { "avg_assist": "7.26", "avg_ban_seq": "6.1", "avg_bekill": "1.97", "avg_kill": "3.00", "avg_pick_seq": "0.0", "ban_cnt": "46", "gpm": "596", "hero_id": "156", "hero_name": "张良", "kda": "6.40", "pick_cnt": "31", "played": "31", "win_rate": "0.8387" },
    { "avg_assist": "7.79", "avg_ban_seq": "6.0", "avg_bekill": "0.93", "avg_kill": "0.82", "avg_pick_seq": "0.0", "ban_cnt": "44", "gpm": "478", "hero_id": "118", "hero_name": "孙膑", "kda": "7.56", "pick_cnt": "28", "played": "28", "win_rate": "0.6786" },
    { "avg_assist": "5.50", "avg_ban_seq": "7.3", "avg_bekill": "2.19", "avg_kill": "3.96", "avg_pick_seq": "0.0", "ban_cnt": "17", "gpm": "650", "hero_id": "173", "hero_name": "李元芳", "kda": "5.50", "pick_cnt": "26", "played": "26", "win_rate": "0.4231" },
    { "avg_assist": "3.96", "avg_ban_seq": "4.0", "avg_bekill": "1.44", "avg_kill": "2.68", "avg_pick_seq": "0.0", "ban_cnt": "60", "gpm": "578", "hero_id": "125", "hero_name": "元歌", "kda": "5.47", "pick_cnt": "25", "played": "25", "win_rate": "0.3600" },
    { "avg_assist": "4.83", "avg_ban_seq": "7.6", "avg_bekill": "1.46", "avg_kill": "1.96", "avg_pick_seq": "0.0", "ban_cnt": "24", "gpm": "578", "hero_id": "136", "hero_name": "武则天", "kda": "5.76", "pick_cnt": "24", "played": "24", "win_rate": "0.2917" },
    { "avg_assist": "6.00", "avg_ban_seq": "8.4", "avg_bekill": "2.71", "avg_kill": "1.38", "avg_pick_seq": "0.0", "ban_cnt": "4", "gpm": "512", "hero_id": "194", "hero_name": "苏烈", "kda": "3.46", "pick_cnt": "24", "played": "24", "win_rate": "0.5417" },
    { "avg_assist": "6.81", "avg_ban_seq": "6.7", "avg_bekill": "4.69", "avg_kill": "1.69", "avg_pick_seq": "0.0", "ban_cnt": "15", "gpm": "426", "hero_id": "187", "hero_name": "东皇太一", "kda": "2.51", "pick_cnt": "16", "played": "16", "win_rate": "0.6250" },
    { "avg_assist": "5.00", "avg_ban_seq": "7.9", "avg_bekill": "0.92", "avg_kill": "2.15", "avg_pick_seq": "0.0", "ban_cnt": "5", "gpm": "640", "hero_id": "110", "hero_name": "嬴政", "kda": "5.47", "pick_cnt": "13", "played": "13", "win_rate": "0.4615" },
    { "avg_assist": "3.33", "avg_ban_seq": "7.3", "avg_bekill": "2.17", "avg_kill": "2.67", "avg_pick_seq": "0.0", "ban_cnt": "11", "gpm": "631", "hero_id": "134", "hero_name": "达摩", "kda": "3.67", "pick_cnt": "12", "played": "12", "win_rate": "0.5833" },
    { "avg_assist": "8.08", "avg_ban_seq": "6.1", "avg_bekill": "1.42", "avg_kill": "1.75", "avg_pick_seq": "0.0", "ban_cnt": "20", "gpm": "571", "hero_id": "191", "hero_name": "大乔", "kda": "7.46", "pick_cnt": "12", "played": "12", "win_rate": "0.6667" },
    { "avg_assist": "6.08", "avg_ban_seq": "7.3", "avg_bekill": "2.92", "avg_kill": "1.08", "avg_pick_seq": "0.0", "ban_cnt": "6", "gpm": "566", "hero_id": "149", "hero_name": "刘邦", "kda": "2.41", "pick_cnt": "12", "played": "12", "win_rate": "0.4167" },
    { "avg_assist": "6.36", "avg_ban_seq": "6.9", "avg_bekill": "3.09", "avg_kill": "3.09", "avg_pick_seq": "0.0", "ban_cnt": "5", "gpm": "557", "hero_id": "141", "hero_name": "貂蝉", "kda": "4.07", "pick_cnt": "11", "played": "11", "win_rate": "0.5455" },
    { "avg_assist": "6.10", "avg_ban_seq": "7.8", "avg_bekill": "2.10", "avg_kill": "3.90", "avg_pick_seq": "0.0", "ban_cnt": "1", "gpm": "633", "hero_id": "106", "hero_name": "小乔", "kda": "5.92", "pick_cnt": "10", "played": "10", "win_rate": "0.9000" },
    { "avg_assist": "2.78", "avg_ban_seq": "7.9", "avg_bekill": "0.89", "avg_kill": "2.89", "avg_pick_seq": "0.0", "ban_cnt": "6", "gpm": "587", "hero_id": "196", "hero_name": "百里守约", "kda": "5.07", "pick_cnt": "9", "played": "9", "win_rate": "0.5556" },
    { "avg_assist": "4.17", "avg_ban_seq": "8.2", "avg_bekill": "1.83", "avg_kill": "4.50", "avg_pick_seq": "0.0", "ban_cnt": "3", "gpm": "724", "hero_id": "195", "hero_name": "百里玄策", "kda": "6.42", "pick_cnt": "6", "played": "6", "win_rate": "0.6667" },
    { "avg_assist": "4.00", "avg_ban_seq": "8.0", "avg_bekill": "1.20", "avg_kill": "1.20", "avg_pick_seq": "0.0", "ban_cnt": "7", "gpm": "648", "hero_id": "504", "hero_name": "米莱狄", "kda": "4.60", "pick_cnt": "5", "played": "5", "win_rate": "0.6000" },
    { "avg_assist": "6.50", "avg_ban_seq": "8.3", "avg_bekill": "3.00", "avg_kill": "1.50", "avg_pick_seq": "0.0", "ban_cnt": "2", "gpm": "441", "hero_id": "113", "hero_name": "庄周", "kda": "2.83", "pick_cnt": "4", "played": "4", "win_rate": "0.2500" },
    { "avg_assist": "6.00", "avg_ban_seq": "8.6", "avg_bekill": "1.75", "avg_kill": "3.00", "avg_pick_seq": "0.0", "ban_cnt": "1", "gpm": "603", "hero_id": "119", "hero_name": "扁鹊", "kda": "7.12", "pick_cnt": "4", "played": "4", "win_rate": "0.5000" },
    { "avg_assist": "4.67", "avg_ban_seq": "8.5", "avg_bekill": "3.33", "avg_kill": "0.67", "avg_pick_seq": "0.0", "ban_cnt": "1", "gpm": "508", "hero_id": "180", "hero_name": "哪吒", "kda": "1.75", "pick_cnt": "3", "played": "3", "win_rate": "0.6667" },
    { "avg_assist": "5.00", "avg_ban_seq": "2.0", "avg_bekill": "1.00", "avg_kill": "4.00", "avg_pick_seq": "0.0", "ban_cnt": "0", "gpm": "620", "hero_id": "157", "hero_name": "不知火舞", "kda": "9.00", "pick_cnt": "1", "played": "1", "win_rate": "1.0000" },
    { "avg_assist": "2.00", "avg_ban_seq": "10.0", "avg_bekill": "4.00", "avg_kill": "2.00", "avg_pick_seq": "0.0", "ban_cnt": "0", "gpm": "617", "hero_id": "162", "hero_name": "娜可露露", "kda": "1.00", "pick_cnt": "1", "played": "1", "win_rate": "0.0000" },
    { "avg_assist": "2.00", "avg_ban_seq": "10.0", "avg_bekill": "2.00", "avg_kill": "3.00", "avg_pick_seq": "0.0", "ban_cnt": "0", "gpm": "602", "hero_id": "190", "hero_name": "诸葛亮", "kda": "2.50", "pick_cnt": "1", "played": "1", "win_rate": "0.0000" },
    { "avg_assist": "7.00", "avg_ban_seq": "7.0", "avg_bekill": "0.00", "avg_kill": "3.00", "avg_pick_seq": "0.0", "ban_cnt": "2", "gpm": "696", "hero_id": "123", "hero_name": "吕布", "kda": "10.00", "pick_cnt": "1", "played": "1", "win_rate": "1.0000" },
    { "avg_assist": "8.00", "avg_ban_seq": "9.0", "avg_bekill": "2.00", "avg_kill": "4.00", "avg_pick_seq": "0.0", "ban_cnt": "0", "gpm": "588", "hero_id": "124", "hero_name": "周瑜", "kda": "6.00", "pick_cnt": "1", "played": "1", "win_rate": "0.0000" },
    { "avg_assist": "1.00", "avg_ban_seq": "4.0", "avg_bekill": "1.00", "avg_kill": "0.00", "avg_pick_seq": "0.0", "ban_cnt": "0", "gpm": "701", "hero_id": "146", "hero_name": "露娜", "kda": "1.00", "pick_cnt": "1", "played": "1", "win_rate": "0.0000" }
]