[
    { "avg_assist": "4.92", "avg_bekill": "2.54", "avg_kill": "1.38", "gpm": "556", "kda": "3.07", "name": "JV.输出", "openid": "55AAFDD722B74557DB02A8E1639C5C88", "played": "37", "rating": "5.60", "total_kill": "51", "win_rate": "0.5676", "xpm": "805" },
    { "avg_assist": "4.32", "avg_bekill": "1.89", "avg_kill": "2.24", "gpm": "630", "kda": "4.66", "name": "JV.七年", "openid": "B55D06F690915809C40AF962152BE477", "played": "37", "rating": "5.60", "total_kill": "83", "win_rate": "0.5676", "xpm": "829" },
    { "avg_assist": "4.76", "avg_bekill": "1.68", "avg_kill": "3.49", "gpm": "693", "kda": "5.93", "name": "JV.包子", "openid": "301BD958B9BA49D275F1E85F4327946F", "played": "37", "rating": "5.60", "total_kill": "129", "win_rate": "0.5676", "xpm": "875" },
    { "avg_assist": "7.16", "avg_bekill": "2.05", "avg_kill": "0.76", "gpm": "436", "kda": "5.08", "name": "JV.馒头", "openid": "75457993849E7DE0B27A8A8E94C287C8", "played": "37", "rating": "5.60", "total_kill": "28", "win_rate": "0.5676", "xpm": "758" },
    { "avg_assist": "5.24", "avg_bekill": "2.03", "avg_kill": "2.89", "gpm": "639", "kda": "5.10", "name": "JV.诗酒", "openid": "5D73362D8689CDE756564426B11DF410", "played": "37", "rating": "5.60", "total_kill": "107", "win_rate": "0.5676", "xpm": "834" },
    { "avg_assist": "7.06", "avg_bekill": "1.76", "avg_kill": "3.06", "gpm": "577", "kda": "6.26", "name": "WE.十一", "openid": "3B9CCA3399402721B7242C5E2E2A6531", "played": "33", "rating": "5.60", "total_kill": "101", "win_rate": "0.6970", "xpm": "691" },
    { "avg_assist": "5.91", "avg_bekill": "2.36", "avg_kill": "3.33", "gpm": "633", "kda": "5.52", "name": "WE.762", "openid": "EB48CF52432EABB8A847A1EA8CA6C7F8", "played": "33", "rating": "5.60", "total_kill": "110", "win_rate": "0.6970", "xpm": "699" },
    { "avg_assist": "6.09", "avg_bekill": "2.03", "avg_kill": "4.27", "gpm": "683", "kda": "6.87", "name": "WE.小新", "openid": "AE578BB17CFD55109721263CE8478536", "played": "33", "rating": "5.60", "total_kill": "141", "win_rate": "0.6970", "xpm": "725" },
    { "avg_assist": "7.21", "avg_bekill": "2.39", "avg_kill": "1.48", "gpm": "563", "kda": "4.85", "name": "WE.LY", "openid": "66EC81766B148ED74236686E7F1C8493", "played": "33", "rating": "5.60", "total_kill": "49", "win_rate": "0.6970", "xpm": "688" },
    { "avg_assist": "7.97", "avg_bekill": "2.00", "avg_kill": "1.15", "gpm": "449", "kda": "6.10", "name": "WE.994", "openid": "FFE0641C557DBC5BD95896C0C4CE9346", "played": "33", "rating": "5.60", "total_kill": "38", "win_rate": "0.6970", "xpm": "664" },
    { "avg_assist": "5.07", "avg_bekill": "1.61", "avg_kill": "3.89", "gpm": "717", "kda": "6.45", "name": "Ts.暖阳", "openid": "B61E31C87EB42BE852DEADE5273AB0DE", "played": "28", "rating": "5.60", "total_kill": "109", "win_rate": "0.7857", "xpm": "850" },
    { "avg_assist": "7.14", "avg_bekill": "2.11", "avg_kill": "0.71", "gpm": "455", "kda": "5.33", "name": "Ts.阿豆", "openid": "6D54271544D17B374436D7189EEBC522", "played": "28", "rating": "5.60", "total_kill": "20", "win_rate": "0.7857", "xpm": "794" },
    { "avg_assist": "3.96", "avg_bekill": "1.71", "avg_kill": "2.68", "gpm": "714", "kda": "5.11", "name": "Ts.十三", "openid": "FD70952C1A9B936EDDB00609A7440670", "played": "28", "rating": "5.60", "total_kill": "75", "win_rate": "0.7857", "xpm": "852" },
    { "avg_assist": "5.36", "avg_bekill": "1.50", "avg_kill": "1.64", "gpm": "588", "kda": "5.24", "name": "Ts.神人", "openid": "217E45134E48B0E55522590E23FFE479", "played": "28", "rating": "5.60", "total_kill": "46", "win_rate": "0.7857", "xpm": "825" },
    { "avg_assist": "5.25", "avg_bekill": "1.29", "avg_kill": "2.79", "gpm": "616", "kda": "6.43", "name": "Ts.破碎", "openid": "BEC56680808C6B082705E412637008B1", "played": "28", "rating": "5.60", "total_kill": "78", "win_rate": "0.7857", "xpm": "834" },
    { "avg_assist": "4.52", "avg_bekill": "2.37", "avg_kill": "2.22", "gpm": "653", "kda": "3.56", "name": "TBG.Wuz", "openid": "DC6F288387907EEFC37653693AC6C56B", "played": "27", "rating": "5.60", "total_kill": "60", "win_rate": "0.5185", "xpm": "787" },
    { "avg_assist": "6.15", "avg_bekill": "1.22", "avg_kill": "2.52", "gpm": "603", "kda": "6.54", "name": "TBG.晨风", "openid": "9CFC3F68C2133C1BAC41EE83F174A9A2", "played": "27", "rating": "5.60", "total_kill": "68", "win_rate": "0.5185", "xpm": "765" },
    { "avg_assist": "5.00", "avg_bekill": "1.52", "avg_kill": "3.70", "gpm": "672", "kda": "6.51", "name": "TBG.暖海", "openid": "B35B984A6AB21068B8FB77267735F93A", "played": "27", "rating": "5.60", "total_kill": "100", "win_rate": "0.5185", "xpm": "808" },
    { "avg_assist": "7.81", "avg_bekill": "2.44", "avg_kill": "0.56", "gpm": "433", "kda": "4.85", "name": "TBG.过客", "openid": "A299DD910EA76FAC72345B9983BFE912", "played": "27", "rating": "5.60", "total_kill": "15", "win_rate": "0.5185", "xpm": "711" },
    { "avg_assist": "5.48", "avg_bekill": "2.85", "avg_kill": "1.78", "gpm": "557", "kda": "3.82", "name": "TBG.白羽", "openid": "A049E8AD4D0DADA9666712ECAD02197A", "played": "27", "rating": "5.60", "total_kill": "48", "win_rate": "0.5185", "xpm": "747" },
    { "avg_assist": "6.00", "avg_bekill": "2.15", "avg_kill": "0.85", "gpm": "433", "kda": "3.93", "name": "FTD丶谛听", "openid": "9E700C10039741AAE6B8EF7E0A7A26D7", "played": "26", "rating": "5.60", "total_kill": "22", "win_rate": "0.4231", "xpm": "711" },
    { "avg_assist": "4.00", "avg_bekill": "2.00", "avg_kill": "1.73", "gpm": "592", "kda": "3.54", "name": "FTD丶酒孺", "openid": "7220305557867928F17515C424392336", "played": "26", "rating": "5.60", "total_kill": "45", "win_rate": "0.4231", "xpm": "780" },
    { "avg_assist": "5.96", "avg_bekill": "1.96", "avg_kill": "2.19", "gpm": "562", "kda": "5.50", "name": "FTD丶无铭", "openid": "BB176EBA5A040011260420E47F5D8D6C", "played": "26", "rating": "5.60", "total_kill": "57", "win_rate": "0.4231", "xpm": "762" },
    { "avg_assist": "4.00", "avg_bekill": "2.08", "avg_kill": "3.77", "gpm": "678", "kda": "4.78", "name": "FTD丶花海", "openid": "6317ACA4810A9CE2501FA24B0050C02F", "played": "26", "rating": "5.60", "total_kill": "98", "win_rate": "0.4231", "xpm": "825" },
    { "avg_assist": "4.58", "avg_bekill": "2.46", "avg_kill": "1.27", "gpm": "551", "kda": "3.28", "name": "FTD丶青澜", "openid": "B3B7CBE7C8EC25DB986BB1D7AA674F72", "played": "26", "rating": "5.60", "total_kill": "33", "win_rate": "0.4231", "xpm": "766" },
    { "avg_assist": "4.76", "avg_bekill": "2.28", "avg_kill": "1.56", "gpm": "558", "kda": "3.66", "name": "DP.浅安", "openid": "9D87D9863D32421E8C9F6249E76CC60B", "played": "25", "rating": "5.60", "total_kill": "39", "win_rate": "0.5200", "xpm": "729" },
    { "avg_assist": "5.88", "avg_bekill": "1.40", "avg_kill": "2.64", "gpm": "606", "kda": "6.50", "name": "DP.ChenAn", "openid": "F28BE03F74FEBD63DF5EFBD4AE057FDD", "played": "25", "rating": "5.60", "total_kill": "66", "win_rate": "0.5200", "xpm": "761" },
    { "avg_assist": "7.16", "avg_bekill": "2.20", "avg_kill": "0.88", "gpm": "454", "kda": "5.06", "name": "DP.ICE", "openid": "51C3A4979ADDE9E23CE73E176DE64319", "played": "25", "rating": "5.60", "total_kill": "22", "win_rate": "0.5200", "xpm": "698" },
    { "avg_assist": "3.91", "avg_bekill": "2.78", "avg_kill": "2.35", "gpm": "611", "kda": "3.28", "name": "DVG.Evildoer", "openid": "372D6C9C98009EDA40C3965ED57B369E", "played": "23", "rating": "5.60", "total_kill": "54", "win_rate": "0.4783", "xpm": "791" },
    { "avg_assist": "5.96", "avg_bekill": "2.91", "avg_kill": "0.87", "gpm": "419", "kda": "3.76", "name": "DVG.Monkey", "openid": "1E9FF5EBFEE6447134269B4CC282A9A8", "played": "23", "rating": "5.60", "total_kill": "20", "win_rate": "0.4783", "xpm": "713" },
    { "avg_assist": "3.65", "avg_bekill": "1.74", "avg_kill": "3.17", "gpm": "650", "kda": "4.64", "name": "DVG.几迟", "openid": "0F6759BF34B0FD288069B7C4E3AA7966", "played": "23", "rating": "5.60", "total_kill": "73", "win_rate": "0.4783", "xpm": "833" },
    { "avg_assist": "4.43", "avg_bekill": "1.91", "avg_kill": "1.70", "gpm": "618", "kda": "4.32", "name": "DVG.笑煮", "openid": "BF9DFCA9A5F4DECD44E62AF037E1E527", "played": "23", "rating": "5.60", "total_kill": "39", "win_rate": "0.4783", "xpm": "792" },
    { "avg_assist": "4.14", "avg_bekill": "1.32", "avg_kill": "3.05", "gpm": "652", "kda": "5.57", "name": "RSG.萌神", "openid": "B9E6B6FFCA0BBA0CA6E6545799E4C83D", "played": "22", "rating": "5.60", "total_kill": "67", "win_rate": "0.5909", "xpm": "837" },
    { "avg_assist": "6.32", "avg_bekill": "2.82", "avg_kill": "0.36", "gpm": "424", "kda": "3.48", "name": "TOPM.小金刚", "openid": "95D44062BBA8BE1D5AA72EEBA6FA8556", "played": "22", "rating": "5.60", "total_kill": "8", "win_rate": "0.1818", "xpm": "675" },
    { "avg_assist": "4.27", "avg_bekill": "1.59", "avg_kill": "3.45", "gpm": "631", "kda": "5.94", "name": "33常凯瑞.小熊", "openid": "3C6007E72834B6BD0F904B86F497A240", "played": "22", "rating": "5.60", "total_kill": "76", "win_rate": "0.4545", "xpm": "659" },
    { "avg_assist": "3.86", "avg_bekill": "3.09", "avg_kill": "1.68", "gpm": "622", "kda": "3.01", "name": "33常凯瑞.三金", "openid": "F4C90128C40FF690744C1E8782AE9D1C", "played": "22", "rating": "5.60", "total_kill": "37", "win_rate": "0.4545", "xpm": "653" },
    { "avg_assist": "6.41", "avg_bekill": "2.05", "avg_kill": "0.86", "gpm": "453", "kda": "4.33", "name": "RSG.刺心", "openid": "0FB89F6923B16902F992E24AB7F54CC5", "played": "22", "rating": "5.60", "total_kill": "19", "win_rate": "0.5909", "xpm": "748" },
    { "avg_assist": "5.41", "avg_bekill": "1.68", "avg_kill": "1.14", "gpm": "541", "kda": "4.75", "name": "RSG.子冰", "openid": "62CE5668BA0753119996D369EE266105", "played": "22", "rating": "5.60", "total_kill": "25", "win_rate": "0.5909", "xpm": "779" },
    { "avg_assist": "2.68", "avg_bekill": "2.32", "avg_kill": "1.68", "gpm": "599", "kda": "2.23", "name": "TOPM.Muyu", "openid": "0A7DD09394C206A0F2AB53E94AF7B2FF", "played": "22", "rating": "5.60", "total_kill": "37", "win_rate": "0.1818", "xpm": "733" },
    { "avg_assist": "4.05", "avg_bekill": "2.68", "avg_kill": "1.18", "gpm": "530", "kda": "2.87", "name": "TOPM.逍遥", "openid": "ED0728CC570F35D891889943C42E3548", "played": "22", "rating": "5.60", "total_kill": "26", "win_rate": "0.1818", "xpm": "705" },
    { "avg_assist": "5.27", "avg_bekill": "2.45", "avg_kill": "1.50", "gpm": "542", "kda": "3.41", "name": "33常凯瑞.太子", "openid": "DE27DFBB6C44C28BA453B085C3ECBAE5", "played": "22", "rating": "5.60", "total_kill": "33", "win_rate": "0.4545", "xpm": "644" },
    { "avg_assist": "5.45", "avg_bekill": "1.32", "avg_kill": "2.77", "gpm": "641", "kda": "6.78", "name": "RSG.Seven", "openid": "56D6A9A8447B571595431D6F4BCE0EBE", "played": "22", "rating": "5.60", "total_kill": "61", "win_rate": "0.5909", "xpm": "807" },
    { "avg_assist": "5.05", "avg_bekill": "1.23", "avg_kill": "2.36", "gpm": "569", "kda": "4.96", "name": "TOPM.心醉", "openid": "03C692C2132AAF22135204F4A4F5B87F", "played": "22", "rating": "5.60", "total_kill": "52", "win_rate": "0.1818", "xpm": "722" },
    { "avg_assist": "3.59", "avg_bekill": "2.36", "avg_kill": "2.95", "gpm": "666", "kda": "3.30", "name": "TOPM.易峥", "openid": "E2DA8DAFB90822DA6DA39C6FC40C4172", "played": "22", "rating": "5.60", "total_kill": "65", "win_rate": "0.1818", "xpm": "756" },
    { "avg_assist": "6.64", "avg_bekill": "2.77", "avg_kill": "0.41", "gpm": "413", "kda": "3.49", "name": "33常凯瑞.凯旋", "openid": "793156F8E8B7A53450B450CF9A7AFF7E", "played": "22", "rating": "5.60", "total_kill": "9", "win_rate": "0.4545", "xpm": "621" },
    { "avg_assist": "5.41", "avg_bekill": "1.36", "avg_kill": "2.95", "gpm": "607", "kda": "6.62", "name": "33常凯瑞.七诺", "openid": "FCF25B6CC13F7709F0E56872CBAD3FE2", "played": "22", "rating": "5.60", "total_kill": "65", "win_rate": "0.4545", "xpm": "650" },
    { "avg_assist": "3.77", "avg_bekill": "1.55", "avg_kill": "2.14", "gpm": "690", "kda": "4.22", "name": "RSG.易瞳", "openid": "11B1E4A5877119E38789702C7BCAECEE", "played": "22", "rating": "5.60", "total_kill": "47", "win_rate": "0.5909", "xpm": "817" },
    { "avg_assist": "2.86", "avg_bekill": "2.90", "avg_kill": "1.05", "gpm": "543", "kda": "1.69", "name": "AG超玩会.Vv", "openid": "30936661D0227A5A83DC27246BAE9AD6", "played": "21", "rating": "5.60", "total_kill": "22", "win_rate": "0.0476", "xpm": "687" },
    { "avg_assist": "3.62", "avg_bekill": "3.10", "avg_kill": "0.57", "gpm": "412", "kda": "1.81", "name": "AG超玩会.兰息", "openid": "81E664DB03C0BABE43713DF96CC8E490", "played": "21", "rating": "5.60", "total_kill": "12", "win_rate": "0.0476", "xpm": "629" },
    { "avg_assist": "3.29", "avg_bekill": "3.33", "avg_kill": "1.57", "gpm": "589", "kda": "1.79", "name": "AG超玩会.梦泪", "openid": "43062C3D029AD48A789256BE11349345", "played": "21", "rating": "5.60", "total_kill": "33", "win_rate": "0.0476", "xpm": "733" },
    { "avg_assist": "2.43", "avg_bekill": "2.95", "avg_kill": "1.90", "gpm": "578", "kda": "1.59", "name": "AG超玩会.小飞", "openid": "B96CFF6A2F97AC052EF0AED4BC7355A7", "played": "21", "rating": "5.60", "total_kill": "40", "win_rate": "0.0476", "xpm": "711" },
    { "avg_assist": "2.90", "avg_bekill": "0.95", "avg_kill": "2.00", "gpm": "557", "kda": "3.95", "name": "AG超玩会.莲", "openid": "7D087DFA4DF74EF74C8311960D51A56E", "played": "20", "rating": "5.60", "total_kill": "40", "win_rate": "0.0500", "xpm": "690" },
    { "avg_assist": "4.67", "avg_bekill": "1.87", "avg_kill": "4.33", "gpm": "643", "kda": "5.47", "name": "DP.维森", "openid": "02145D08169B9D0F0F9DE7933A4B8470", "played": "15", "rating": "5.60", "total_kill": "65", "win_rate": "0.6000", "xpm": "797" },
    { "avg_assist": "5.08", "avg_bekill": "2.92", "avg_kill": "2.23", "gpm": "551", "kda": "3.09", "name": "DVG.天明", "openid": "058506C735A0DBD8A03F11380393C811", "played": "13", "rating": "5.60", "total_kill": "29", "win_rate": "0.4615", "xpm": "735" },
    { "avg_assist": "4.77", "avg_bekill": "2.62", "avg_kill": "1.85", "gpm": "587", "kda": "3.49", "name": "DP.笨笨", "openid": "B7EF489236AC3EEB0DBC5956CF8C2606", "played": "13", "rating": "5.60", "total_kill": "24", "win_rate": "0.5385", "xpm": "812" },
    { "avg_assist": "3.33", "avg_bekill": "3.17", "avg_kill": "2.75", "gpm": "602", "kda": "2.25", "name": "DP.麟羽", "openid": "A30C615EA7B9566AE41FBDCAA4CF16D9", "played": "12", "rating": "5.60", "total_kill": "33", "win_rate": "0.5000", "xpm": "676" },
    { "avg_assist": "5.10", "avg_bekill": "1.60", "avg_kill": "2.40", "gpm": "650", "kda": "5.59", "name": "DP.道尔", "openid": "8A491271360DEC38D65B61BC5936A664", "played": "10", "rating": "5.60", "total_kill": "24", "win_rate": "0.4000", "xpm": "753" },
    { "avg_assist": "5.30", "avg_bekill": "1.70", "avg_kill": "1.70", "gpm": "550", "kda": "5.60", "name": "DVG.伊莱文", "openid": "DA97C708BDBD991102E9A49DFF4D785F", "played": "10", "rating": "5.60", "total_kill": "17", "win_rate": "0.5000", "xpm": "842" },
    { "avg_assist": "0.00", "avg_bekill": "2.00", "avg_kill": "2.00", "gpm": "491", "kda": "1.00", "name": "AG超玩会.染安", "openid": "F98F4B4CA263C53471F43D5A2C50A48F", "played": "1", "rating": "5.60", "total_kill": "2", "win_rate": "0.0000", "xpm": "802" }
]