[{ "ban_heros": "148|186|118|187", "camp": "2", "game_label": "118301", "game_time": "2018-07-16 16:21:25", "is_win": "1", "kill_cnt": "5", "pick_heros": "171|135|199|129|136", "team_id": "21", "team_name": "DVG" },
    { "ban_heros": "140|502|156|141", "camp": "1", "game_label": "118301", "game_time": "2018-07-16 16:21:26", "is_win": "0", "kill_cnt": "4", "pick_heros": "132|154|176|149|126", "team_id": "12", "team_name": "AG超玩会" },
    { "ban_heros": "148|139|118|120", "camp": "2", "game_label": "118302", "game_time": "2018-07-16 16:22:55", "is_win": "1", "kill_cnt": "12", "pick_heros": "502|126|129|189|136", "team_id": "42", "team_name": "RSG" },
    { "ban_heros": "140|186|156|119", "camp": "1", "game_label": "118302", "game_time": "2018-07-16 16:22:56", "is_win": "0", "kill_cnt": "2", "pick_heros": "176|132|144|178|168", "team_id": "46", "team_name": "33常凯瑞" },
    { "ban_heros": "148|140|126|149", "camp": "2", "game_label": "118301", "game_time": "2018-07-16 16:44:54", "is_win": "0", "kill_cnt": "6", "pick_heros": "154|182|132|135|113", "team_id": "12", "team_name": "AG超玩会" },
    { "ban_heros": "186|187|171|168", "camp": "1", "game_label": "118301", "game_time": "2018-07-16 16:44:55", "is_win": "1", "kill_cnt": "14", "pick_heros": "502|141|189|129|120", "team_id": "21", "team_name": "DVG" },
    { "ban_heros": "148|502|118|144", "camp": "2", "game_label": "118302", "game_time": "2018-07-16 16:52:07", "is_win": "0", "kill_cnt": "2", "pick_heros": "186|126|154|136|125", "team_id": "46", "team_name": "33常凯瑞" },
    { "ban_heros": "189|139|199|173", "camp": "1", "game_label": "118302", "game_time": "2018-07-16 16:52:08", "is_win": "1", "kill_cnt": "10", "pick_heros": "176|132|140|171|168", "team_id": "42", "team_name": "RSG" },
    { "ban_heros": "148|140|120|136", "camp": "2", "game_label": "118304", "game_time": "2018-07-16 17:36:59", "is_win": "0", "kill_cnt": "9", "pick_heros": "186|139|173|135|125", "team_id": "49", "team_name": "FTD" },
    { "ban_heros": "132|199|176|191", "camp": "1", "game_label": "118304", "game_time": "2018-07-16 17:37:00", "is_win": "1", "kill_cnt": "13", "pick_heros": "502|189|154|156|126", "team_id": "50", "team_name": "TBG" },
    { "ban_heros": "502|148|125|154", "camp": "2", "game_label": "118303", "game_time": "2018-07-16 17:42:13", "is_win": "1", "kill_cnt": "12", "pick_heros": "176|140|199|171|129", "team_id": "48", "team_name": "DP" },
    { "ban_heros": "186|182|118|135", "camp": "1", "game_label": "118303", "game_time": "2018-07-16 17:42:14", "is_win": "0", "kill_cnt": "12", "pick_heros": "132|168|120|194|124", "team_id": "51", "team_name": "TOPM" },
    { "ban_heros": "502|186|189|168", "camp": "1", "game_label": "118303", "game_time": "2018-07-16 18:18:54", "is_win": "1", "kill_cnt": "5", "pick_heros": "148|132|176|144|126", "team_id": "48", "team_name": "DP" },
    { "ban_heros": "140|139|129|178", "camp": "2", "game_label": "118303", "game_time": "2018-07-16 18:18:54", "is_win": "0", "kill_cnt": "5", "pick_heros": "199|154|125|135|118", "team_id": "51", "team_name": "TOPM" },
    { "ban_heros": "502|148|178|144", "camp": "2", "game_label": "118304", "game_time": "2018-07-16 18:20:17", "is_win": "0", "kill_cnt": "6", "pick_heros": "176|154|118|132|194", "team_id": "50", "team_name": "TBG" },
    { "ban_heros": "140|126|135|123", "camp": "1", "game_label": "118304", "game_time": "2018-07-16 18:20:18", "is_win": "1", "kill_cnt": "11", "pick_heros": "186|139|191|120|199", "team_id": "49", "team_name": "FTD" },
    { "ban_heros": "148|118|178|129", "camp": "2", "game_label": "118304", "game_time": "2018-07-16 18:49:13", "is_win": "0", "kill_cnt": "4", "pick_heros": "186|154|132|135|125", "team_id": "49", "team_name": "FTD" },
    { "ban_heros": "139|140|156|136", "camp": "1", "game_label": "118304", "game_time": "2018-07-16 18:49:13", "is_win": "1", "kill_cnt": "13", "pick_heros": "502|189|176|144|126", "team_id": "50", "team_name": "TBG" },
    { "ban_heros": "140|132|156|182", "camp": "1", "game_label": "118305", "game_time": "2018-07-16 19:05:21", "is_win": "0", "kill_cnt": "3", "pick_heros": "176|173|178|189|144", "team_id": "12", "team_name": "AG超玩会" },
    { "ban_heros": "148|502|118|187", "camp": "2", "game_label": "118305", "game_time": "2018-07-16 19:05:21", "is_win": "1", "kill_cnt": "13", "pick_heros": "199|154|139|171|191", "team_id": "44", "team_name": "Ts" },
    { "ban_heros": "148|140|191|129", "camp": "2", "game_label": "118305", "game_time": "2018-07-16 19:30:57", "is_win": "0", "kill_cnt": "3", "pick_heros": "187|182|154|144|199", "team_id": "12", "team_name": "AG超玩会" },
    { "ban_heros": "186|176|132|125", "camp": "1", "game_label": "118305", "game_time": "2018-07-16 19:30:58", "is_win": "1", "kill_cnt": "14", "pick_heros": "502|139|135|156|189", "team_id": "44", "team_name": "Ts" },
    { "ban_heros": "148|186|154|178", "camp": "2", "game_label": "118306", "game_time": "2018-07-16 19:51:01", "is_win": "1", "kill_cnt": "12", "pick_heros": "140|176|173|135|118", "team_id": "47", "team_name": "JV" },
    { "ban_heros": "199|132|139|171", "camp": "1", "game_label": "118306", "game_time": "2018-07-16 19:51:02", "is_win": "0", "kill_cnt": "6", "pick_heros": "502|182|144|149|189", "team_id": "46", "team_name": "33常凯瑞" },
    { "ban_heros": "186|148|135|154", "camp": "2", "game_label": "118307", "game_time": "2018-07-16 20:18:23", "is_win": "0", "kill_cnt": "6", "pick_heros": "139|144|132|171|141", "team_id": "21", "team_name": "DVG" },
    { "ban_heros": "140|126|189|191", "camp": "1", "game_label": "118307", "game_time": "2018-07-16 20:18:24", "is_win": "1", "kill_cnt": "12", "pick_heros": "502|118|176|178|120", "team_id": "49", "team_name": "FTD" },
    { "ban_heros": "148|144|135|120", "camp": "2", "game_label": "118306", "game_time": "2018-07-16 20:28:30", "is_win": "0", "kill_cnt": "3", "pick_heros": "126|176|132|171|118", "team_id": "46", "team_name": "33常凯瑞" },
    { "ban_heros": "186|140|129|178", "camp": "1", "game_label": "118306", "game_time": "2018-07-16 20:28:32", "is_win": "1", "kill_cnt": "8", "pick_heros": "502|125|154|189|194", "team_id": "47", "team_name": "JV" },
    { "ban_heros": "148|126|129|154", "camp": "2", "game_label": "118307", "game_time": "2018-07-16 20:46:01", "is_win": "1", "kill_cnt": "15", "pick_heros": "140|176|132|120|187", "team_id": "49", "team_name": "FTD" },
    { "ban_heros": "186|139|118|171", "camp": "1", "game_label": "118307", "game_time": "2018-07-16 20:46:03", "is_win": "0", "kill_cnt": "7", "pick_heros": "502|135|189|144|141", "team_id": "21", "team_name": "DVG" },
    { "ban_heros": "502|139|120|135", "camp": "2", "game_label": "118308", "game_time": "2018-07-16 21:09:59", "is_win": "0", "kill_cnt": "5", "pick_heros": "132|154|189|126|182", "team_id": "51", "team_name": "TOPM" },
    { "ban_heros": "186|148|125|156", "camp": "1", "game_label": "118308", "game_time": "2018-07-16 21:10:00", "is_win": "1", "kill_cnt": "14", "pick_heros": "176|118|199|129|194", "team_id": "50", "team_name": "TBG" },
    { "ban_heros": "148|502|135|156", "camp": "2", "game_label": "118308", "game_time": "2018-07-16 21:38:11", "is_win": "1", "kill_cnt": "12", "pick_heros": "154|125|189|139|191", "team_id": "50", "team_name": "TBG" },
    { "ban_heros": "186|176|126|182", "camp": "1", "game_label": "118308", "game_time": "2018-07-16 21:38:11", "is_win": "0", "kill_cnt": "5", "pick_heros": "132|168|120|136|178", "team_id": "51", "team_name": "TOPM" },
    { "ban_heros": "140|132|129|144", "camp": "1", "game_label": "118310", "game_time": "2018-07-17 16:06:46", "is_win": "1", "kill_cnt": "9", "pick_heros": "502|135|189|134|110", "team_id": "47", "team_name": "JV" },
    { "ban_heros": "148|125|139|156", "camp": "2", "game_label": "118310", "game_time": "2018-07-17 16:06:46", "is_win": "0", "kill_cnt": "3", "pick_heros": "186|176|199|154|178", "team_id": "52", "team_name": "WE" },
    { "ban_heros": "186|148|189|118", "camp": "2", "game_label": "118309", "game_time": "2018-07-17 16:14:28", "is_win": "0", "kill_cnt": "4", "pick_heros": "132|139|156|126|144", "team_id": "21", "team_name": "DVG" },
    { "ban_heros": "141|140|187|129", "camp": "1", "game_label": "118309", "game_time": "2018-07-17 16:14:29", "is_win": "1", "kill_cnt": "15", "pick_heros": "502|154|135|136|168", "team_id": "44", "team_name": "Ts" },
    { "ban_heros": "148|502|120|129", "camp": "2", "game_label": "118310", "game_time": "2018-07-17 16:32:05", "is_win": "0", "kill_cnt": "10", "pick_heros": "199|176|171|154|135", "team_id": "47", "team_name": "JV" },
    { "ban_heros": "125|132|139|186", "camp": "1", "game_label": "118310", "game_time": "2018-07-17 16:32:06", "is_win": "1", "kill_cnt": "15", "pick_heros": "140|173|118|126|156", "team_id": "52", "team_name": "WE" },
    { "ban_heros": "189|144|132|126", "camp": "2", "game_label": "118309", "game_time": "2018-07-17 16:45:08", "is_win": "1", "kill_cnt": "10", "pick_heros": "502|140|187|176|118", "team_id": "44", "team_name": "Ts" },
    { "ban_heros": "186|139|182|120", "camp": "1", "game_label": "118309", "game_time": "2018-07-17 16:45:09", "is_win": "0", "kill_cnt": "2", "pick_heros": "148|154|129|168|199", "team_id": "21", "team_name": "DVG" },
    { "ban_heros": "140|132|129|144", "camp": "1", "game_label": "118310", "game_time": "2018-07-17 17:00:33", "is_win": "1", "kill_cnt": "17", "pick_heros": "502|189|135|182|134", "team_id": "47", "team_name": "JV" },
    { "ban_heros": "148|125|139|156", "camp": "2", "game_label": "118310", "game_time": "2018-07-17 17:00:33", "is_win": "0", "kill_cnt": "9", "pick_heros": "186|176|173|154|126", "team_id": "52", "team_name": "WE" },
    { "ban_heros": "148|154|129|126", "camp": "2", "game_label": "118311", "game_time": "2018-07-17 17:26:45", "is_win": "0", "kill_cnt": "4", "pick_heros": "140|118|135|132|136", "team_id": "49", "team_name": "FTD" },
    { "ban_heros": "186|139|199|176", "camp": "1", "game_label": "118311", "game_time": "2018-07-17 17:26:46", "is_win": "1", "kill_cnt": "11", "pick_heros": "502|125|189|178|194", "team_id": "51", "team_name": "TOPM" },
    { "ban_heros": "132|199|196|195", "camp": "1", "game_label": "118312", "game_time": "2018-07-17 17:40:38", "is_win": "1", "kill_cnt": "9", "pick_heros": "176|173|154|171|189", "team_id": "42", "team_name": "RSG" },
    { "ban_heros": "502|148|168|118", "camp": "2", "game_label": "118312", "game_time": "2018-07-17 17:40:38", "is_win": "0", "kill_cnt": "3", "pick_heros": "140|186|182|135|125", "team_id": "48", "team_name": "DP" },
    { "ban_heros": "502|139|176|136", "camp": "2", "game_label": "118311", "game_time": "2018-07-17 17:56:34", "is_win": "0", "kill_cnt": "20", "pick_heros": "199|125|189|154|171", "team_id": "51", "team_name": "TOPM" },
    { "ban_heros": "126|148|194|135", "camp": "1", "game_label": "118311", "game_time": "2018-07-17 17:56:35", "is_win": "1", "kill_cnt": "18", "pick_heros": "140|132|186|120|182", "team_id": "49", "team_name": "FTD" },
    { "ban_heros": "148|176|154|139", "camp": "2", "game_label": "118312", "game_time": "2018-07-17 18:10:43", "is_win": "1", "kill_cnt": "22", "pick_heros": "156|186|129|126|199", "team_id": "42", "team_name": "RSG" },
    { "ban_heros": "502|140|196|173", "camp": "1", "game_label": "118312", "game_time": "2018-07-17 18:10:44", "is_win": "0", "kill_cnt": "23", "pick_heros": "132|182|135|149|189", "team_id": "48", "team_name": "DP" },
    { "ban_heros": "140|176|120|180", "camp": "1", "game_label": "118314", "game_time": "2018-07-17 19:15:57", "is_win": "1", "kill_cnt": "12", "pick_heros": "148|199|154|168|126", "team_id": "50", "team_name": "TBG" },
    { "ban_heros": "139|125|186|171", "camp": "2", "game_label": "118314", "game_time": "2018-07-17 19:15:57", "is_win": "0", "kill_cnt": "3", "pick_heros": "502|189|182|135|134", "team_id": "52", "team_name": "WE" },
    { "ban_heros": "148|125|154|126", "camp": "2", "game_label": "118311", "game_time": "2018-07-17 18:51:43", "is_win": "1", "kill_cnt": "12", "pick_heros": "189|140|132|135|156", "team_id": "49", "team_name": "FTD" },
    { "ban_heros": "186|139|182|136", "camp": "1", "game_label": "118311", "game_time": "2018-07-17 18:51:43", "is_win": "0", "kill_cnt": "11", "pick_heros": "502|176|168|194|129", "team_id": "51", "team_name": "TOPM" },
    { "ban_heros": "140|176|144|129", "camp": "2", "game_label": "118314", "game_time": "2018-07-17 19:41:33", "is_win": "1", "kill_cnt": "16", "pick_heros": "502|154|186|126|191", "team_id": "50", "team_name": "TBG" },
    { "ban_heros": "139|132|182|110", "camp": "1", "game_label": "118314", "game_time": "2018-07-17 19:41:33", "is_win": "0", "kill_cnt": "9", "pick_heros": "148|199|135|178|171", "team_id": "52", "team_name": "WE" },
    { "ban_heros": "148|502|144|134", "camp": "2", "game_label": "118313", "game_time": "2018-07-17 19:59:46", "is_win": "1", "kill_cnt": "17", "pick_heros": "135|176|199|154|126", "team_id": "12", "team_name": "AG超玩会" },
    { "ban_heros": "186|140|129|118", "camp": "1", "game_label": "118313", "game_time": "2018-07-17 19:59:47", "is_win": "0", "kill_cnt": "5", "pick_heros": "132|125|189|120|178", "team_id": "47", "team_name": "JV" },
    { "ban_heros": "140|135|110|182", "camp": "1", "game_label": "118313", "game_time": "2018-07-17 20:25:26", "is_win": "0", "kill_cnt": "1", "pick_heros": "176|171|129|144|173", "team_id": "12", "team_name": "AG超玩会" },
    { "ban_heros": "148|502|132|126", "camp": "2", "game_label": "118313", "game_time": "2018-07-17 20:25:26", "is_win": "1", "kill_cnt": "5", "pick_heros": "186|154|199|125|194", "team_id": "47", "team_name": "JV" },
    { "ban_heros": "148|126|123|118", "camp": "2", "game_label": "118316", "game_time": "2018-07-17 20:33:57", "is_win": "0", "kill_cnt": "1", "pick_heros": "132|139|191|189|144", "team_id": "49", "team_name": "FTD" },
    { "ban_heros": "140|502|135|171", "camp": "1", "game_label": "118316", "game_time": "2018-07-17 20:33:58", "is_win": "1", "kill_cnt": "12", "pick_heros": "176|199|154|120|168", "team_id": "48", "team_name": "DP" },
    { "ban_heros": "148|176|139|144", "camp": "2", "game_label": "118313", "game_time": "2018-07-17 20:50:14", "is_win": "0", "kill_cnt": "8", "pick_heros": "502|135|110|129|178", "team_id": "12", "team_name": "AG超玩会" },
    { "ban_heros": "186|154|126|171", "camp": "1", "game_label": "118313", "game_time": "2018-07-17 20:50:14", "is_win": "1", "kill_cnt": "16", "pick_heros": "140|182|199|134|189", "team_id": "47", "team_name": "JV" },
    { "ban_heros": "140|502|149|178", "camp": "2", "game_label": "118316", "game_time": "2018-07-17 21:29:49", "is_win": "0", "kill_cnt": "8", "pick_heros": "132|186|182|144|129", "team_id": "48", "team_name": "DP" },
    { "ban_heros": "176|189|120|139", "camp": "1", "game_label": "118316", "game_time": "2018-07-17 21:29:49", "is_win": "1", "kill_cnt": "18", "pick_heros": "148|199|154|135|125", "team_id": "49", "team_name": "FTD" },
    { "ban_heros": "140|144|171|168", "camp": "2", "game_label": "118315", "game_time": "2018-07-17 21:37:58", "is_win": "0", "kill_cnt": "22", "pick_heros": "189|148|139|135|199", "team_id": "46", "team_name": "33常凯瑞" },
    { "ban_heros": "186|154|132|125", "camp": "1", "game_label": "118315", "game_time": "2018-07-17 21:37:59", "is_win": "1", "kill_cnt": "26", "pick_heros": "502|156|126|120|187", "team_id": "21", "team_name": "DVG" },
    { "ban_heros": "148|176|120|144", "camp": "2", "game_label": "118316", "game_time": "2018-07-17 22:01:40", "is_win": "0", "kill_cnt": "11", "pick_heros": "139|135|199|189|156", "team_id": "49", "team_name": "FTD" },
    { "ban_heros": "140|502|125|191", "camp": "1", "game_label": "118316", "game_time": "2018-07-17 22:01:41", "is_win": "1", "kill_cnt": "16", "pick_heros": "154|132|182|129|187", "team_id": "48", "team_name": "DP" },
    { "ban_heros": "148|186|189|118", "camp": "2", "game_label": "118315", "game_time": "2018-07-17 22:24:51", "is_win": "1", "kill_cnt": "13", "pick_heros": "171|126|132|144|136", "team_id": "21", "team_name": "DVG" },
    { "ban_heros": "140|139|156|141", "camp": "1", "game_label": "118315", "game_time": "2018-07-17 22:24:52", "is_win": "0", "kill_cnt": "3", "pick_heros": "502|176|129|149|168", "team_id": "46", "team_name": "33常凯瑞" },
    { "ban_heros": "148|502|136|118", "camp": "2", "game_label": "118317", "game_time": "2018-07-18 16:15:27", "is_win": "0", "kill_cnt": "3", "pick_heros": "132|154|110|186|144", "team_id": "48", "team_name": "DP" },
    { "ban_heros": "182|176|129|113", "camp": "1", "game_label": "118317", "game_time": "2018-07-18 16:15:27", "is_win": "1", "kill_cnt": "16", "pick_heros": "140|199|135|120|156", "team_id": "52", "team_name": "WE" },
    { "ban_heros": "148|118|189|126", "camp": "2", "game_label": "118318", "game_time": "2018-07-18 16:11:40", "is_win": "1", "kill_cnt": "11", "pick_heros": "176|139|132|135|144", "team_id": "50", "team_name": "TBG" },
    { "ban_heros": "186|154|191|168", "camp": "1", "game_label": "118318", "game_time": "2018-07-18 16:11:41", "is_win": "0", "kill_cnt": "6", "pick_heros": "502|171|140|120|182", "team_id": "42", "team_name": "RSG" },
    { "ban_heros": "148|154|132|189", "camp": "2", "game_label": "118318", "game_time": "2018-07-18 16:43:39", "is_win": "0", "kill_cnt": "13", "pick_heros": "502|186|129|194|119", "team_id": "42", "team_name": "RSG" },
    { "ban_heros": "171|118|136|126", "camp": "1", "game_label": "118318", "game_time": "2018-07-18 16:43:40", "is_win": "1", "kill_cnt": "14", "pick_heros": "176|139|135|199|168", "team_id": "50", "team_name": "TBG" },
    { "ban_heros": "140|502|156|136", "camp": "1", "game_label": "118317", "game_time": "2018-07-18 16:46:05", "is_win": "0", "kill_cnt": "12", "pick_heros": "176|120|132|129|168", "team_id": "48", "team_name": "DP" },
    { "ban_heros": "182|148|186|171", "camp": "2", "game_label": "118317", "game_time": "2018-07-18 16:46:05", "is_win": "1", "kill_cnt": "16", "pick_heros": "118|154|173|135|141", "team_id": "52", "team_name": "WE" },
    { "ban_heros": "140|502|139|144", "camp": "2", "game_label": "118320", "game_time": "2018-07-18 17:15:09", "is_win": "0", "kill_cnt": "2", "pick_heros": "186|129|199|120|182", "team_id": "51", "team_name": "TOPM" },
    { "ban_heros": "125|189|176|136", "camp": "1", "game_label": "118320", "game_time": "2018-07-18 17:15:10", "is_win": "1", "kill_cnt": "8", "pick_heros": "148|132|154|126|135", "team_id": "44", "team_name": "Ts" },
    { "ban_heros": "125|144|120|136", "camp": "2", "game_label": "118320", "game_time": "2018-07-18 17:42:39", "is_win": "1", "kill_cnt": "11", "pick_heros": "148|189|139|135|132", "team_id": "44", "team_name": "Ts" },
    { "ban_heros": "140|186|199|173", "camp": "1", "game_label": "118320", "game_time": "2018-07-18 17:42:39", "is_win": "0", "kill_cnt": "3", "pick_heros": "502|168|154|171|176", "team_id": "51", "team_name": "TOPM" },
    { "ban_heros": "148|502|189|187", "camp": "2", "game_label": "118319", "game_time": "2018-07-18 17:39:06", "is_win": "0", "kill_cnt": "2", "pick_heros": "132|144|171|129|141", "team_id": "21", "team_name": "DVG" },
    { "ban_heros": "186|140|156|176", "camp": "1", "game_label": "118319", "game_time": "2018-07-18 17:39:07", "is_win": "1", "kill_cnt": "17", "pick_heros": "135|125|199|154|118", "team_id": "47", "team_name": "JV" },
    { "ban_heros": "199|132|187|118", "camp": "1", "game_label": "118322", "game_time": "2018-07-18 18:16:06", "is_win": "0", "kill_cnt": "4", "pick_heros": "502|189|144|119|154", "team_id": "46", "team_name": "33常凯瑞" },
    { "ban_heros": "148|182|136|156", "camp": "2", "game_label": "118322", "game_time": "2018-07-18 18:16:06", "is_win": "1", "kill_cnt": "16", "pick_heros": "140|176|173|135|168", "team_id": "48", "team_name": "DP" },
    { "ban_heros": "148|186|129|120", "camp": "2", "game_label": "118319", "game_time": "2018-07-18 18:20:37", "is_win": "1", "kill_cnt": "17", "pick_heros": "502|189|182|171|139", "team_id": "47", "team_name": "JV" },
    { "ban_heros": "125|135|134|154", "camp": "1", "game_label": "118319", "game_time": "2018-07-18 18:20:38", "is_win": "0", "kill_cnt": "14", "pick_heros": "140|132|176|126|168", "team_id": "21", "team_name": "DVG" },
    { "ban_heros": "176|140|199|173", "camp": "2", "game_label": "118322", "game_time": "2018-07-18 18:43:51", "is_win": "1", "kill_cnt": "12", "pick_heros": "502|189|136|135|178", "team_id": "46", "team_name": "33常凯瑞" },
    { "ban_heros": "182|154|120|144", "camp": "1", "game_label": "118322", "game_time": "2018-07-18 18:43:52", "is_win": "0", "kill_cnt": "5", "pick_heros": "148|126|139|132|171", "team_id": "48", "team_name": "DP" },
    { "ban_heros": "125|139|144|129", "camp": "2", "game_label": "118321", "game_time": "2018-07-18 19:09:47", "is_win": "0", "kill_cnt": "7", "pick_heros": "140|135|173|110|113", "team_id": "52", "team_name": "WE" },
    { "ban_heros": "502|182|176|156", "camp": "1", "game_label": "118321", "game_time": "2018-07-18 19:09:48", "is_win": "1", "kill_cnt": "12", "pick_heros": "148|132|154|120|189", "team_id": "49", "team_name": "FTD" },
    { "ban_heros": "148|502|173|125", "camp": "2", "game_label": "118322", "game_time": "2018-07-18 19:32:12", "is_win": "1", "kill_cnt": "17", "pick_heros": "154|189|199|149|110", "team_id": "48", "team_name": "DP" },
    { "ban_heros": "140|176|135|120", "camp": "1", "game_label": "118322", "game_time": "2018-07-18 19:32:14", "is_win": "0", "kill_cnt": "12", "pick_heros": "182|139|126|132|186", "team_id": "46", "team_name": "33常凯瑞" },
    { "ban_heros": "148|118|156|182", "camp": "2", "game_label": "118321", "game_time": "2018-07-18 19:46:56", "is_win": "0", "kill_cnt": "10", "pick_heros": "140|176|132|189|120", "team_id": "49", "team_name": "FTD" },
    { "ban_heros": "139|125|186|187", "camp": "1", "game_label": "118321", "game_time": "2018-07-18 19:46:58", "is_win": "1", "kill_cnt": "14", "pick_heros": "502|135|154|141|149", "team_id": "52", "team_name": "WE" },
    { "ban_heros": "135|148|149|132", "camp": "1", "game_label": "118321", "game_time": "2018-07-18 20:23:01", "is_win": "0", "kill_cnt": "9", "pick_heros": "502|154|176|171|189", "team_id": "49", "team_name": "FTD" },
    { "ban_heros": "139|125|187|186", "camp": "2", "game_label": "118321", "game_time": "2018-07-18 20:23:01", "is_win": "1", "kill_cnt": "16", "pick_heros": "140|118|141|173|126", "team_id": "52", "team_name": "WE" },
    { "ban_heros": "125|186|129|144", "camp": "1", "game_label": "118324", "game_time": "2018-07-18 20:43:49", "is_win": "0", "kill_cnt": "8", "pick_heros": "502|154|135|136|168", "team_id": "44", "team_name": "Ts" },
    { "ban_heros": "148|139|191|156", "camp": "2", "game_label": "118324", "game_time": "2018-07-18 20:43:49", "is_win": "1", "kill_cnt": "19", "pick_heros": "140|189|132|176|171", "team_id": "47", "team_name": "JV" },
    { "ban_heros": "125|144|176|171", "camp": "2", "game_label": "118324", "game_time": "2018-07-18 21:14:47", "is_win": "1", "kill_cnt": "14", "pick_heros": "502|139|189|120|106", "team_id": "44", "team_name": "Ts" },
    { "ban_heros": "186|140|156|191", "camp": "1", "game_label": "118324", "game_time": "2018-07-18 21:14:48", "is_win": "0", "kill_cnt": "4", "pick_heros": "148|154|199|135|168", "team_id": "47", "team_name": "JV" },
    { "ban_heros": "176|140|129|134", "camp": "2", "game_label": "118323", "game_time": "2018-07-18 21:14:35", "is_win": "1", "kill_cnt": "13", "pick_heros": "186|154|132|135|110", "team_id": "50", "team_name": "TBG" },
    { "ban_heros": "502|139|136|191", "camp": "1", "game_label": "118323", "game_time": "2018-07-18 21:14:36", "is_win": "0", "kill_cnt": "5", "pick_heros": "148|126|144|182|125", "team_id": "12", "team_name": "AG超玩会" },
    { "ban_heros": "148|502|186|191", "camp": "2", "game_label": "118324", "game_time": "2018-07-18 21:39:16", "is_win": "0", "kill_cnt": "9", "pick_heros": "135|154|199|189|136", "team_id": "47", "team_name": "JV" },
    { "ban_heros": "125|140|176|182", "camp": "1", "game_label": "118324", "game_time": "2018-07-18 21:39:17", "is_win": "1", "kill_cnt": "12", "pick_heros": "139|132|126|156|171", "team_id": "44", "team_name": "Ts" },
    { "ban_heros": "148|139|135|191", "camp": "2", "game_label": "118323", "game_time": "2018-07-18 21:49:36", "is_win": "0", "kill_cnt": "8", "pick_heros": "154|189|134|182|178", "team_id": "12", "team_name": "AG超玩会" },
    { "ban_heros": "176|140|125|136", "camp": "1", "game_label": "118323", "game_time": "2018-07-18 21:49:37", "is_win": "1", "kill_cnt": "20", "pick_heros": "502|186|129|156|126", "team_id": "50", "team_name": "TBG" },
    { "ban_heros": "148|502|136|106", "camp": "2", "game_label": "118325", "game_time": "2018-07-19 16:12:09", "is_win": "0", "kill_cnt": "1", "pick_heros": "135|118|125|178|196", "team_id": "49", "team_name": "FTD" },
    { "ban_heros": "139|154|129|199", "camp": "1", "game_label": "118325", "game_time": "2018-07-19 16:12:10", "is_win": "1", "kill_cnt": "6", "pick_heros": "140|132|189|126|182", "team_id": "44", "team_name": "Ts" },
    { "ban_heros": "182|189|129|144", "camp": "2", "game_label": "118326", "game_time": "2018-07-19 16:10:41", "is_win": "0", "kill_cnt": "9", "pick_heros": "139|148|135|154|199", "team_id": "51", "team_name": "TOPM" },
    { "ban_heros": "125|126|132|173", "camp": "1", "game_label": "118326", "game_time": "2018-07-19 16:10:42", "is_win": "1", "kill_cnt": "10", "pick_heros": "502|176|186|120|178", "team_id": "46", "team_name": "33常凯瑞" },
    { "ban_heros": "148|502|182|129", "camp": "2", "game_label": "118325", "game_time": "2018-07-19 16:37:06", "is_win": "0", "kill_cnt": "6", "pick_heros": "154|139|199|171|504", "team_id": "44", "team_name": "Ts" },
    { "ban_heros": "140|186|191|118", "camp": "1", "game_label": "118325", "game_time": "2018-07-19 16:37:07", "is_win": "1", "kill_cnt": "9", "pick_heros": "135|132|187|178|176", "team_id": "49", "team_name": "FTD" },
    { "ban_heros": "125|186|194|126", "camp": "2", "game_label": "118326", "game_time": "2018-07-19 16:42:26", "is_win": "1", "kill_cnt": "9", "pick_heros": "135|176|154|118|199", "team_id": "46", "team_name": "33常凯瑞" },
    { "ban_heros": "182|148|132|168", "camp": "1", "game_label": "118326", "game_time": "2018-07-19 16:42:27", "is_win": "0", "kill_cnt": "1", "pick_heros": "502|139|189|110|129", "team_id": "51", "team_name": "TOPM" },
    { "ban_heros": "132|199|120|126", "camp": "1", "game_label": "118325", "game_time": "2018-07-19 17:02:45", "is_win": "1", "kill_cnt": "9", "pick_heros": "502|139|135|176|118", "team_id": "44", "team_name": "Ts" },
    { "ban_heros": "148|154|191|149", "camp": "2", "game_label": "118325", "game_time": "2018-07-19 17:02:45", "is_win": "0", "kill_cnt": "8", "pick_heros": "140|186|173|129|156", "team_id": "49", "team_name": "FTD" },
    { "ban_heros": "148|502|191|126", "camp": "2", "game_label": "118328", "game_time": "2018-07-19 17:20:10", "is_win": "1", "kill_cnt": "14", "pick_heros": "157|140|186|134|195", "team_id": "47", "team_name": "JV" },
    { "ban_heros": "132|199|135|144", "camp": "1", "game_label": "118328", "game_time": "2018-07-19 17:20:11", "is_win": "0", "kill_cnt": "3", "pick_heros": "125|139|189|154|182", "team_id": "50", "team_name": "TBG" },
    { "ban_heros": "140|125|144|134", "camp": "2", "game_label": "118328", "game_time": "2018-07-19 17:43:16", "is_win": "0", "kill_cnt": "2", "pick_heros": "135|176|132|129|168", "team_id": "50", "team_name": "TBG" },
    { "ban_heros": "139|148|186|154", "camp": "1", "game_label": "118328", "game_time": "2018-07-19 17:43:17", "is_win": "1", "kill_cnt": "10", "pick_heros": "502|182|189|194|187", "team_id": "47", "team_name": "JV" },
    { "ban_heros": "176|148|132|199", "camp": "1", "game_label": "118327", "game_time": "2018-07-19 18:04:25", "is_win": "1", "kill_cnt": "15", "pick_heros": "502|140|156|120|189", "team_id": "21", "team_name": "DVG" },
    { "ban_heros": "0|0|0|0", "camp": "2", "game_label": "118327", "game_time": "2018-07-19 18:04:25", "is_win": "0", "kill_cnt": "8", "pick_heros": "135|118|182|154|173", "team_id": "48", "team_name": "DP" },
    { "ban_heros": "118|148|141|132", "camp": "1", "game_label": "118330", "game_time": "2018-07-19 18:15:54", "is_win": "1", "kill_cnt": "15", "pick_heros": "502|129|189|120|106", "team_id": "44", "team_name": "Ts" },
    { "ban_heros": "139|154|182|136", "camp": "2", "game_label": "118330", "game_time": "2018-07-19 18:15:54", "is_win": "0", "kill_cnt": "13", "pick_heros": "140|135|186|156|173", "team_id": "52", "team_name": "WE" },
    { "ban_heros": "176|182|144|154", "camp": "2", "game_label": "118327", "game_time": "2018-07-19 18:47:44", "is_win": "0", "kill_cnt": "10", "pick_heros": "132|126|136|135|139", "team_id": "21", "team_name": "DVG" },
    { "ban_heros": "140|148|171|120", "camp": "1", "game_label": "118327", "game_time": "2018-07-19 18:47:45", "is_win": "1", "kill_cnt": "12", "pick_heros": "502|156|189|178|129", "team_id": "48", "team_name": "DP" },
    { "ban_heros": "144|140|132|173", "camp": "2", "game_label": "118330", "game_time": "2018-07-19 18:46:46", "is_win": "1", "kill_cnt": "17", "pick_heros": "502|154|156|187|120", "team_id": "44", "team_name": "Ts" },
    { "ban_heros": "139|189|186|118", "camp": "1", "game_label": "118330", "game_time": "2018-07-19 18:46:47", "is_win": "0", "kill_cnt": "8", "pick_heros": "148|135|129|182|199", "team_id": "52", "team_name": "WE" },
    { "ban_heros": "140|189|129|135", "camp": "2", "game_label": "118327", "game_time": "2018-07-19 19:16:43", "is_win": "0", "kill_cnt": "12", "pick_heros": "154|148|120|168|173", "team_id": "48", "team_name": "DP" },
    { "ban_heros": "182|176|132|186", "camp": "1", "game_label": "118327", "game_time": "2018-07-19 19:16:44", "is_win": "1", "kill_cnt": "15", "pick_heros": "502|187|156|139|178", "team_id": "21", "team_name": "DVG" },
    { "ban_heros": "125|186|135|134", "camp": "1", "game_label": "118332", "game_time": "2018-07-19 19:32:42", "is_win": "1", "kill_cnt": "21", "pick_heros": "176|189|171|154|173", "team_id": "42", "team_name": "RSG" },
    { "ban_heros": "148|502|199|196", "camp": "2", "game_label": "118332", "game_time": "2018-07-19 19:32:42", "is_win": "0", "kill_cnt": "5", "pick_heros": "132|140|182|126|187", "team_id": "47", "team_name": "JV" },
    { "ban_heros": "125|186|134|139", "camp": "2", "game_label": "118332", "game_time": "2018-07-19 20:02:33", "is_win": "0", "kill_cnt": "7", "pick_heros": "189|176|154|171|173", "team_id": "42", "team_name": "RSG" },
    { "ban_heros": "140|148|199|132", "camp": "1", "game_label": "118332", "game_time": "2018-07-19 20:02:33", "is_win": "1", "kill_cnt": "9", "pick_heros": "502|182|135|129|118", "team_id": "47", "team_name": "JV" },
    { "ban_heros": "140|154|171|126", "camp": "2", "game_label": "118329", "game_time": "2018-07-19 20:01:00", "is_win": "1", "kill_cnt": "9", "pick_heros": "148|189|139|135|132", "team_id": "46", "team_name": "33常凯瑞" },
    { "ban_heros": "129|186|144|120", "camp": "1", "game_label": "118329", "game_time": "2018-07-19 20:01:02", "is_win": "0", "kill_cnt": "11", "pick_heros": "502|178|182|149|168", "team_id": "12", "team_name": "AG超玩会" },
    { "ban_heros": "125|186|135|134", "camp": "1", "game_label": "118332", "game_time": "2018-07-19 20:28:53", "is_win": "0", "kill_cnt": "6", "pick_heros": "176|171|154|199|168", "team_id": "42", "team_name": "RSG" },
    { "ban_heros": "148|502|126|118", "camp": "2", "game_label": "118332", "game_time": "2018-07-19 20:28:53", "is_win": "1", "kill_cnt": "10", "pick_heros": "140|189|110|132|139", "team_id": "47", "team_name": "JV" },
    { "ban_heros": "148|502|129|132", "camp": "2", "game_label": "118329", "game_time": "2018-07-19 20:43:30", "is_win": "0", "kill_cnt": "9", "pick_heros": "154|176|199|126|189", "team_id": "12", "team_name": "AG超玩会" },
    { "ban_heros": "140|135|139|144", "camp": "1", "game_label": "118329", "game_time": "2018-07-19 20:43:31", "is_win": "1", "kill_cnt": "20", "pick_heros": "186|182|120|125|178", "team_id": "46", "team_name": "33常凯瑞" },
    { "ban_heros": "186|154|176|156", "camp": "2", "game_label": "118331", "game_time": "2018-07-19 21:35:11", "is_win": "1", "kill_cnt": "8", "pick_heros": "148|139|132|129|135", "team_id": "21", "team_name": "DVG" },
    { "ban_heros": "140|144|171|187", "camp": "1", "game_label": "118331", "game_time": "2018-07-19 21:35:12", "is_win": "0", "kill_cnt": "8", "pick_heros": "502|189|126|194|182", "team_id": "50", "team_name": "TBG" },
    { "ban_heros": "186|154|171|187", "camp": "1", "game_label": "118331", "game_time": "2018-07-19 22:08:04", "is_win": "1", "kill_cnt": "13", "pick_heros": "502|189|176|178|120", "team_id": "21", "team_name": "DVG" },
    { "ban_heros": "140|144|129|126", "camp": "2", "game_label": "118331", "game_time": "2018-07-19 22:08:04", "is_win": "0", "kill_cnt": "1", "pick_heros": "139|148|132|135|168", "team_id": "50", "team_name": "TBG" },
    { "ban_heros": "502|139|154|178", "camp": "2", "game_label": "118334", "game_time": "2018-07-20 16:10:20", "is_win": "1", "kill_cnt": "16", "pick_heros": "189|140|199|120|176", "team_id": "47", "team_name": "JV" },
    { "ban_heros": "148|186|182|136", "camp": "1", "game_label": "118334", "game_time": "2018-07-20 16:10:20", "is_win": "0", "kill_cnt": "7", "pick_heros": "125|132|135|168|129", "team_id": "51", "team_name": "TOPM" },
    { "ban_heros": "148|139|118|156", "camp": "2", "game_label": "118333", "game_time": "2018-07-20 16:11:56", "is_win": "0", "kill_cnt": "3", "pick_heros": "140|189|126|182|199", "team_id": "42", "team_name": "RSG" },
    { "ban_heros": "176|186|173|132", "camp": "1", "game_label": "118333", "game_time": "2018-07-20 16:11:57", "is_win": "1", "kill_cnt": "10", "pick_heros": "502|154|171|135|106", "team_id": "44", "team_name": "Ts" },
    { "ban_heros": "502|148|144|140", "camp": "2", "game_label": "118334", "game_time": "2018-07-20 16:39:20", "is_win": "0", "kill_cnt": "2", "pick_heros": "186|154|199|120|176", "team_id": "51", "team_name": "TOPM" },
    { "ban_heros": "189|139|182|136", "camp": "1", "game_label": "118334", "game_time": "2018-07-20 16:39:21", "is_win": "1", "kill_cnt": "10", "pick_heros": "125|135|132|134|171", "team_id": "47", "team_name": "JV" },
    { "ban_heros": "148|502|173|186", "camp": "2", "game_label": "118333", "game_time": "2018-07-20 16:41:49", "is_win": "1", "kill_cnt": "9", "pick_heros": "189|154|126|132|504", "team_id": "44", "team_name": "Ts" },
    { "ban_heros": "139|140|136|156", "camp": "1", "game_label": "118333", "game_time": "2018-07-20 16:41:50", "is_win": "0", "kill_cnt": "2", "pick_heros": "176|171|129|196|168", "team_id": "42", "team_name": "RSG" },
    { "ban_heros": "0|0|0|0", "camp": "1", "game_label": "118336", "game_time": "2018-07-20 17:13:47", "is_win": "1", "kill_cnt": "25", "pick_heros": "502|182|135|178|187", "team_id": "48", "team_name": "DP" },
    { "ban_heros": "176|148|189|120", "camp": "2", "game_label": "118336", "game_time": "2018-07-20 17:13:47", "is_win": "0", "kill_cnt": "15", "pick_heros": "186|154|199|139|191", "team_id": "50", "team_name": "TBG" },
    { "ban_heros": "502|148|173|132", "camp": "2", "game_label": "118336", "game_time": "2018-07-20 17:53:27", "is_win": "0", "kill_cnt": "4", "pick_heros": "154|182|199|135|189", "team_id": "48", "team_name": "DP" },
    { "ban_heros": "176|178|120|187", "camp": "1", "game_label": "118336", "game_time": "2018-07-20 17:53:27", "is_win": "1", "kill_cnt": "13", "pick_heros": "186|139|191|195|126", "team_id": "50", "team_name": "TBG" },
    { "ban_heros": "182|178|132|199", "camp": "2", "game_label": "118335", "game_time": "2018-07-20 17:27:55", "is_win": "1", "kill_cnt": "29", "pick_heros": "502|154|135|149|141", "team_id": "52", "team_name": "WE" },
    { "ban_heros": "140|118|136|156", "camp": "1", "game_label": "118335", "game_time": "2018-07-20 17:27:56", "is_win": "0", "kill_cnt": "27", "pick_heros": "148|186|144|139|173", "team_id": "12", "team_name": "AG超玩会" },
    { "ban_heros": "176|178|120|129", "camp": "2", "game_label": "118336", "game_time": "2018-07-20 18:19:31", "is_win": "0", "kill_cnt": "6", "pick_heros": "139|148|186|135|132", "team_id": "50", "team_name": "TBG" },
    { "ban_heros": "191|154|195|199", "camp": "1", "game_label": "118336", "game_time": "2018-07-20 18:19:32", "is_win": "1", "kill_cnt": "9", "pick_heros": "502|182|189|180|126", "team_id": "48", "team_name": "DP" },
    { "ban_heros": "148|502|129|120", "camp": "2", "game_label": "118335", "game_time": "2018-07-20 18:39:50", "is_win": "0", "kill_cnt": "2", "pick_heros": "186|176|199|135|134", "team_id": "12", "team_name": "AG超玩会" },
    { "ban_heros": "182|154|139|178", "camp": "1", "game_label": "118335", "game_time": "2018-07-20 18:39:51", "is_win": "1", "kill_cnt": "13", "pick_heros": "140|132|156|118|126", "team_id": "52", "team_name": "WE" },
    { "ban_heros": "502|148|171|139", "camp": "2", "game_label": "118338", "game_time": "2018-07-20 18:57:16", "is_win": "0", "kill_cnt": "9", "pick_heros": "135|189|182|178|196", "team_id": "46", "team_name": "33常凯瑞" },
    { "ban_heros": "176|186|199|125", "camp": "1", "game_label": "118338", "game_time": "2018-07-20 18:57:18", "is_win": "1", "kill_cnt": "5", "pick_heros": "154|132|126|110|129", "team_id": "44", "team_name": "Ts" },
    { "ban_heros": "125|502|118|135", "camp": "2", "game_label": "118337", "game_time": "2018-07-20 19:24:29", "is_win": "0", "kill_cnt": "24", "pick_heros": "132|126|187|178|182", "team_id": "21", "team_name": "DVG" },
    { "ban_heros": "140|148|141|129", "camp": "1", "game_label": "118337", "game_time": "2018-07-20 19:24:30", "is_win": "1", "kill_cnt": "32", "pick_heros": "176|154|199|194|189", "team_id": "51", "team_name": "TOPM" },
    { "ban_heros": "144|186|132|196", "camp": "2", "game_label": "118338", "game_time": "2018-07-20 19:35:27", "is_win": "0", "kill_cnt": "13", "pick_heros": "502|189|129|178|136", "team_id": "44", "team_name": "Ts" },
    { "ban_heros": "139|140|120|126", "camp": "1", "game_label": "118338", "game_time": "2018-07-20 19:35:28", "is_win": "1", "kill_cnt": "14", "pick_heros": "148|135|154|125|176", "team_id": "46", "team_name": "33常凯瑞" },
    { "ban_heros": "148|502|120|186", "camp": "2", "game_label": "118338", "game_time": "2018-07-20 20:08:23", "is_win": "0", "kill_cnt": "8", "pick_heros": "126|189|182|139|173", "team_id": "46", "team_name": "33常凯瑞" },
    { "ban_heros": "176|135|125|196", "camp": "1", "game_label": "118338", "game_time": "2018-07-20 20:08:24", "is_win": "1", "kill_cnt": "17", "pick_heros": "154|132|140|156|171", "team_id": "44", "team_name": "Ts" },
    { "ban_heros": "140|144|168|118", "camp": "2", "game_label": "118337", "game_time": "2018-07-20 20:10:08", "is_win": "0", "kill_cnt": "10", "pick_heros": "186|148|132|178|126", "team_id": "51", "team_name": "TOPM" },
    { "ban_heros": "189|125|154|135", "camp": "1", "game_label": "118337", "game_time": "2018-07-20 20:10:09", "is_win": "1", "kill_cnt": "7", "pick_heros": "502|120|176|139|171", "team_id": "21", "team_name": "DVG" },
    { "ban_heros": "502|129|173|171", "camp": "2", "game_label": "118340", "game_time": "2018-07-20 20:52:25", "is_win": "1", "kill_cnt": "13", "pick_heros": "154|189|156|196|120", "team_id": "52", "team_name": "WE" },
    { "ban_heros": "186|140|132|199", "camp": "1", "game_label": "118340", "game_time": "2018-07-20 20:52:28", "is_win": "0", "kill_cnt": "7", "pick_heros": "148|146|144|178|126", "team_id": "42", "team_name": "RSG" },
    { "ban_heros": "125|502|148|156", "camp": "2", "game_label": "118337", "game_time": "2018-07-20 20:46:39", "is_win": "1", "kill_cnt": "14", "pick_heros": "132|120|176|139|118", "team_id": "21", "team_name": "DVG" },
    { "ban_heros": "140|186|129|178", "camp": "1", "game_label": "118337", "game_time": "2018-07-20 20:46:39", "is_win": "0", "kill_cnt": "6", "pick_heros": "189|199|154|504|194", "team_id": "51", "team_name": "TOPM" },
    { "ban_heros": "140|148|129|189", "camp": "1", "game_label": "118339", "game_time": "2018-07-20 21:35:04", "is_win": "0", "kill_cnt": "4", "pick_heros": "186|132|178|136|126", "team_id": "12", "team_name": "AG超玩会" },
    { "ban_heros": "182|502|156|139", "camp": "2", "game_label": "118339", "game_time": "2018-07-20 21:35:04", "is_win": "1", "kill_cnt": "13", "pick_heros": "154|176|199|135|118", "team_id": "49", "team_name": "FTD" },
    { "ban_heros": "186|148|168|118", "camp": "2", "game_label": "118340", "game_time": "2018-07-20 21:20:46", "is_win": "0", "kill_cnt": "14", "pick_heros": "140|189|171|132|136", "team_id": "42", "team_name": "RSG" },
    { "ban_heros": "176|129|182|173", "camp": "1", "game_label": "118340", "game_time": "2018-07-20 21:20:48", "is_win": "1", "kill_cnt": "6", "pick_heros": "502|154|126|156|120", "team_id": "52", "team_name": "WE" },
    { "ban_heros": "148|502|120|156", "camp": "2", "game_label": "118339", "game_time": "2018-07-20 22:00:29", "is_win": "0", "kill_cnt": "4", "pick_heros": "135|154|199|126|125", "team_id": "12", "team_name": "AG超玩会" },
    { "ban_heros": "182|140|118|189", "camp": "1", "game_label": "118339", "game_time": "2018-07-20 22:00:29", "is_win": "1", "kill_cnt": "17", "pick_heros": "186|132|139|123|191", "team_id": "49", "team_name": "FTD" },
    { "ban_heros": "140|502|129|139", "camp": "2", "game_label": "118342", "game_time": "2018-07-21 16:07:46", "is_win": "1", "kill_cnt": "19", "pick_heros": "154|189|136|144|199", "team_id": "46", "team_name": "33常凯瑞" },
    { "ban_heros": "135|182|196|173", "camp": "1", "game_label": "118342", "game_time": "2018-07-21 16:07:47", "is_win": "0", "kill_cnt": "11", "pick_heros": "148|132|126|178|125", "team_id": "49", "team_name": "FTD" },
    { "ban_heros": "140|154|176|156", "camp": "2", "game_label": "118341", "game_time": "2018-07-21 16:12:24", "is_win": "0", "kill_cnt": "1", "pick_heros": "189|148|178|173|144", "team_id": "51", "team_name": "TOPM" },
    { "ban_heros": "125|139|132|199", "camp": "1", "game_label": "118341", "game_time": "2018-07-21 16:12:25", "is_win": "1", "kill_cnt": "18", "pick_heros": "502|120|126|135|182", "team_id": "52", "team_name": "WE" },
    { "ban_heros": "148|502|129|125", "camp": "2", "game_label": "118342", "game_time": "2018-07-21 16:44:17", "is_win": "0", "kill_cnt": "2", "pick_heros": "176|154|132|120|168", "team_id": "49", "team_name": "FTD" },
    { "ban_heros": "140|139|189|118", "camp": "1", "game_label": "118342", "game_time": "2018-07-21 16:44:18", "is_win": "1", "kill_cnt": "12", "pick_heros": "186|182|135|196|178", "team_id": "46", "team_name": "33常凯瑞" },
    { "ban_heros": "125|139|156|182", "camp": "2", "game_label": "118341", "game_time": "2018-07-21 16:52:17", "is_win": "1", "kill_cnt": "12", "pick_heros": "148|189|132|120|134", "team_id": "52", "team_name": "WE" },
    { "ban_heros": "140|154|144|126", "camp": "1", "game_label": "118341", "game_time": "2018-07-21 16:52:18", "is_win": "0", "kill_cnt": "4", "pick_heros": "502|135|186|136|178", "team_id": "51", "team_name": "TOPM" },
    { "ban_heros": "125|502|186|120", "camp": "2", "game_label": "118344", "game_time": "2018-07-21 17:25:48", "is_win": "0", "kill_cnt": "7", "pick_heros": "135|189|132|178|136", "team_id": "48", "team_name": "DP" },
    { "ban_heros": "176|182|156|154", "camp": "1", "game_label": "118344", "game_time": "2018-07-21 17:25:49", "is_win": "1", "kill_cnt": "11", "pick_heros": "148|140|199|139|171", "team_id": "47", "team_name": "JV" },
    { "ban_heros": "140|186|126|120", "camp": "1", "game_label": "118343", "game_time": "2018-07-21 17:32:49", "is_win": "0", "kill_cnt": "0", "pick_heros": "154|135|199|110|168", "team_id": "12", "team_name": "AG超玩会" },
    { "ban_heros": "148|502|182|156", "camp": "2", "game_label": "118343", "game_time": "2018-07-21 17:32:49", "is_win": "1", "kill_cnt": "5", "pick_heros": "176|189|129|171|132", "team_id": "42", "team_name": "RSG" },
    { "ban_heros": "148|502|139|129", "camp": "2", "game_label": "118344", "game_time": "2018-07-21 17:52:57", "is_win": "0", "kill_cnt": "3", "pick_heros": "135|189|182|178|132", "team_id": "47", "team_name": "JV" },
    { "ban_heros": "140|125|154|134", "camp": "1", "game_label": "118344", "game_time": "2018-07-21 17:52:57", "is_win": "1", "kill_cnt": "9", "pick_heros": "176|118|199|126|120", "team_id": "48", "team_name": "DP" },
    { "ban_heros": "148|129|156|182", "camp": "2", "game_label": "118343", "game_time": "2018-07-21 18:03:10", "is_win": "0", "kill_cnt": "12", "pick_heros": "140|176|132|178|194", "team_id": "12", "team_name": "AG超玩会" },
    { "ban_heros": "186|135|189|118", "camp": "1", "game_label": "118343", "game_time": "2018-07-21 18:03:11", "is_win": "1", "kill_cnt": "13", "pick_heros": "502|126|154|168|119", "team_id": "42", "team_name": "RSG" },
    { "ban_heros": "125|140|186|134", "camp": "2", "game_label": "118344", "game_time": "2018-07-21 18:18:40", "is_win": "1", "kill_cnt": "14", "pick_heros": "502|189|135|154|136", "team_id": "48", "team_name": "DP" },
    { "ban_heros": "176|182|156|110", "camp": "1", "game_label": "118344", "game_time": "2018-07-21 18:18:41", "is_win": "0", "kill_cnt": "2", "pick_heros": "148|139|132|171|129", "team_id": "47", "team_name": "JV" },
    { "ban_heros": "186|118|199|132", "camp": "1", "game_label": "118345", "game_time": "2018-07-21 18:51:29", "is_win": "0", "kill_cnt": "2", "pick_heros": "502|140|189|176|135", "team_id": "21", "team_name": "DVG" },
    { "ban_heros": "139|156|182|144", "camp": "2", "game_label": "118345", "game_time": "2018-07-21 18:51:29", "is_win": "1", "kill_cnt": "14", "pick_heros": "120|148|154|173|194", "team_id": "52", "team_name": "WE" },
    { "ban_heros": "140|139|129|154", "camp": "1", "game_label": "118346", "game_time": "2018-07-21 18:55:04", "is_win": "1", "kill_cnt": "8", "pick_heros": "502|189|135|178|504", "team_id": "46", "team_name": "33常凯瑞" },
    { "ban_heros": "148|182|136|156", "camp": "2", "game_label": "118346", "game_time": "2018-07-21 18:55:04", "is_win": "0", "kill_cnt": "3", "pick_heros": "176|186|132|144|126", "team_id": "50", "team_name": "TBG" },
    { "ban_heros": "148|154|129|118", "camp": "2", "game_label": "118345", "game_time": "2018-07-21 19:19:22", "is_win": "0", "kill_cnt": "6", "pick_heros": "132|140|136|178|168", "team_id": "21", "team_name": "DVG" },
    { "ban_heros": "139|120|189|186", "camp": "1", "game_label": "118345", "game_time": "2018-07-21 19:19:23", "is_win": "1", "kill_cnt": "14", "pick_heros": "502|144|156|126|171", "team_id": "52", "team_name": "WE" },
    { "ban_heros": "140|139|156|136", "camp": "2", "game_label": "118346", "game_time": "2018-07-21 19:24:25", "is_win": "1", "kill_cnt": "16", "pick_heros": "186|154|176|149|132", "team_id": "46", "team_name": "33常凯瑞" },
    { "ban_heros": "148|135|144|125", "camp": "1", "game_label": "118346", "game_time": "2018-07-21 19:24:27", "is_win": "0", "kill_cnt": "16", "pick_heros": "502|189|129|126|182", "team_id": "50", "team_name": "TBG" },
    { "ban_heros": "140|182|173|199", "camp": "2", "game_label": "118347", "game_time": "2018-07-21 19:57:14", "is_win": "1", "kill_cnt": "5", "pick_heros": "176|502|135|168|180", "team_id": "48", "team_name": "DP" },
    { "ban_heros": "186|129|189|118", "camp": "1", "game_label": "118347", "game_time": "2018-07-21 19:57:15", "is_win": "0", "kill_cnt": "3", "pick_heros": "148|154|178|132|126", "team_id": "12", "team_name": "AG超玩会" },
    { "ban_heros": "148|125|504|182", "camp": "2", "game_label": "118348", "game_time": "2018-07-21 20:18:54", "is_win": "1", "kill_cnt": "5", "pick_heros": "176|189|154|171|132", "team_id": "42", "team_name": "RSG" },
    { "ban_heros": "140|186|126|194", "camp": "1", "game_label": "118348", "game_time": "2018-07-21 20:18:54", "is_win": "0", "kill_cnt": "1", "pick_heros": "502|135|139|178|136", "team_id": "51", "team_name": "TOPM" },
    { "ban_heros": "148|129|189|118", "camp": "2", "game_label": "118347", "game_time": "2018-07-21 20:24:02", "is_win": "0", "kill_cnt": "7", "pick_heros": "186|178|139|132|125", "team_id": "12", "team_name": "AG超玩会" },
    { "ban_heros": "140|154|182|173", "camp": "1", "game_label": "118347", "game_time": "2018-07-21 20:24:03", "is_win": "1", "kill_cnt": "15", "pick_heros": "502|135|176|126|171", "team_id": "48", "team_name": "DP" },
    { "ban_heros": "148|502|173|199", "camp": "2", "game_label": "118348", "game_time": "2018-07-21 20:42:37", "is_win": "0", "kill_cnt": "1", "pick_heros": "132|154|171|182|139", "team_id": "51", "team_name": "TOPM" },
    { "ban_heros": "125|189|156|504", "camp": "1", "game_label": "118348", "game_time": "2018-07-21 20:42:38", "is_win": "1", "kill_cnt": "13", "pick_heros": "176|129|186|126|196", "team_id": "42", "team_name": "RSG" },
    { "ban_heros": "140|139|186|136", "camp": "2", "game_label": "118349", "game_time": "2018-07-22 16:09:32", "is_win": "0", "kill_cnt": "11", "pick_heros": "189|148|199|178|120", "team_id": "48", "team_name": "DP" },
    { "ban_heros": "176|182|144|129", "camp": "1", "game_label": "118349", "game_time": "2018-07-22 16:09:33", "is_win": "1", "kill_cnt": "10", "pick_heros": "502|154|135|156|171", "team_id": "44", "team_name": "Ts" },
    { "ban_heros": "176|135|120|129", "camp": "2", "game_label": "118349", "game_time": "2018-07-22 16:45:33", "is_win": "1", "kill_cnt": "15", "pick_heros": "189|148|154|144|173", "team_id": "44", "team_name": "Ts" },
    { "ban_heros": "140|139|132|199", "camp": "1", "game_label": "118349", "game_time": "2018-07-22 16:45:34", "is_win": "0", "kill_cnt": "10", "pick_heros": "502|182|187|178|149", "team_id": "48", "team_name": "DP" },
    { "ban_heros": "125|502|135|139", "camp": "1", "game_label": "118350", "game_time": "2018-07-22 17:36:14", "is_win": "1", "kill_cnt": "12", "pick_heros": "154|171|189|106|196", "team_id": "42", "team_name": "RSG" },
    { "ban_heros": "176|148|199|173", "camp": "2", "game_label": "118350", "game_time": "2018-07-22 17:36:14", "is_win": "0", "kill_cnt": "11", "pick_heros": "182|187|132|126|140", "team_id": "49", "team_name": "FTD" },
    { "ban_heros": "140|154|199|189", "camp": "1", "game_label": "118351", "game_time": "2018-07-22 17:36:52", "is_win": "0", "kill_cnt": "15", "pick_heros": "148|125|149|136|129", "team_id": "46", "team_name": "33常凯瑞" },
    { "ban_heros": "182|502|176|178", "camp": "2", "game_label": "118351", "game_time": "2018-07-22 17:36:52", "is_win": "1", "kill_cnt": "9", "pick_heros": "120|135|156|144|132", "team_id": "52", "team_name": "WE" },
    { "ban_heros": "502|148|139|178", "camp": "2", "game_label": "118350", "game_time": "2018-07-22 18:06:01", "is_win": "1", "kill_cnt": "7", "pick_heros": "186|154|126|173|504", "team_id": "42", "team_name": "RSG" },
    { "ban_heros": "171|140|156|182", "camp": "1", "game_label": "118350", "game_time": "2018-07-22 18:06:02", "is_win": "0", "kill_cnt": "8", "pick_heros": "176|132|135|129|189", "team_id": "49", "team_name": "FTD" },
    { "ban_heros": "148|140|120|149", "camp": "2", "game_label": "118351", "game_time": "2018-07-22 18:15:19", "is_win": "0", "kill_cnt": "5", "pick_heros": "186|135|144|132|190", "team_id": "46", "team_name": "33常凯瑞" },
    { "ban_heros": "182|176|125|504", "camp": "1", "game_label": "118351", "game_time": "2018-07-22 18:15:20", "is_win": "1", "kill_cnt": "13", "pick_heros": "502|154|141|118|126", "team_id": "52", "team_name": "WE" },
    { "ban_heros": "140|502|189|171", "camp": "2", "game_label": "118353", "game_time": "2018-07-22 18:46:32", "is_win": "1", "kill_cnt": "11", "pick_heros": "154|186|176|135|195", "team_id": "50", "team_name": "TBG" },
    { "ban_heros": "191|144|199|125", "camp": "1", "game_label": "118353", "game_time": "2018-07-22 18:46:33", "is_win": "0", "kill_cnt": "4", "pick_heros": "148|139|132|126|168", "team_id": "44", "team_name": "Ts" },
    { "ban_heros": "148|125|136|129", "camp": "2", "game_label": "118352", "game_time": "2018-07-22 18:56:39", "is_win": "0", "kill_cnt": "13", "pick_heros": "126|154|132|187|106", "team_id": "12", "team_name": "AG超玩会" },
    { "ban_heros": "140|186|139|144", "camp": "1", "game_label": "118352", "game_time": "2018-07-22 18:56:40", "is_win": "1", "kill_cnt": "21", "pick_heros": "502|189|135|178|182", "team_id": "51", "team_name": "TOPM" },
    { "ban_heros": "148|502|126|120", "camp": "2", "game_label": "118353", "game_time": "2018-07-22 19:16:44", "is_win": "0", "kill_cnt": "7", "pick_heros": "176|135|132|171|189", "team_id": "44", "team_name": "Ts" },
    { "ban_heros": "140|139|129|187", "camp": "1", "game_label": "118353", "game_time": "2018-07-22 19:16:45", "is_win": "1", "kill_cnt": "11", "pick_heros": "154|186|191|199|194", "team_id": "50", "team_name": "TBG" },
    { "ban_heros": "125|189|136|156", "camp": "1", "game_label": "118352", "game_time": "2018-07-22 19:35:59", "is_win": "0", "kill_cnt": "2", "pick_heros": "148|132|178|135|126", "team_id": "12", "team_name": "AG超玩会" },
    { "ban_heros": "140|502|129|144", "camp": "2", "game_label": "118352", "game_time": "2018-07-22 19:35:59", "is_win": "1", "kill_cnt": "14", "pick_heros": "154|186|199|139|110", "team_id": "51", "team_name": "TOPM" },
    { "ban_heros": "139|148|189|186", "camp": "1", "game_label": "118355", "game_time": "2018-07-22 20:25:25", "is_win": "1", "kill_cnt": "15", "pick_heros": "140|132|176|118|171", "team_id": "47", "team_name": "JV" },
    { "ban_heros": "125|502|129|120", "camp": "2", "game_label": "118355", "game_time": "2018-07-22 20:25:25", "is_win": "0", "kill_cnt": "6", "pick_heros": "154|135|156|195|191", "team_id": "49", "team_name": "FTD" },
    { "ban_heros": "186|171|126|199", "camp": "1", "game_label": "118354", "game_time": "2018-07-22 20:29:50", "is_win": "1", "kill_cnt": "15", "pick_heros": "140|132|156|189|144", "team_id": "21", "team_name": "DVG" },
    { "ban_heros": "148|502|120|187", "camp": "2", "game_label": "118354", "game_time": "2018-07-22 20:29:50", "is_win": "0", "kill_cnt": "9", "pick_heros": "154|176|168|135|173", "team_id": "42", "team_name": "RSG" },
    { "ban_heros": "502|148|186|195", "camp": "2", "game_label": "118355", "game_time": "2018-07-22 20:50:42", "is_win": "1", "kill_cnt": "16", "pick_heros": "154|199|176|171|120", "team_id": "47", "team_name": "JV" },
    { "ban_heros": "140|125|189|118", "camp": "1", "game_label": "118355", "game_time": "2018-07-22 20:50:42", "is_win": "0", "kill_cnt": "10", "pick_heros": "139|135|191|180|132", "team_id": "49", "team_name": "FTD" },
    { "ban_heros": "148|502|504|136", "camp": "2", "game_label": "118354", "game_time": "2018-07-22 20:59:07", "is_win": "0", "kill_cnt": "5", "pick_heros": "171|176|178|196|162", "team_id": "21", "team_name": "DVG" },
    { "ban_heros": "186|140|189|144", "camp": "1", "game_label": "118354", "game_time": "2018-07-22 20:59:07", "is_win": "1", "kill_cnt": "13", "pick_heros": "154|132|126|119|168", "team_id": "42", "team_name": "RSG" },
    { "ban_heros": "156|502|182|504", "camp": "2", "game_label": "118354", "game_time": "2018-07-22 21:25:44", "is_win": "1", "kill_cnt": "10", "pick_heros": "176|189|139|171|196", "team_id": "42", "team_name": "RSG" },
    { "ban_heros": "186|148|199|120", "camp": "1", "game_label": "118354", "game_time": "2018-07-22 21:25:45", "is_win": "0", "kill_cnt": "4", "pick_heros": "154|132|140|168|136", "team_id": "21", "team_name": "DVG" },
    { "ban_heros": "140|118|189|126", "camp": "2", "game_label": "118356", "game_time": "2018-07-24 19:18:35", "is_win": "0", "kill_cnt": "8", "pick_heros": "154|148|132|194|113", "team_id": "50", "team_name": "TBG" },
    { "ban_heros": "139|191|186|135", "camp": "1", "game_label": "118356", "game_time": "2018-07-24 19:18:35", "is_win": "1", "kill_cnt": "13", "pick_heros": "502|120|156|171|134", "team_id": "52", "team_name": "WE" },
    { "ban_heros": "118|140|132|199", "camp": "1", "game_label": "118356", "game_time": "2018-07-24 19:49:52", "is_win": "0", "kill_cnt": "17", "pick_heros": "502|120|189|135|176", "team_id": "50", "team_name": "TBG" },
    { "ban_heros": "139|191|182|129", "camp": "2", "game_label": "118356", "game_time": "2018-07-24 19:49:52", "is_win": "1", "kill_cnt": "23", "pick_heros": "154|148|113|144|173", "team_id": "52", "team_name": "WE" },
    { "ban_heros": "140|148|134|189", "camp": "2", "game_label": "118356", "game_time": "2018-07-24 20:36:24", "is_win": "0", "kill_cnt": "1", "pick_heros": "154|118|125|126|132", "team_id": "50", "team_name": "TBG" },
    { "ban_heros": "139|191|176|135", "camp": "1", "game_label": "118356", "game_time": "2018-07-24 20:36:24", "is_win": "1", "kill_cnt": "12", "pick_heros": "502|156|120|194|171", "team_id": "52", "team_name": "WE" },
    { "ban_heros": "139|191|182|189", "camp": "2", "game_label": "118356", "game_time": "2018-07-24 21:12:15", "is_win": "0", "kill_cnt": "17", "pick_heros": "148|154|132|126|194", "team_id": "52", "team_name": "WE" },
    { "ban_heros": "118|120|144|186", "camp": "1", "game_label": "118356", "game_time": "2018-07-24 21:12:16", "is_win": "1", "kill_cnt": "24", "pick_heros": "502|129|135|156|168", "team_id": "50", "team_name": "TBG" },
    { "ban_heros": "140|118|134|135", "camp": "2", "game_label": "118356", "game_time": "2018-07-24 22:13:11", "is_win": "0", "kill_cnt": "8", "pick_heros": "154|148|132|189|144", "team_id": "50", "team_name": "TBG" },
    { "ban_heros": "139|191|113|186", "camp": "1", "game_label": "118356", "game_time": "2018-07-24 22:13:12", "is_win": "1", "kill_cnt": "18", "pick_heros": "502|156|120|194|126", "team_id": "52", "team_name": "WE" },
    { "ban_heros": "125|140|171|186", "camp": "1", "game_label": "118357", "game_time": "2018-07-25 19:14:31", "is_win": "1", "kill_cnt": "18", "pick_heros": "502|189|135|106|178", "team_id": "44", "team_name": "Ts" },
    { "ban_heros": "148|139|156|129", "camp": "2", "game_label": "118357", "game_time": "2018-07-25 19:14:31", "is_win": "0", "kill_cnt": "14", "pick_heros": "154|182|199|144|118", "team_id": "47", "team_name": "JV" },
    { "ban_heros": "125|135|118|186", "camp": "2", "game_label": "118357", "game_time": "2018-07-25 19:44:51", "is_win": "1", "kill_cnt": "14", "pick_heros": "140|154|132|187|182", "team_id": "44", "team_name": "Ts" },
    { "ban_heros": "139|148|156|504", "camp": "1", "game_label": "118357", "game_time": "2018-07-25 19:44:51", "is_win": "0", "kill_cnt": "7", "pick_heros": "502|134|176|189|194", "team_id": "47", "team_name": "JV" },
    { "ban_heros": "139|148|156|171", "camp": "2", "game_label": "118357", "game_time": "2018-07-25 20:12:01", "is_win": "0", "kill_cnt": "29", "pick_heros": "189|140|132|110|120", "team_id": "47", "team_name": "JV" },
    { "ban_heros": "125|182|176|144", "camp": "1", "game_label": "118357", "game_time": "2018-07-25 20:12:02", "is_win": "1", "kill_cnt": "21", "pick_heros": "502|135|154|118|194", "team_id": "44", "team_name": "Ts" },
    { "ban_heros": "125|502|118|186", "camp": "2", "game_label": "118357", "game_time": "2018-07-25 21:05:32", "is_win": "0", "kill_cnt": "0", "pick_heros": "189|154|199|135|110", "team_id": "44", "team_name": "Ts" },
    { "ban_heros": "148|139|156|504", "camp": "1", "game_label": "118357", "game_time": "2018-07-25 21:05:33", "is_win": "1", "kill_cnt": "6", "pick_heros": "140|176|132|168|171", "team_id": "47", "team_name": "JV" },
    { "ban_heros": "148|139|171|118", "camp": "2", "game_label": "118357", "game_time": "2018-07-25 21:37:32", "is_win": "0", "kill_cnt": "6", "pick_heros": "135|140|182|189|195", "team_id": "47", "team_name": "JV" },
    { "ban_heros": "125|176|187|132", "camp": "1", "game_label": "118357", "game_time": "2018-07-25 21:37:33", "is_win": "1", "kill_cnt": "19", "pick_heros": "502|154|156|120|194", "team_id": "44", "team_name": "Ts" },
    { "ban_heros": "156|148|118|154", "camp": "1", "game_label": "118358", "game_time": "2018-07-26 19:13:53", "is_win": "1", "kill_cnt": "12", "pick_heros": "140|176|132|194|168", "team_id": "47", "team_name": "JV" },
    { "ban_heros": "125|502|189|139", "camp": "2", "game_label": "118358", "game_time": "2018-07-26 19:13:53", "is_win": "0", "kill_cnt": "7", "pick_heros": "199|135|141|186|126", "team_id": "52", "team_name": "WE" },
    { "ban_heros": "148|156|120|126", "camp": "2", "game_label": "118358", "game_time": "2018-07-26 19:41:24", "is_win": "0", "kill_cnt": "8", "pick_heros": "118|140|132|135|136", "team_id": "47", "team_name": "JV" },
    { "ban_heros": "125|182|176|110", "camp": "1", "game_label": "118358", "game_time": "2018-07-26 19:41:25", "is_win": "1", "kill_cnt": "12", "pick_heros": "502|189|154|149|106", "team_id": "52", "team_name": "WE" },
    { "ban_heros": "125|176|186|135", "camp": "2", "game_label": "118358", "game_time": "2018-07-26 20:17:03", "is_win": "1", "kill_cnt": "26", "pick_heros": "140|189|106|171|199", "team_id": "52", "team_name": "WE" },
    { "ban_heros": "148|156|132|120", "camp": "1", "game_label": "118358", "game_time": "2018-07-26 20:17:04", "is_win": "0", "kill_cnt": "17", "pick_heros": "502|182|154|168|194", "team_id": "47", "team_name": "JV" },
    { "ban_heros": "156|148|118|149", "camp": "2", "game_label": "118358", "game_time": "2018-07-26 21:07:51", "is_win": "1", "kill_cnt": "13", "pick_heros": "140|176|132|189|171", "team_id": "47", "team_name": "JV" },
    { "ban_heros": "125|182|187|186", "camp": "1", "game_label": "118358", "game_time": "2018-07-26 21:07:52", "is_win": "0", "kill_cnt": "12", "pick_heros": "502|141|154|135|120", "team_id": "52", "team_name": "WE" },
    { "ban_heros": "125|176|135|118", "camp": "2", "game_label": "118358", "game_time": "2018-07-26 21:47:41", "is_win": "1", "kill_cnt": "14", "pick_heros": "189|502|106|144|126", "team_id": "52", "team_name": "WE" },
    { "ban_heros": "148|156|154|120", "camp": "1", "game_label": "118358", "game_time": "2018-07-26 21:47:42", "is_win": "0", "kill_cnt": "7", "pick_heros": "140|182|132|186|139", "team_id": "47", "team_name": "JV" },
    { "ban_heros": "156|148|120|126", "camp": "2", "game_label": "118358", "game_time": "2018-07-26 22:18:44", "is_win": "0", "kill_cnt": "3", "pick_heros": "189|140|132|135|136", "team_id": "47", "team_name": "JV" },
    { "ban_heros": "125|176|182|110", "camp": "1", "game_label": "118358", "game_time": "2018-07-26 22:18:45", "is_win": "1", "kill_cnt": "15", "pick_heros": "502|106|154|118|171", "team_id": "52", "team_name": "WE" }
]