[
    { "hero1_id": "518", "hero1_name": "马超", "hero2_id": "533", "hero2_name": "阿古朵", "played": "16", "win_rate": "0.6250" },
    { "hero1_id": "111", "hero1_name": "孙尚香", "hero2_id": "186", "hero2_name": "太乙真人", "played": "13", "win_rate": "0.6154" },
    { "hero1_id": "511", "hero1_name": "猪八戒", "hero2_id": "531", "hero2_name": "镜", "played": "12", "win_rate": "0.3333" },
    { "hero1_id": "312", "hero1_name": "沈梦溪", "hero2_id": "531", "hero2_name": "镜", "played": "12", "win_rate": "0.6667" },
    { "hero1_id": "191", "hero1_name": "大乔", "hero2_id": "199", "hero2_name": "公孙离", "played": "12", "win_rate": "0.5000" },
    { "hero1_id": "111", "hero1_name": "孙尚香", "hero2_id": "531", "hero2_name": "镜", "played": "11", "win_rate": "0.4545" },
    { "hero1_id": "123", "hero1_name": "吕布", "hero2_id": "531", "hero2_name": "镜", "played": "10", "win_rate": "0.5000" },
    { "hero1_id": "162", "hero1_name": "娜可露露", "hero2_id": "511", "hero2_name": "猪八戒", "played": "10", "win_rate": "0.4000" },
    { "hero1_id": "148", "hero1_name": "姜子牙", "hero2_id": "525", "hero2_name": "鲁班大师", "played": "10", "win_rate": "0.5000" },
    { "hero1_id": "157", "hero1_name": "不知火舞", "hero2_id": "508", "hero2_name": "伽罗", "played": "10", "win_rate": "0.7000" },
    { "hero1_id": "186", "hero1_name": "太乙真人", "hero2_id": "531", "hero2_name": "镜", "played": "9", "win_rate": "0.8889" },
    { "hero1_id": "132", "hero1_name": "马可波罗", "hero2_id": "533", "hero2_name": "阿古朵", "played": "9", "win_rate": "0.5556" },
    { "hero1_id": "105", "hero1_name": "廉颇", "hero2_id": "528", "hero2_name": "澜", "played": "9", "win_rate": "0.6667" },
    { "hero1_id": "312", "hero1_name": "沈梦溪", "hero2_id": "511", "hero2_name": "猪八戒", "played": "9", "win_rate": "0.6667" },
    { "hero1_id": "123", "hero1_name": "吕布", "hero2_id": "157", "hero2_name": "不知火舞", "played": "9", "win_rate": "0.5556" },
    { "hero1_id": "157", "hero1_name": "不知火舞", "hero2_id": "186", "hero2_name": "太乙真人", "played": "9", "win_rate": "0.6667" },
    { "hero1_id": "186", "hero1_name": "太乙真人", "hero2_id": "312", "hero2_name": "沈梦溪", "played": "9", "win_rate": "0.8889" },
    { "hero1_id": "105", "hero1_name": "廉颇", "hero2_id": "531", "hero2_name": "镜", "played": "8", "win_rate": "0.1250" },
    { "hero1_id": "186", "hero1_name": "太乙真人", "hero2_id": "511", "hero2_name": "猪八戒", "played": "8", "win_rate": "0.7500" },
    { "hero1_id": "157", "hero1_name": "不知火舞", "hero2_id": "531", "hero2_name": "镜", "played": "8", "win_rate": "0.5000" },
    { "hero1_id": "132", "hero1_name": "马可波罗", "hero2_id": "157", "hero2_name": "不知火舞", "played": "8", "win_rate": "0.2500" },
    { "hero1_id": "186", "hero1_name": "太乙真人", "hero2_id": "533", "hero2_name": "阿古朵", "played": "8", "win_rate": "0.6250" },
    { "hero1_id": "171", "hero1_name": "张飞", "hero2_id": "531", "hero2_name": "镜", "played": "7", "win_rate": "0.2857" },
    { "hero1_id": "105", "hero1_name": "廉颇", "hero2_id": "111", "hero2_name": "孙尚香", "played": "7", "win_rate": "0.0000" },
    { "hero1_id": "105", "hero1_name": "廉颇", "hero2_id": "157", "hero2_name": "不知火舞", "played": "7", "win_rate": "0.7143" },
    { "hero1_id": "132", "hero1_name": "马可波罗", "hero2_id": "312", "hero2_name": "沈梦溪", "played": "7", "win_rate": "0.8571" },
    { "hero1_id": "105", "hero1_name": "廉颇", "hero2_id": "132", "hero2_name": "马可波罗", "played": "7", "win_rate": "0.7143" },
    { "hero1_id": "105", "hero1_name": "廉颇", "hero2_id": "191", "hero2_name": "大乔", "played": "7", "win_rate": "0.4286" },
    { "hero1_id": "157", "hero1_name": "不知火舞", "hero2_id": "533", "hero2_name": "阿古朵", "played": "7", "win_rate": "0.5714" },
    { "hero1_id": "148", "hero1_name": "姜子牙", "hero2_id": "511", "hero2_name": "猪八戒", "played": "7", "win_rate": "0.4286" },
    { "hero1_id": "120", "hero1_name": "白起", "hero2_id": "312", "hero2_name": "沈梦溪", "played": "6", "win_rate": "0.6667" },
    { "hero1_id": "107", "hero1_name": "赵云", "hero2_id": "511", "hero2_name": "猪八戒", "played": "6", "win_rate": "0.5000" },
    { "hero1_id": "118", "hero1_name": "孙膑", "hero2_id": "533", "hero2_name": "阿古朵", "played": "6", "win_rate": "0.5000" },
    { "hero1_id": "132", "hero1_name": "马可波罗", "hero2_id": "186", "hero2_name": "太乙真人", "played": "6", "win_rate": "0.6667" },
    { "hero1_id": "123", "hero1_name": "吕布", "hero2_id": "162", "hero2_name": "娜可露露", "played": "6", "win_rate": "0.5000" },
    { "hero1_id": "186", "hero1_name": "太乙真人", "hero2_id": "508", "hero2_name": "伽罗", "played": "6", "win_rate": "0.6667" },
    { "hero1_id": "111", "hero1_name": "孙尚香", "hero2_id": "511", "hero2_name": "猪八戒", "played": "6", "win_rate": "0.6667" },
    { "hero1_id": "140", "hero1_name": "关羽", "hero2_id": "186", "hero2_name": "太乙真人", "played": "6", "win_rate": "1.0000" },
    { "hero1_id": "132", "hero1_name": "马可波罗", "hero2_id": "511", "hero2_name": "猪八戒", "played": "6", "win_rate": "0.3333" },
    { "hero1_id": "118", "hero1_name": "孙膑", "hero2_id": "518", "hero2_name": "马超", "played": "6", "win_rate": "0.5000" },
    { "hero1_id": "132", "hero1_name": "马可波罗", "hero2_id": "531", "hero2_name": "镜", "played": "6", "win_rate": "0.6667" },
    { "hero1_id": "511", "hero1_name": "猪八戒", "hero2_id": "525", "hero2_name": "鲁班大师", "played": "6", "win_rate": "0.3333" },
    { "hero1_id": "105", "hero1_name": "廉颇", "hero2_id": "186", "hero2_name": "太乙真人", "played": "6", "win_rate": "0.1667" },
    { "hero1_id": "105", "hero1_name": "廉颇", "hero2_id": "199", "hero2_name": "公孙离", "played": "6", "win_rate": "0.5000" },
    { "hero1_id": "148", "hero1_name": "姜子牙", "hero2_id": "162", "hero2_name": "娜可露露", "played": "6", "win_rate": "0.6667" },
    { "hero1_id": "132", "hero1_name": "马可波罗", "hero2_id": "518", "hero2_name": "马超", "played": "5", "win_rate": "0.6000" },
    { "hero1_id": "133", "hero1_name": "狄仁杰", "hero2_id": "518", "hero2_name": "马超", "played": "5", "win_rate": "0.4000" },
    { "hero1_id": "123", "hero1_name": "吕布", "hero2_id": "508", "hero2_name": "伽罗", "played": "5", "win_rate": "0.6000" },
    { "hero1_id": "157", "hero1_name": "不知火舞", "hero2_id": "162", "hero2_name": "娜可露露", "played": "5", "win_rate": "0.2000" },
    { "hero1_id": "157", "hero1_name": "不知火舞", "hero2_id": "184", "hero2_name": "蔡文姬", "played": "5", "win_rate": "0.4000" },
    { "hero1_id": "199", "hero1_name": "公孙离", "hero2_id": "528", "hero2_name": "澜", "played": "5", "win_rate": "0.4000" },
    { "hero1_id": "312", "hero1_name": "沈梦溪", "hero2_id": "518", "hero2_name": "马超", "played": "5", "win_rate": "0.6000" },
    { "hero1_id": "312", "hero1_name": "沈梦溪", "hero2_id": "533", "hero2_name": "阿古朵", "played": "5", "win_rate": "0.8000" },
    { "hero1_id": "132", "hero1_name": "马可波罗", "hero2_id": "528", "hero2_name": "澜", "played": "5", "win_rate": "0.6000" },
    { "hero1_id": "140", "hero1_name": "关羽", "hero2_id": "312", "hero2_name": "沈梦溪", "played": "5", "win_rate": "0.8000" },
    { "hero1_id": "148", "hero1_name": "姜子牙", "hero2_id": "531", "hero2_name": "镜", "played": "5", "win_rate": "0.4000" },
    { "hero1_id": "123", "hero1_name": "吕布", "hero2_id": "186", "hero2_name": "太乙真人", "played": "5", "win_rate": "1.0000" },
    { "hero1_id": "111", "hero1_name": "孙尚香", "hero2_id": "124", "hero2_name": "周瑜", "played": "5", "win_rate": "0.6000" },
    { "hero1_id": "174", "hero1_name": "虞姬", "hero2_id": "511", "hero2_name": "猪八戒", "played": "5", "win_rate": "0.6000" },
    { "hero1_id": "174", "hero1_name": "虞姬", "hero2_id": "531", "hero2_name": "镜", "played": "5", "win_rate": "0.4000" },
    { "hero1_id": "123", "hero1_name": "吕布", "hero2_id": "171", "hero2_name": "张飞", "played": "5", "win_rate": "0.4000" },
    { "hero1_id": "118", "hero1_name": "孙膑", "hero2_id": "531", "hero2_name": "镜", "played": "5", "win_rate": "0.0000" },
    { "hero1_id": "111", "hero1_name": "孙尚香", "hero2_id": "184", "hero2_name": "蔡文姬", "played": "5", "win_rate": "0.4000" },
    { "hero1_id": "140", "hero1_name": "关羽", "hero2_id": "533", "hero2_name": "阿古朵", "played": "5", "win_rate": "1.0000" },
    { "hero1_id": "157", "hero1_name": "不知火舞", "hero2_id": "518", "hero2_name": "马超", "played": "5", "win_rate": "0.8000" },
    { "hero1_id": "111", "hero1_name": "孙尚香", "hero2_id": "123", "hero2_name": "吕布", "played": "5", "win_rate": "0.6000" },
    { "hero1_id": "105", "hero1_name": "廉颇", "hero2_id": "148", "hero2_name": "姜子牙", "played": "5", "win_rate": "0.6000" },
    { "hero1_id": "509", "hero1_name": "盾山", "hero2_id": "531", "hero2_name": "镜", "played": "5", "win_rate": "0.2000" },
    { "hero1_id": "312", "hero1_name": "沈梦溪", "hero2_id": "509", "hero2_name": "盾山", "played": "5", "win_rate": "0.6000" },
    { "hero1_id": "174", "hero1_name": "虞姬", "hero2_id": "312", "hero2_name": "沈梦溪", "played": "5", "win_rate": "0.8000" },
    { "hero1_id": "133", "hero1_name": "狄仁杰", "hero2_id": "525", "hero2_name": "鲁班大师", "played": "5", "win_rate": "0.6000" },
    { "hero1_id": "123", "hero1_name": "吕布", "hero2_id": "509", "hero2_name": "盾山", "played": "5", "win_rate": "0.2000" },
    { "hero1_id": "157", "hero1_name": "不知火舞", "hero2_id": "511", "hero2_name": "猪八戒", "played": "5", "win_rate": "0.0000" },
    { "hero1_id": "169", "hero1_name": "后羿", "hero2_id": "531", "hero2_name": "镜", "played": "5", "win_rate": "0.2000" },
    { "hero1_id": "111", "hero1_name": "孙尚香", "hero2_id": "312", "hero2_name": "沈梦溪", "played": "5", "win_rate": "0.6000" },
    { "hero1_id": "148", "hero1_name": "姜子牙", "hero2_id": "169", "hero2_name": "后羿", "played": "4", "win_rate": "0.2500" },
    { "hero1_id": "107", "hero1_name": "赵云", "hero2_id": "186", "hero2_name": "太乙真人", "played": "4", "win_rate": "0.7500" },
    { "hero1_id": "153", "hero1_name": "兰陵王", "hero2_id": "509", "hero2_name": "盾山", "played": "4", "win_rate": "0.7500" },
    { "hero1_id": "169", "hero1_name": "后羿", "hero2_id": "525", "hero2_name": "鲁班大师", "played": "4", "win_rate": "0.5000" },
    { "hero1_id": "105", "hero1_name": "廉颇", "hero2_id": "169", "hero2_name": "后羿", "played": "4", "win_rate": "0.5000" },
    { "hero1_id": "162", "hero1_name": "娜可露露", "hero2_id": "525", "hero2_name": "鲁班大师", "played": "4", "win_rate": "0.5000" },
    { "hero1_id": "169", "hero1_name": "后羿", "hero2_id": "511", "hero2_name": "猪八戒", "played": "4", "win_rate": "0.2500" },
    { "hero1_id": "132", "hero1_name": "马可波罗", "hero2_id": "140", "hero2_name": "关羽", "played": "4", "win_rate": "1.0000" },
    { "hero1_id": "192", "hero1_name": "黄忠", "hero2_id": "511", "hero2_name": "猪八戒", "played": "4", "win_rate": "0.5000" },
    { "hero1_id": "508", "hero1_name": "伽罗", "hero2_id": "531", "hero2_name": "镜", "played": "4", "win_rate": "0.7500" },
    { "hero1_id": "184", "hero1_name": "蔡文姬", "hero2_id": "511", "hero2_name": "猪八戒", "played": "4", "win_rate": "0.2500" },
    { "hero1_id": "162", "hero1_name": "娜可露露", "hero2_id": "186", "hero2_name": "太乙真人", "played": "4", "win_rate": "0.7500" },
    { "hero1_id": "133", "hero1_name": "狄仁杰", "hero2_id": "171", "hero2_name": "张飞", "played": "4", "win_rate": "0.0000" },
    { "hero1_id": "146", "hero1_name": "露娜", "hero2_id": "186", "hero2_name": "太乙真人", "played": "4", "win_rate": "0.2500" },
    { "hero1_id": "149", "hero1_name": "刘邦", "hero2_id": "528", "hero2_name": "澜", "played": "4", "win_rate": "0.7500" },
    { "hero1_id": "171", "hero1_name": "张飞", "hero2_id": "528", "hero2_name": "澜", "played": "4", "win_rate": "0.2500" },
    { "hero1_id": "509", "hero1_name": "盾山", "hero2_id": "533", "hero2_name": "阿古朵", "played": "4", "win_rate": "0.5000" },
    { "hero1_id": "132", "hero1_name": "马可波罗", "hero2_id": "171", "hero2_name": "张飞", "played": "4", "win_rate": "0.2500" },
    { "hero1_id": "120", "hero1_name": "白起", "hero2_id": "163", "hero2_name": "橘右京", "played": "4", "win_rate": "0.2500" },
    { "hero1_id": "518", "hero1_name": "马超", "hero2_id": "525", "hero2_name": "鲁班大师", "played": "4", "win_rate": "0.5000" },
    { "hero1_id": "105", "hero1_name": "廉颇", "hero2_id": "174", "hero2_name": "虞姬", "played": "4", "win_rate": "0.0000" },
    { "hero1_id": "156", "hero1_name": "张良", "hero2_id": "528", "hero2_name": "澜", "played": "4", "win_rate": "0.2500" },
    { "hero1_id": "191", "hero1_name": "大乔", "hero2_id": "528", "hero2_name": "澜", "played": "4", "win_rate": "0.5000" },
    { "hero1_id": "105", "hero1_name": "廉颇", "hero2_id": "118", "hero2_name": "孙膑", "played": "4", "win_rate": "0.2500" },
    { "hero1_id": "111", "hero1_name": "孙尚香", "hero2_id": "157", "hero2_name": "不知火舞", "played": "4", "win_rate": "0.5000" },
    { "hero1_id": "105", "hero1_name": "廉颇", "hero2_id": "163", "hero2_name": "橘右京", "played": "4", "win_rate": "0.5000" },
    { "hero1_id": "184", "hero1_name": "蔡文姬", "hero2_id": "528", "hero2_name": "澜", "played": "4", "win_rate": "1.0000" },
    { "hero1_id": "156", "hero1_name": "张良", "hero2_id": "511", "hero2_name": "猪八戒", "played": "4", "win_rate": "0.2500" },
    { "hero1_id": "111", "hero1_name": "孙尚香", "hero2_id": "528", "hero2_name": "澜", "played": "4", "win_rate": "0.7500" },
    { "hero1_id": "118", "hero1_name": "孙膑", "hero2_id": "312", "hero2_name": "沈梦溪", "played": "4", "win_rate": "0.2500" },
    { "hero1_id": "174", "hero1_name": "虞姬", "hero2_id": "186", "hero2_name": "太乙真人", "played": "4", "win_rate": "0.7500" },
    { "hero1_id": "163", "hero1_name": "橘右京", "hero2_id": "191", "hero2_name": "大乔", "played": "4", "win_rate": "0.5000" },
    { "hero1_id": "123", "hero1_name": "吕布", "hero2_id": "132", "hero2_name": "马可波罗", "played": "4", "win_rate": "0.2500" },
    { "hero1_id": "118", "hero1_name": "孙膑", "hero2_id": "174", "hero2_name": "虞姬", "played": "4", "win_rate": "0.5000" },
    { "hero1_id": "123", "hero1_name": "吕布", "hero2_id": "156", "hero2_name": "张良", "played": "4", "win_rate": "0.0000" },
    { "hero1_id": "105", "hero1_name": "廉颇", "hero2_id": "525", "hero2_name": "鲁班大师", "played": "4", "win_rate": "0.5000" },
    { "hero1_id": "508", "hero1_name": "伽罗", "hero2_id": "509", "hero2_name": "盾山", "played": "4", "win_rate": "0.2500" },
    { "hero1_id": "156", "hero1_name": "张良", "hero2_id": "174", "hero2_name": "虞姬", "played": "4", "win_rate": "0.5000" },
    { "hero1_id": "508", "hero1_name": "伽罗", "hero2_id": "533", "hero2_name": "阿古朵", "played": "4", "win_rate": "0.7500" },
    { "hero1_id": "312", "hero1_name": "沈梦溪", "hero2_id": "528", "hero2_name": "澜", "played": "4", "win_rate": "0.7500" },
    { "hero1_id": "163", "hero1_name": "橘右京", "hero2_id": "199", "hero2_name": "公孙离", "played": "4", "win_rate": "0.5000" },
    { "hero1_id": "156", "hero1_name": "张良", "hero2_id": "533", "hero2_name": "阿古朵", "played": "3", "win_rate": "0.6667" },
    { "hero1_id": "123", "hero1_name": "吕布", "hero2_id": "168", "hero2_name": "牛魔", "played": "3", "win_rate": "0.6667" },
    { "hero1_id": "148", "hero1_name": "姜子牙", "hero2_id": "199", "hero2_name": "公孙离", "played": "3", "win_rate": "0.3333" },
    { "hero1_id": "149", "hero1_name": "刘邦", "hero2_id": "531", "hero2_name": "镜", "played": "3", "win_rate": "1.0000" },
    { "hero1_id": "108", "hero1_name": "墨子", "hero2_id": "531", "hero2_name": "镜", "played": "3", "win_rate": "0.0000" },
    { "hero1_id": "199", "hero1_name": "公孙离", "hero2_id": "312", "hero2_name": "沈梦溪", "played": "3", "win_rate": "0.3333" },
    { "hero1_id": "508", "hero1_name": "伽罗", "hero2_id": "518", "hero2_name": "马超", "played": "3", "win_rate": "1.0000" },
    { "hero1_id": "162", "hero1_name": "娜可露露", "hero2_id": "174", "hero2_name": "虞姬", "played": "3", "win_rate": "0.6667" },
    { "hero1_id": "184", "hero1_name": "蔡文姬", "hero2_id": "531", "hero2_name": "镜", "played": "3", "win_rate": "0.0000" },
    { "hero1_id": "111", "hero1_name": "孙尚香", "hero2_id": "533", "hero2_name": "阿古朵", "played": "3", "win_rate": "0.3333" },
    { "hero1_id": "132", "hero1_name": "马可波罗", "hero2_id": "505", "hero2_name": "瑶", "played": "3", "win_rate": "0.6667" },
    { "hero1_id": "174", "hero1_name": "虞姬", "hero2_id": "533", "hero2_name": "阿古朵", "played": "3", "win_rate": "1.0000" },
    { "hero1_id": "515", "hero1_name": "嫦娥", "hero2_id": "528", "hero2_name": "澜", "played": "3", "win_rate": "1.0000" },
    { "hero1_id": "124", "hero1_name": "周瑜", "hero2_id": "171", "hero2_name": "张飞", "played": "3", "win_rate": "0.6667" },
    { "hero1_id": "108", "hero1_name": "墨子", "hero2_id": "511", "hero2_name": "猪八戒", "played": "3", "win_rate": "0.0000" },
    { "hero1_id": "124", "hero1_name": "周瑜", "hero2_id": "531", "hero2_name": "镜", "played": "3", "win_rate": "0.6667" },
    { "hero1_id": "148", "hero1_name": "姜子牙", "hero2_id": "509", "hero2_name": "盾山", "played": "3", "win_rate": "0.3333" },
    { "hero1_id": "186", "hero1_name": "太乙真人", "hero2_id": "518", "hero2_name": "马超", "played": "3", "win_rate": "0.3333" },
    { "hero1_id": "511", "hero1_name": "猪八戒", "hero2_id": "523", "hero2_name": "西施", "played": "3", "win_rate": "0.6667" },
    { "hero1_id": "163", "hero1_name": "橘右京", "hero2_id": "525", "hero2_name": "鲁班大师", "played": "3", "win_rate": "0.6667" },
    { "hero1_id": "107", "hero1_name": "赵云", "hero2_id": "312", "hero2_name": "沈梦溪", "played": "3", "win_rate": "0.6667" },
    { "hero1_id": "120", "hero1_name": "白起", "hero2_id": "531", "hero2_name": "镜", "played": "3", "win_rate": "1.0000" },
    { "hero1_id": "133", "hero1_name": "狄仁杰", "hero2_id": "533", "hero2_name": "阿古朵", "played": "3", "win_rate": "0.3333" },
    { "hero1_id": "123", "hero1_name": "吕布", "hero2_id": "312", "hero2_name": "沈梦溪", "played": "3", "win_rate": "0.6667" },
    { "hero1_id": "140", "hero1_name": "关羽", "hero2_id": "171", "hero2_name": "张飞", "played": "3", "win_rate": "0.6667" },
    { "hero1_id": "132", "hero1_name": "马可波罗", "hero2_id": "149", "hero2_name": "刘邦", "played": "3", "win_rate": "1.0000" },
    { "hero1_id": "156", "hero1_name": "张良", "hero2_id": "186", "hero2_name": "太乙真人", "played": "3", "win_rate": "0.6667" },
    { "hero1_id": "199", "hero1_name": "公孙离", "hero2_id": "527", "hero2_name": "蒙恬", "played": "3", "win_rate": "0.3333" },
    { "hero1_id": "162", "hero1_name": "娜可露露", "hero2_id": "173", "hero2_name": "李元芳", "played": "3", "win_rate": "0.6667" },
    { "hero1_id": "139", "hero1_name": "老夫子", "hero2_id": "191", "hero2_name": "大乔", "played": "3", "win_rate": "0.3333" },
    { "hero1_id": "110", "hero1_name": "嬴政", "hero2_id": "518", "hero2_name": "马超", "played": "3", "win_rate": "0.3333" },
    { "hero1_id": "156", "hero1_name": "张良", "hero2_id": "518", "hero2_name": "马超", "played": "3", "win_rate": "0.6667" },
    { "hero1_id": "186", "hero1_name": "太乙真人", "hero2_id": "527", "hero2_name": "蒙恬", "played": "3", "win_rate": "0.3333" },
    { "hero1_id": "511", "hero1_name": "猪八戒", "hero2_id": "528", "hero2_name": "澜", "played": "3", "win_rate": "0.3333" },
    { "hero1_id": "148", "hero1_name": "姜子牙", "hero2_id": "174", "hero2_name": "虞姬", "played": "3", "win_rate": "0.6667" },
    { "hero1_id": "118", "hero1_name": "孙膑", "hero2_id": "511", "hero2_name": "猪八戒", "played": "3", "win_rate": "0.0000" },
    { "hero1_id": "107", "hero1_name": "赵云", "hero2_id": "191", "hero2_name": "大乔", "played": "3", "win_rate": "0.0000" },
    { "hero1_id": "169", "hero1_name": "后羿", "hero2_id": "528", "hero2_name": "澜", "played": "3", "win_rate": "0.6667" },
    { "hero1_id": "140", "hero1_name": "关羽", "hero2_id": "157", "hero2_name": "不知火舞", "played": "3", "win_rate": "1.0000" },
    { "hero1_id": "171", "hero1_name": "张飞", "hero2_id": "518", "hero2_name": "马超", "played": "3", "win_rate": "0.3333" },
    { "hero1_id": "105", "hero1_name": "廉颇", "hero2_id": "133", "hero2_name": "狄仁杰", "played": "3", "win_rate": "0.6667" },
    { "hero1_id": "146", "hero1_name": "露娜", "hero2_id": "199", "hero2_name": "公孙离", "played": "3", "win_rate": "0.6667" },
    { "hero1_id": "199", "hero1_name": "公孙离", "hero2_id": "511", "hero2_name": "猪八戒", "played": "3", "win_rate": "0.0000" },
    { "hero1_id": "133", "hero1_name": "狄仁杰", "hero2_id": "146", "hero2_name": "露娜", "played": "3", "win_rate": "0.6667" },
    { "hero1_id": "168", "hero1_name": "牛魔", "hero2_id": "531", "hero2_name": "镜", "played": "3", "win_rate": "0.6667" },
    { "hero1_id": "123", "hero1_name": "吕布", "hero2_id": "529", "hero2_name": "盘古", "played": "3", "win_rate": "0.6667" },
    { "hero1_id": "157", "hero1_name": "不知火舞", "hero2_id": "189", "hero2_name": "鬼谷子", "played": "3", "win_rate": "0.6667" },
    { "hero1_id": "191", "hero1_name": "大乔", "hero2_id": "196", "hero2_name": "百里守约", "played": "3", "win_rate": "0.3333" },
    { "hero1_id": "110", "hero1_name": "嬴政", "hero2_id": "533", "hero2_name": "阿古朵", "played": "3", "win_rate": "0.3333" },
    { "hero1_id": "169", "hero1_name": "后羿", "hero2_id": "184", "hero2_name": "蔡文姬", "played": "3", "win_rate": "0.6667" },
    { "hero1_id": "171", "hero1_name": "张飞", "hero2_id": "312", "hero2_name": "沈梦溪", "played": "3", "win_rate": "0.3333" },
    { "hero1_id": "162", "hero1_name": "娜可露露", "hero2_id": "171", "hero2_name": "张飞", "played": "3", "win_rate": "0.3333" },
    { "hero1_id": "163", "hero1_name": "橘右京", "hero2_id": "186", "hero2_name": "太乙真人", "played": "3", "win_rate": "0.0000" },
    { "hero1_id": "108", "hero1_name": "墨子", "hero2_id": "132", "hero2_name": "马可波罗", "played": "3", "win_rate": "0.3333" },
    { "hero1_id": "523", "hero1_name": "西施", "hero2_id": "531", "hero2_name": "镜", "played": "3", "win_rate": "0.0000" },
    { "hero1_id": "120", "hero1_name": "白起", "hero2_id": "186", "hero2_name": "太乙真人", "played": "3", "win_rate": "0.6667" },
    { "hero1_id": "105", "hero1_name": "廉颇", "hero2_id": "108", "hero2_name": "墨子", "played": "3", "win_rate": "0.3333" },
    { "hero1_id": "169", "hero1_name": "后羿", "hero2_id": "527", "hero2_name": "蒙恬", "played": "3", "win_rate": "0.6667" },
    { "hero1_id": "171", "hero1_name": "张飞", "hero2_id": "511", "hero2_name": "猪八戒", "played": "3", "win_rate": "0.3333" },
    { "hero1_id": "105", "hero1_name": "廉颇", "hero2_id": "515", "hero2_name": "嫦娥", "played": "3", "win_rate": "0.3333" },
    { "hero1_id": "111", "hero1_name": "孙尚香", "hero2_id": "171", "hero2_name": "张飞", "played": "3", "win_rate": "0.6667" },
    { "hero1_id": "171", "hero1_name": "张飞", "hero2_id": "533", "hero2_name": "阿古朵", "played": "3", "win_rate": "0.6667" },
    { "hero1_id": "187", "hero1_name": "东皇太一", "hero2_id": "528", "hero2_name": "澜", "played": "3", "win_rate": "0.6667" },
    { "hero1_id": "148", "hero1_name": "姜子牙", "hero2_id": "528", "hero2_name": "澜", "played": "3", "win_rate": "0.3333" },
    { "hero1_id": "163", "hero1_name": "橘右京", "hero2_id": "169", "hero2_name": "后羿", "played": "3", "win_rate": "1.0000" },
    { "hero1_id": "123", "hero1_name": "吕布", "hero2_id": "528", "hero2_name": "澜", "played": "3", "win_rate": "0.3333" },
    { "hero1_id": "140", "hero1_name": "关羽", "hero2_id": "531", "hero2_name": "镜", "played": "3", "win_rate": "0.3333" },
    { "hero1_id": "199", "hero1_name": "公孙离", "hero2_id": "531", "hero2_name": "镜", "played": "3", "win_rate": "0.0000" },
    { "hero1_id": "107", "hero1_name": "赵云", "hero2_id": "118", "hero2_name": "孙膑", "played": "3", "win_rate": "0.3333" },
    { "hero1_id": "162", "hero1_name": "娜可露露", "hero2_id": "508", "hero2_name": "伽罗", "played": "3", "win_rate": "0.6667" },
    { "hero1_id": "132", "hero1_name": "马可波罗", "hero2_id": "509", "hero2_name": "盾山", "played": "3", "win_rate": "1.0000" },
    { "hero1_id": "133", "hero1_name": "狄仁杰", "hero2_id": "509", "hero2_name": "盾山", "played": "3", "win_rate": "0.6667" },
    { "hero1_id": "146", "hero1_name": "露娜", "hero2_id": "157", "hero2_name": "不知火舞", "played": "3", "win_rate": "0.6667" },
    { "hero1_id": "118", "hero1_name": "孙膑", "hero2_id": "515", "hero2_name": "嫦娥", "played": "3", "win_rate": "0.3333" },
    { "hero1_id": "111", "hero1_name": "孙尚香", "hero2_id": "156", "hero2_name": "张良", "played": "3", "win_rate": "0.6667" },
    { "hero1_id": "525", "hero1_name": "鲁班大师", "hero2_id": "529", "hero2_name": "盘古", "played": "3", "win_rate": "0.3333" },
    { "hero1_id": "527", "hero1_name": "蒙恬", "hero2_id": "531", "hero2_name": "镜", "played": "3", "win_rate": "0.3333" },
    { "hero1_id": "168", "hero1_name": "牛魔", "hero2_id": "174", "hero2_name": "虞姬", "played": "3", "win_rate": "0.6667" },
    { "hero1_id": "157", "hero1_name": "不知火舞", "hero2_id": "171", "hero2_name": "张飞", "played": "3", "win_rate": "0.3333" },
    { "hero1_id": "184", "hero1_name": "蔡文姬", "hero2_id": "527", "hero2_name": "蒙恬", "played": "3", "win_rate": "0.6667" },
    { "hero1_id": "523", "hero1_name": "西施", "hero2_id": "527", "hero2_name": "蒙恬", "played": "3", "win_rate": "0.0000" },
    { "hero1_id": "186", "hero1_name": "太乙真人", "hero2_id": "523", "hero2_name": "西施", "played": "3", "win_rate": "0.3333" },
    { "hero1_id": "111", "hero1_name": "孙尚香", "hero2_id": "527", "hero2_name": "蒙恬", "played": "3", "win_rate": "0.3333" },
    { "hero1_id": "157", "hero1_name": "不知火舞", "hero2_id": "199", "hero2_name": "公孙离", "played": "3", "win_rate": "1.0000" },
    { "hero1_id": "105", "hero1_name": "廉颇", "hero2_id": "184", "hero2_name": "蔡文姬", "played": "3", "win_rate": "0.3333" },
    { "hero1_id": "174", "hero1_name": "虞姬", "hero2_id": "528", "hero2_name": "澜", "played": "3", "win_rate": "0.6667" }
]