[
    { "avg_assist": "3.02", "avg_ban_seq": "3.0", "avg_bekill": "2.80", "avg_kill": "3.70", "avg_pick_seq": "0.0", "ban_cnt": "34", "gpm": "735", "hero_id": "531", "hero_name": "镜", "kda": "3.63", "pick_cnt": "40", "played": "40", "win_rate": "0.4250" },
    { "avg_assist": "5.35", "avg_ban_seq": "4.5", "avg_bekill": "2.38", "avg_kill": "1.15", "avg_pick_seq": "0.0", "ban_cnt": "10", "gpm": "485", "hero_id": "105", "hero_name": "廉颇", "kda": "4.03", "pick_cnt": "35", "played": "34", "win_rate": "0.4412" },
    { "avg_assist": "7.51", "avg_ban_seq": "2.2", "avg_bekill": "1.89", "avg_kill": "0.46", "avg_pick_seq": "0.0", "ban_cnt": "39", "gpm": "457", "hero_id": "186", "hero_name": "太乙真人", "kda": "5.48", "pick_cnt": "35", "played": "35", "win_rate": "0.6286" },
    { "avg_assist": "6.09", "avg_ban_seq": "3.7", "avg_bekill": "2.91", "avg_kill": "1.06", "avg_pick_seq": "0.0", "ban_cnt": "27", "gpm": "486", "hero_id": "511", "hero_name": "猪八戒", "kda": "4.08", "pick_cnt": "34", "played": "34", "win_rate": "0.3824" },
    { "avg_assist": "4.78", "avg_ban_seq": "4.9", "avg_bekill": "2.56", "avg_kill": "2.66", "avg_pick_seq": "0.0", "ban_cnt": "32", "gpm": "608", "hero_id": "157", "hero_name": "不知火舞", "kda": "3.81", "pick_cnt": "32", "played": "32", "win_rate": "0.5625" },
    { "avg_assist": "6.60", "avg_ban_seq": "6.9", "avg_bekill": "1.07", "avg_kill": "3.17", "avg_pick_seq": "0.0", "ban_cnt": "18", "gpm": "637", "hero_id": "312", "hero_name": "沈梦溪", "kda": "8.54", "pick_cnt": "30", "played": "30", "win_rate": "0.6667" },
    { "avg_assist": "4.93", "avg_ban_seq": "6.0", "avg_bekill": "1.79", "avg_kill": "3.00", "avg_pick_seq": "0.0", "ban_cnt": "16", "gpm": "759", "hero_id": "132", "hero_name": "马可波罗", "kda": "5.51", "pick_cnt": "28", "played": "28", "win_rate": "0.5714" },
    { "avg_assist": "5.78", "avg_ban_seq": "5.2", "avg_bekill": "1.85", "avg_kill": "2.33", "avg_pick_seq": "0.0", "ban_cnt": "5", "gpm": "545", "hero_id": "123", "hero_name": "吕布", "kda": "5.38", "pick_cnt": "27", "played": "27", "win_rate": "0.5185" },
    { "avg_assist": "7.56", "avg_ban_seq": "3.1", "avg_bekill": "1.70", "avg_kill": "1.67", "avg_pick_seq": "0.0", "ban_cnt": "17", "gpm": "542", "hero_id": "533", "hero_name": "阿古朵", "kda": "7.31", "pick_cnt": "27", "played": "27", "win_rate": "0.5926" },
    { "avg_assist": "3.04", "avg_ban_seq": "5.7", "avg_bekill": "1.40", "avg_kill": "2.56", "avg_pick_seq": "0.0", "ban_cnt": "11", "gpm": "811", "hero_id": "111", "hero_name": "孙尚香", "kda": "4.45", "pick_cnt": "26", "played": "25", "win_rate": "0.4800" },
    { "avg_assist": "4.16", "avg_ban_seq": "2.5", "avg_bekill": "2.32", "avg_kill": "4.80", "avg_pick_seq": "0.0", "ban_cnt": "56", "gpm": "780", "hero_id": "528", "hero_name": "澜", "kda": "5.40", "pick_cnt": "25", "played": "25", "win_rate": "0.6000" },
    { "avg_assist": "3.91", "avg_ban_seq": "4.3", "avg_bekill": "2.13", "avg_kill": "3.13", "avg_pick_seq": "0.0", "ban_cnt": "14", "gpm": "725", "hero_id": "518", "hero_name": "马超", "kda": "4.54", "pick_cnt": "23", "played": "23", "win_rate": "0.5652" },
    { "avg_assist": "7.14", "avg_ban_seq": "7.2", "avg_bekill": "1.57", "avg_kill": "0.29", "avg_pick_seq": "0.0", "ban_cnt": "8", "gpm": "404", "hero_id": "171", "hero_name": "张飞", "kda": "5.85", "pick_cnt": "21", "played": "21", "win_rate": "0.3333" },
    { "avg_assist": "5.05", "avg_ban_seq": "6.1", "avg_bekill": "1.80", "avg_kill": "2.60", "avg_pick_seq": "0.0", "ban_cnt": "9", "gpm": "544", "hero_id": "148", "hero_name": "姜子牙", "kda": "5.32", "pick_cnt": "20", "played": "20", "win_rate": "0.4500" },
    { "avg_assist": "4.20", "avg_ban_seq": "3.2", "avg_bekill": "2.75", "avg_kill": "3.25", "avg_pick_seq": "0.0", "ban_cnt": "34", "gpm": "729", "hero_id": "199", "hero_name": "公孙离", "kda": "3.49", "pick_cnt": "20", "played": "20", "win_rate": "0.4000" },
    { "avg_assist": "3.58", "avg_ban_seq": "4.9", "avg_bekill": "2.53", "avg_kill": "4.68", "avg_pick_seq": "0.0", "ban_cnt": "6", "gpm": "782", "hero_id": "162", "hero_name": "娜可露露", "kda": "4.76", "pick_cnt": "19", "played": "19", "win_rate": "0.5263" },
    { "avg_assist": "8.33", "avg_ban_seq": "2.3", "avg_bekill": "2.78", "avg_kill": "0.78", "avg_pick_seq": "0.0", "ban_cnt": "63", "gpm": "399", "hero_id": "525", "hero_name": "鲁班大师", "kda": "4.37", "pick_cnt": "18", "played": "18", "win_rate": "0.4444" },
    { "avg_assist": "5.78", "avg_ban_seq": "6.7", "avg_bekill": "2.11", "avg_kill": "3.17", "avg_pick_seq": "0.0", "ban_cnt": "9", "gpm": "741", "hero_id": "508", "hero_name": "伽罗", "kda": "5.04", "pick_cnt": "18", "played": "18", "win_rate": "0.7222" },
    { "avg_assist": "6.17", "avg_ban_seq": "3.7", "avg_bekill": "4.89", "avg_kill": "0.33", "avg_pick_seq": "0.0", "ban_cnt": "47", "gpm": "373", "hero_id": "509", "hero_name": "盾山", "kda": "2.55", "pick_cnt": "18", "played": "18", "win_rate": "0.3889" },
    { "avg_assist": "4.22", "avg_ban_seq": "6.8", "avg_bekill": "1.72", "avg_kill": "3.72", "avg_pick_seq": "0.0", "ban_cnt": "19", "gpm": "756", "hero_id": "174", "hero_name": "虞姬", "kda": "5.31", "pick_cnt": "18", "played": "18", "win_rate": "0.5556" },
    { "avg_assist": "8.38", "avg_ban_seq": "3.1", "avg_bekill": "1.81", "avg_kill": "0.62", "avg_pick_seq": "0.0", "ban_cnt": "20", "gpm": "440", "hero_id": "191", "hero_name": "大乔", "kda": "6.95", "pick_cnt": "16", "played": "16", "win_rate": "0.4375" },
    { "avg_assist": "5.67", "avg_ban_seq": "7.5", "avg_bekill": "1.93", "avg_kill": "3.00", "avg_pick_seq": "0.0", "ban_cnt": "9", "gpm": "733", "hero_id": "169", "hero_name": "后羿", "kda": "6.37", "pick_cnt": "15", "played": "15", "win_rate": "0.5333" },
    { "avg_assist": "4.33", "avg_ban_seq": "6.2", "avg_bekill": "2.07", "avg_kill": "2.87", "avg_pick_seq": "0.0", "ban_cnt": "9", "gpm": "735", "hero_id": "133", "hero_name": "狄仁杰", "kda": "4.08", "pick_cnt": "15", "played": "15", "win_rate": "0.4000" },
    { "avg_assist": "7.13", "avg_ban_seq": "6.1", "avg_bekill": "1.47", "avg_kill": "0.40", "avg_pick_seq": "0.0", "ban_cnt": "12", "gpm": "408", "hero_id": "118", "hero_name": "孙膑", "kda": "6.54", "pick_cnt": "15", "played": "15", "win_rate": "0.3333" },
    { "avg_assist": "3.00", "avg_ban_seq": "6.4", "avg_bekill": "2.36", "avg_kill": "2.93", "avg_pick_seq": "0.0", "ban_cnt": "4", "gpm": "721", "hero_id": "163", "hero_name": "橘右京", "kda": "3.75", "pick_cnt": "14", "played": "14", "win_rate": "0.3571" },
    { "avg_assist": "6.21", "avg_ban_seq": "6.8", "avg_bekill": "2.57", "avg_kill": "1.93", "avg_pick_seq": "0.0", "ban_cnt": "16", "gpm": "452", "hero_id": "156", "hero_name": "张良", "kda": "4.46", "pick_cnt": "14", "played": "14", "win_rate": "0.3571" },
    { "avg_assist": "6.15", "avg_ban_seq": "7.2", "avg_bekill": "1.92", "avg_kill": "0.62", "avg_pick_seq": "0.0", "ban_cnt": "7", "gpm": "413", "hero_id": "184", "hero_name": "蔡文姬", "kda": "4.85", "pick_cnt": "13", "played": "13", "win_rate": "0.5385" },
    { "avg_assist": "5.08", "avg_ban_seq": "5.7", "avg_bekill": "1.54", "avg_kill": "3.08", "avg_pick_seq": "0.0", "ban_cnt": "17", "gpm": "659", "hero_id": "140", "hero_name": "关羽", "kda": "5.79", "pick_cnt": "13", "played": "13", "win_rate": "0.8462" },
    { "avg_assist": "4.54", "avg_ban_seq": "6.4", "avg_bekill": "2.92", "avg_kill": "1.85", "avg_pick_seq": "0.0", "ban_cnt": "1", "gpm": "572", "hero_id": "527", "hero_name": "蒙恬", "kda": "2.96", "pick_cnt": "13", "played": "13", "win_rate": "0.3077" },
    { "avg_assist": "3.50", "avg_ban_seq": "5.9", "avg_bekill": "2.50", "avg_kill": "3.50", "avg_pick_seq": "0.0", "ban_cnt": "7", "gpm": "753", "hero_id": "107", "hero_name": "赵云", "kda": "3.54", "pick_cnt": "13", "played": "12", "win_rate": "0.3333" },
    { "avg_assist": "3.27", "avg_ban_seq": "7.6", "avg_bekill": "1.91", "avg_kill": "0.73", "avg_pick_seq": "0.0", "ban_cnt": "2", "gpm": "495", "hero_id": "108", "hero_name": "墨子", "kda": "2.58", "pick_cnt": "12", "played": "11", "win_rate": "0.1818" },
    { "avg_assist": "4.83", "avg_ban_seq": "6.5", "avg_bekill": "2.50", "avg_kill": "0.42", "avg_pick_seq": "0.0", "ban_cnt": "11", "gpm": "504", "hero_id": "120", "hero_name": "白起", "kda": "2.94", "pick_cnt": "12", "played": "12", "win_rate": "0.5000" },
    { "avg_assist": "4.56", "avg_ban_seq": "7.1", "avg_bekill": "2.67", "avg_kill": "2.89", "avg_pick_seq": "0.0", "ban_cnt": "5", "gpm": "769", "hero_id": "146", "hero_name": "露娜", "kda": "2.94", "pick_cnt": "9", "played": "9", "win_rate": "0.6667" },
    { "avg_assist": "5.50", "avg_ban_seq": "7.7", "avg_bekill": "1.75", "avg_kill": "2.25", "avg_pick_seq": "0.0", "ban_cnt": "0", "gpm": "655", "hero_id": "110", "hero_name": "嬴政", "kda": "6.59", "pick_cnt": "9", "played": "8", "win_rate": "0.3750" },
    { "avg_assist": "8.22", "avg_ban_seq": "7.2", "avg_bekill": "1.89", "avg_kill": "1.33", "avg_pick_seq": "0.0", "ban_cnt": "8", "gpm": "466", "hero_id": "523", "hero_name": "西施", "kda": "6.97", "pick_cnt": "9", "played": "9", "win_rate": "0.3333" },
    { "avg_assist": "5.50", "avg_ban_seq": "8.2", "avg_bekill": "1.12", "avg_kill": "0.88", "avg_pick_seq": "0.0", "ban_cnt": "2", "gpm": "585", "hero_id": "124", "hero_name": "周瑜", "kda": "5.21", "pick_cnt": "8", "played": "8", "win_rate": "0.6250" },
    { "avg_assist": "6.75", "avg_ban_seq": "8.6", "avg_bekill": "1.62", "avg_kill": "1.62", "avg_pick_seq": "0.0", "ban_cnt": "0", "gpm": "492", "hero_id": "149", "hero_name": "刘邦", "kda": "6.13", "pick_cnt": "8", "played": "8", "win_rate": "0.7500" },
    { "avg_assist": "7.62", "avg_ban_seq": "6.2", "avg_bekill": "3.12", "avg_kill": "4.12", "avg_pick_seq": "0.0", "ban_cnt": "8", "gpm": "594", "hero_id": "153", "hero_name": "兰陵王", "kda": "6.30", "pick_cnt": "8", "played": "8", "win_rate": "0.6250" },
    { "avg_assist": "3.29", "avg_ban_seq": "6.5", "avg_bekill": "2.71", "avg_kill": "3.29", "avg_pick_seq": "0.0", "ban_cnt": "3", "gpm": "707", "hero_id": "192", "hero_name": "黄忠", "kda": "4.45", "pick_cnt": "7", "played": "7", "win_rate": "0.2857" },
    { "avg_assist": "6.71", "avg_ban_seq": "7.1", "avg_bekill": "1.71", "avg_kill": "2.14", "avg_pick_seq": "0.0", "ban_cnt": "8", "gpm": "675", "hero_id": "515", "hero_name": "嫦娥", "kda": "7.32", "pick_cnt": "7", "played": "7", "win_rate": "0.7143" },
    { "avg_assist": "5.43", "avg_ban_seq": "8.6", "avg_bekill": "1.71", "avg_kill": "2.29", "avg_pick_seq": "0.0", "ban_cnt": "1", "gpm": "653", "hero_id": "182", "hero_name": "干将莫邪", "kda": "5.98", "pick_cnt": "7", "played": "7", "win_rate": "0.4286" },
    { "avg_assist": "9.50", "avg_ban_seq": "7.6", "avg_bekill": "3.83", "avg_kill": "1.50", "avg_pick_seq": "0.0", "ban_cnt": "8", "gpm": "416", "hero_id": "187", "hero_name": "东皇太一", "kda": "4.85", "pick_cnt": "6", "played": "6", "win_rate": "0.6667" },
    { "avg_assist": "8.50", "avg_ban_seq": "8.2", "avg_bekill": "1.83", "avg_kill": "0.33", "avg_pick_seq": "0.0", "ban_cnt": "0", "gpm": "414", "hero_id": "168", "hero_name": "牛魔", "kda": "4.64", "pick_cnt": "6", "played": "6", "win_rate": "0.6667" },
    { "avg_assist": "6.17", "avg_ban_seq": "7.5", "avg_bekill": "3.00", "avg_kill": "3.00", "avg_pick_seq": "0.0", "ban_cnt": "0", "gpm": "666", "hero_id": "529", "hero_name": "盘古", "kda": "3.61", "pick_cnt": "6", "played": "6", "win_rate": "0.6667" },
    { "avg_assist": "5.80", "avg_ban_seq": "6.6", "avg_bekill": "1.40", "avg_kill": "5.60", "avg_pick_seq": "0.0", "ban_cnt": "1", "gpm": "801", "hero_id": "112", "hero_name": "鲁班七号", "kda": "8.50", "pick_cnt": "6", "played": "5", "win_rate": "0.6000" },
    { "avg_assist": "4.20", "avg_ban_seq": "8.1", "avg_bekill": "2.00", "avg_kill": "1.80", "avg_pick_seq": "0.0", "ban_cnt": "3", "gpm": "744", "hero_id": "524", "hero_name": "蒙犽", "kda": "3.57", "pick_cnt": "5", "played": "5", "win_rate": "0.2000" },
    { "avg_assist": "10.80", "avg_ban_seq": "8.1", "avg_bekill": "3.60", "avg_kill": "0.80", "avg_pick_seq": "0.0", "ban_cnt": "4", "gpm": "414", "hero_id": "189", "hero_name": "鬼谷子", "kda": "5.58", "pick_cnt": "5", "played": "5", "win_rate": "0.6000" },
    { "avg_assist": "5.20", "avg_ban_seq": "7.7", "avg_bekill": "3.40", "avg_kill": "2.40", "avg_pick_seq": "0.0", "ban_cnt": "4", "gpm": "527", "hero_id": "513", "hero_name": "上官婉儿", "kda": "4.47", "pick_cnt": "5", "played": "5", "win_rate": "0.4000" },
    { "avg_assist": "4.20", "avg_ban_seq": "7.4", "avg_bekill": "2.40", "avg_kill": "1.40", "avg_pick_seq": "0.0", "ban_cnt": "4", "gpm": "557", "hero_id": "196", "hero_name": "百里守约", "kda": "2.80", "pick_cnt": "5", "played": "5", "win_rate": "0.4000" },
    { "avg_assist": "3.00", "avg_ban_seq": "3.2", "avg_bekill": "2.00", "avg_kill": "2.00", "avg_pick_seq": "0.0", "ban_cnt": "1", "gpm": "676", "hero_id": "502", "hero_name": "裴擒虎", "kda": "3.19", "pick_cnt": "4", "played": "4", "win_rate": "0.2500" },
    { "avg_assist": "9.00", "avg_ban_seq": "5.0", "avg_bekill": "3.25", "avg_kill": "0.75", "avg_pick_seq": "0.0", "ban_cnt": "0", "gpm": "462", "hero_id": "126", "hero_name": "夏侯惇", "kda": "4.17", "pick_cnt": "4", "played": "4", "win_rate": "1.0000" },
    { "avg_assist": "5.25", "avg_ban_seq": "8.8", "avg_bekill": "1.75", "avg_kill": "3.25", "avg_pick_seq": "0.0", "ban_cnt": "0", "gpm": "746", "hero_id": "173", "hero_name": "李元芳", "kda": "5.00", "pick_cnt": "4", "played": "4", "win_rate": "0.5000" },
    { "avg_assist": "6.67", "avg_ban_seq": "5.3", "avg_bekill": "3.00", "avg_kill": "1.33", "avg_pick_seq": "0.0", "ban_cnt": "3", "gpm": "645", "hero_id": "139", "hero_name": "老夫子", "kda": "5.82", "pick_cnt": "3", "played": "3", "win_rate": "0.3333" },
    { "avg_assist": "8.67", "avg_ban_seq": "7.9", "avg_bekill": "1.33", "avg_kill": "0.00", "avg_pick_seq": "0.0", "ban_cnt": "4", "gpm": "441", "hero_id": "505", "hero_name": "瑶", "kda": "6.83", "pick_cnt": "3", "played": "3", "win_rate": "0.6667" },
    { "avg_assist": "9.00", "avg_ban_seq": "10.0", "avg_bekill": "2.67", "avg_kill": "1.33", "avg_pick_seq": "0.0", "ban_cnt": "0", "gpm": "422", "hero_id": "194", "hero_name": "苏烈", "kda": "5.72", "pick_cnt": "3", "played": "3", "win_rate": "0.6667" },
    { "avg_assist": "3.00", "avg_ban_seq": "7.1", "avg_bekill": "4.50", "avg_kill": "1.00", "avg_pick_seq": "0.0", "ban_cnt": "5", "gpm": "645", "hero_id": "121", "hero_name": "芈月", "kda": "1.00", "pick_cnt": "2", "played": "2", "win_rate": "0.0000" },
    { "avg_assist": "12.00", "avg_ban_seq": "8.3", "avg_bekill": "2.50", "avg_kill": "2.50", "avg_pick_seq": "0.0", "ban_cnt": "1", "gpm": "648", "hero_id": "125", "hero_name": "元歌", "kda": "5.92", "pick_cnt": "2", "played": "2", "win_rate": "1.0000" },
    { "avg_assist": "14.00", "avg_ban_seq": "7.8", "avg_bekill": "3.00", "avg_kill": "3.00", "avg_pick_seq": "0.0", "ban_cnt": "2", "gpm": "660", "hero_id": "152", "hero_name": "王昭君", "kda": "5.67", "pick_cnt": "2", "played": "2", "win_rate": "1.0000" },
    { "avg_assist": "1.50", "avg_ban_seq": "7.5", "avg_bekill": "2.00", "avg_kill": "4.00", "avg_pick_seq": "0.0", "ban_cnt": "0", "gpm": "660", "hero_id": "536", "hero_name": "夏洛特", "kda": "3.50", "pick_cnt": "2", "played": "2", "win_rate": "0.5000" },
    { "avg_assist": "6.50", "avg_ban_seq": "10.0", "avg_bekill": "1.00", "avg_kill": "1.50", "avg_pick_seq": "0.0", "ban_cnt": "0", "gpm": "649", "hero_id": "176", "hero_name": "杨玉环", "kda": "6.75", "pick_cnt": "2", "played": "2", "win_rate": "0.5000" },
    { "avg_assist": "8.50", "avg_ban_seq": "8.5", "avg_bekill": "2.50", "avg_kill": "0.50", "avg_pick_seq": "0.0", "ban_cnt": "0", "gpm": "464", "hero_id": "135", "hero_name": "项羽", "kda": "5.25", "pick_cnt": "2", "played": "2", "win_rate": "0.5000" },
    { "avg_assist": "0.00", "avg_ban_seq": "0.0", "avg_bekill": "0.00", "avg_kill": "0.00", "avg_pick_seq": "0.0", "ban_cnt": "0", "gpm": "0", "hero_id": "106", "hero_name": "小乔", "kda": "0.00", "pick_cnt": "1", "played": "0", "win_rate": "0.0000" },
    { "avg_assist": "0.00", "avg_ban_seq": "0.0", "avg_bekill": "0.00", "avg_kill": "0.00", "avg_pick_seq": "0.0", "ban_cnt": "0", "gpm": "0", "hero_id": "166", "hero_name": "亚瑟", "kda": "0.00", "pick_cnt": "1", "played": "0", "win_rate": "0.0000" },
    { "avg_assist": "2.00", "avg_ban_seq": "9.0", "avg_bekill": "3.00", "avg_kill": "0.00", "avg_pick_seq": "0.0", "ban_cnt": "0", "gpm": "557", "hero_id": "142", "hero_name": "安琪拉", "kda": "0.67", "pick_cnt": "1", "played": "1", "win_rate": "0.0000" },
    { "avg_assist": "0.00", "avg_ban_seq": "0.0", "avg_bekill": "0.00", "avg_kill": "0.00", "avg_pick_seq": "0.0", "ban_cnt": "0", "gpm": "0", "hero_id": "109", "hero_name": "妲己", "kda": "0.00", "pick_cnt": "1", "played": "0", "win_rate": "0.0000" },
    { "avg_assist": "2.00", "avg_ban_seq": "8.0", "avg_bekill": "2.00", "avg_kill": "3.00", "avg_pick_seq": "0.0", "ban_cnt": "0", "gpm": "636", "hero_id": "190", "hero_name": "诸葛亮", "kda": "2.50", "pick_cnt": "1", "played": "1", "win_rate": "0.0000" },
    { "avg_assist": "3.00", "avg_ban_seq": "7.0", "avg_bekill": "4.00", "avg_kill": "1.00", "avg_pick_seq": "0.0", "ban_cnt": "0", "gpm": "556", "hero_id": "128", "hero_name": "曹操", "kda": "1.00", "pick_cnt": "1", "played": "1", "win_rate": "0.0000" },
    { "avg_assist": "3.00", "avg_ban_seq": "10.0", "avg_bekill": "1.00", "avg_kill": "0.00", "avg_pick_seq": "0.0", "ban_cnt": "0", "gpm": "417", "hero_id": "113", "hero_name": "庄周", "kda": "3.00", "pick_cnt": "1", "played": "1", "win_rate": "0.0000" },
    { "avg_assist": "17.00", "avg_ban_seq": "8.0", "avg_bekill": "5.00", "avg_kill": "1.00", "avg_pick_seq": "0.0", "ban_cnt": "0", "gpm": "621", "hero_id": "180", "hero_name": "哪吒", "kda": "3.60", "pick_cnt": "1", "played": "1", "win_rate": "1.0000" },
    { "avg_assist": "0.00", "avg_ban_seq": "9.0", "avg_bekill": "2.00", "avg_kill": "0.00", "avg_pick_seq": "0.0", "ban_cnt": "0", "gpm": "529", "hero_id": "197", "hero_name": "弈星", "kda": "0.00", "pick_cnt": "1", "played": "1", "win_rate": "0.0000" },
    { "avg_assist": "3.00", "avg_ban_seq": "10.0", "avg_bekill": "2.00", "avg_kill": "2.00", "avg_pick_seq": "0.0", "ban_cnt": "0", "gpm": "555", "hero_id": "136", "hero_name": "武则天", "kda": "2.50", "pick_cnt": "1", "played": "1", "win_rate": "0.0000" },
    { "avg_assist": "4.00", "avg_ban_seq": "9.0", "avg_bekill": "3.00", "avg_kill": "6.00", "avg_pick_seq": "0.0", "ban_cnt": "0", "gpm": "688", "hero_id": "137", "hero_name": "司马懿", "kda": "3.33", "pick_cnt": "1", "played": "1", "win_rate": "1.0000" }
]