[
    { "hero_id": "114", "hero_name": "刘禅" },
    { "hero_id": "115", "hero_name": "高渐离" },
    { "hero_id": "116", "hero_name": "阿轲" },
    { "hero_id": "117", "hero_name": "钟无艳" },
    { "hero_id": "119", "hero_name": "扁鹊" },
    { "hero_id": "127", "hero_name": "甄姬" },
    { "hero_id": "129", "hero_name": "典韦" },
    { "hero_id": "130", "hero_name": "宫本武藏" },
    { "hero_id": "131", "hero_name": "李白" },
    { "hero_id": "134", "hero_name": "达摩" },
    { "hero_id": "141", "hero_name": "貂蝉" },
    { "hero_id": "144", "hero_name": "程咬金" },
    { "hero_id": "150", "hero_name": "韩信" },
    { "hero_id": "154", "hero_name": "花木兰" },
    { "hero_id": "155", "hero_name": "艾琳" },
    { "hero_id": "167", "hero_name": "孙悟空" },
    { "hero_id": "170", "hero_name": "刘备" },
    { "hero_id": "175", "hero_name": "钟馗" },
    { "hero_id": "177", "hero_name": "成吉思汗" },
    { "hero_id": "178", "hero_name": "杨戬" },
    { "hero_id": "179", "hero_name": "女娲" },
    { "hero_id": "183", "hero_name": "雅典娜" },
    { "hero_id": "193", "hero_name": "铠" },
    { "hero_id": "195", "hero_name": "百里玄策" },
    { "hero_id": "198", "hero_name": "梦奇" },
    { "hero_id": "501", "hero_name": "明世隐" },
    { "hero_id": "503", "hero_name": "狂铁" },
    { "hero_id": "504", "hero_name": "米莱狄" },
    { "hero_id": "506", "hero_name": "云中君" },
    { "hero_id": "507", "hero_name": "李信" },
    { "hero_id": "510", "hero_name": "孙策" },
    { "hero_id": "522", "hero_name": "曜" },
    { "hero_id": "537", "hero_name": "司空震" }
]