[
    { "avg_assist": "5.77", "avg_bekill": "1.38", "avg_kill": "3.23", "gpm": "735", "kda": "6.44", "name": "南京Hero.久酷", "openid": "173D32D798D7CA169EB60BE1B0D4E4FB", "played": "26", "rating": "5.60", "total_kill": "84", "win_rate": "0.7692", "xpm": "109" },
    { "avg_assist": "7.00", "avg_bekill": "1.31", "avg_kill": "2.85", "gpm": "610", "kda": "8.33", "name": "南京Hero.清融", "openid": "B9134A31BCF50E4600D1DEDFB79A2735", "played": "26", "rating": "5.60", "total_kill": "74", "win_rate": "0.7692", "xpm": "97" },
    { "avg_assist": "6.27", "avg_bekill": "2.35", "avg_kill": "2.77", "gpm": "573", "kda": "6.06", "name": "南京Hero.星痕", "openid": "9F13A5F29B96662F5C16147FB67AB955", "played": "26", "rating": "5.60", "total_kill": "72", "win_rate": "0.7692", "xpm": "105" },
    { "avg_assist": "9.12", "avg_bekill": "1.31", "avg_kill": "0.65", "gpm": "446", "kda": "8.35", "name": "南京Hero.子阳", "openid": "6A3F17E8187CCCAB514B6BE9A8F7C209", "played": "26", "rating": "5.60", "total_kill": "17", "win_rate": "0.7692", "xpm": "84" },
    { "avg_assist": "5.12", "avg_bekill": "2.15", "avg_kill": "3.96", "gpm": "779", "kda": "5.79", "name": "南京Hero.无畏", "openid": "F95EE73A43207678BF73129A2717E243", "played": "26", "rating": "5.60", "total_kill": "103", "win_rate": "0.7692", "xpm": "120" },
    { "avg_assist": "4.95", "avg_bekill": "2.90", "avg_kill": "2.65", "gpm": "618", "kda": "3.29", "name": "MTG.Mf", "openid": "15CB0C8B97A91A3421E42FFF06CDC079", "played": "20", "rating": "5.60", "total_kill": "53", "win_rate": "0.5500", "xpm": "104" },
    { "avg_assist": "4.15", "avg_bekill": "1.90", "avg_kill": "3.30", "gpm": "725", "kda": "4.75", "name": "MTG.Evil", "openid": "935E59132B09AF64DD43722346F441EA", "played": "20", "rating": "5.60", "total_kill": "66", "win_rate": "0.5500", "xpm": "102" },
    { "avg_assist": "6.30", "avg_bekill": "3.05", "avg_kill": "0.75", "gpm": "399", "kda": "3.42", "name": "MTG.QF", "openid": "12ED93A3618081BF263DFB9643CD4825", "played": "20", "rating": "5.60", "total_kill": "15", "win_rate": "0.5500", "xpm": "73" },
    { "avg_assist": "4.90", "avg_bekill": "2.60", "avg_kill": "1.90", "gpm": "636", "kda": "3.21", "name": "MTG.JiuLong", "openid": "5DE81E7A60330EC8E695CF286441E468", "played": "20", "rating": "5.60", "total_kill": "38", "win_rate": "0.5500", "xpm": "97" },
    { "avg_assist": "6.05", "avg_bekill": "1.65", "avg_kill": "2.05", "gpm": "613", "kda": "5.68", "name": "MTG.Msir", "openid": "3B71649AB0EDA28C7B72C8FB31D37EBF", "played": "20", "rating": "5.60", "total_kill": "41", "win_rate": "0.5500", "xpm": "98" },
    { "avg_assist": "5.80", "avg_bekill": "2.60", "avg_kill": "1.47", "gpm": "547", "kda": "3.93", "name": "RNGM.雨雨", "openid": "F87C373893FEE91FC263955B00CA3D0B", "played": "15", "rating": "5.60", "total_kill": "22", "win_rate": "0.5333", "xpm": "96" },
    { "avg_assist": "6.27", "avg_bekill": "2.13", "avg_kill": "1.93", "gpm": "563", "kda": "4.90", "name": "深圳DYG.清清", "openid": "7E1379DA0DE522674BE6D3D950792E19", "played": "15", "rating": "5.60", "total_kill": "29", "win_rate": "0.6000", "xpm": "73" },
    { "avg_assist": "7.93", "avg_bekill": "2.67", "avg_kill": "0.93", "gpm": "434", "kda": "5.79", "name": "RNGM.Zero", "openid": "558B8536033B16FEC1FF02F3E02FC1D1", "played": "15", "rating": "5.60", "total_kill": "14", "win_rate": "0.5333", "xpm": "75" },
    { "avg_assist": "4.73", "avg_bekill": "2.00", "avg_kill": "3.53", "gpm": "809", "kda": "5.38", "name": "RNGM.虔诚", "openid": "F1BCCA006C3701F765FD5D8AE9DC349F", "played": "15", "rating": "5.60", "total_kill": "53", "win_rate": "0.5333", "xpm": "111" },
    { "avg_assist": "3.53", "avg_bekill": "1.53", "avg_kill": "4.73", "gpm": "795", "kda": "5.84", "name": "深圳DYG.小义", "openid": "7D1D29C1629432D8FA2E1CE299D1DF0C", "played": "15", "rating": "5.60", "total_kill": "71", "win_rate": "0.6000", "xpm": "128" },
    { "avg_assist": "6.87", "avg_bekill": "1.67", "avg_kill": "2.87", "gpm": "715", "kda": "7.17", "name": "深圳DYG.易峥", "openid": "E2DA8DAFB90822DA6DA39C6FC40C4172", "played": "15", "rating": "5.60", "total_kill": "43", "win_rate": "0.6000", "xpm": "113" },
    { "avg_assist": "6.67", "avg_bekill": "2.07", "avg_kill": "2.53", "gpm": "575", "kda": "6.30", "name": "深圳DYG.萧玦", "openid": "266AEF44E79032783D720F7709D50BEB", "played": "15", "rating": "5.60", "total_kill": "38", "win_rate": "0.6000", "xpm": "100" },
    { "avg_assist": "8.73", "avg_bekill": "2.47", "avg_kill": "0.40", "gpm": "426", "kda": "5.21", "name": "深圳DYG.星宇", "openid": "8B242820C3F35C0DEFB9F257D4020BC4", "played": "15", "rating": "5.60", "total_kill": "6", "win_rate": "0.6000", "xpm": "65" },
    { "avg_assist": "5.00", "avg_bekill": "2.47", "avg_kill": "4.07", "gpm": "711", "kda": "6.52", "name": "RNGM.晚秋", "openid": "814C5DD9BC3171DB8804746F9842B92F", "played": "15", "rating": "5.60", "total_kill": "61", "win_rate": "0.5333", "xpm": "111" },
    { "avg_assist": "5.71", "avg_bekill": "1.93", "avg_kill": "2.07", "gpm": "582", "kda": "5.52", "name": "广州TTG.易瞳", "openid": "11B1E4A5877119E38789702C7BCAECEE", "played": "14", "rating": "5.60", "total_kill": "29", "win_rate": "0.5000", "xpm": "96" },
    { "avg_assist": "8.07", "avg_bekill": "2.93", "avg_kill": "0.57", "gpm": "422", "kda": "4.40", "name": "广州TTG.冰尘", "openid": "B60BEC66456FDE26DDF9B6F7BCCE6131", "played": "14", "rating": "5.60", "total_kill": "8", "win_rate": "0.5000", "xpm": "95" },
    { "avg_assist": "5.43", "avg_bekill": "1.93", "avg_kill": "3.43", "gpm": "655", "kda": "6.51", "name": "广州TTG.九尾", "openid": "5CAC8191AF8F3503F7D7C9B3A3D5D171", "played": "14", "rating": "5.60", "total_kill": "48", "win_rate": "0.5000", "xpm": "104" },
    { "avg_assist": "6.07", "avg_bekill": "2.50", "avg_kill": "2.21", "gpm": "539", "kda": "3.80", "name": "RNGM.天真", "openid": "2CBC15A49E006EC46D2B4C10741ED097", "played": "14", "rating": "5.60", "total_kill": "31", "win_rate": "0.5000", "xpm": "90" },
    { "avg_assist": "5.93", "avg_bekill": "2.86", "avg_kill": "3.36", "gpm": "695", "kda": "6.40", "name": "广州TTG.绑兔", "openid": "45542A4391B5BE4A0240153385EE51AD", "played": "14", "rating": "5.60", "total_kill": "47", "win_rate": "0.5000", "xpm": "111" },
    { "avg_assist": "4.86", "avg_bekill": "2.29", "avg_kill": "3.64", "gpm": "736", "kda": "4.86", "name": "广州TTG.钎城", "openid": "B85FF8B85DEC3E142B8FD38CF06AE36F", "played": "14", "rating": "5.60", "total_kill": "51", "win_rate": "0.5000", "xpm": "108" },
    { "avg_assist": "5.55", "avg_bekill": "1.55", "avg_kill": "2.73", "gpm": "641", "kda": "6.86", "name": "成都AG超玩会.笑影", "openid": "6D24B00C1B9E76BCA81D5D7A01DEA2FB", "played": "11", "rating": "5.60", "total_kill": "30", "win_rate": "0.5455", "xpm": "87" },
    { "avg_assist": "4.36", "avg_bekill": "2.82", "avg_kill": "3.00", "gpm": "774", "kda": "4.33", "name": "成都AG超玩会.一诺", "openid": "924F7C93F262FC99443B7C27E9A3D6AA", "played": "11", "rating": "5.60", "total_kill": "33", "win_rate": "0.5455", "xpm": "89" },
    { "avg_assist": "6.55", "avg_bekill": "2.27", "avg_kill": "1.45", "gpm": "483", "kda": "5.29", "name": "成都AG超玩会.啊泽", "openid": "E975CFD0CBA30C4AD52FC03F255E772F", "played": "11", "rating": "5.60", "total_kill": "16", "win_rate": "0.5455", "xpm": "96" },
    { "avg_assist": "7.64", "avg_bekill": "3.00", "avg_kill": "0.45", "gpm": "414", "kda": "4.62", "name": "成都AG超玩会.最初", "openid": "75A0E028EC2BF9D41710669411CD19F8", "played": "11", "rating": "5.60", "total_kill": "5", "win_rate": "0.5455", "xpm": "89" },
    { "avg_assist": "3.44", "avg_bekill": "3.44", "avg_kill": "1.22", "gpm": "483", "kda": "2.06", "name": "CW.Play", "openid": "CB0F2C00F12B0C406CEB5CEC27A0F68E", "played": "9", "rating": "5.60", "total_kill": "11", "win_rate": "0.1111", "xpm": "69" },
    { "avg_assist": "3.67", "avg_bekill": "1.56", "avg_kill": "2.89", "gpm": "772", "kda": "4.56", "name": "DQ.小玖", "openid": "5E839CBBEC7B59598BFEAA3EB1D92696", "played": "9", "rating": "5.60", "total_kill": "26", "win_rate": "0.5556", "xpm": "107" },
    { "avg_assist": "5.33", "avg_bekill": "2.11", "avg_kill": "2.22", "gpm": "573", "kda": "5.56", "name": "XYG.灵梦", "openid": "0AF35E9A9507940BE374612D954C23E1", "played": "9", "rating": "5.60", "total_kill": "20", "win_rate": "0.4444", "xpm": "98" },
    { "avg_assist": "4.67", "avg_bekill": "2.44", "avg_kill": "2.89", "gpm": "780", "kda": "4.26", "name": "XYG.秀豆", "openid": "DDD0D18080016E5DD9E39DD738BC661C", "played": "9", "rating": "5.60", "total_kill": "26", "win_rate": "0.4444", "xpm": "108" },
    { "avg_assist": "6.78", "avg_bekill": "2.89", "avg_kill": "1.33", "gpm": "507", "kda": "4.00", "name": "东莞Wz.An", "openid": "412F33F111FAA708495F3A97655CACB7", "played": "9", "rating": "5.60", "total_kill": "12", "win_rate": "0.2222", "xpm": "95" },
    { "avg_assist": "6.33", "avg_bekill": "1.89", "avg_kill": "0.22", "gpm": "398", "kda": "4.15", "name": "SZG.小奕", "openid": "6BB38CF41E02425F6FEC26C5CA510509", "played": "9", "rating": "5.60", "total_kill": "2", "win_rate": "0.2222", "xpm": "58" },
    { "avg_assist": "4.56", "avg_bekill": "1.89", "avg_kill": "2.22", "gpm": "530", "kda": "3.74", "name": "重庆QGhappy.末将", "openid": "73D09DF6368EAA1198B9B43DCDCA8536", "played": "9", "rating": "5.60", "total_kill": "20", "win_rate": "0.5556", "xpm": "95" },
    { "avg_assist": "5.00", "avg_bekill": "2.78", "avg_kill": "3.22", "gpm": "579", "kda": "4.01", "name": "东莞Wz.Ming", "openid": "D8FC7AD6484F38686489D0870B217B5E", "played": "9", "rating": "5.60", "total_kill": "29", "win_rate": "0.2222", "xpm": "103" },
    { "avg_assist": "4.78", "avg_bekill": "2.22", "avg_kill": "1.11", "gpm": "523", "kda": "3.33", "name": "SZG.阿怪", "openid": "AF0629B2EF727960E10AD14A52203250", "played": "9", "rating": "5.60", "total_kill": "10", "win_rate": "0.2222", "xpm": "67" },
    { "avg_assist": "2.67", "avg_bekill": "3.33", "avg_kill": "1.89", "gpm": "608", "kda": "1.29", "name": "CW.CITY", "openid": "B363E28FD95A35BF82FE215242049CFC", "played": "9", "rating": "5.60", "total_kill": "17", "win_rate": "0.1111", "xpm": "78" },
    { "avg_assist": "5.56", "avg_bekill": "2.22", "avg_kill": "1.67", "gpm": "541", "kda": "4.55", "name": "DQ.佩佩", "openid": "586FA26F3CE2548C85E66A4106CB9AF2", "played": "9", "rating": "5.60", "total_kill": "15", "win_rate": "0.5556", "xpm": "90" },
    { "avg_assist": "4.00", "avg_bekill": "2.11", "avg_kill": "1.89", "gpm": "550", "kda": "3.59", "name": "DQ.林染", "openid": "FC982946943F5571276C41B13A47A501", "played": "9", "rating": "5.60", "total_kill": "17", "win_rate": "0.5556", "xpm": "89" },
    { "avg_assist": "5.67", "avg_bekill": "1.89", "avg_kill": "1.00", "gpm": "462", "kda": "4.47", "name": "XYG.酷偕", "openid": "DBFE99AEC8B415DF7F5B4B9700F1EC2D", "played": "9", "rating": "5.60", "total_kill": "9", "win_rate": "0.4444", "xpm": "92" },
    { "avg_assist": "2.56", "avg_bekill": "2.22", "avg_kill": "2.22", "gpm": "731", "kda": "2.67", "name": "SZG.审判", "openid": "667A53A1CBB6F696760ABE144D8D67CF", "played": "9", "rating": "5.60", "total_kill": "20", "win_rate": "0.2222", "xpm": "74" },
    { "avg_assist": "5.00", "avg_bekill": "2.00", "avg_kill": "3.44", "gpm": "652", "kda": "4.57", "name": "重庆QGhappy.小胖", "openid": "32A60408B2D697ABC6F8F84919412C37", "played": "9", "rating": "5.60", "total_kill": "31", "win_rate": "0.5556", "xpm": "98" },
    { "avg_assist": "2.78", "avg_bekill": "1.89", "avg_kill": "1.33", "gpm": "646", "kda": "3.21", "name": "CW.Gin", "openid": "3C6007E72834B6BD0F904B86F497A240", "played": "9", "rating": "5.60", "total_kill": "12", "win_rate": "0.1111", "xpm": "95" },
    { "avg_assist": "3.33", "avg_bekill": "2.00", "avg_kill": "2.89", "gpm": "709", "kda": "4.31", "name": "SZG.初见", "openid": "A24F3429D00A623C2DB2E7AC5605AE1E", "played": "9", "rating": "5.60", "total_kill": "26", "win_rate": "0.2222", "xpm": "124" },
    { "avg_assist": "7.89", "avg_bekill": "1.22", "avg_kill": "0.44", "gpm": "416", "kda": "6.11", "name": "重庆QGhappy.许诺", "openid": "9C0EBC8C5FDAB2B947FE66D477F1F683", "played": "9", "rating": "5.60", "total_kill": "4", "win_rate": "0.5556", "xpm": "91" },
    { "avg_assist": "7.33", "avg_bekill": "2.89", "avg_kill": "0.33", "gpm": "436", "kda": "4.30", "name": "DQ.小秋", "openid": "2545BC34A9380FC6787E838A88842615", "played": "9", "rating": "5.60", "total_kill": "3", "win_rate": "0.5556", "xpm": "72" },
    { "avg_assist": "4.78", "avg_bekill": "2.22", "avg_kill": "2.67", "gpm": "727", "kda": "4.00", "name": "DQ.三藏", "openid": "E921568211081AC4933182B8BB6BB8D7", "played": "9", "rating": "5.60", "total_kill": "24", "win_rate": "0.5556", "xpm": "112" },
    { "avg_assist": "2.78", "avg_bekill": "2.00", "avg_kill": "4.33", "gpm": "772", "kda": "5.47", "name": "XYG.九月", "openid": "2A5E5F2CCBC300E9EE7466A31B075EBB", "played": "9", "rating": "5.60", "total_kill": "39", "win_rate": "0.4444", "xpm": "123" },
    { "avg_assist": "8.22", "avg_bekill": "1.44", "avg_kill": "0.56", "gpm": "433", "kda": "6.77", "name": "XYG.羲和", "openid": "E4F91381CD2B14F963C84113B7E06665", "played": "9", "rating": "5.60", "total_kill": "5", "win_rate": "0.4444", "xpm": "89" },
    { "avg_assist": "4.33", "avg_bekill": "1.78", "avg_kill": "4.44", "gpm": "782", "kda": "6.73", "name": "东莞Wz.Roc", "openid": "647740157E919B82FBFCBFBB48392E0C", "played": "9", "rating": "5.60", "total_kill": "40", "win_rate": "0.2222", "xpm": "101" },
    { "avg_assist": "4.67", "avg_bekill": "2.00", "avg_kill": "1.67", "gpm": "540", "kda": "4.19", "name": "SZG.挽余", "openid": "9721E43CFA7682ABD37C58C50F5DAD70", "played": "9", "rating": "5.60", "total_kill": "15", "win_rate": "0.2222", "xpm": "87" },
    { "avg_assist": "4.78", "avg_bekill": "1.44", "avg_kill": "2.33", "gpm": "565", "kda": "6.06", "name": "重庆QGhappy.Fly", "openid": "81AEA3A32BA205D61F400FA612808490", "played": "9", "rating": "5.60", "total_kill": "21", "win_rate": "0.5556", "xpm": "94" },
    { "avg_assist": "4.12", "avg_bekill": "3.38", "avg_kill": "4.38", "gpm": "705", "kda": "4.22", "name": "成都AG超玩会.七年", "openid": "B55D06F690915809C40AF962152BE477", "played": "8", "rating": "5.60", "total_kill": "35", "win_rate": "0.6250", "xpm": "112" },
    { "avg_assist": "5.43", "avg_bekill": "2.86", "avg_kill": "1.86", "gpm": "627", "kda": "3.08", "name": "东莞Wz.小鑫", "openid": "C92E6B1943CBC75CA613CF59F299CB97", "played": "7", "rating": "5.60", "total_kill": "13", "win_rate": "0.2857", "xpm": "99" },
    { "avg_assist": "8.67", "avg_bekill": "2.50", "avg_kill": "0.67", "gpm": "405", "kda": "6.58", "name": "Ts.阿豆", "openid": "6D54271544D17B374436D7189EEBC522", "played": "6", "rating": "5.60", "total_kill": "4", "win_rate": "0.3333", "xpm": "79" },
    { "avg_assist": "4.00", "avg_bekill": "2.83", "avg_kill": "3.50", "gpm": "742", "kda": "2.39", "name": "TS.诗酒", "openid": "5D73362D8689CDE756564426B11DF410", "played": "6", "rating": "5.60", "total_kill": "21", "win_rate": "0.3333", "xpm": "97" },
    { "avg_assist": "6.33", "avg_bekill": "3.50", "avg_kill": "2.17", "gpm": "538", "kda": "3.64", "name": "TS.千世", "openid": "F1B2BA5A27FE61518DCC510C73288D9C", "played": "6", "rating": "5.60", "total_kill": "13", "win_rate": "0.3333", "xpm": "91" },
    { "avg_assist": "5.50", "avg_bekill": "3.00", "avg_kill": "1.67", "gpm": "492", "kda": "2.53", "name": "Ts.神人", "openid": "217E45134E48B0E55522590E23FFE479", "played": "6", "rating": "5.60", "total_kill": "10", "win_rate": "0.3333", "xpm": "87" },
    { "avg_assist": "5.17", "avg_bekill": "2.83", "avg_kill": "4.17", "gpm": "718", "kda": "4.54", "name": "Ts.暖阳", "openid": "B61E31C87EB42BE852DEADE5273AB0DE", "played": "6", "rating": "5.60", "total_kill": "25", "win_rate": "0.3333", "xpm": "95" },
    { "avg_assist": "3.40", "avg_bekill": "2.00", "avg_kill": "0.00", "gpm": "373", "kda": "1.97", "name": "LGD大鹅.清凡", "openid": "25822801F76AF7A8471C0145FFDAC065", "played": "5", "rating": "5.60", "total_kill": "0", "win_rate": "0.2000", "xpm": "34" },
    { "avg_assist": "1.80", "avg_bekill": "2.60", "avg_kill": "1.60", "gpm": "651", "kda": "1.05", "name": "LGD大鹅.晨阳", "openid": "B0019B42DA5B187F036E30193F5BC1C6", "played": "5", "rating": "5.60", "total_kill": "8", "win_rate": "0.2000", "xpm": "88" },
    { "avg_assist": "1.20", "avg_bekill": "2.20", "avg_kill": "0.20", "gpm": "369", "kda": "1.08", "name": "CW.老贝", "openid": "75AB65116EAE2DFC168177C15B7D60D8", "played": "5", "rating": "5.60", "total_kill": "1", "win_rate": "0.0000", "xpm": "68" },
    { "avg_assist": "7.60", "avg_bekill": "1.80", "avg_kill": "2.40", "gpm": "756", "kda": "5.20", "name": "重庆QGhappy.Hurt", "openid": "B8982198AC67B048D317C07DE73F4962", "played": "5", "rating": "5.60", "total_kill": "12", "win_rate": "0.6000", "xpm": "91" },
    { "avg_assist": "1.40", "avg_bekill": "2.00", "avg_kill": "1.20", "gpm": "529", "kda": "1.07", "name": "杭州LGD大鹅.剑心", "openid": "5CB464E6753E0DF3D0D9EA6D1B050604", "played": "5", "rating": "5.60", "total_kill": "6", "win_rate": "0.2000", "xpm": "100" },
    { "avg_assist": "1.20", "avg_bekill": "2.20", "avg_kill": "0.40", "gpm": "493", "kda": "0.93", "name": "CW.Panda", "openid": "EA985A9CC37A53CDBF644E30B28CE589", "played": "5", "rating": "5.60", "total_kill": "2", "win_rate": "0.0000", "xpm": "71" },
    { "avg_assist": "1.40", "avg_bekill": "2.40", "avg_kill": "1.60", "gpm": "703", "kda": "2.48", "name": "LGD大鹅.江城", "openid": "576982DDE588DFBF070EE568BC165EE7", "played": "5", "rating": "5.60", "total_kill": "8", "win_rate": "0.2000", "xpm": "104" },
    { "avg_assist": "9.40", "avg_bekill": "1.60", "avg_kill": "1.20", "gpm": "439", "kda": "8.50", "name": "东莞Wz.蓝汐", "openid": "0A24EBE22442EA504B4E9DF1A30CF8B1", "played": "5", "rating": "5.60", "total_kill": "6", "win_rate": "0.4000", "xpm": "77" },
    { "avg_assist": "1.40", "avg_bekill": "3.80", "avg_kill": "0.60", "gpm": "510", "kda": "0.45", "name": "LGD大鹅.君诏", "openid": "C19D0F7E18428F851F9CBED82071436D", "played": "5", "rating": "5.60", "total_kill": "3", "win_rate": "0.2000", "xpm": "79" },
    { "avg_assist": "2.75", "avg_bekill": "1.00", "avg_kill": "1.75", "gpm": "780", "kda": "4.00", "name": "重庆QGhappy.妖刀 ", "openid": "C9D941685D82271FE93B9D835B50BDBE", "played": "4", "rating": "5.60", "total_kill": "7", "win_rate": "0.5000", "xpm": "97" },
    { "avg_assist": "6.50", "avg_bekill": "2.25", "avg_kill": "1.25", "gpm": "666", "kda": "4.17", "name": "CW.Chao", "openid": "AE49061AE340DB9A2A8C01F6FA1D12A3", "played": "4", "rating": "5.60", "total_kill": "5", "win_rate": "0.2500", "xpm": "99" },
    { "avg_assist": "7.75", "avg_bekill": "3.25", "avg_kill": "0.00", "gpm": "377", "kda": "3.08", "name": "CW.Jayden", "openid": "A82E35064CBD34FB726E96A701B9658B", "played": "4", "rating": "5.60", "total_kill": "0", "win_rate": "0.2500", "xpm": "71" },
    { "avg_assist": "5.00", "avg_bekill": "4.25", "avg_kill": "0.50", "gpm": "384", "kda": "1.39", "name": "东莞Wz.Mac", "openid": "E0EAC7456627FBFC8605E490F7BA3E73", "played": "4", "rating": "5.60", "total_kill": "2", "win_rate": "0.0000", "xpm": "73" },
    { "avg_assist": "1.67", "avg_bekill": "2.67", "avg_kill": "2.67", "gpm": "747", "kda": "3.17", "name": "成都AG超玩会.汤汤", "openid": "7DE8C75A050BE3A6615F952899C1782E", "played": "3", "rating": "5.60", "total_kill": "8", "win_rate": "0.3333", "xpm": "117" },
    { "avg_assist": "1.50", "avg_bekill": "3.00", "avg_kill": "0.50", "gpm": "592", "kda": "0.75", "name": "东莞Wz.然k", "openid": "21750D9C25D75DAB202D11277DCA6808", "played": "2", "rating": "5.60", "total_kill": "1", "win_rate": "0.0000", "xpm": "108" },
    { "avg_assist": "14.00", "avg_bekill": "1.00", "avg_kill": "2.00", "gpm": "508", "kda": "16.00", "name": "RNGM.暴风锐", "openid": "C33F4D32C03321DF09F884E61C01394E", "played": "1", "rating": "5.60", "total_kill": "2", "win_rate": "1.0000", "xpm": "87" }
]