[
    { "ban_heros": "511|157|509|171", "camp": "1", "game_label": "120401", "game_time": "2021-01-07 15:13:53", "is_win": "1", "kill_cnt": "10", "pick_heros": "186|533|140|312|132", "team_id": "25", "team_name": "重庆QGhappy" },
    { "ban_heros": "525|528|508|111", "camp": "2", "game_label": "120401", "game_time": "2021-01-07 15:13:53", "is_win": "0", "kill_cnt": "1", "pick_heros": "531|105|174|168|108", "team_id": "45", "team_name": "南京Hero久竞" },
    { "ban_heros": "525|528|156|107", "camp": "2", "game_label": "120402", "game_time": "2021-01-07 15:56:27", "is_win": "0", "kill_cnt": "6", "pick_heros": "531|509|148|140|112", "team_id": "89", "team_name": "东莞Wz" },
    { "ban_heros": "186|139|174|511", "camp": "1", "game_label": "120402", "game_time": "2021-01-07 15:56:27", "is_win": "1", "kill_cnt": "12", "pick_heros": "199|105|191|163|157", "team_id": "92", "team_name": "嵊州SZG" },
    { "ban_heros": "525|199|111|105", "camp": "2", "game_label": "120403", "game_time": "2021-01-07 16:33:32", "is_win": "0", "kill_cnt": "2", "pick_heros": "511|528|157|132|505", "team_id": "71", "team_name": "CW" },
    { "ban_heros": "191|533|118|509", "camp": "1", "game_label": "120403", "game_time": "2021-01-07 16:33:32", "is_win": "1", "kill_cnt": "13", "pick_heros": "186|531|312|120|174", "team_id": "88", "team_name": "MTG" },
    { "ban_heros": "525|199|508|132", "camp": "2", "game_label": "120404", "game_time": "2021-01-07 17:05:19", "is_win": "1", "kill_cnt": "12", "pick_heros": "528|123|515|169|189", "team_id": "45", "team_name": "南京Hero久竞" },
    { "ban_heros": "186|511|509|118", "camp": "1", "game_label": "120404", "game_time": "2021-01-07 17:05:19", "is_win": "0", "kill_cnt": "2", "pick_heros": "105|157|531|184|111", "team_id": "92", "team_name": "嵊州SZG" },
    { "ban_heros": "525|186|120|105", "camp": "2", "game_label": "120405", "game_time": "2021-01-07 17:38:47", "is_win": "0", "kill_cnt": "10", "pick_heros": "528|511|156|174|171", "team_id": "25", "team_name": "重庆QGhappy" },
    { "ban_heros": "191|157|132|199", "camp": "1", "game_label": "120405", "game_time": "2021-01-07 17:38:47", "is_win": "1", "kill_cnt": "8", "pick_heros": "509|531|312|123|169", "team_id": "88", "team_name": "MTG" },
    { "ban_heros": "528|199|508|169", "camp": "2", "game_label": "120406", "game_time": "2021-01-07 18:22:12", "is_win": "1", "kill_cnt": "10", "pick_heros": "533|518|132|171|123", "team_id": "90", "team_name": "DQ" },
    { "ban_heros": "186|140|509|184", "camp": "1", "game_label": "120406", "game_time": "2021-01-07 18:22:12", "is_win": "0", "kill_cnt": "7", "pick_heros": "525|118|105|111|531", "team_id": "92", "team_name": "嵊州SZG" },
    { "ban_heros": "509|199|508|132", "camp": "1", "game_label": "120407", "game_time": "2021-01-07 19:01:49", "is_win": "1", "kill_cnt": "14", "pick_heros": "528|515|105|169|118", "team_id": "45", "team_name": "南京Hero久竞" },
    { "ban_heros": "525|186|189|174", "camp": "2", "game_label": "120407", "game_time": "2021-01-07 19:01:49", "is_win": "0", "kill_cnt": "7", "pick_heros": "511|157|531|184|111", "team_id": "91", "team_name": "XYG" },
    { "ban_heros": "518|533|148|312", "camp": "1", "game_label": "120408", "game_time": "2021-01-07 19:37:51", "is_win": "1", "kill_cnt": "15", "pick_heros": "511|156|186|107|111", "team_id": "38", "team_name": "RNG.M" },
    { "ban_heros": "528|525|169|162", "camp": "2", "game_label": "120408", "game_time": "2021-01-07 19:37:51", "is_win": "0", "kill_cnt": "12", "pick_heros": "531|199|191|123|196", "team_id": "90", "team_name": "DQ" },
    { "ban_heros": "531|191|148|515", "camp": "1", "game_label": "120409", "game_time": "2021-01-07 20:36:37", "is_win": "0", "kill_cnt": "3", "pick_heros": "157|533|518|132|171", "team_id": "89", "team_name": "东莞Wz" },
    { "ban_heros": "525|528|118|509", "camp": "2", "game_label": "120409", "game_time": "2021-01-07 20:36:37", "is_win": "1", "kill_cnt": "17", "pick_heros": "186|111|511|523|162", "team_id": "91", "team_name": "XYG" },
    { "ban_heros": "525|528|523|148", "camp": "2", "game_label": "120410", "game_time": "2021-01-07 21:15:19", "is_win": "0", "kill_cnt": "4", "pick_heros": "511|186|156|162|508", "team_id": "71", "team_name": "CW" },
    { "ban_heros": "518|191|140|132", "camp": "1", "game_label": "120408", "game_time": "2021-01-07 21:15:19", "is_win": "1", "kill_cnt": "6", "pick_heros": "531|123|111|171|124", "team_id": "90", "team_name": "DQ" },
    { "ban_heros": "518|191|140|132", "camp": "1", "game_label": "120410", "game_time": "2021-01-07 21:15:19", "is_win": "1", "kill_cnt": "6", "pick_heros": "531|123|111|171|124", "team_id": "90", "team_name": "DQ" },
    { "ban_heros": "525|186|156|505", "camp": "2", "game_label": "120411", "game_time": "2021-01-07 21:52:09", "is_win": "0", "kill_cnt": "9", "pick_heros": "509|157|531|123|508", "team_id": "15", "team_name": "广州TTG" },
    { "ban_heros": "199|533|174|133", "camp": "1", "game_label": "120411", "game_time": "2021-01-07 21:52:09", "is_win": "1", "kill_cnt": "22", "pick_heros": "528|105|132|152|187", "team_id": "38", "team_name": "RNG.M" },
    { "ban_heros": "199|157|509|505", "camp": "1", "game_label": "120412", "game_time": "2021-01-08 15:13:45", "is_win": "1", "kill_cnt": "15", "pick_heros": "528|148|174|168|149", "team_id": "15", "team_name": "广州TTG" },
    { "ban_heros": "525|186|140|123", "camp": "2", "game_label": "120412", "game_time": "2021-01-08 15:13:45", "is_win": "0", "kill_cnt": "6", "pick_heros": "511|132|531|171|312", "team_id": "91", "team_name": "XYG" },
    { "ban_heros": "525|191|199|515", "camp": "2", "game_label": "120413", "game_time": "2021-01-08 15:55:07", "is_win": "1", "kill_cnt": "14", "pick_heros": "105|509|132|162|148", "team_id": "38", "team_name": "RNG.M" },
    { "ban_heros": "186|531|163|157", "camp": "1", "game_label": "120413", "game_time": "2021-01-08 15:55:07", "is_win": "0", "kill_cnt": "7", "pick_heros": "528|187|123|192|156", "team_id": "92", "team_name": "嵊州SZG" },
    { "ban_heros": "191|533|118|509", "camp": "1", "game_label": "120412", "game_time": "2021-01-08 16:30:45", "is_win": "1", "kill_cnt": "13", "pick_heros": "186|162|123|515|508", "team_id": "15", "team_name": "广州TTG" },
    { "ban_heros": "191|533|118|509", "camp": "1", "game_label": "120414", "game_time": "2021-01-08 16:30:45", "is_win": "1", "kill_cnt": "13", "pick_heros": "186|162|123|515|508", "team_id": "15", "team_name": "广州TTG" },
    { "ban_heros": "525|528|174|111", "camp": "2", "game_label": "120414", "game_time": "2021-01-08 16:30:45", "is_win": "0", "kill_cnt": "1", "pick_heros": "511|531|157|132|108", "team_id": "71", "team_name": "CW" },
    { "ban_heros": "191|186|509|118", "camp": "1", "game_label": "120415", "game_time": "2021-01-08 17:04:10", "is_win": "0", "kill_cnt": "18", "pick_heros": "525|148|511|133|162", "team_id": "89", "team_name": "东莞Wz" },
    { "ban_heros": "528|531|169|174", "camp": "2", "game_label": "120415", "game_time": "2021-01-08 17:04:10", "is_win": "1", "kill_cnt": "16", "pick_heros": "533|518|199|157|189", "team_id": "90", "team_name": "DQ" },
    { "ban_heros": "191|511|157|312", "camp": "1", "game_label": "120416", "game_time": "2021-01-08 17:46:38", "is_win": "1", "kill_cnt": "8", "pick_heros": "186|140|533|111|124", "team_id": "25", "team_name": "重庆QGhappy" },
    { "ban_heros": "525|528|156|148", "camp": "2", "game_label": "120416", "game_time": "2021-01-08 17:46:38", "is_win": "0", "kill_cnt": "0", "pick_heros": "531|123|509|524|523", "team_id": "71", "team_name": "CW" },
    { "ban_heros": "132|525|157|523", "camp": "2", "game_label": "120417", "game_time": "2021-01-08 18:24:27", "is_win": "0", "kill_cnt": "7", "pick_heros": "528|111|123|156|509", "team_id": "90", "team_name": "DQ" },
    { "ban_heros": "199|518|184|171", "camp": "1", "game_label": "120417", "game_time": "2021-01-08 18:24:27", "is_win": "1", "kill_cnt": "20", "pick_heros": "186|531|511|174|312", "team_id": "91", "team_name": "XYG" },
    { "ban_heros": "509|199|118|505", "camp": "1", "game_label": "120418", "game_time": "2021-01-08 19:05:29", "is_win": "1", "kill_cnt": "12", "pick_heros": "186|531|123|111|312", "team_id": "45", "team_name": "南京Hero久竞" },
    { "ban_heros": "525|511|157|174", "camp": "2", "game_label": "120418", "game_time": "2021-01-08 19:05:29", "is_win": "0", "kill_cnt": "1", "pick_heros": "528|105|132|171|182", "team_id": "71", "team_name": "CW" },
    { "ban_heros": "199|518|511|156", "camp": "1", "game_label": "120419", "game_time": "2021-01-08 19:36:35", "is_win": "0", "kill_cnt": "3", "pick_heros": "186|157|533|146|132", "team_id": "88", "team_name": "MTG" },
    { "ban_heros": "525|531|140|174", "camp": "2", "game_label": "120419", "game_time": "2021-01-08 19:36:35", "is_win": "1", "kill_cnt": "16", "pick_heros": "528|111|171|120|124", "team_id": "90", "team_name": "DQ" },
    { "ban_heros": "525|528|107|162", "camp": "2", "game_label": "120420", "game_time": "2021-01-08 20:14:09", "is_win": "0", "kill_cnt": "4", "pick_heros": "111|531|105|118|515", "team_id": "89", "team_name": "东莞Wz" },
    { "ban_heros": "199|518|171|184", "camp": "1", "game_label": "120420", "game_time": "2021-01-08 20:14:10", "is_win": "1", "kill_cnt": "22", "pick_heros": "186|174|312|533|140", "team_id": "15", "team_name": "广州TTG" },
    { "ban_heros": "191|509|511|105", "camp": "2", "game_label": "120421", "game_time": "2021-01-08 20:48:31", "is_win": "1", "kill_cnt": "12", "pick_heros": "133|525|312|518|529", "team_id": "88", "team_name": "MTG" },
    { "ban_heros": "531|186|123|140", "camp": "1", "game_label": "120413", "game_time": "2021-01-08 20:48:31", "is_win": "0", "kill_cnt": "10", "pick_heros": "528|199|148|171|149", "team_id": "92", "team_name": "嵊州SZG" },
    { "ban_heros": "531|186|123|140", "camp": "1", "game_label": "120421", "game_time": "2021-01-08 20:48:31", "is_win": "0", "kill_cnt": "10", "pick_heros": "528|199|148|171|149", "team_id": "92", "team_name": "嵊州SZG" },
    { "ban_heros": "525|186|196|125", "camp": "2", "game_label": "120422", "game_time": "2021-01-08 21:26:37", "is_win": "0", "kill_cnt": "5", "pick_heros": "171|531|140|169|312", "team_id": "25", "team_name": "重庆QGhappy" },
    { "ban_heros": "528|511|148|111", "camp": "1", "game_label": "120422", "game_time": "2021-01-08 21:26:37", "is_win": "1", "kill_cnt": "15", "pick_heros": "199|191|105|157|153", "team_id": "91", "team_name": "XYG" },
    { "ban_heros": "525|528|105|123", "camp": "2", "game_label": "120413", "game_time": "2021-01-08 22:14:56", "is_win": "0", "kill_cnt": "8", "pick_heros": "511|531|118|108|169", "team_id": "38", "team_name": "RNG.M" },
    { "ban_heros": "525|528|105|123", "camp": "2", "game_label": "120423", "game_time": "2021-01-08 22:14:56", "is_win": "0", "kill_cnt": "8", "pick_heros": "511|531|118|108|169", "team_id": "38", "team_name": "RNG.M" },
    { "ban_heros": "199|509|312|132", "camp": "1", "game_label": "120423", "game_time": "2021-01-08 22:14:56", "is_win": "1", "kill_cnt": "11", "pick_heros": "186|508|157|518|533", "team_id": "45", "team_name": "南京Hero久竞" },
    { "ban_heros": "191|518|511|312", "camp": "1", "game_label": "120424", "game_time": "2021-01-09 15:14:13", "is_win": "1", "kill_cnt": "9", "pick_heros": "186|157|533|132|140", "team_id": "25", "team_name": "重庆QGhappy" },
    { "ban_heros": "528|525|174|169", "camp": "2", "game_label": "120424", "game_time": "2021-01-09 15:14:13", "is_win": "0", "kill_cnt": "0", "pick_heros": "531|111|171|124|527", "team_id": "90", "team_name": "DQ" },
    { "ban_heros": "199|509|133|174", "camp": "2", "game_label": "120425", "game_time": "2021-01-09 15:57:59", "is_win": "1", "kill_cnt": "9", "pick_heros": "528|111|312|184|120", "team_id": "88", "team_name": "MTG" },
    { "ban_heros": "186|531|105|171", "camp": "1", "game_label": "120425", "game_time": "2021-01-09 15:57:59", "is_win": "0", "kill_cnt": "9", "pick_heros": "525|157|511|173|162", "team_id": "91", "team_name": "XYG" },
    { "ban_heros": "191|518|133|508", "camp": "1", "game_label": "120426", "game_time": "2021-01-09 16:37:17", "is_win": "0", "kill_cnt": "10", "pick_heros": "533|132|186|157|105", "team_id": "15", "team_name": "广州TTG" },
    { "ban_heros": "528|531|140|146", "camp": "2", "game_label": "120426", "game_time": "2021-01-09 16:37:17", "is_win": "1", "kill_cnt": "12", "pick_heros": "162|525|148|511|112", "team_id": "90", "team_name": "DQ" },
    { "ban_heros": "199|105|133|174", "camp": "2", "game_label": "120427", "game_time": "2021-01-09 17:29:31", "is_win": "1", "kill_cnt": "10", "pick_heros": "511|528|111|184|312", "team_id": "91", "team_name": "XYG" },
    { "ban_heros": "531|186|509|523", "camp": "1", "game_label": "120427", "game_time": "2021-01-09 17:29:31", "is_win": "0", "kill_cnt": "1", "pick_heros": "525|148|123|132|529", "team_id": "92", "team_name": "嵊州SZG" },
    { "ban_heros": "186|157|133|192", "camp": "2", "game_label": "120428", "game_time": "2021-01-09 18:05:35", "is_win": "1", "kill_cnt": "15", "pick_heros": "533|132|509|536|515", "team_id": "15", "team_name": "广州TTG" },
    { "ban_heros": "528|531|140|146", "camp": "1", "game_label": "120428", "game_time": "2021-01-09 18:05:35", "is_win": "0", "kill_cnt": "10", "pick_heros": "525|518|312|524|153", "team_id": "88", "team_name": "MTG" },
    { "ban_heros": "191|525|111|157", "camp": "2", "game_label": "120429", "game_time": "2021-01-09 18:51:00", "is_win": "1", "kill_cnt": "15", "pick_heros": "509|533|518|312|508", "team_id": "38", "team_name": "RNG.M" },
    { "ban_heros": "528|511|132|133", "camp": "1", "game_label": "120429", "game_time": "2021-01-09 18:51:00", "is_win": "0", "kill_cnt": "4", "pick_heros": "186|105|531|174|523", "team_id": "91", "team_name": "XYG" },
    { "ban_heros": "199|525|153|518", "camp": "2", "game_label": "120430", "game_time": "2021-01-09 19:28:37", "is_win": "1", "kill_cnt": "16", "pick_heros": "157|533|140|171|508", "team_id": "25", "team_name": "重庆QGhappy" },
    { "ban_heros": "531|528|174|509", "camp": "1", "game_label": "120430", "game_time": "2021-01-09 19:28:37", "is_win": "0", "kill_cnt": "9", "pick_heros": "186|111|312|511|163", "team_id": "92", "team_name": "嵊州SZG" },
    { "ban_heros": "191|525|162|111", "camp": "2", "game_label": "120431", "game_time": "2021-01-09 20:11:36", "is_win": "0", "kill_cnt": "7", "pick_heros": "531|511|509|156|524", "team_id": "38", "team_name": "RNG.M" },
    { "ban_heros": "528|533|132|169", "camp": "1", "game_label": "120431", "game_time": "2021-01-09 20:11:36", "is_win": "1", "kill_cnt": "24", "pick_heros": "186|105|157|112|140", "team_id": "89", "team_name": "东莞Wz" },
    { "ban_heros": "191|112|157|156", "camp": "2", "game_label": "120433", "game_time": "2021-01-09 21:28:01", "is_win": "1", "kill_cnt": "9", "pick_heros": "533|525|133|518|182", "team_id": "88", "team_name": "MTG" },
    { "ban_heros": "531|528|312|140", "camp": "1", "game_label": "120433", "game_time": "2021-01-09 21:28:01", "is_win": "0", "kill_cnt": "10", "pick_heros": "105|111|186|523|527", "team_id": "89", "team_name": "东莞Wz" },
    { "ban_heros": "528|533|162|174", "camp": "2", "game_label": "120434", "game_time": "2021-01-09 22:10:53", "is_win": "1", "kill_cnt": "18", "pick_heros": "186|531|312|120|508", "team_id": "15", "team_name": "广州TTG" },
    { "ban_heros": "509|157|111|132", "camp": "1", "game_label": "120434", "game_time": "2021-01-09 22:10:53", "is_win": "0", "kill_cnt": "16", "pick_heros": "525|511|148|107|169", "team_id": "25", "team_name": "重庆QGhappy" },
    { "ban_heros": "509|525|312|108", "camp": "1", "game_label": "120435", "game_time": "2021-01-09 22:54:03", "is_win": "1", "kill_cnt": "13", "pick_heros": "186|508|157|146|123", "team_id": "45", "team_name": "南京Hero久竞" },
    { "ban_heros": "528|531|511|105", "camp": "2", "game_label": "120435", "game_time": "2021-01-09 22:54:03", "is_win": "0", "kill_cnt": "11", "pick_heros": "533|518|118|527|156", "team_id": "89", "team_name": "东莞Wz" },
    { "ban_heros": "525|186|509|163", "camp": "2", "game_label": "120436", "game_time": "2021-01-10 15:12:32", "is_win": "0", "kill_cnt": "7", "pick_heros": "531|511|312|118|174", "team_id": "71", "team_name": "CW" },
    { "ban_heros": "191|528|184|508", "camp": "1", "game_label": "120436", "game_time": "2021-01-10 15:12:32", "is_win": "1", "kill_cnt": "16", "pick_heros": "105|132|157|518|505", "team_id": "89", "team_name": "东莞Wz" },
    { "ban_heros": "518|509|156|120", "camp": "1", "game_label": "120437", "game_time": "2021-01-10 15:47:51", "is_win": "0", "kill_cnt": "8", "pick_heros": "528|525|105|169|148", "team_id": "38", "team_name": "RNG.M" },
    { "ban_heros": "533|511|132|133", "camp": "2", "game_label": "120437", "game_time": "2021-01-10 15:47:51", "is_win": "1", "kill_cnt": "16", "pick_heros": "186|111|531|157|123", "team_id": "88", "team_name": "MTG" },
    { "ban_heros": "199|525|157|171", "camp": "1", "game_label": "120438", "game_time": "2021-01-10 16:24:37", "is_win": "1", "kill_cnt": "9", "pick_heros": "186|312|132|511|107", "team_id": "15", "team_name": "广州TTG" },
    { "ban_heros": "531|528|153|146", "camp": "2", "game_label": "120438", "game_time": "2021-01-10 16:24:37", "is_win": "0", "kill_cnt": "4", "pick_heros": "533|111|105|124|184", "team_id": "92", "team_name": "嵊州SZG" },
    { "ban_heros": "511|525|508|515", "camp": "1", "game_label": "120439", "game_time": "2021-01-10 17:01:09", "is_win": "1", "kill_cnt": "15", "pick_heros": "186|157|531|111|527", "team_id": "25", "team_name": "重庆QGhappy" },
    { "ban_heros": "528|140|105|123", "camp": "2", "game_label": "120439", "game_time": "2021-01-10 17:01:09", "is_win": "0", "kill_cnt": "11", "pick_heros": "533|518|118|312|199", "team_id": "89", "team_name": "东莞Wz" },
    { "ban_heros": "199|525|533|518", "camp": "2", "game_label": "120440", "game_time": "2021-01-10 17:50:24", "is_win": "1", "kill_cnt": "13", "pick_heros": "531|511|312|192|171", "team_id": "45", "team_name": "南京Hero久竞" },
    { "ban_heros": "509|528|169|174", "camp": "1", "game_label": "120440", "game_time": "2021-01-10 17:50:24", "is_win": "0", "kill_cnt": "6", "pick_heros": "186|508|157|120|163", "team_id": "90", "team_name": "DQ" },
    { "ban_heros": "528|525|523|189", "camp": "2", "game_label": "120441", "game_time": "2021-01-10 18:44:45", "is_win": "1", "kill_cnt": "20", "pick_heros": "139|191|123|529|152", "team_id": "71", "team_name": "CW" },
    { "ban_heros": "186|509|163|124", "camp": "1", "game_label": "120441", "game_time": "2021-01-10 18:44:45", "is_win": "0", "kill_cnt": "11", "pick_heros": "199|531|511|148|184", "team_id": "91", "team_name": "XYG" },
    { "ban_heros": "509|186|199|132", "camp": "1", "game_label": "120442", "game_time": "2021-01-10 19:27:37", "is_win": "1", "kill_cnt": "11", "pick_heros": "525|511|169|163|523", "team_id": "45", "team_name": "南京Hero久竞" },
    { "ban_heros": "528|533|157|146", "camp": "2", "game_label": "120442", "game_time": "2021-01-10 19:27:37", "is_win": "0", "kill_cnt": "4", "pick_heros": "531|123|312|105|111", "team_id": "88", "team_name": "MTG" },
    { "ban_heros": "525|191|157|511", "camp": "2", "game_label": "120443", "game_time": "2021-01-10 20:03:09", "is_win": "1", "kill_cnt": "21", "pick_heros": "533|518|156|112|187", "team_id": "38", "team_name": "RNG.M" },
    { "ban_heros": "186|531|118|171", "camp": "1", "game_label": "120443", "game_time": "2021-01-10 20:03:09", "is_win": "0", "kill_cnt": "9", "pick_heros": "528|509|199|312|527", "team_id": "71", "team_name": "CW" },
    { "ban_heros": "525|140|157|523", "camp": "2", "game_label": "120444", "game_time": "2021-01-10 20:35:34", "is_win": "0", "kill_cnt": "10", "pick_heros": "191|528|139|196|121", "team_id": "15", "team_name": "广州TTG" },
    { "ban_heros": "509|199|312|152", "camp": "1", "game_label": "120444", "game_time": "2021-01-10 20:35:34", "is_win": "1", "kill_cnt": "18", "pick_heros": "186|531|511|111|148", "team_id": "45", "team_name": "南京Hero久竞" },
    { "ban_heros": "525|509|148|312", "camp": "2", "game_label": "120445", "game_time": "2021-01-10 21:17:22", "is_win": "0", "kill_cnt": "6", "pick_heros": "123|531|156|133|171", "team_id": "25", "team_name": "重庆QGhappy" },
    { "ban_heros": "186|157|199|508", "camp": "1", "game_label": "120445", "game_time": "2021-01-10 21:17:22", "is_win": "1", "kill_cnt": "9", "pick_heros": "528|132|105|108|184", "team_id": "38", "team_name": "RNG.M" },
    { "ban_heros": "525|186|171|123", "camp": "2", "game_label": "120446", "game_time": "2021-01-13 15:19:50", "is_win": "0", "kill_cnt": "3", "pick_heros": "162|511|108|192|113", "team_id": "38", "team_name": "RNG.M" },
    { "ban_heros": "509|531|199|184", "camp": "1", "game_label": "120446", "game_time": "2021-01-13 15:19:51", "is_win": "1", "kill_cnt": "13", "pick_heros": "528|508|157|189|105", "team_id": "45", "team_name": "南京Hero久竞" },
    { "ban_heros": "511|531|513|111", "camp": "1", "game_label": "120446", "game_time": "2021-01-13 15:49:29", "is_win": "1", "kill_cnt": "17", "pick_heros": "533|518|118|174|156", "team_id": "38", "team_name": "RNG.M" },
    { "ban_heros": "525|528|523|515", "camp": "2", "game_label": "120446", "game_time": "2021-01-13 15:49:29", "is_win": "0", "kill_cnt": "11", "pick_heros": "527|186|146|199|182", "team_id": "45", "team_name": "南京Hero久竞" },
    { "ban_heros": "533|525|511|120", "camp": "2", "game_label": "120446", "game_time": "2021-01-13 16:26:31", "is_win": "0", "kill_cnt": "12", "pick_heros": "509|123|157|508|153", "team_id": "38", "team_name": "RNG.M" },
    { "ban_heros": "528|186|199|133", "camp": "1", "game_label": "120446", "game_time": "2021-01-13 16:26:31", "is_win": "1", "kill_cnt": "24", "pick_heros": "531|132|312|140|168", "team_id": "45", "team_name": "南京Hero久竞" },
    { "ban_heros": "533|509|171|187", "camp": "1", "game_label": "120446", "game_time": "2021-01-13 17:11:20", "is_win": "0", "kill_cnt": "9", "pick_heros": "191|199|105|110|528", "team_id": "38", "team_name": "RNG.M" },
    { "ban_heros": "525|186|152|312", "camp": "2", "game_label": "120446", "game_time": "2021-01-13 17:11:20", "is_win": "1", "kill_cnt": "14", "pick_heros": "162|511|148|174|194", "team_id": "45", "team_name": "南京Hero久竞" },
    { "ban_heros": "533|118|184|523", "camp": "1", "game_label": "120446", "game_time": "2021-01-13 17:49:16", "is_win": "1", "kill_cnt": "16", "pick_heros": "531|120|132|124|149", "team_id": "38", "team_name": "RNG.M" },
    { "ban_heros": "525|186|505|187", "camp": "2", "game_label": "120446", "game_time": "2021-01-13 17:49:16", "is_win": "0", "kill_cnt": "10", "pick_heros": "163|518|133|171|110", "team_id": "45", "team_name": "南京Hero久竞" },
    { "ban_heros": "525|533|515|524", "camp": "2", "game_label": "120446", "game_time": "2021-01-13 18:25:32", "is_win": "0", "kill_cnt": "7", "pick_heros": "163|171|133|128|136", "team_id": "38", "team_name": "RNG.M" },
    { "ban_heros": "186|140|527|146", "camp": "1", "game_label": "120446", "game_time": "2021-01-13 18:25:32", "is_win": "1", "kill_cnt": "12", "pick_heros": "107|118|123|196|513", "team_id": "45", "team_name": "南京Hero久竞" },
    { "ban_heros": "525|528|133|174", "camp": "2", "game_label": "120447", "game_time": "2021-01-13 19:35:35", "is_win": "1", "kill_cnt": "12", "pick_heros": "191|199|120|163|312", "team_id": "28", "team_name": "DYG" },
    { "ban_heros": "186|105|531|153", "camp": "1", "game_label": "120447", "game_time": "2021-01-13 19:35:35", "is_win": "0", "kill_cnt": "1", "pick_heros": "511|509|162|192|148", "team_id": "35", "team_name": "杭州LGD大鹅" },
    { "ban_heros": "525|528|312|196", "camp": "2", "game_label": "120447", "game_time": "2021-01-13 20:07:14", "is_win": "1", "kill_cnt": "14", "pick_heros": "111|186|156|153|140", "team_id": "28", "team_name": "DYG" },
    { "ban_heros": "511|509|531|107", "camp": "1", "game_label": "120447", "game_time": "2021-01-13 20:07:14", "is_win": "0", "kill_cnt": "3", "pick_heros": "105|199|191|163|197", "team_id": "35", "team_name": "杭州LGD大鹅" },
    { "ban_heros": "525|528|120|121", "camp": "2", "game_label": "120447", "game_time": "2021-01-13 20:35:41", "is_win": "0", "kill_cnt": "15", "pick_heros": "162|123|174|108|171", "team_id": "28", "team_name": "DYG" },
    { "ban_heros": "509|533|157|187", "camp": "1", "game_label": "120447", "game_time": "2021-01-13 20:35:41", "is_win": "1", "kill_cnt": "18", "pick_heros": "531|186|132|149|137", "team_id": "35", "team_name": "杭州LGD大鹅" },
    { "ban_heros": "533|157|518|174", "camp": "1", "game_label": "120447", "game_time": "2021-01-13 21:12:48", "is_win": "1", "kill_cnt": "11", "pick_heros": "528|133|105|149|110", "team_id": "28", "team_name": "DYG" },
    { "ban_heros": "525|511|509|184", "camp": "2", "game_label": "120447", "game_time": "2021-01-13 21:12:48", "is_win": "0", "kill_cnt": "0", "pick_heros": "120|118|107|112|312", "team_id": "35", "team_name": "杭州LGD大鹅" },
    { "ban_heros": "525|528|156|169", "camp": "2", "game_label": "120447", "game_time": "2021-01-13 21:43:42", "is_win": "1", "kill_cnt": "12", "pick_heros": "126|157|146|508|518", "team_id": "28", "team_name": "DYG" },
    { "ban_heros": "531|511|509|187", "camp": "1", "game_label": "120447", "game_time": "2021-01-13 21:43:42", "is_win": "0", "kill_cnt": "3", "pick_heros": "533|184|527|133|108", "team_id": "35", "team_name": "杭州LGD大鹅" },
    { "ban_heros": "525|186|140|156", "camp": "2", "game_label": "120448", "game_time": "2021-01-14 15:28:34", "is_win": "1", "kill_cnt": "20", "pick_heros": "191|199|105|146|196", "team_id": "44", "team_name": "WB.TS" },
    { "ban_heros": "509|528|153|157", "camp": "1", "game_label": "120448", "game_time": "2021-01-14 15:28:34", "is_win": "0", "kill_cnt": "19", "pick_heros": "531|171|169|523|527", "team_id": "88", "team_name": "MTG" },
    { "ban_heros": "525|186|118|120", "camp": "2", "game_label": "120448", "game_time": "2021-01-14 16:11:38", "is_win": "0", "kill_cnt": "14", "pick_heros": "157|511|162|184|169", "team_id": "44", "team_name": "WB.TS" },
    { "ban_heros": "531|509|132|174", "camp": "1", "game_label": "120448", "game_time": "2021-01-14 16:11:38", "is_win": "1", "kill_cnt": "21", "pick_heros": "528|515|508|180|187", "team_id": "88", "team_name": "MTG" },
    { "ban_heros": "533|511|182|157", "camp": "1", "game_label": "120448", "game_time": "2021-01-14 16:42:39", "is_win": "0", "kill_cnt": "15", "pick_heros": "525|527|192|163|523", "team_id": "44", "team_name": "WB.TS" },
    { "ban_heros": "531|528|156|107", "camp": "2", "game_label": "120448", "game_time": "2021-01-14 16:42:39", "is_win": "1", "kill_cnt": "16", "pick_heros": "509|133|153|146|125", "team_id": "88", "team_name": "MTG" },
    { "ban_heros": "525|191|312|157", "camp": "1", "game_label": "120448", "game_time": "2021-01-14 17:24:17", "is_win": "0", "kill_cnt": "3", "pick_heros": "186|111|107|149|108", "team_id": "44", "team_name": "WB.TS" },
    { "ban_heros": "531|528|156|120", "camp": "2", "game_label": "120448", "game_time": "2021-01-14 17:24:17", "is_win": "1", "kill_cnt": "11", "pick_heros": "533|518|118|132|176", "team_id": "88", "team_name": "MTG" },
    { "ban_heros": "525|186|157|121", "camp": "2", "game_label": "120448", "game_time": "2021-01-14 17:56:22", "is_win": "1", "kill_cnt": "17", "pick_heros": "140|153|509|312|132", "team_id": "44", "team_name": "WB.TS" },
    { "ban_heros": "528|531|156|148", "camp": "1", "game_label": "120448", "game_time": "2021-01-14 17:56:22", "is_win": "0", "kill_cnt": "9", "pick_heros": "105|199|191|536|124", "team_id": "88", "team_name": "MTG" },
    { "ban_heros": "186|525|162|107", "camp": "2", "game_label": "120448", "game_time": "2021-01-14 18:28:52", "is_win": "0", "kill_cnt": "4", "pick_heros": "502|148|120|171|524", "team_id": "44", "team_name": "WB.TS" },
    { "ban_heros": "531|528|518|118", "camp": "1", "game_label": "120448", "game_time": "2021-01-14 18:28:52", "is_win": "1", "kill_cnt": "12", "pick_heros": "123|157|174|529|168", "team_id": "88", "team_name": "MTG" },
    { "ban_heros": "511|157|120|174", "camp": "2", "game_label": "120449", "game_time": "2021-01-14 19:40:14", "is_win": "0", "kill_cnt": "9", "pick_heros": "518|533|118|132|108", "team_id": "15", "team_name": "广州TTG" },
    { "ban_heros": "509|528|312|156", "camp": "1", "game_label": "120449", "game_time": "2021-01-14 19:40:15", "is_win": "1", "kill_cnt": "13", "pick_heros": "525|531|148|133|105", "team_id": "12", "team_name": "成都AG超玩会" },
    { "ban_heros": "525|528|156|157", "camp": "2", "game_label": "120449", "game_time": "2021-01-14 20:18:26", "is_win": "0", "kill_cnt": "8", "pick_heros": "533|509|121|508|110", "team_id": "12", "team_name": "成都AG超玩会" },
    { "ban_heros": "199|518|132|524", "camp": "1", "game_label": "120449", "game_time": "2021-01-14 20:18:26", "is_win": "1", "kill_cnt": "27", "pick_heros": "186|511|107|192|312", "team_id": "15", "team_name": "广州TTG" },
    { "ban_heros": "525|509|189|187", "camp": "1", "game_label": "120449", "game_time": "2021-01-14 20:56:52", "is_win": "1", "kill_cnt": "17", "pick_heros": "528|199|191|135|108", "team_id": "12", "team_name": "成都AG超玩会" },
    { "ban_heros": "186|511|139|120", "camp": "2", "game_label": "120449", "game_time": "2021-01-14 20:56:52", "is_win": "0", "kill_cnt": "11", "pick_heros": "123|157|162|171|133", "team_id": "15", "team_name": "广州TTG" },
    { "ban_heros": "525|528|509|191", "camp": "1", "game_label": "120449", "game_time": "2021-01-14 21:30:06", "is_win": "1", "kill_cnt": "23", "pick_heros": "511|162|174|182|187", "team_id": "12", "team_name": "成都AG超玩会" },
    { "ban_heros": "186|157|312|513", "camp": "2", "game_label": "120449", "game_time": "2021-01-14 21:30:06", "is_win": "0", "kill_cnt": "10", "pick_heros": "105|531|148|169|194", "team_id": "15", "team_name": "广州TTG" },
    { "ban_heros": "525|528|515|153", "camp": "2", "game_label": "120449", "game_time": "2021-01-14 22:04:06", "is_win": "1", "kill_cnt": "13", "pick_heros": "157|527|184|529|169", "team_id": "12", "team_name": "成都AG超玩会" },
    { "ban_heros": "186|140|111|107", "camp": "1", "game_label": "120449", "game_time": "2021-01-14 22:04:06", "is_win": "0", "kill_cnt": "5", "pick_heros": "199|191|120|190|163", "team_id": "15", "team_name": "广州TTG" },
    { "ban_heros": "525|531|157|312", "camp": "2", "game_label": "120450", "game_time": "2021-01-16 18:22:35", "is_win": "1", "kill_cnt": "12", "pick_heros": "502|105|182|508|171", "team_id": "28", "team_name": "DYG" },
    { "ban_heros": "528|191|509|187", "camp": "1", "game_label": "120450", "game_time": "2021-01-16 18:22:35", "is_win": "0", "kill_cnt": "1", "pick_heros": "186|533|518|111|110", "team_id": "88", "team_name": "MTG" },
    { "ban_heros": "525|531|121|140", "camp": "2", "game_label": "120450", "game_time": "2021-01-16 19:07:45", "is_win": "0", "kill_cnt": "21", "pick_heros": "123|162|132|157|189", "team_id": "28", "team_name": "DYG" },
    { "ban_heros": "528|191|124|156", "camp": "1", "game_label": "120450", "game_time": "2021-01-16 19:07:45", "is_win": "1", "kill_cnt": "22", "pick_heros": "509|153|133|125|146", "team_id": "88", "team_name": "MTG" },
    { "ban_heros": "157|531|139|312", "camp": "1", "game_label": "120450", "game_time": "2021-01-16 19:43:17", "is_win": "1", "kill_cnt": "9", "pick_heros": "199|525|148|146|527", "team_id": "28", "team_name": "DYG" },
    { "ban_heros": "509|528|153|163", "camp": "2", "game_label": "120450", "game_time": "2021-01-16 19:43:17", "is_win": "0", "kill_cnt": "5", "pick_heros": "191|105|174|107|156", "team_id": "88", "team_name": "MTG" },
    { "ban_heros": "525|531|157|513", "camp": "2", "game_label": "120450", "game_time": "2021-01-16 20:13:17", "is_win": "1", "kill_cnt": "22", "pick_heros": "533|518|110|169|194", "team_id": "28", "team_name": "DYG" },
    { "ban_heros": "186|528|118|111", "camp": "1", "game_label": "120450", "game_time": "2021-01-16 20:13:17", "is_win": "0", "kill_cnt": "7", "pick_heros": "163|187|192|120|182", "team_id": "88", "team_name": "MTG" },
    { "ban_heros": "525|132|157|312", "camp": "2", "game_label": "120450", "game_time": "2021-01-16 20:47:38", "is_win": "1", "kill_cnt": "14", "pick_heros": "126|528|174|184|156", "team_id": "28", "team_name": "DYG" },
    { "ban_heros": "186|509|140|120", "camp": "1", "game_label": "120450", "game_time": "2021-01-16 20:47:38", "is_win": "0", "kill_cnt": "6", "pick_heros": "511|531|199|513|118", "team_id": "88", "team_name": "MTG" },
    { "ban_heros": "528|525|509|511", "camp": "2", "game_label": "120451", "game_time": "2021-01-17 17:57:03", "is_win": "0", "kill_cnt": "2", "pick_heros": "186|111|108|105|163", "team_id": "12", "team_name": "成都AG超玩会" },
    { "ban_heros": "199|153|107|533", "camp": "1", "game_label": "120451", "game_time": "2021-01-17 17:57:03", "is_win": "1", "kill_cnt": "15", "pick_heros": "531|508|157|123|168", "team_id": "45", "team_name": "南京Hero久竞" },
    { "ban_heros": "186|509|105|515", "camp": "1", "game_label": "120451", "game_time": "2021-01-17 18:26:26", "is_win": "0", "kill_cnt": "16", "pick_heros": "525|529|148|174|135", "team_id": "12", "team_name": "成都AG超玩会" },
    { "ban_heros": "531|511|140|120", "camp": "2", "game_label": "120451", "game_time": "2021-01-17 18:26:26", "is_win": "1", "kill_cnt": "20", "pick_heros": "199|528|191|126|513", "team_id": "45", "team_name": "南京Hero久竞" },
    { "ban_heros": "528|199|157|187", "camp": "2", "game_label": "120451", "game_time": "2021-01-17 19:05:24", "is_win": "0", "kill_cnt": "8", "pick_heros": "107|105|174|118|515", "team_id": "45", "team_name": "南京Hero久竞" },
    { "ban_heros": "525|509|186|148", "camp": "1", "game_label": "120451", "game_time": "2021-01-17 19:05:25", "is_win": "1", "kill_cnt": "13", "pick_heros": "511|132|531|505|312", "team_id": "12", "team_name": "成都AG超玩会" },
    { "ban_heros": "525|511|192|524", "camp": "2", "game_label": "120451", "game_time": "2021-01-17 19:44:49", "is_win": "0", "kill_cnt": "6", "pick_heros": "518|509|533|133|182", "team_id": "12", "team_name": "成都AG超玩会" },
    { "ban_heros": "528|199|523|513", "camp": "1", "game_label": "120451", "game_time": "2021-01-17 19:44:49", "is_win": "1", "kill_cnt": "11", "pick_heros": "163|184|527|169|124", "team_id": "45", "team_name": "南京Hero久竞" },
    { "ban_heros": "525|511|111|132", "camp": "1", "game_label": "120451", "game_time": "2021-01-17 20:34:32", "is_win": "1", "kill_cnt": "11", "pick_heros": "162|123|157|173|184", "team_id": "12", "team_name": "成都AG超玩会" },
    { "ban_heros": "528|199|508|169", "camp": "2", "game_label": "120451", "game_time": "2021-01-17 20:34:32", "is_win": "0", "kill_cnt": "6", "pick_heros": "502|186|518|196|176", "team_id": "45", "team_name": "南京Hero久竞" },
    { "ban_heros": "525|511|509|187", "camp": "2", "game_label": "120451", "game_time": "2021-01-17 21:00:40", "is_win": "0", "kill_cnt": "5", "pick_heros": "527|107|513|191|139", "team_id": "12", "team_name": "成都AG超玩会" },
    { "ban_heros": "528|199|118|169", "camp": "1", "game_label": "120451", "game_time": "2021-01-17 21:00:40", "is_win": "1", "kill_cnt": "19", "pick_heros": "140|162|523|171|173", "team_id": "45", "team_name": "南京Hero久竞" },
    { "ban_heros": "528|525|140|189", "camp": "2", "game_label": "120452", "game_time": "2021-01-23 17:31:53", "is_win": "0", "kill_cnt": "14", "pick_heros": "132|123|153|168|156", "team_id": "28", "team_name": "深圳DYG" },
    { "ban_heros": "199|186|509|312", "camp": "1", "game_label": "120452", "game_time": "2021-01-23 17:31:53", "is_win": "1", "kill_cnt": "17", "pick_heros": "531|508|157|149|126", "team_id": "45", "team_name": "南京Hero久竞" },
    { "ban_heros": "509|186|174|162", "camp": "1", "game_label": "120452", "game_time": "2021-01-23 18:13:39", "is_win": "0", "kill_cnt": "4", "pick_heros": "199|191|511|110|107", "team_id": "28", "team_name": "深圳DYG" },
    { "ban_heros": "531|528|196|312", "camp": "2", "game_label": "120452", "game_time": "2021-01-23 18:13:39", "is_win": "1", "kill_cnt": "18", "pick_heros": "525|105|148|163|169", "team_id": "45", "team_name": "南京Hero久竞" },
    { "ban_heros": "509|199|132|196", "camp": "1", "game_label": "120452", "game_time": "2021-01-23 18:57:29", "is_win": "0", "kill_cnt": "4", "pick_heros": "186|146|105|513|133", "team_id": "28", "team_name": "深圳DYG" },
    { "ban_heros": "528|531|157|108", "camp": "2", "game_label": "120452", "game_time": "2021-01-23 18:57:29", "is_win": "1", "kill_cnt": "13", "pick_heros": "518|533|312|118|174", "team_id": "45", "team_name": "南京Hero久竞" },
    { "ban_heros": "509|199|153|502", "camp": "1", "game_label": "120452", "game_time": "2021-01-23 19:42:16", "is_win": "1", "kill_cnt": "18", "pick_heros": "162|148|525|140|508", "team_id": "28", "team_name": "深圳DYG" },
    { "ban_heros": "531|528|120|121", "camp": "2", "game_label": "120452", "game_time": "2021-01-23 19:42:16", "is_win": "0", "kill_cnt": "20", "pick_heros": "132|511|523|107|189", "team_id": "45", "team_name": "南京Hero久竞" },
    { "ban_heros": "528|199|192|156", "camp": "2", "game_label": "120452", "game_time": "2021-01-23 20:21:08", "is_win": "0", "kill_cnt": "5", "pick_heros": "502|509|312|120|173", "team_id": "28", "team_name": "深圳DYG" },
    { "ban_heros": "531|518|174|121", "camp": "1", "game_label": "120452", "game_time": "2021-01-23 20:21:08", "is_win": "1", "kill_cnt": "14", "pick_heros": "162|186|123|524|110", "team_id": "45", "team_name": "南京Hero久竞" }
]