[
    { "avg_assist": "6.59", "avg_ban_seq": "4.1", "avg_bekill": "1.97", "avg_kill": "4.26", "avg_pick_seq": "0.0", "ban_cnt": "29", "gpm": "560", "hero_id": "132", "hero_name": "马可波罗", "kda": "7.22", "pick_cnt": "148", "played": "148", "win_rate": "0.4865" },
    { "avg_assist": "7.88", "avg_ban_seq": "4.9", "avg_bekill": "3.06", "avg_kill": "1.60", "avg_pick_seq": "0.0", "ban_cnt": "14", "gpm": "360", "hero_id": "123", "hero_name": "吕布", "kda": "4.81", "pick_cnt": "147", "played": "147", "win_rate": "0.5714" },
    { "avg_assist": "7.03", "avg_ban_seq": "2.6", "avg_bekill": "2.69", "avg_kill": "3.18", "avg_pick_seq": "0.0", "ban_cnt": "61", "gpm": "476", "hero_id": "163", "hero_name": "橘右京", "kda": "5.57", "pick_cnt": "136", "played": "136", "win_rate": "0.5662" },
    { "avg_assist": "6.30", "avg_ban_seq": "3.4", "avg_bekill": "3.21", "avg_kill": "2.36", "avg_pick_seq": "0.0", "ban_cnt": "61", "gpm": "426", "hero_id": "107", "hero_name": "赵云", "kda": "4.01", "pick_cnt": "135", "played": "135", "win_rate": "0.4222" },
    { "avg_assist": "5.58", "avg_ban_seq": "3.5", "avg_bekill": "2.42", "avg_kill": "2.29", "avg_pick_seq": "0.0", "ban_cnt": "67", "gpm": "492", "hero_id": "149", "hero_name": "刘邦", "kda": "4.67", "pick_cnt": "120", "played": "120", "win_rate": "0.4667" },
    { "avg_assist": "7.06", "avg_ban_seq": "4.6", "avg_bekill": "2.60", "avg_kill": "3.43", "avg_pick_seq": "0.0", "ban_cnt": "54", "gpm": "464", "hero_id": "141", "hero_name": "貂蝉", "kda": "5.76", "pick_cnt": "108", "played": "108", "win_rate": "0.4630" },
    { "avg_assist": "6.13", "avg_ban_seq": "5.0", "avg_bekill": "1.61", "avg_kill": "3.48", "avg_pick_seq": "0.0", "ban_cnt": "21", "gpm": "546", "hero_id": "110", "hero_name": "嬴政", "kda": "7.12", "pick_cnt": "100", "played": "100", "win_rate": "0.4900" },
    { "avg_assist": "5.27", "avg_ban_seq": "2.3", "avg_bekill": "2.87", "avg_kill": "3.68", "avg_pick_seq": "0.0", "ban_cnt": "101", "gpm": "506", "hero_id": "140", "hero_name": "关羽", "kda": "4.39", "pick_cnt": "99", "played": "99", "win_rate": "0.5152" },
    { "avg_assist": "4.94", "avg_ban_seq": "4.6", "avg_bekill": "3.27", "avg_kill": "2.16", "avg_pick_seq": "0.0", "ban_cnt": "33", "gpm": "562", "hero_id": "150", "hero_name": "韩信", "kda": "3.26", "pick_cnt": "99", "played": "99", "win_rate": "0.4444" },
    { "avg_assist": "7.46", "avg_ban_seq": "6.9", "avg_bekill": "3.95", "avg_kill": "1.36", "avg_pick_seq": "0.0", "ban_cnt": "2", "gpm": "317", "hero_id": "126", "hero_name": "夏侯惇", "kda": "3.60", "pick_cnt": "80", "played": "80", "win_rate": "0.5375" },
    { "avg_assist": "5.88", "avg_ban_seq": "4.8", "avg_bekill": "1.86", "avg_kill": "3.17", "avg_pick_seq": "0.0", "ban_cnt": "12", "gpm": "465", "hero_id": "157", "hero_name": "不知火舞", "kda": "6.12", "pick_cnt": "77", "played": "77", "win_rate": "0.5065" },
    { "avg_assist": "5.21", "avg_ban_seq": "7.7", "avg_bekill": "1.69", "avg_kill": "3.60", "avg_pick_seq": "0.0", "ban_cnt": "6", "gpm": "544", "hero_id": "111", "hero_name": "孙尚香", "kda": "6.29", "pick_cnt": "75", "played": "75", "win_rate": "0.4400" },
    { "avg_assist": "5.93", "avg_ban_seq": "3.8", "avg_bekill": "2.59", "avg_kill": "3.31", "avg_pick_seq": "0.0", "ban_cnt": "69", "gpm": "495", "hero_id": "131", "hero_name": "李白", "kda": "5.32", "pick_cnt": "71", "played": "71", "win_rate": "0.6479" },
    { "avg_assist": "7.92", "avg_ban_seq": "7.3", "avg_bekill": "4.04", "avg_kill": "1.00", "avg_pick_seq": "0.0", "ban_cnt": "1", "gpm": "296", "hero_id": "117", "hero_name": "钟无艳", "kda": "3.05", "pick_cnt": "71", "played": "71", "win_rate": "0.4648" },
    { "avg_assist": "8.00", "avg_ban_seq": "7.1", "avg_bekill": "2.24", "avg_kill": "0.90", "avg_pick_seq": "0.0", "ban_cnt": "4", "gpm": "322", "hero_id": "113", "hero_name": "庄周", "kda": "5.64", "pick_cnt": "62", "played": "62", "win_rate": "0.5484" },
    { "avg_assist": "5.43", "avg_ban_seq": "2.4", "avg_bekill": "2.39", "avg_kill": "3.43", "avg_pick_seq": "0.0", "ban_cnt": "139", "gpm": "554", "hero_id": "146", "hero_name": "露娜", "kda": "5.33", "pick_cnt": "54", "played": "54", "win_rate": "0.5741" },
    { "avg_assist": "7.61", "avg_ban_seq": "7.7", "avg_bekill": "3.24", "avg_kill": "1.76", "avg_pick_seq": "0.0", "ban_cnt": "1", "gpm": "389", "hero_id": "130", "hero_name": "宫本武藏", "kda": "4.64", "pick_cnt": "54", "played": "54", "win_rate": "0.4815" },
    { "avg_assist": "8.71", "avg_ban_seq": "5.3", "avg_bekill": "3.76", "avg_kill": "0.96", "avg_pick_seq": "0.0", "ban_cnt": "17", "gpm": "300", "hero_id": "175", "hero_name": "钟馗", "kda": "3.97", "pick_cnt": "51", "played": "51", "win_rate": "0.4902" },
    { "avg_assist": "6.22", "avg_ban_seq": "6.3", "avg_bekill": "2.60", "avg_kill": "4.62", "avg_pick_seq": "0.0", "ban_cnt": "8", "gpm": "547", "hero_id": "177", "hero_name": "成吉思汗", "kda": "6.34", "pick_cnt": "50", "played": "50", "win_rate": "0.6000" },
    { "avg_assist": "6.44", "avg_ban_seq": "7.1", "avg_bekill": "2.38", "avg_kill": "3.54", "avg_pick_seq": "0.0", "ban_cnt": "2", "gpm": "490", "hero_id": "121", "hero_name": "芈月", "kda": "6.32", "pick_cnt": "48", "played": "48", "win_rate": "0.5417" },
    { "avg_assist": "5.05", "avg_ban_seq": "4.2", "avg_bekill": "1.73", "avg_kill": "2.05", "avg_pick_seq": "0.0", "ban_cnt": "52", "gpm": "428", "hero_id": "148", "hero_name": "姜子牙", "kda": "4.67", "pick_cnt": "40", "played": "40", "win_rate": "0.5250" },
    { "avg_assist": "4.91", "avg_ban_seq": "5.6", "avg_bekill": "3.06", "avg_kill": "3.63", "avg_pick_seq": "0.0", "ban_cnt": "5", "gpm": "462", "hero_id": "154", "hero_name": "花木兰", "kda": "4.13", "pick_cnt": "35", "played": "35", "win_rate": "0.5143" },
    { "avg_assist": "8.48", "avg_ban_seq": "8.6", "avg_bekill": "1.74", "avg_kill": "3.48", "avg_pick_seq": "0.0", "ban_cnt": "0", "gpm": "499", "hero_id": "106", "hero_name": "小乔", "kda": "8.53", "pick_cnt": "27", "played": "27", "win_rate": "0.6296" },
    { "avg_assist": "5.61", "avg_ban_seq": "7.0", "avg_bekill": "4.26", "avg_kill": "4.17", "avg_pick_seq": "0.0", "ban_cnt": "2", "gpm": "430", "hero_id": "153", "hero_name": "兰陵王", "kda": "3.61", "pick_cnt": "23", "played": "23", "win_rate": "0.4783" },
    { "avg_assist": "7.76", "avg_ban_seq": "8.7", "avg_bekill": "3.19", "avg_kill": "0.57", "avg_pick_seq": "0.0", "ban_cnt": "0", "gpm": "300", "hero_id": "135", "hero_name": "项羽", "kda": "3.88", "pick_cnt": "21", "played": "21", "win_rate": "0.4762" },
    { "avg_assist": "6.33", "avg_ban_seq": "8.2", "avg_bekill": "2.89", "avg_kill": "3.50", "avg_pick_seq": "0.0", "ban_cnt": "2", "gpm": "480", "hero_id": "169", "hero_name": "后羿", "kda": "4.67", "pick_cnt": "18", "played": "18", "win_rate": "0.4444" },
    { "avg_assist": "10.33", "avg_ban_seq": "8.8", "avg_bekill": "2.07", "avg_kill": "0.80", "avg_pick_seq": "0.0", "ban_cnt": "0", "gpm": "290", "hero_id": "118", "hero_name": "孙膑", "kda": "6.60", "pick_cnt": "15", "played": "15", "win_rate": "0.5333" },
    { "avg_assist": "5.00", "avg_ban_seq": "7.1", "avg_bekill": "3.38", "avg_kill": "3.46", "avg_pick_seq": "0.0", "ban_cnt": "0", "gpm": "482", "hero_id": "178", "hero_name": "杨戬", "kda": "3.92", "pick_cnt": "13", "played": "13", "win_rate": "0.5385" },
    { "avg_assist": "4.38", "avg_ban_seq": "8.2", "avg_bekill": "3.08", "avg_kill": "1.62", "avg_pick_seq": "0.0", "ban_cnt": "0", "gpm": "458", "hero_id": "144", "hero_name": "程咬金", "kda": "2.43", "pick_cnt": "13", "played": "13", "win_rate": "0.3077" },
    { "avg_assist": "8.46", "avg_ban_seq": "6.1", "avg_bekill": "3.92", "avg_kill": "0.54", "avg_pick_seq": "0.0", "ban_cnt": "0", "gpm": "296", "hero_id": "168", "hero_name": "牛魔", "kda": "4.19", "pick_cnt": "13", "played": "13", "win_rate": "0.4615" },
    { "avg_assist": "5.70", "avg_ban_seq": "8.2", "avg_bekill": "2.70", "avg_kill": "1.80", "avg_pick_seq": "0.0", "ban_cnt": "0", "gpm": "408", "hero_id": "156", "hero_name": "张良", "kda": "3.85", "pick_cnt": "10", "played": "10", "win_rate": "0.2000" },
    { "avg_assist": "5.00", "avg_ban_seq": "9.1", "avg_bekill": "4.44", "avg_kill": "4.11", "avg_pick_seq": "0.0", "ban_cnt": "0", "gpm": "528", "hero_id": "167", "hero_name": "孙悟空", "kda": "2.28", "pick_cnt": "9", "played": "9", "win_rate": "0.3333" },
    { "avg_assist": "4.50", "avg_ban_seq": "8.3", "avg_bekill": "3.50", "avg_kill": "2.67", "avg_pick_seq": "0.0", "ban_cnt": "0", "gpm": "452", "hero_id": "109", "hero_name": "妲己", "kda": "3.06", "pick_cnt": "6", "played": "6", "win_rate": "0.1667" },
    { "avg_assist": "9.00", "avg_ban_seq": "8.2", "avg_bekill": "3.17", "avg_kill": "2.67", "avg_pick_seq": "0.0", "ban_cnt": "0", "gpm": "428", "hero_id": "115", "hero_name": "高渐离", "kda": "4.12", "pick_cnt": "6", "played": "6", "win_rate": "0.3333" },
    { "avg_assist": "5.00", "avg_ban_seq": "7.0", "avg_bekill": "2.33", "avg_kill": "2.33", "avg_pick_seq": "0.0", "ban_cnt": "3", "gpm": "382", "hero_id": "171", "hero_name": "张飞", "kda": "4.22", "pick_cnt": "6", "played": "6", "win_rate": "0.3333" },
    { "avg_assist": "3.80", "avg_ban_seq": "9.0", "avg_bekill": "5.20", "avg_kill": "2.00", "avg_pick_seq": "0.0", "ban_cnt": "0", "gpm": "356", "hero_id": "134", "hero_name": "达摩", "kda": "1.09", "pick_cnt": "5", "played": "5", "win_rate": "0.2000" },
    { "avg_assist": "4.50", "avg_ban_seq": "7.4", "avg_bekill": "1.75", "avg_kill": "1.00", "avg_pick_seq": "0.0", "ban_cnt": "1", "gpm": "417", "hero_id": "108", "hero_name": "墨子", "kda": "4.17", "pick_cnt": "4", "played": "4", "win_rate": "0.2500" },
    { "avg_assist": "7.75", "avg_ban_seq": "6.5", "avg_bekill": "3.25", "avg_kill": "3.50", "avg_pick_seq": "0.0", "ban_cnt": "2", "gpm": "439", "hero_id": "183", "hero_name": "雅典娜", "kda": "5.60", "pick_cnt": "4", "played": "4", "win_rate": "0.7500" },
    { "avg_assist": "9.67", "avg_ban_seq": "7.3", "avg_bekill": "2.00", "avg_kill": "3.00", "avg_pick_seq": "0.0", "ban_cnt": "0", "gpm": "484", "hero_id": "119", "hero_name": "扁鹊", "kda": "10.00", "pick_cnt": "3", "played": "3", "win_rate": "0.6667" },
    { "avg_assist": "7.00", "avg_ban_seq": "9.7", "avg_bekill": "5.00", "avg_kill": "1.00", "avg_pick_seq": "0.0", "ban_cnt": "0", "gpm": "297", "hero_id": "120", "hero_name": "白起", "kda": "1.55", "pick_cnt": "3", "played": "3", "win_rate": "0.0000" },
    { "avg_assist": "4.00", "avg_ban_seq": "9.5", "avg_bekill": "2.50", "avg_kill": "3.00", "avg_pick_seq": "0.0", "ban_cnt": "0", "gpm": "385", "hero_id": "152", "hero_name": "王昭君", "kda": "2.58", "pick_cnt": "2", "played": "2", "win_rate": "0.5000" },
    { "avg_assist": "0.00", "avg_ban_seq": "5.5", "avg_bekill": "2.00", "avg_kill": "0.00", "avg_pick_seq": "0.0", "ban_cnt": "1", "gpm": "205", "hero_id": "105", "hero_name": "廉颇", "kda": "0.00", "pick_cnt": "1", "played": "1", "win_rate": "0.0000" },
    { "avg_assist": "5.00", "avg_ban_seq": "8.0", "avg_bekill": "2.00", "avg_kill": "1.00", "avg_pick_seq": "0.0", "ban_cnt": "0", "gpm": "503", "hero_id": "173", "hero_name": "李元芳", "kda": "3.00", "pick_cnt": "1", "played": "1", "win_rate": "0.0000" },
    { "avg_assist": "3.00", "avg_ban_seq": "8.0", "avg_bekill": "0.00", "avg_kill": "6.00", "avg_pick_seq": "0.0", "ban_cnt": "0", "gpm": "543", "hero_id": "174", "hero_name": "虞姬", "kda": "9.00", "pick_cnt": "1", "played": "1", "win_rate": "1.0000" },
    { "avg_assist": "1.00", "avg_ban_seq": "10.0", "avg_bekill": "1.00", "avg_kill": "0.00", "avg_pick_seq": "0.0", "ban_cnt": "0", "gpm": "351", "hero_id": "136", "hero_name": "武则天", "kda": "1.00", "pick_cnt": "1", "played": "1", "win_rate": "0.0000" },
    { "avg_assist": "0.00", "avg_ban_seq": "5.0", "avg_bekill": "6.00", "avg_kill": "3.00", "avg_pick_seq": "0.0", "ban_cnt": "0", "gpm": "390", "hero_id": "162", "hero_name": "娜可露露", "kda": "0.50", "pick_cnt": "1", "played": "1", "win_rate": "0.0000" },
    { "avg_assist": "5.00", "avg_ban_seq": "10.0", "avg_bekill": "1.00", "avg_kill": "1.00", "avg_pick_seq": "0.0", "ban_cnt": "0", "gpm": "362", "hero_id": "127", "hero_name": "甄姬", "kda": "6.00", "pick_cnt": "1", "played": "1", "win_rate": "0.0000" },
    { "avg_assist": "3.00", "avg_ban_seq": "5.0", "avg_bekill": "5.00", "avg_kill": "2.00", "avg_pick_seq": "0.0", "ban_cnt": "0", "gpm": "461", "hero_id": "128", "hero_name": "曹操", "kda": "1.00", "pick_cnt": "1", "played": "1", "win_rate": "0.0000" },
    { "avg_assist": "5.00", "avg_ban_seq": "7.0", "avg_bekill": "3.00", "avg_kill": "0.00", "avg_pick_seq": "0.0", "ban_cnt": "0", "gpm": "287", "hero_id": "114", "hero_name": "刘禅", "kda": "1.67", "pick_cnt": "1", "played": "1", "win_rate": "0.0000" }
]