[
    { "avg_assist": "5.58", "avg_bekill": "1.77", "avg_kill": "4.50", "gpm": "521", "kda": "6.57", "name": "XQ丶Knight", "openid": "F1879E53B94BDF4D6FBD03A70DA53E53", "played": "48", "rating": "5.60", "total_kill": "216", "win_rate": "0.5625", "xpm": "188" },
    { "avg_assist": "7.15", "avg_bekill": "2.23", "avg_kill": "1.54", "gpm": "390", "kda": "5.10", "name": "XQ丶随风", "openid": "01EA6EBFA6DA9AC7B8F43892C670038A", "played": "48", "rating": "5.60", "total_kill": "74", "win_rate": "0.5625", "xpm": "169" },
    { "avg_assist": "5.35", "avg_bekill": "2.75", "avg_kill": "2.94", "gpm": "459", "kda": "4.77", "name": "XQ丶7Kill", "openid": "7FE605FBDCC926A0693240C7F397E6EA", "played": "48", "rating": "5.60", "total_kill": "141", "win_rate": "0.5625", "xpm": "181" },
    { "avg_assist": "6.00", "avg_bekill": "3.13", "avg_kill": "2.52", "gpm": "499", "kda": "4.08", "name": "AS仙阁.无痕", "openid": "48042210647B57C4BC3D6867F1934705", "played": "46", "rating": "5.60", "total_kill": "116", "win_rate": "0.5870", "xpm": "186" },
    { "avg_assist": "5.85", "avg_bekill": "1.57", "avg_kill": "3.85", "gpm": "501", "kda": "6.89", "name": "AS仙阁.辰鬼", "openid": "19E601CE35FD6E041F9A115B2306D38C", "played": "46", "rating": "5.60", "total_kill": "177", "win_rate": "0.5870", "xpm": "178" },
    { "avg_assist": "6.47", "avg_bekill": "2.49", "avg_kill": "1.44", "gpm": "339", "kda": "4.62", "name": "XQ丶诺诺", "openid": "5BF2FD387C9E1F2DA09BD89153DD6E5E", "played": "45", "rating": "5.60", "total_kill": "65", "win_rate": "0.5778", "xpm": "169" },
    { "avg_assist": "6.38", "avg_bekill": "2.11", "avg_kill": "3.31", "gpm": "545", "kda": "6.45", "name": "XQ丶AT", "openid": "A552A28278B83C89BC2AB49D287CCF74", "played": "45", "rating": "5.60", "total_kill": "149", "win_rate": "0.5778", "xpm": "186" },
    { "avg_assist": "6.55", "avg_bekill": "3.05", "avg_kill": "4.48", "gpm": "523", "kda": "5.91", "name": "AG超玩会.Vv", "openid": "30936661D0227A5A83DC27246BAE9AD6", "played": "44", "rating": "5.60", "total_kill": "197", "win_rate": "0.6818", "xpm": "195" },
    { "avg_assist": "9.27", "avg_bekill": "3.11", "avg_kill": "1.41", "gpm": "343", "kda": "5.44", "name": "AG超玩会.兰息", "openid": "81E664DB03C0BABE43713DF96CC8E490", "played": "44", "rating": "5.60", "total_kill": "62", "win_rate": "0.6818", "xpm": "169" },
    { "avg_assist": "6.89", "avg_bekill": "2.70", "avg_kill": "3.55", "gpm": "505", "kda": "5.90", "name": "AG超玩会.杰斯", "openid": "17E69D85AC2E4E7F613EAD2F622E3C90", "played": "44", "rating": "5.60", "total_kill": "156", "win_rate": "0.6818", "xpm": "196" },
    { "avg_assist": "6.69", "avg_bekill": "1.69", "avg_kill": "4.90", "gpm": "611", "kda": "8.84", "name": "eStar.小渝", "openid": "755218CD3791F15BCFD2EBBCA243E499", "played": "42", "rating": "5.60", "total_kill": "206", "win_rate": "0.6190", "xpm": "201" },
    { "avg_assist": "9.36", "avg_bekill": "2.81", "avg_kill": "1.50", "gpm": "357", "kda": "6.27", "name": "eStar.兔子", "openid": "D3A22583FBA6EE69A524290F51F1AFE1", "played": "42", "rating": "5.60", "total_kill": "63", "win_rate": "0.6190", "xpm": "172" },
    { "avg_assist": "7.05", "avg_bekill": "2.56", "avg_kill": "1.85", "gpm": "363", "kda": "5.52", "name": "AS仙阁.二狗", "openid": "3173B46DB350E70EDF978720F3ADD35B", "played": "41", "rating": "5.60", "total_kill": "76", "win_rate": "0.6098", "xpm": "177" },
    { "avg_assist": "6.20", "avg_bekill": "1.90", "avg_kill": "3.34", "gpm": "466", "kda": "6.48", "name": "AS仙阁.屿秋", "openid": "6F61420EE48340F676FBC782FA5B1C5F", "played": "41", "rating": "5.60", "total_kill": "137", "win_rate": "0.6341", "xpm": "182" },
    { "avg_assist": "8.05", "avg_bekill": "1.44", "avg_kill": "3.80", "gpm": "529", "kda": "9.22", "name": "AG超玩会.老帅", "openid": "B3291E44A69302A28C6D9343BDE8181A", "played": "41", "rating": "5.60", "total_kill": "156", "win_rate": "0.7073", "xpm": "199" },
    { "avg_assist": "6.07", "avg_bekill": "2.88", "avg_kill": "3.20", "gpm": "531", "kda": "4.64", "name": "AG超玩会.梦泪", "openid": "43062C3D029AD48A789256BE11349345", "played": "41", "rating": "5.60", "total_kill": "131", "win_rate": "0.7073", "xpm": "206" },
    { "avg_assist": "7.28", "avg_bekill": "1.80", "avg_kill": "3.30", "gpm": "480", "kda": "7.73", "name": "eStar.CatGod", "openid": "A25A35A18EE5DC93117789871D929E83", "played": "40", "rating": "5.60", "total_kill": "132", "win_rate": "0.6000", "xpm": "182" },
    { "avg_assist": "7.59", "avg_bekill": "2.56", "avg_kill": "1.64", "gpm": "393", "kda": "4.69", "name": "eeStar.指尖", "openid": "B4B9294DD2441F8F5668CE6CEA925D73", "played": "39", "rating": "5.60", "total_kill": "64", "win_rate": "0.6410", "xpm": "180" },
    { "avg_assist": "5.89", "avg_bekill": "3.05", "avg_kill": "3.30", "gpm": "486", "kda": "4.60", "name": "sViper.启启", "openid": "2BD828ABFEEC03E7C1B202C14BC836DA", "played": "37", "rating": "5.60", "total_kill": "122", "win_rate": "0.5135", "xpm": "206" },
    { "avg_assist": "7.22", "avg_bekill": "2.50", "avg_kill": "2.17", "gpm": "450", "kda": "5.70", "name": "AS仙阁.小羽", "openid": "FC487397157DFEB11C3F282A1BAECADB", "played": "36", "rating": "5.60", "total_kill": "78", "win_rate": "0.5556", "xpm": "188" },
    { "avg_assist": "6.58", "avg_bekill": "2.22", "avg_kill": "4.28", "gpm": "575", "kda": "6.64", "name": "DVG.Evildoer", "openid": "372D6C9C98009EDA40C3965ED57B369E", "played": "36", "rating": "5.60", "total_kill": "154", "win_rate": "0.5278", "xpm": "212" },
    { "avg_assist": "7.08", "avg_bekill": "3.61", "avg_kill": "1.64", "gpm": "353", "kda": "3.42", "name": "DVG.Summer", "openid": "1401F3A9B627220039141B6588C8DFE1", "played": "36", "rating": "5.60", "total_kill": "59", "win_rate": "0.5278", "xpm": "177" },
    { "avg_assist": "6.97", "avg_bekill": "2.17", "avg_kill": "3.14", "gpm": "485", "kda": "6.36", "name": "DVG.Shadow", "openid": "D4918DFE4F982F2FB6DA621E11DF3A67", "played": "36", "rating": "5.60", "total_kill": "113", "win_rate": "0.5278", "xpm": "197" },
    { "avg_assist": "6.64", "avg_bekill": "2.89", "avg_kill": "3.03", "gpm": "526", "kda": "5.05", "name": "DVG.几迟", "openid": "0F6759BF34B0FD288069B7C4E3AA7966", "played": "36", "rating": "5.60", "total_kill": "109", "win_rate": "0.5278", "xpm": "198" },
    { "avg_assist": "5.09", "avg_bekill": "2.79", "avg_kill": "2.47", "gpm": "470", "kda": "4.21", "name": "sViper.输出", "openid": "55AAFDD722B74557DB02A8E1639C5C88", "played": "34", "rating": "5.60", "total_kill": "84", "win_rate": "0.5294", "xpm": "190" },
    { "avg_assist": "5.97", "avg_bekill": "3.03", "avg_kill": "2.56", "gpm": "452", "kda": "4.42", "name": "sViper.零度", "openid": "7F36403E287D6600752076FDEF66CDCD", "played": "34", "rating": "5.60", "total_kill": "87", "win_rate": "0.5294", "xpm": "191" },
    { "avg_assist": "7.15", "avg_bekill": "2.03", "avg_kill": "3.33", "gpm": "496", "kda": "6.94", "name": "SC丶安然", "openid": "B1510934B4CEB391610D9B817C6C369C", "played": "33", "rating": "5.60", "total_kill": "110", "win_rate": "0.5152", "xpm": "189" },
    { "avg_assist": "7.00", "avg_bekill": "3.12", "avg_kill": "1.97", "gpm": "407", "kda": "3.86", "name": "DL丶悍匪", "openid": "97C9B63B7AEF7B49E377B245E9051A92", "played": "33", "rating": "5.60", "total_kill": "65", "win_rate": "0.4848", "xpm": "178" },
    { "avg_assist": "6.21", "avg_bekill": "2.97", "avg_kill": "2.55", "gpm": "428", "kda": "4.53", "name": "DL丶江晓熊", "openid": "E5135D180A7849DB7A6685CDCD55718B", "played": "33", "rating": "5.60", "total_kill": "84", "win_rate": "0.4848", "xpm": "184" },
    { "avg_assist": "6.00", "avg_bekill": "2.18", "avg_kill": "2.61", "gpm": "439", "kda": "5.99", "name": "SC丶空山", "openid": "5FC09D335EEA9270BAE822AE149DFDCA", "played": "33", "rating": "5.60", "total_kill": "86", "win_rate": "0.5152", "xpm": "178" },
    { "avg_assist": "6.27", "avg_bekill": "2.18", "avg_kill": "3.18", "gpm": "549", "kda": "5.72", "name": "sViper.流苏", "openid": "3FFE05BEA4AD9D60F6FADB671B7C805F", "played": "33", "rating": "5.60", "total_kill": "105", "win_rate": "0.5152", "xpm": "204" },
    { "avg_assist": "4.97", "avg_bekill": "2.70", "avg_kill": "4.33", "gpm": "550", "kda": "4.81", "name": "DL丶King", "openid": "3872BD653C17891A1B9EAAEE159CA90C", "played": "33", "rating": "5.60", "total_kill": "143", "win_rate": "0.4848", "xpm": "203" },
    { "avg_assist": "6.06", "avg_bekill": "2.97", "avg_kill": "1.21", "gpm": "393", "kda": "3.06", "name": "DL丶花七", "openid": "C0B762E7F6AEB7072036901DBB4702CB", "played": "33", "rating": "5.60", "total_kill": "40", "win_rate": "0.4848", "xpm": "178" },
    { "avg_assist": "5.55", "avg_bekill": "2.64", "avg_kill": "3.88", "gpm": "534", "kda": "5.22", "name": "SC丶王子", "openid": "92CD9B43700546FF91CCE9B6F94519BC", "played": "33", "rating": "5.60", "total_kill": "128", "win_rate": "0.5152", "xpm": "193" },
    { "avg_assist": "5.73", "avg_bekill": "2.03", "avg_kill": "2.67", "gpm": "506", "kda": "5.26", "name": "DL丶完美", "openid": "9A23916A6F850328F067172DAC21AFA3", "played": "33", "rating": "5.60", "total_kill": "88", "win_rate": "0.4848", "xpm": "196" },
    { "avg_assist": "7.91", "avg_bekill": "2.88", "avg_kill": "2.72", "gpm": "422", "kda": "5.51", "name": "eStarPro.伪装", "openid": "1C7EBF05DC5EA980A259A34290DE7430", "played": "32", "rating": "5.60", "total_kill": "87", "win_rate": "0.5625", "xpm": "184" },
    { "avg_assist": "7.23", "avg_bekill": "3.43", "avg_kill": "1.00", "gpm": "335", "kda": "3.76", "name": "SC丶月痕", "openid": "128CE25D8E57F245975656BC5218F16A", "played": "30", "rating": "5.60", "total_kill": "30", "win_rate": "0.5333", "xpm": "157" },
    { "avg_assist": "6.69", "avg_bekill": "2.81", "avg_kill": "2.38", "gpm": "421", "kda": "5.16", "name": "DVG.夏末", "openid": "3A62374ADF95874E0665E0CD5C20F3B1", "played": "26", "rating": "5.60", "total_kill": "62", "win_rate": "0.5385", "xpm": "184" },
    { "avg_assist": "8.40", "avg_bekill": "3.84", "avg_kill": "1.60", "gpm": "337", "kda": "3.85", "name": "BWS丶Dad", "openid": "DA24D346EDA29CC298FD04D0668A422C", "played": "25", "rating": "5.60", "total_kill": "40", "win_rate": "0.4000", "xpm": "161" },
    { "avg_assist": "5.80", "avg_bekill": "3.24", "avg_kill": "3.32", "gpm": "464", "kda": "4.30", "name": "Mu灬七罪", "openid": "C8E16253F577E213B1FB389FF96E2402", "played": "25", "rating": "5.60", "total_kill": "83", "win_rate": "0.4400", "xpm": "195" },
    { "avg_assist": "6.80", "avg_bekill": "3.64", "avg_kill": "2.76", "gpm": "427", "kda": "3.86", "name": "BWS丶Roar", "openid": "2FC298FEA39BD69A8DD9E1766641047C", "played": "25", "rating": "5.60", "total_kill": "69", "win_rate": "0.4000", "xpm": "180" },
    { "avg_assist": "6.92", "avg_bekill": "3.76", "avg_kill": "3.68", "gpm": "473", "kda": "3.61", "name": "BWS丶Colder", "openid": "C3A60878A7C19002E5467992AEC679B4", "played": "25", "rating": "5.60", "total_kill": "92", "win_rate": "0.4000", "xpm": "192" },
    { "avg_assist": "6.72", "avg_bekill": "1.92", "avg_kill": "4.08", "gpm": "566", "kda": "7.12", "name": "Mu灬刺痛", "openid": "B8982198AC67B048D317C07DE73F4962", "played": "25", "rating": "5.60", "total_kill": "102", "win_rate": "0.4400", "xpm": "209" },
    { "avg_assist": "6.52", "avg_bekill": "2.88", "avg_kill": "3.56", "gpm": "499", "kda": "5.19", "name": "BWS丶Ku", "openid": "6690B40363495C6F757FF7B87B2E8631", "played": "25", "rating": "5.60", "total_kill": "89", "win_rate": "0.4000", "xpm": "187" },
    { "avg_assist": "6.92", "avg_bekill": "2.56", "avg_kill": "3.52", "gpm": "494", "kda": "5.59", "name": "Mu灬如歌", "openid": "47D1521096295B149FD316A9B7F4BB0B", "played": "25", "rating": "5.60", "total_kill": "88", "win_rate": "0.4400", "xpm": "187" },
    { "avg_assist": "6.96", "avg_bekill": "3.76", "avg_kill": "1.36", "gpm": "380", "kda": "2.96", "name": "Mu灬洋洋", "openid": "AA2B8F4459425088F14A294FDEAF8F00", "played": "25", "rating": "5.60", "total_kill": "34", "win_rate": "0.4400", "xpm": "173" },
    { "avg_assist": "5.54", "avg_bekill": "2.38", "avg_kill": "2.33", "gpm": "434", "kda": "4.75", "name": "sViper.兰博", "openid": "0F2A0F2AA49BB736011577700791E3BA", "played": "24", "rating": "5.60", "total_kill": "56", "win_rate": "0.4167", "xpm": "184" },
    { "avg_assist": "5.09", "avg_bekill": "3.04", "avg_kill": "1.61", "gpm": "412", "kda": "2.71", "name": "LK、超神哥", "openid": "4181EBAF0FDF49A77E2BD395D17E0D33", "played": "23", "rating": "5.60", "total_kill": "37", "win_rate": "0.1304", "xpm": "174" },
    { "avg_assist": "5.57", "avg_bekill": "3.61", "avg_kill": "2.48", "gpm": "427", "kda": "2.89", "name": "LK、翼神", "openid": "2EA551F262017BCAAE2DB6987F269664", "played": "23", "rating": "5.60", "total_kill": "57", "win_rate": "0.1304", "xpm": "184" },
    { "avg_assist": "4.83", "avg_bekill": "2.61", "avg_kill": "2.96", "gpm": "478", "kda": "3.99", "name": "LK、耍赖", "openid": "8C4B2378FEE7EBA9E63F4CBBE4807262", "played": "23", "rating": "5.60", "total_kill": "68", "win_rate": "0.1304", "xpm": "180" },
    { "avg_assist": "3.36", "avg_bekill": "3.82", "avg_kill": "2.59", "gpm": "438", "kda": "2.04", "name": "VgHow.Easy", "openid": "6EA7A4805B91952525F742E55FD2A879", "played": "22", "rating": "5.60", "total_kill": "57", "win_rate": "0.0909", "xpm": "181" },
    { "avg_assist": "8.50", "avg_bekill": "2.95", "avg_kill": "1.35", "gpm": "336", "kda": "4.88", "name": "sViper.荒年", "openid": "6C574D162086F6BCBADDA7A5C2F946D9", "played": "20", "rating": "5.60", "total_kill": "27", "win_rate": "0.6000", "xpm": "184" },
    { "avg_assist": "7.84", "avg_bekill": "2.37", "avg_kill": "2.47", "gpm": "443", "kda": "7.12", "name": "SC丶浩然", "openid": "80A489A92A48E4A560E240EB6926360D", "played": "19", "rating": "5.60", "total_kill": "47", "win_rate": "0.5263", "xpm": "185" },
    { "avg_assist": "4.11", "avg_bekill": "4.16", "avg_kill": "2.05", "gpm": "447", "kda": "1.75", "name": "VgHow.Xiaosa", "openid": "C71DB3548688A4A066DE5B7365FAC9E6", "played": "19", "rating": "5.60", "total_kill": "39", "win_rate": "0.0526", "xpm": "184" },
    { "avg_assist": "4.58", "avg_bekill": "1.89", "avg_kill": "1.84", "gpm": "519", "kda": "4.11", "name": "VgHow.Unfair", "openid": "BF9DFCA9A5F4DECD44E62AF037E1E527", "played": "19", "rating": "5.60", "total_kill": "35", "win_rate": "0.0526", "xpm": "208" },
    { "avg_assist": "6.24", "avg_bekill": "2.47", "avg_kill": "2.47", "gpm": "426", "kda": "5.84", "name": "SC丶阿纯", "openid": "A422EEA48A910BCEE3158EC2CB2C2253", "played": "17", "rating": "5.60", "total_kill": "42", "win_rate": "0.4706", "xpm": "180" },
    { "avg_assist": "7.00", "avg_bekill": "2.80", "avg_kill": "4.13", "gpm": "481", "kda": "5.35", "name": "eStarPro.橘子", "openid": "0821DA9D795FCD36B7EDA6E78EAAC2B0", "played": "15", "rating": "5.60", "total_kill": "62", "win_rate": "0.7333", "xpm": "188" },
    { "avg_assist": "5.80", "avg_bekill": "3.73", "avg_kill": "1.27", "gpm": "348", "kda": "2.85", "name": "LK、清风", "openid": "F102ADFEBE512EC41C53B5F0B60500EC", "played": "15", "rating": "5.60", "total_kill": "19", "win_rate": "0.2000", "xpm": "169" },
    { "avg_assist": "4.00", "avg_bekill": "3.87", "avg_kill": "1.53", "gpm": "378", "kda": "1.55", "name": "VgHow.Sud", "openid": "7F290E0A9187060C544DB344FF7A2167", "played": "15", "rating": "5.60", "total_kill": "23", "win_rate": "0.0667", "xpm": "164" },
    { "avg_assist": "7.71", "avg_bekill": "3.79", "avg_kill": "3.57", "gpm": "497", "kda": "3.90", "name": "BWS丶Story", "openid": "3C3C9A98C6B4B08D2D35F5CF265A9412", "played": "14", "rating": "5.60", "total_kill": "50", "win_rate": "0.3571", "xpm": "194" },
    { "avg_assist": "6.29", "avg_bekill": "3.36", "avg_kill": "1.64", "gpm": "379", "kda": "2.97", "name": "LK、Best", "openid": "8B11A8B0EEA375204AF67744FC9AD3CB", "played": "14", "rating": "5.60", "total_kill": "23", "win_rate": "0.2143", "xpm": "182" },
    { "avg_assist": "3.62", "avg_bekill": "3.92", "avg_kill": "1.69", "gpm": "371", "kda": "1.45", "name": "VgHow.Sakura", "openid": "9506CC053E1A9157E35DE4A92956BF98", "played": "13", "rating": "5.60", "total_kill": "22", "win_rate": "0.0769", "xpm": "158" },
    { "avg_assist": "7.33", "avg_bekill": "3.25", "avg_kill": "1.33", "gpm": "397", "kda": "3.83", "name": "AS仙阁.神男", "openid": "25ED3F5BF20F451D25316874FC6AD823", "played": "12", "rating": "5.60", "total_kill": "16", "win_rate": "0.4167", "xpm": "183" },
    { "avg_assist": "5.42", "avg_bekill": "3.75", "avg_kill": "1.92", "gpm": "442", "kda": "3.31", "name": "VgHow.Leng", "openid": "E658CE63DB432E5AF769F95E8A1D0B10", "played": "12", "rating": "5.60", "total_kill": "23", "win_rate": "0.1667", "xpm": "190" },
    { "avg_assist": "5.09", "avg_bekill": "2.18", "avg_kill": "3.18", "gpm": "479", "kda": "6.15", "name": "BWS丶浅笑", "openid": "0C0BFEAA9F2C0075E2262D492BD4C212", "played": "11", "rating": "5.60", "total_kill": "35", "win_rate": "0.4545", "xpm": "175" },
    { "avg_assist": "6.90", "avg_bekill": "3.00", "avg_kill": "0.80", "gpm": "342", "kda": "3.41", "name": "DVG.DTG", "openid": "F3E7DDFACDCF4D6D7F2B54A1230D0F2D", "played": "10", "rating": "5.60", "total_kill": "8", "win_rate": "0.5000", "xpm": "179" },
    { "avg_assist": "9.20", "avg_bekill": "4.10", "avg_kill": "2.10", "gpm": "393", "kda": "3.42", "name": "Mu灬炽", "openid": "A438F6DEAECE882052F7127EE78AE20C", "played": "10", "rating": "5.60", "total_kill": "21", "win_rate": "0.5000", "xpm": "202" },
    { "avg_assist": "4.44", "avg_bekill": "3.78", "avg_kill": "1.22", "gpm": "379", "kda": "2.20", "name": "Mu灬飞飞", "openid": "F3C21AE3A9B7371902FC174BBA369DE1", "played": "9", "rating": "5.60", "total_kill": "11", "win_rate": "0.3333", "xpm": "190" },
    { "avg_assist": "9.25", "avg_bekill": "3.38", "avg_kill": "1.50", "gpm": "332", "kda": "5.82", "name": "AS仙阁.稳健", "openid": "33257755D0B338A43B8C332675DE99C3", "played": "8", "rating": "5.60", "total_kill": "12", "win_rate": "0.6250", "xpm": "160" },
    { "avg_assist": "5.67", "avg_bekill": "3.67", "avg_kill": "0.67", "gpm": "308", "kda": "1.75", "name": "VgHow.C", "openid": "05E5B2C38350746AE33B3DEC16817FCE", "played": "6", "rating": "5.60", "total_kill": "4", "win_rate": "0.3333", "xpm": "169" },
    { "avg_assist": "8.17", "avg_bekill": "2.83", "avg_kill": "1.83", "gpm": "425", "kda": "8.31", "name": "Mu灬花落", "openid": "8C6362740577DE102EF80D0EB7CD7B58", "played": "6", "rating": "5.60", "total_kill": "11", "win_rate": "0.5000", "xpm": "180" },
    { "avg_assist": "4.00", "avg_bekill": "5.33", "avg_kill": "2.00", "gpm": "381", "kda": "1.18", "name": "LK、噩梦", "openid": "BB2AE73E2412C3145B44B86E0BB55C8E", "played": "6", "rating": "5.60", "total_kill": "12", "win_rate": "0.0000", "xpm": "173" },
    { "avg_assist": "4.00", "avg_bekill": "3.25", "avg_kill": "2.25", "gpm": "373", "kda": "2.04", "name": "VgHow.NI", "openid": "D6B4B065C8630A28FB2474D613E359ED", "played": "4", "rating": "5.60", "total_kill": "9", "win_rate": "0.0000", "xpm": "161" },
    { "avg_assist": "4.50", "avg_bekill": "4.00", "avg_kill": "1.00", "gpm": "342", "kda": "1.21", "name": "LK、Lin", "openid": "BC8BE19594BB3D01E279A485B0C567E4", "played": "4", "rating": "5.60", "total_kill": "4", "win_rate": "0.0000", "xpm": "156" },
    { "avg_assist": "4.00", "avg_bekill": "3.50", "avg_kill": "3.00", "gpm": "450", "kda": "2.03", "name": "LK丶迷魂", "openid": "0982AC24543DAD6A80262825533DF4B0", "played": "4", "rating": "5.60", "total_kill": "12", "win_rate": "0.0000", "xpm": "178" },
    { "avg_assist": "9.00", "avg_bekill": "4.00", "avg_kill": "2.67", "gpm": "443", "kda": "3.09", "name": "sViper.百年", "openid": "B9D6764FA105D5EFBF130E0B57FA55DD", "played": "3", "rating": "5.60", "total_kill": "8", "win_rate": "0.3333", "xpm": "190" },
    { "avg_assist": "7.67", "avg_bekill": "1.33", "avg_kill": "1.33", "gpm": "460", "kda": "6.67", "name": "XQ丶FK", "openid": "CDE3670C1C3132DFBDD8B3EABBE44869", "played": "3", "rating": "5.60", "total_kill": "4", "win_rate": "0.3333", "xpm": "207" },
    { "avg_assist": "5.00", "avg_bekill": "2.33", "avg_kill": "2.00", "gpm": "474", "kda": "5.00", "name": "AG超玩会.纵横", "openid": "71F11308BDA12C29BA8E4ABCC3AE91B3", "played": "3", "rating": "5.60", "total_kill": "6", "win_rate": "0.3333", "xpm": "202" },
    { "avg_assist": "6.00", "avg_bekill": "3.33", "avg_kill": "2.67", "gpm": "317", "kda": "5.33", "name": "XQ丶苡诚", "openid": "1C6755AFA5A5DAD210A9917FE8E344DA", "played": "3", "rating": "5.60", "total_kill": "8", "win_rate": "0.3333", "xpm": "162" },
    { "avg_assist": "5.67", "avg_bekill": "3.00", "avg_kill": "1.00", "gpm": "417", "kda": "2.86", "name": "AG超玩会.采臣", "openid": "A2E58A92D063CEDB2D653F1DD204B48D", "played": "3", "rating": "5.60", "total_kill": "3", "win_rate": "0.3333", "xpm": "190" },
    { "avg_assist": "5.50", "avg_bekill": "4.00", "avg_kill": "0.50", "gpm": "262", "kda": "1.60", "name": "LK丶走秀", "openid": "ACA8396D723CD84E4E651BF5DA2B3B45", "played": "2", "rating": "5.60", "total_kill": "1", "win_rate": "0.0000", "xpm": "160" }
]