[
    { "ban_heros": "146", "camp": "2", "game_label": "1", "game_time": "2016-09-17 16:23:04", "is_win": "0", "kill_cnt": "8", "pick_heros": "149|132|154|123|150", "team_id": "11", "team_name": "VgHow" },
    { "ban_heros": "141", "camp": "1", "game_label": "1", "game_time": "2016-09-17 16:23:04", "is_win": "1", "kill_cnt": "18", "pick_heros": "140|107|121|168|111", "team_id": "13", "team_name": "eStar" },
    { "ban_heros": "141", "camp": "1", "game_label": "1", "game_time": "2016-09-17 16:47:17", "is_win": "0", "kill_cnt": "5", "pick_heros": "140|121|131|117|111", "team_id": "11", "team_name": "VgHow" },
    { "ban_heros": "146", "camp": "2", "game_label": "1", "game_time": "2016-09-17 16:47:17", "is_win": "1", "kill_cnt": "19", "pick_heros": "132|149|168|107|106", "team_id": "13", "team_name": "eStar" },
    { "ban_heros": "141", "camp": "1", "game_label": "2", "game_time": "2016-09-17 17:52:17", "is_win": "0", "kill_cnt": "6", "pick_heros": "140|150|128|135|109", "team_id": "12", "team_name": "AG超玩会" },
    { "ban_heros": "146", "camp": "2", "game_label": "2", "game_time": "2016-09-17 17:52:17", "is_win": "1", "kill_cnt": "25", "pick_heros": "132|149|121|107|123", "team_id": "19", "team_name": "MU" },
    { "ban_heros": "132", "camp": "2", "game_label": "2", "game_time": "2016-09-17 18:16:29", "is_win": "0", "kill_cnt": "5", "pick_heros": "141|149|168|150|167", "team_id": "12", "team_name": "AG超玩会" },
    { "ban_heros": "146", "camp": "1", "game_label": "2", "game_time": "2016-09-17 18:16:29", "is_win": "1", "kill_cnt": "15", "pick_heros": "140|107|111|106|118", "team_id": "19", "team_name": "MU" },
    { "ban_heros": "131", "camp": "1", "game_label": "3", "game_time": "2016-09-17 18:47:19", "is_win": "1", "kill_cnt": "23", "pick_heros": "146|163|107|123|111", "team_id": "14", "team_name": "DL" },
    { "ban_heros": "140", "camp": "2", "game_label": "3", "game_time": "2016-09-17 18:47:19", "is_win": "0", "kill_cnt": "16", "pick_heros": "132|149|126|150|141", "team_id": "15", "team_name": "XQ" },
    { "ban_heros": "146", "camp": "2", "game_label": "3", "game_time": "2016-09-17 19:12:26", "is_win": "0", "kill_cnt": "5", "pick_heros": "163|107|140|111|121", "team_id": "14", "team_name": "DL" },
    { "ban_heros": "131", "camp": "1", "game_label": "3", "game_time": "2016-09-17 19:12:26", "is_win": "1", "kill_cnt": "16", "pick_heros": "141|132|149|150|126", "team_id": "15", "team_name": "XQ" },
    { "ban_heros": "131", "camp": "1", "game_label": "3", "game_time": "2016-09-17 19:29:48", "is_win": "1", "kill_cnt": "15", "pick_heros": "146|107|163|169|123", "team_id": "14", "team_name": "DL" },
    { "ban_heros": "140", "camp": "2", "game_label": "3", "game_time": "2016-09-17 19:29:48", "is_win": "0", "kill_cnt": "8", "pick_heros": "132|149|126|150|141", "team_id": "15", "team_name": "XQ" },
    { "ban_heros": "149", "camp": "2", "game_label": "4", "game_time": "2016-09-18 16:14:18", "is_win": "1", "kill_cnt": "22", "pick_heros": "141|140|132|131|135", "team_id": "21", "team_name": "DVG" },
    { "ban_heros": "146", "camp": "1", "game_label": "4", "game_time": "2016-09-18 16:14:18", "is_win": "0", "kill_cnt": "14", "pick_heros": "163|150|153|148|169", "team_id": "22", "team_name": "AS仙阁" },
    { "ban_heros": "131", "camp": "1", "game_label": "4", "game_time": "2016-09-18 16:43:07", "is_win": "0", "kill_cnt": "7", "pick_heros": "140|141|149|150|111", "team_id": "21", "team_name": "DVG" },
    { "ban_heros": "146", "camp": "2", "game_label": "4", "game_time": "2016-09-18 16:43:07", "is_win": "1", "kill_cnt": "14", "pick_heros": "163|132|107|121|118", "team_id": "22", "team_name": "AS仙阁" },
    { "ban_heros": "131", "camp": "2", "game_label": "4", "game_time": "2016-09-18 17:04:36", "is_win": "1", "kill_cnt": "9", "pick_heros": "146|163|123|149|121", "team_id": "21", "team_name": "DVG" },
    { "ban_heros": "105", "camp": "1", "game_label": "4", "game_time": "2016-09-18 17:04:36", "is_win": "0", "kill_cnt": "4", "pick_heros": "140|150|132|107|118", "team_id": "22", "team_name": "AS仙阁" },
    { "ban_heros": "140", "camp": "2", "game_label": "5", "game_time": "2016-09-18 17:44:24", "is_win": "0", "kill_cnt": "17", "pick_heros": "132|149|130|118|110", "team_id": "16", "team_name": "BWS" },
    { "ban_heros": "146", "camp": "1", "game_label": "5", "game_time": "2016-09-18 17:44:24", "is_win": "1", "kill_cnt": "20", "pick_heros": "141|107|168|150|111", "team_id": "20", "team_name": "SC" },
    { "ban_heros": "141", "camp": "1", "game_label": "5", "game_time": "2016-09-18 18:30:10", "is_win": "0", "kill_cnt": "8", "pick_heros": "140|168|107|109|169", "team_id": "16", "team_name": "BWS" },
    { "ban_heros": "132", "camp": "2", "game_label": "5", "game_time": "2016-09-18 18:30:10", "is_win": "1", "kill_cnt": "18", "pick_heros": "146|111|149|130|154", "team_id": "20", "team_name": "SC" },
    { "ban_heros": "132", "camp": "1", "game_label": "6", "game_time": "2016-09-18 19:24:47", "is_win": "0", "kill_cnt": "18", "pick_heros": "140|107|149|175|111", "team_id": "17", "team_name": "LK" },
    { "ban_heros": "146", "camp": "2", "game_label": "6", "game_time": "2016-09-18 19:24:47", "is_win": "1", "kill_cnt": "20", "pick_heros": "163|141|168|121|169", "team_id": "18", "team_name": "sViper" },
    { "ban_heros": "146", "camp": "2", "game_label": "6", "game_time": "2016-09-18 19:50:19", "is_win": "0", "kill_cnt": "3", "pick_heros": "149|132|106|168|107", "team_id": "17", "team_name": "LK" },
    { "ban_heros": "141", "camp": "1", "game_label": "6", "game_time": "2016-09-18 19:50:19", "is_win": "1", "kill_cnt": "18", "pick_heros": "140|121|163|111|175", "team_id": "18", "team_name": "sViper" },
    { "ban_heros": "146", "camp": "1", "game_label": "7", "game_time": "2016-09-24 16:14:14", "is_win": "1", "kill_cnt": "23", "pick_heros": "132|149|123|141|130", "team_id": "13", "team_name": "eStar" },
    { "ban_heros": "140", "camp": "2", "game_label": "7", "game_time": "2016-09-24 16:14:14", "is_win": "0", "kill_cnt": "5", "pick_heros": "163|107|131|110|175", "team_id": "14", "team_name": "DL" },
    { "ban_heros": "132", "camp": "2", "game_label": "7", "game_time": "2016-09-24 16:38:29", "is_win": "1", "kill_cnt": "14", "pick_heros": "111|149|141|123|130", "team_id": "13", "team_name": "eStar" },
    { "ban_heros": "146", "camp": "1", "game_label": "7", "game_time": "2016-09-24 16:38:29", "is_win": "0", "kill_cnt": "3", "pick_heros": "163|107|168|110|169", "team_id": "14", "team_name": "DL" },
    { "ban_heros": "146", "camp": "2", "game_label": "8", "game_time": "2016-09-24 17:15:09", "is_win": "1", "kill_cnt": "18", "pick_heros": "140|131|121|110|126", "team_id": "12", "team_name": "AG超玩会" },
    { "ban_heros": "132", "camp": "1", "game_label": "8", "game_time": "2016-09-24 17:15:09", "is_win": "0", "kill_cnt": "4", "pick_heros": "163|111|149|123|141", "team_id": "21", "team_name": "DVG" },
    { "ban_heros": "163", "camp": "1", "game_label": "8", "game_time": "2016-09-24 17:35:38", "is_win": "0", "kill_cnt": "22", "pick_heros": "146|121|168|167|110", "team_id": "12", "team_name": "AG超玩会" },
    { "ban_heros": "149", "camp": "2", "game_label": "8", "game_time": "2016-09-24 17:35:38", "is_win": "1", "kill_cnt": "28", "pick_heros": "132|140|107|135|141", "team_id": "21", "team_name": "DVG" },
    { "ban_heros": "146", "camp": "2", "game_label": "8", "game_time": "2016-09-24 18:07:10", "is_win": "1", "kill_cnt": "12", "pick_heros": "131|132|123|121|110", "team_id": "12", "team_name": "AG超玩会" },
    { "ban_heros": "140", "camp": "1", "game_label": "8", "game_time": "2016-09-24 18:07:10", "is_win": "0", "kill_cnt": "6", "pick_heros": "163|141|149|111|175", "team_id": "21", "team_name": "DVG" },
    { "ban_heros": "146", "camp": "1", "game_label": "9", "game_time": "2016-09-24 18:49:28", "is_win": "0", "kill_cnt": "17", "pick_heros": "132|121|149|130|107", "team_id": "11", "team_name": "VgHow" },
    { "ban_heros": "140", "camp": "2", "game_label": "9", "game_time": "2016-09-24 18:49:28", "is_win": "1", "kill_cnt": "13", "pick_heros": "131|163|123|110|111", "team_id": "15", "team_name": "XQ" },
    { "ban_heros": "132", "camp": "2", "game_label": "9", "game_time": "2016-09-24 19:21:22", "is_win": "0", "kill_cnt": "2", "pick_heros": "111|149|123|141|130", "team_id": "11", "team_name": "VgHow" },
    { "ban_heros": "146", "camp": "1", "game_label": "9", "game_time": "2016-09-24 19:21:22", "is_win": "1", "kill_cnt": "18", "pick_heros": "140|107|131|169|121", "team_id": "15", "team_name": "XQ" },
    { "ban_heros": "146", "camp": "1", "game_label": "10", "game_time": "2016-09-25 16:15:06", "is_win": "0", "kill_cnt": "13", "pick_heros": "132|163|149|110|123", "team_id": "19", "team_name": "MU" },
    { "ban_heros": "141", "camp": "2", "game_label": "10", "game_time": "2016-09-25 16:15:06", "is_win": "1", "kill_cnt": "11", "pick_heros": "140|107|148|150|111", "team_id": "22", "team_name": "AS仙阁" },
    { "ban_heros": "140", "camp": "2", "game_label": "10", "game_time": "2016-09-25 16:53:28", "is_win": "1", "kill_cnt": "15", "pick_heros": "132|141|168|149|130", "team_id": "19", "team_name": "MU" },
    { "ban_heros": "146", "camp": "1", "game_label": "10", "game_time": "2016-09-25 16:53:28", "is_win": "0", "kill_cnt": "4", "pick_heros": "107|163|150|148|111", "team_id": "22", "team_name": "AS仙阁" },
    { "ban_heros": "150", "camp": "1", "game_label": "10", "game_time": "2016-09-25 17:18:35", "is_win": "0", "kill_cnt": "5", "pick_heros": "140|141|111|130|149", "team_id": "19", "team_name": "MU" },
    { "ban_heros": "146", "camp": "2", "game_label": "10", "game_time": "2016-09-25 17:18:35", "is_win": "1", "kill_cnt": "15", "pick_heros": "132|107|110|163|168", "team_id": "22", "team_name": "AS仙阁" },
    { "ban_heros": "146", "camp": "2", "game_label": "11", "game_time": "2016-09-25 17:53:09", "is_win": "1", "kill_cnt": "17", "pick_heros": "141|132|107|163|149", "team_id": "14", "team_name": "DL" },
    { "ban_heros": "110", "camp": "1", "game_label": "11", "game_time": "2016-09-25 17:53:09", "is_win": "0", "kill_cnt": "11", "pick_heros": "140|154|130|111|148", "team_id": "20", "team_name": "SC" },
    { "ban_heros": "140", "camp": "1", "game_label": "11", "game_time": "2016-09-25 18:20:12", "is_win": "1", "kill_cnt": "13", "pick_heros": "132|123|141|131|163", "team_id": "14", "team_name": "DL" },
    { "ban_heros": "146", "camp": "2", "game_label": "11", "game_time": "2016-09-25 18:20:12", "is_win": "0", "kill_cnt": "8", "pick_heros": "107|149|111|168|121", "team_id": "20", "team_name": "SC" },
    { "ban_heros": "146", "camp": "2", "game_label": "12", "game_time": "2016-09-25 19:04:03", "is_win": "0", "kill_cnt": "3", "pick_heros": "149|141|107|123|111", "team_id": "17", "team_name": "LK" },
    { "ban_heros": "140", "camp": "1", "game_label": "12", "game_time": "2016-09-25 19:04:03", "is_win": "1", "kill_cnt": "11", "pick_heros": "132|154|163|135|106", "team_id": "21", "team_name": "DVG" },
    { "ban_heros": "141", "camp": "1", "game_label": "12", "game_time": "2016-09-25 19:25:37", "is_win": "0", "kill_cnt": "4", "pick_heros": "132|110|149|126|150", "team_id": "17", "team_name": "LK" },
    { "ban_heros": "146", "camp": "2", "game_label": "12", "game_time": "2016-09-25 19:25:37", "is_win": "1", "kill_cnt": "16", "pick_heros": "163|140|121|131|135", "team_id": "21", "team_name": "DVG" },
    { "ban_heros": "146|131", "camp": "2", "game_label": "13", "game_time": "2016-10-08 17:15:05", "is_win": "1", "kill_cnt": "25", "pick_heros": "140|110|123|130|177", "team_id": "15", "team_name": "XQ" },
    { "ban_heros": "141|163", "camp": "1", "game_label": "13", "game_time": "2016-10-08 17:15:05", "is_win": "0", "kill_cnt": "21", "pick_heros": "132|117|107|149|109", "team_id": "16", "team_name": "BWS" },
    { "ban_heros": "149|163", "camp": "1", "game_label": "13", "game_time": "2016-10-08 17:49:46", "is_win": "0", "kill_cnt": "13", "pick_heros": "132|140|107|113|141", "team_id": "15", "team_name": "XQ" },
    { "ban_heros": "177|175", "camp": "2", "game_label": "13", "game_time": "2016-10-08 17:49:46", "is_win": "1", "kill_cnt": "23", "pick_heros": "146|117|110|169|150", "team_id": "16", "team_name": "BWS" },
    { "ban_heros": "146|141", "camp": "2", "game_label": "13", "game_time": "2016-10-08 18:22:17", "is_win": "1", "kill_cnt": "19", "pick_heros": "132|117|131|130|106", "team_id": "15", "team_name": "XQ" },
    { "ban_heros": "140|163", "camp": "1", "game_label": "13", "game_time": "2016-10-08 18:22:17", "is_win": "0", "kill_cnt": "5", "pick_heros": "110|149|107|150|177", "team_id": "16", "team_name": "BWS" },
    { "ban_heros": "141|163", "camp": "1", "game_label": "14", "game_time": "2016-10-08 19:02:05", "is_win": "1", "kill_cnt": "13", "pick_heros": "110|175|107|177|149", "team_id": "18", "team_name": "sViper" },
    { "ban_heros": "146|131", "camp": "2", "game_label": "14", "game_time": "2016-10-08 19:02:05", "is_win": "0", "kill_cnt": "10", "pick_heros": "132|140|117|150|121", "team_id": "22", "team_name": "AS仙阁" },
    { "ban_heros": "163|117", "camp": "2", "game_label": "14", "game_time": "2016-10-08 19:20:00", "is_win": "1", "kill_cnt": "18", "pick_heros": "132|140|123|150|141", "team_id": "18", "team_name": "sViper" },
    { "ban_heros": "146|131", "camp": "1", "game_label": "14", "game_time": "2016-10-08 19:20:00", "is_win": "0", "kill_cnt": "9", "pick_heros": "110|175|107|173|149", "team_id": "22", "team_name": "AS仙阁" },
    { "ban_heros": "141|163", "camp": "1", "game_label": "15", "game_time": "2016-10-08 20:11:26", "is_win": "0", "kill_cnt": "7", "pick_heros": "132|107|117|109|149", "team_id": "11", "team_name": "VgHow" },
    { "ban_heros": "146|175", "camp": "2", "game_label": "15", "game_time": "2016-10-08 20:11:26", "is_win": "1", "kill_cnt": "16", "pick_heros": "110|140|130|177|113", "team_id": "20", "team_name": "SC" },
    { "ban_heros": "141|146", "camp": "2", "game_label": "15", "game_time": "2016-10-08 20:33:42", "is_win": "0", "kill_cnt": "6", "pick_heros": "175|132|123|150|106", "team_id": "11", "team_name": "VgHow" },
    { "ban_heros": "163|140", "camp": "1", "game_label": "15", "game_time": "2016-10-08 20:33:42", "is_win": "1", "kill_cnt": "10", "pick_heros": "110|149|107|113|177", "team_id": "20", "team_name": "SC" },
    { "ban_heros": "132|141", "camp": "1", "game_label": "16", "game_time": "2016-10-08 21:09:01", "is_win": "0", "kill_cnt": "10", "pick_heros": "110|107|177|113|130", "team_id": "17", "team_name": "LK" },
    { "ban_heros": "175|146", "camp": "2", "game_label": "16", "game_time": "2016-10-08 21:09:01", "is_win": "1", "kill_cnt": "26", "pick_heros": "163|140|131|117|121", "team_id": "19", "team_name": "MU" },
    { "ban_heros": "110|141", "camp": "2", "game_label": "16", "game_time": "2016-10-08 21:38:04", "is_win": "0", "kill_cnt": "16", "pick_heros": "117|163|121|177|167", "team_id": "17", "team_name": "LK" },
    { "ban_heros": "175|146", "camp": "1", "game_label": "16", "game_time": "2016-10-08 21:38:04", "is_win": "1", "kill_cnt": "24", "pick_heros": "132|107|140|106|113", "team_id": "19", "team_name": "MU" },
    { "ban_heros": "141|107", "camp": "2", "game_label": "17", "game_time": "2016-10-09 17:14:21", "is_win": "1", "kill_cnt": "18", "pick_heros": "140|146|175|131|169", "team_id": "18", "team_name": "sViper" },
    { "ban_heros": "132|110", "camp": "1", "game_label": "17", "game_time": "2016-10-09 17:14:21", "is_win": "0", "kill_cnt": "21", "pick_heros": "163|111|117|149|115", "team_id": "21", "team_name": "DVG" },
    { "ban_heros": "141|163", "camp": "1", "game_label": "17", "game_time": "2016-10-09 17:42:29", "is_win": "1", "kill_cnt": "21", "pick_heros": "132|131|123|175|106", "team_id": "18", "team_name": "sViper" },
    { "ban_heros": "146|110", "camp": "2", "game_label": "17", "game_time": "2016-10-09 17:42:29", "is_win": "0", "kill_cnt": "12", "pick_heros": "140|117|111|107|121", "team_id": "21", "team_name": "DVG" },
    { "ban_heros": "107|163", "camp": "2", "game_label": "18", "game_time": "2016-10-09 18:21:05", "is_win": "1", "kill_cnt": "20", "pick_heros": "149|131|141|153|126", "team_id": "12", "team_name": "AG超玩会" },
    { "ban_heros": "146|132", "camp": "1", "game_label": "18", "game_time": "2016-10-09 18:21:05", "is_win": "0", "kill_cnt": "4", "pick_heros": "140|110|117|177|150", "team_id": "22", "team_name": "AS仙阁" },
    { "ban_heros": "146|107", "camp": "1", "game_label": "18", "game_time": "2016-10-09 18:44:11", "is_win": "0", "kill_cnt": "8", "pick_heros": "132|110|121|135|131", "team_id": "12", "team_name": "AG超玩会" },
    { "ban_heros": "149|141", "camp": "2", "game_label": "18", "game_time": "2016-10-09 18:44:11", "is_win": "1", "kill_cnt": "19", "pick_heros": "163|140|111|175|152", "team_id": "22", "team_name": "AS仙阁" },
    { "ban_heros": "146|140", "camp": "2", "game_label": "18", "game_time": "2016-10-09 19:09:58", "is_win": "1", "kill_cnt": "16", "pick_heros": "132|110|131|123|113", "team_id": "12", "team_name": "AG超玩会" },
    { "ban_heros": "141|149", "camp": "1", "game_label": "18", "game_time": "2016-10-09 19:09:58", "is_win": "0", "kill_cnt": "10", "pick_heros": "163|175|107|111|152", "team_id": "22", "team_name": "AS仙阁" },
    { "ban_heros": "141|140", "camp": "1", "game_label": "19", "game_time": "2016-10-09 19:51:11", "is_win": "1", "kill_cnt": "19", "pick_heros": "163|149|131|177|106", "team_id": "14", "team_name": "DL" },
    { "ban_heros": "110|146", "camp": "2", "game_label": "19", "game_time": "2016-10-09 19:51:11", "is_win": "0", "kill_cnt": "3", "pick_heros": "132|107|117|126|109", "team_id": "16", "team_name": "BWS" },
    { "ban_heros": "146|149", "camp": "2", "game_label": "19", "game_time": "2016-10-09 20:12:29", "is_win": "1", "kill_cnt": "34", "pick_heros": "107|140|123|141|177", "team_id": "14", "team_name": "DL" },
    { "ban_heros": "163|131", "camp": "1", "game_label": "19", "game_time": "2016-10-09 20:12:29", "is_win": "0", "kill_cnt": "24", "pick_heros": "132|110|117|150|121", "team_id": "16", "team_name": "BWS" },
    { "ban_heros": "140|131", "camp": "1", "game_label": "20", "game_time": "2016-10-09 21:01:23", "is_win": "1", "kill_cnt": "25", "pick_heros": "110|123|107|177|113", "team_id": "13", "team_name": "eStar" },
    { "ban_heros": "146|141", "camp": "2", "game_label": "20", "game_time": "2016-10-09 21:01:23", "is_win": "0", "kill_cnt": "24", "pick_heros": "149|132|175|163|106", "team_id": "15", "team_name": "XQ" },
    { "ban_heros": "146|163", "camp": "2", "game_label": "20", "game_time": "2016-10-09 21:46:13", "is_win": "0", "kill_cnt": "7", "pick_heros": "107|140|149|131|127", "team_id": "13", "team_name": "eStar" },
    { "ban_heros": "141|132", "camp": "1", "game_label": "20", "game_time": "2016-10-09 21:46:13", "is_win": "1", "kill_cnt": "7", "pick_heros": "110|123|177|117|150", "team_id": "15", "team_name": "XQ" },
    { "ban_heros": "140|141", "camp": "1", "game_label": "20", "game_time": "2016-10-09 22:10:00", "is_win": "0", "kill_cnt": "14", "pick_heros": "132|123|107|117|121", "team_id": "13", "team_name": "eStar" },
    { "ban_heros": "146|110", "camp": "2", "game_label": "20", "game_time": "2016-10-09 22:10:00", "is_win": "1", "kill_cnt": "18", "pick_heros": "163|149|106|177|131", "team_id": "15", "team_name": "XQ" },
    { "ban_heros": "140|146", "camp": "2", "game_label": "21", "game_time": "2016-10-15 17:14:17", "is_win": "0", "kill_cnt": "3", "pick_heros": "149|110|117|126|177", "team_id": "13", "team_name": "eStar" },
    { "ban_heros": "107|123", "camp": "1", "game_label": "21", "game_time": "2016-10-15 17:14:17", "is_win": "1", "kill_cnt": "20", "pick_heros": "163|132|130|141|175", "team_id": "20", "team_name": "SC" },
    { "ban_heros": "140|163", "camp": "1", "game_label": "21", "game_time": "2016-10-15 17:35:49", "is_win": "1", "kill_cnt": "17", "pick_heros": "146|175|107|126|177", "team_id": "13", "team_name": "eStar" },
    { "ban_heros": "113|123", "camp": "2", "game_label": "21", "game_time": "2016-10-15 17:35:49", "is_win": "0", "kill_cnt": "13", "pick_heros": "132|149|117|110|150", "team_id": "20", "team_name": "SC" },
    { "ban_heros": "146|140", "camp": "2", "game_label": "21", "game_time": "2016-10-15 17:57:24", "is_win": "1", "kill_cnt": "13", "pick_heros": "132|149|175|141|131", "team_id": "13", "team_name": "eStar" },
    { "ban_heros": "107|123", "camp": "1", "game_label": "21", "game_time": "2016-10-15 17:57:24", "is_win": "0", "kill_cnt": "6", "pick_heros": "163|130|110|113|177", "team_id": "20", "team_name": "SC" },
    { "ban_heros": "146|163", "camp": "2", "game_label": "22", "game_time": "2016-10-15 18:33:45", "is_win": "0", "kill_cnt": "21", "pick_heros": "132|107|144|113|156", "team_id": "12", "team_name": "AG超玩会" },
    { "ban_heros": "141|140", "camp": "1", "game_label": "22", "game_time": "2016-10-15 18:33:45", "is_win": "1", "kill_cnt": "25", "pick_heros": "110|175|149|177|123", "team_id": "17", "team_name": "LK" },
    { "ban_heros": "140|163", "camp": "1", "game_label": "22", "game_time": "2016-10-15 19:06:39", "is_win": "1", "kill_cnt": "17", "pick_heros": "141|123|150|126|132", "team_id": "12", "team_name": "AG超玩会" },
    { "ban_heros": "146|131", "camp": "2", "game_label": "22", "game_time": "2016-10-15 19:06:39", "is_win": "0", "kill_cnt": "20", "pick_heros": "149|107|175|177|110", "team_id": "17", "team_name": "LK" },
    { "ban_heros": "146|110", "camp": "2", "game_label": "22", "game_time": "2016-10-15 19:37:53", "is_win": "1", "kill_cnt": "12", "pick_heros": "149|123|132|150|156", "team_id": "12", "team_name": "AG超玩会" },
    { "ban_heros": "141|140", "camp": "1", "game_label": "22", "game_time": "2016-10-15 19:37:53", "is_win": "0", "kill_cnt": "3", "pick_heros": "163|175|106|177|126", "team_id": "17", "team_name": "LK" },
    { "ban_heros": "107|163", "camp": "1", "game_label": "23", "game_time": "2016-10-15 20:15:03", "is_win": "0", "kill_cnt": "11", "pick_heros": "146|150|149|177|126", "team_id": "11", "team_name": "VgHow" },
    { "ban_heros": "140|110", "camp": "2", "game_label": "23", "game_time": "2016-10-15 20:15:03", "is_win": "1", "kill_cnt": "24", "pick_heros": "141|132|130|183|148", "team_id": "16", "team_name": "BWS" },
    { "ban_heros": "107|183", "camp": "2", "game_label": "23", "game_time": "2016-10-15 20:40:51", "is_win": "0", "kill_cnt": "10", "pick_heros": "140|149|130|141|169", "team_id": "11", "team_name": "VgHow" },
    { "ban_heros": "110|163", "camp": "1", "game_label": "23", "game_time": "2016-10-15 20:40:51", "is_win": "1", "kill_cnt": "20", "pick_heros": "146|132|150|148|131", "team_id": "16", "team_name": "BWS" },
    { "ban_heros": "141|140", "camp": "1", "game_label": "24", "game_time": "2016-10-15 21:17:37", "is_win": "1", "kill_cnt": "23", "pick_heros": "163|131|149|177|106", "team_id": "18", "team_name": "sViper" },
    { "ban_heros": "175|146", "camp": "2", "game_label": "24", "game_time": "2016-10-15 21:17:37", "is_win": "0", "kill_cnt": "11", "pick_heros": "110|132|107|123|117", "team_id": "19", "team_name": "MU" },
    { "ban_heros": "141|163", "camp": "2", "game_label": "24", "game_time": "2016-10-15 21:44:55", "is_win": "0", "kill_cnt": "13", "pick_heros": "132|140|107|123|106", "team_id": "18", "team_name": "sViper" },
    { "ban_heros": "146|175", "camp": "1", "game_label": "24", "game_time": "2016-10-15 21:44:55", "is_win": "1", "kill_cnt": "21", "pick_heros": "110|131|149|117|177", "team_id": "19", "team_name": "MU" },
    { "ban_heros": "141|163", "camp": "1", "game_label": "24", "game_time": "2016-10-15 22:12:13", "is_win": "0", "kill_cnt": "11", "pick_heros": "110|107|149|177|123", "team_id": "18", "team_name": "sViper" },
    { "ban_heros": "146|175", "camp": "2", "game_label": "24", "game_time": "2016-10-15 22:12:13", "is_win": "1", "kill_cnt": "27", "pick_heros": "140|131|117|132|121", "team_id": "19", "team_name": "MU" },
    { "ban_heros": "183|140", "camp": "1", "game_label": "25", "game_time": "2016-10-16 17:14:44", "is_win": "1", "kill_cnt": "17", "pick_heros": "146|175|149|107|111", "team_id": "13", "team_name": "eStar" },
    { "ban_heros": "177|132", "camp": "2", "game_label": "25", "game_time": "2016-10-16 17:14:44", "is_win": "0", "kill_cnt": "12", "pick_heros": "163|131|148|141|167", "team_id": "16", "team_name": "BWS" },
    { "ban_heros": "148|146", "camp": "2", "game_label": "25", "game_time": "2016-10-16 17:42:05", "is_win": "1", "kill_cnt": "33", "pick_heros": "132|163|126|175|106", "team_id": "13", "team_name": "eStar" },
    { "ban_heros": "140|149", "camp": "1", "game_label": "25", "game_time": "2016-10-16 17:42:05", "is_win": "0", "kill_cnt": "22", "pick_heros": "141|110|130|169|120", "team_id": "16", "team_name": "BWS" },
    { "ban_heros": "140|146", "camp": "2", "game_label": "26", "game_time": "2016-10-16 18:28:43", "is_win": "1", "kill_cnt": "25", "pick_heros": "110|149|123|177|150", "team_id": "12", "team_name": "AG超玩会" },
    { "ban_heros": "141|131", "camp": "1", "game_label": "26", "game_time": "2016-10-16 18:28:43", "is_win": "0", "kill_cnt": "23", "pick_heros": "163|175|107|132|106", "team_id": "18", "team_name": "sViper" },
    { "ban_heros": "140|146", "camp": "1", "game_label": "26", "game_time": "2016-10-16 19:00:48", "is_win": "1", "kill_cnt": "26", "pick_heros": "149|110|123|150|153", "team_id": "12", "team_name": "AG超玩会" },
    { "ban_heros": "141|107", "camp": "2", "game_label": "26", "game_time": "2016-10-16 19:00:48", "is_win": "0", "kill_cnt": "32", "pick_heros": "131|163|132|175|148", "team_id": "18", "team_name": "sViper" },
    { "ban_heros": "146|148", "camp": "2", "game_label": "27", "game_time": "2016-10-16 19:48:18", "is_win": "0", "kill_cnt": "3", "pick_heros": "149|150|131|130|136", "team_id": "11", "team_name": "VgHow" },
    { "ban_heros": "141|140", "camp": "1", "game_label": "27", "game_time": "2016-10-16 19:48:18", "is_win": "1", "kill_cnt": "16", "pick_heros": "163|123|110|117|177", "team_id": "14", "team_name": "DL" },
    { "ban_heros": "107|163", "camp": "1", "game_label": "27", "game_time": "2016-10-16 20:08:36", "is_win": "0", "kill_cnt": "4", "pick_heros": "149|150|132|175|141", "team_id": "11", "team_name": "VgHow" },
    { "ban_heros": "146|140", "camp": "2", "game_label": "27", "game_time": "2016-10-16 20:08:36", "is_win": "1", "kill_cnt": "14", "pick_heros": "110|131|123|177|117", "team_id": "14", "team_name": "DL" },
    { "ban_heros": "175|146", "camp": "1", "game_label": "28", "game_time": "2016-10-16 20:42:12", "is_win": "0", "kill_cnt": "9", "pick_heros": "140|132|141|130|113", "team_id": "19", "team_name": "MU" },
    { "ban_heros": "131|163", "camp": "2", "game_label": "28", "game_time": "2016-10-16 20:42:12", "is_win": "1", "kill_cnt": "15", "pick_heros": "123|107|110|149|177", "team_id": "21", "team_name": "DVG" },
    { "ban_heros": "175|141", "camp": "2", "game_label": "28", "game_time": "2016-10-16 21:05:32", "is_win": "0", "kill_cnt": "11", "pick_heros": "140|163|132|121|117", "team_id": "19", "team_name": "MU" },
    { "ban_heros": "131|146", "camp": "1", "game_label": "28", "game_time": "2016-10-16 21:05:32", "is_win": "1", "kill_cnt": "17", "pick_heros": "110|123|107|177|149", "team_id": "21", "team_name": "DVG" },
    { "ban_heros": "146|163", "camp": "2", "game_label": "29", "game_time": "2016-10-22 17:16:57", "is_win": "1", "kill_cnt": "16", "pick_heros": "123|177|117|130|110", "team_id": "15", "team_name": "XQ" },
    { "ban_heros": "149|140", "camp": "1", "game_label": "29", "game_time": "2016-10-22 17:16:57", "is_win": "0", "kill_cnt": "7", "pick_heros": "141|107|175|132|121", "team_id": "20", "team_name": "SC" },
    { "ban_heros": "131|163", "camp": "1", "game_label": "29", "game_time": "2016-10-22 17:46:57", "is_win": "1", "kill_cnt": "18", "pick_heros": "146|123|107|117|111", "team_id": "15", "team_name": "XQ" },
    { "ban_heros": "140|177", "camp": "2", "game_label": "29", "game_time": "2016-10-22 17:46:57", "is_win": "0", "kill_cnt": "6", "pick_heros": "132|149|130|141|120", "team_id": "20", "team_name": "SC" },
    { "ban_heros": "163|140", "camp": "1", "game_label": "30", "game_time": "2016-10-22 18:25:44", "is_win": "0", "kill_cnt": "3", "pick_heros": "146|175|123|132|130", "team_id": "17", "team_name": "LK" },
    { "ban_heros": "149|110", "camp": "2", "game_label": "30", "game_time": "2016-10-22 18:25:44", "is_win": "1", "kill_cnt": "12", "pick_heros": "107|177|131|148|113", "team_id": "22", "team_name": "AS仙阁" },
    { "ban_heros": "148|140", "camp": "2", "game_label": "30", "game_time": "2016-10-22 18:48:50", "is_win": "0", "kill_cnt": "12", "pick_heros": "177|107|126|156", "team_id": "17", "team_name": "LK" },
    { "ban_heros": "149|110", "camp": "1", "game_label": "30", "game_time": "2016-10-22 18:48:50", "is_win": "1", "kill_cnt": "33", "pick_heros": "163|123|141|132|117", "team_id": "22", "team_name": "AS仙阁" },
    { "ban_heros": "148|140", "camp": "2", "game_label": "30", "game_time": "2016-10-22 19:34:29", "is_win": "0", "kill_cnt": "6", "pick_heros": "107|156|131|126|177", "team_id": "17", "team_name": "LK" },
    { "ban_heros": "149|110", "camp": "1", "game_label": "30", "game_time": "2016-10-22 19:34:29", "is_win": "1", "kill_cnt": "13", "pick_heros": "141|163|117|132|123", "team_id": "22", "team_name": "AS仙阁" },
    { "ban_heros": "141|163", "camp": "1", "game_label": "31", "game_time": "2016-10-22 20:13:12", "is_win": "0", "kill_cnt": "7", "pick_heros": "110|132|175|117|150", "team_id": "11", "team_name": "VgHow" },
    { "ban_heros": "146|140", "camp": "2", "game_label": "31", "game_time": "2016-10-22 20:13:12", "is_win": "1", "kill_cnt": "17", "pick_heros": "149|107|106|177|113", "team_id": "13", "team_name": "eStar" },
    { "ban_heros": "146|177", "camp": "2", "game_label": "31", "game_time": "2016-10-22 20:42:31", "is_win": "0", "kill_cnt": "8", "pick_heros": "107|141|123|156|169", "team_id": "11", "team_name": "VgHow" },
    { "ban_heros": "140|163", "camp": "1", "game_label": "31", "game_time": "2016-10-22 20:42:31", "is_win": "1", "kill_cnt": "16", "pick_heros": "149|132|175|106|154", "team_id": "13", "team_name": "eStar" },
    { "ban_heros": "140|177", "camp": "1", "game_label": "32", "game_time": "2016-10-22 21:21:30", "is_win": "0", "kill_cnt": "21", "pick_heros": "132|141|123|107|121", "team_id": "12", "team_name": "AG超玩会" },
    { "ban_heros": "110|146", "camp": "2", "game_label": "32", "game_time": "2016-10-22 21:21:30", "is_win": "1", "kill_cnt": "22", "pick_heros": "149|163|115|131|117", "team_id": "19", "team_name": "MU" },
    { "ban_heros": "177|132", "camp": "2", "game_label": "32", "game_time": "2016-10-22 21:52:41", "is_win": "1", "kill_cnt": "20", "pick_heros": "141|140|150|121|117", "team_id": "12", "team_name": "AG超玩会" },
    { "ban_heros": "110|146", "camp": "1", "game_label": "32", "game_time": "2016-10-22 21:52:41", "is_win": "0", "kill_cnt": "12", "pick_heros": "149|123|163|131|115", "team_id": "19", "team_name": "MU" },
    { "ban_heros": "132|177", "camp": "1", "game_label": "32", "game_time": "2016-10-22 22:21:03", "is_win": "1", "kill_cnt": "20", "pick_heros": "140|121|150|117|156", "team_id": "12", "team_name": "AG超玩会" },
    { "ban_heros": "110|141", "camp": "2", "game_label": "32", "game_time": "2016-10-22 22:21:03", "is_win": "0", "kill_cnt": "10", "pick_heros": "149|163|119|123|111", "team_id": "19", "team_name": "MU" },
    { "ban_heros": "110|149", "camp": "2", "game_label": "33", "game_time": "2016-10-23 17:14:11", "is_win": "0", "kill_cnt": "8", "pick_heros": "107|177|146|178|148", "team_id": "14", "team_name": "DL" },
    { "ban_heros": "131|163", "camp": "1", "game_label": "33", "game_time": "2016-10-23 17:14:11", "is_win": "1", "kill_cnt": "19", "pick_heros": "140|141|123|132|130", "team_id": "15", "team_name": "XQ" },
    { "ban_heros": "140|146", "camp": "1", "game_label": "33", "game_time": "2016-10-23 17:43:28", "is_win": "1", "kill_cnt": "11", "pick_heros": "110|177|107|178|113", "team_id": "14", "team_name": "DL" },
    { "ban_heros": "131|163", "camp": "2", "game_label": "33", "game_time": "2016-10-23 17:43:28", "is_win": "0", "kill_cnt": "8", "pick_heros": "149|123|141|132|150", "team_id": "15", "team_name": "XQ" },
    { "ban_heros": "110|140", "camp": "2", "game_label": "33", "game_time": "2016-10-23 18:14:51", "is_win": "0", "kill_cnt": "2", "pick_heros": "177|107|141|183|113", "team_id": "14", "team_name": "DL" },
    { "ban_heros": "131|163", "camp": "1", "game_label": "33", "game_time": "2016-10-23 18:14:51", "is_win": "1", "kill_cnt": "5", "pick_heros": "149|146|123|130|132", "team_id": "15", "team_name": "XQ" },
    { "ban_heros": "148|131", "camp": "1", "game_label": "34", "game_time": "2016-10-23 18:52:29", "is_win": "0", "kill_cnt": "11", "pick_heros": "140|177|141|117|153", "team_id": "21", "team_name": "DVG" },
    { "ban_heros": "149|110", "camp": "2", "game_label": "34", "game_time": "2016-10-23 18:52:29", "is_win": "1", "kill_cnt": "13", "pick_heros": "107|163|123|132|106", "team_id": "22", "team_name": "AS仙阁" },
    { "ban_heros": "140|148", "camp": "2", "game_label": "34", "game_time": "2016-10-23 19:15:57", "is_win": "0", "kill_cnt": "17", "pick_heros": "131|123|141|132|135", "team_id": "21", "team_name": "DVG" },
    { "ban_heros": "149|107", "camp": "1", "game_label": "34", "game_time": "2016-10-23 19:15:57", "is_win": "1", "kill_cnt": "13", "pick_heros": "163|110|177|126|117", "team_id": "22", "team_name": "AS仙阁" },
    { "ban_heros": "131|140", "camp": "1", "game_label": "35", "game_time": "2016-10-23 20:16:55", "is_win": "0", "kill_cnt": "9", "pick_heros": "163|141|149|113|132", "team_id": "16", "team_name": "BWS" },
    { "ban_heros": "148|146", "camp": "2", "game_label": "35", "game_time": "2016-10-23 20:16:55", "is_win": "1", "kill_cnt": "16", "pick_heros": "107|110|177|123|117", "team_id": "20", "team_name": "SC" },
    { "ban_heros": "149|163", "camp": "2", "game_label": "35", "game_time": "2016-10-23 20:46:22", "is_win": "1", "kill_cnt": "21", "pick_heros": "107|110|177|113|183", "team_id": "16", "team_name": "BWS" },
    { "ban_heros": "148|146", "camp": "1", "game_label": "35", "game_time": "2016-10-23 20:46:22", "is_win": "0", "kill_cnt": "11", "pick_heros": "140|123|132|141|130", "team_id": "20", "team_name": "SC" },
    { "ban_heros": "140|110", "camp": "1", "game_label": "35", "game_time": "2016-10-23 21:15:06", "is_win": "1", "kill_cnt": "14", "pick_heros": "141|123|113|131|132", "team_id": "16", "team_name": "BWS" },
    { "ban_heros": "148|146", "camp": "2", "game_label": "35", "game_time": "2016-10-23 21:15:06", "is_win": "0", "kill_cnt": "7", "pick_heros": "107|149|177|117|108", "team_id": "20", "team_name": "SC" },
    { "ban_heros": "110|131", "camp": "2", "game_label": "36", "game_time": "2016-10-23 21:53:07", "is_win": "0", "kill_cnt": "7", "pick_heros": "149|107|113|106|169", "team_id": "17", "team_name": "LK" },
    { "ban_heros": "141|140", "camp": "1", "game_label": "36", "game_time": "2016-10-23 21:53:07", "is_win": "1", "kill_cnt": "15", "pick_heros": "163|175|177|150|148", "team_id": "18", "team_name": "sViper" },
    { "ban_heros": "140|107", "camp": "1", "game_label": "36", "game_time": "2016-10-23 22:15:32", "is_win": "0", "kill_cnt": "6", "pick_heros": "110|175|123|130|132", "team_id": "17", "team_name": "LK" },
    { "ban_heros": "141|163", "camp": "2", "game_label": "36", "game_time": "2016-10-23 22:15:32", "is_win": "1", "kill_cnt": "19", "pick_heros": "149|177|150|106|117", "team_id": "18", "team_name": "sViper" },
    { "ban_heros": "148|163", "camp": "2", "game_label": "37", "game_time": "2016-10-29 17:22:05", "is_win": "1", "kill_cnt": "13", "pick_heros": "146|131|175|110|126", "team_id": "19", "team_name": "MU" },
    { "ban_heros": "149|140", "camp": "1", "game_label": "37", "game_time": "2016-10-29 17:22:05", "is_win": "0", "kill_cnt": "30", "pick_heros": "107|123|141|113|111", "team_id": "22", "team_name": "AS仙阁" },
    { "ban_heros": "148|141", "camp": "1", "game_label": "37", "game_time": "2016-10-29 18:04:42", "is_win": "1", "kill_cnt": "17", "pick_heros": "140|123|146|110|177", "team_id": "19", "team_name": "MU" },
    { "ban_heros": "149|131", "camp": "2", "game_label": "37", "game_time": "2016-10-29 18:04:42", "is_win": "0", "kill_cnt": "12", "pick_heros": "163|107|132|121|175", "team_id": "22", "team_name": "AS仙阁" },
    { "ban_heros": "146|123", "camp": "2", "game_label": "38", "game_time": "2016-10-29 18:48:26", "is_win": "1", "kill_cnt": "17", "pick_heros": "131|117|132|141|171", "team_id": "11", "team_name": "VgHow" },
    { "ban_heros": "140|175", "camp": "1", "game_label": "38", "game_time": "2016-10-29 18:48:26", "is_win": "0", "kill_cnt": "9", "pick_heros": "149|107|177|110|126", "team_id": "15", "team_name": "XQ" },
    { "ban_heros": "146|123", "camp": "1", "game_label": "38", "game_time": "2016-10-29 19:14:15", "is_win": "0", "kill_cnt": "10", "pick_heros": "149|141|163|132|117", "team_id": "11", "team_name": "VgHow" },
    { "ban_heros": "171|131", "camp": "2", "game_label": "38", "game_time": "2016-10-29 19:14:15", "is_win": "1", "kill_cnt": "18", "pick_heros": "140|107|150|148|106", "team_id": "15", "team_name": "XQ" },
    { "ban_heros": "123|150", "camp": "2", "game_label": "38", "game_time": "2016-10-29 19:49:08", "is_win": "0", "kill_cnt": "2", "pick_heros": "131|107|146|148|157", "team_id": "11", "team_name": "VgHow" },
    { "ban_heros": "140|171", "camp": "1", "game_label": "38", "game_time": "2016-10-29 19:49:08", "is_win": "1", "kill_cnt": "12", "pick_heros": "149|163|117|110|132", "team_id": "15", "team_name": "XQ" },
    { "ban_heros": "131|149", "camp": "2", "game_label": "39", "game_time": "2016-10-29 20:28:35", "is_win": "1", "kill_cnt": "14", "pick_heros": "148|107|150|126|141", "team_id": "13", "team_name": "eStar" },
    { "ban_heros": "146|140", "camp": "1", "game_label": "39", "game_time": "2016-10-29 20:28:35", "is_win": "0", "kill_cnt": "3", "pick_heros": "163|123|110|175|132", "team_id": "14", "team_name": "DL" },
    { "ban_heros": "131|140", "camp": "1", "game_label": "39", "game_time": "2016-10-29 20:55:55", "is_win": "1", "kill_cnt": "22", "pick_heros": "107|148|126|175|132", "team_id": "13", "team_name": "eStar" },
    { "ban_heros": "146|149", "camp": "2", "game_label": "39", "game_time": "2016-10-29 20:55:55", "is_win": "0", "kill_cnt": "3", "pick_heros": "150|163|110|123|117", "team_id": "14", "team_name": "DL" },
    { "ban_heros": "107|177", "camp": "1", "game_label": "40", "game_time": "2016-10-29 21:39:38", "is_win": "0", "kill_cnt": "3", "pick_heros": "149|163|153|126|141", "team_id": "12", "team_name": "AG超玩会" },
    { "ban_heros": "131|150", "camp": "2", "game_label": "40", "game_time": "2016-10-29 21:39:38", "is_win": "1", "kill_cnt": "23", "pick_heros": "146|140|123|148|132", "team_id": "21", "team_name": "DVG" },
    { "ban_heros": "149|148", "camp": "2", "game_label": "40", "game_time": "2016-10-29 22:01:24", "is_win": "1", "kill_cnt": "28", "pick_heros": "163|140|121|117|157", "team_id": "12", "team_name": "AG超玩会" },
    { "ban_heros": "131|150", "camp": "1", "game_label": "40", "game_time": "2016-10-29 22:01:24", "is_win": "0", "kill_cnt": "9", "pick_heros": "146|123|107|141|132", "team_id": "21", "team_name": "DVG" },
    { "ban_heros": "146|148", "camp": "1", "game_label": "40", "game_time": "2016-10-29 22:31:10", "is_win": "1", "kill_cnt": "16", "pick_heros": "163|177|121|141|123", "team_id": "12", "team_name": "AG超玩会" },
    { "ban_heros": "150|131", "camp": "2", "game_label": "40", "game_time": "2016-10-29 22:31:10", "is_win": "0", "kill_cnt": "1", "pick_heros": "140|149|107|110|132", "team_id": "21", "team_name": "DVG" },
    { "ban_heros": "146|140", "camp": "1", "game_label": "41", "game_time": "2016-10-30 17:15:36", "is_win": "0", "kill_cnt": "5", "pick_heros": "148|123|175|132|150", "team_id": "14", "team_name": "DL" },
    { "ban_heros": "131|149", "camp": "2", "game_label": "41", "game_time": "2016-10-30 17:15:36", "is_win": "1", "kill_cnt": "17", "pick_heros": "107|163|113|144|157", "team_id": "20", "team_name": "SC" },
    { "ban_heros": "146|140", "camp": "2", "game_label": "41", "game_time": "2016-10-30 17:39:13", "is_win": "0", "kill_cnt": "6", "pick_heros": "149|110|177|130|175", "team_id": "14", "team_name": "DL" },
    { "ban_heros": "131|107", "camp": "1", "game_label": "41", "game_time": "2016-10-30 17:39:13", "is_win": "1", "kill_cnt": "17", "pick_heros": "163|150|123|148|157", "team_id": "20", "team_name": "SC" },
    { "ban_heros": "131|150", "camp": "1", "game_label": "42", "game_time": "2016-10-30 18:20:59", "is_win": "0", "kill_cnt": "12", "pick_heros": "140|148|107|171|157", "team_id": "17", "team_name": "LK" },
    { "ban_heros": "175|149", "camp": "2", "game_label": "42", "game_time": "2016-10-30 18:20:59", "is_win": "1", "kill_cnt": "16", "pick_heros": "146|163|110|123|117", "team_id": "21", "team_name": "DVG" },
    { "ban_heros": "131|107", "camp": "2", "game_label": "42", "game_time": "2016-10-30 18:49:40", "is_win": "0", "kill_cnt": "18", "pick_heros": "140|146|150|149|117", "team_id": "17", "team_name": "LK" },
    { "ban_heros": "175|171", "camp": "1", "game_label": "42", "game_time": "2016-10-30 18:49:40", "is_win": "1", "kill_cnt": "21", "pick_heros": "163|148|123|177|141", "team_id": "21", "team_name": "DVG" },
    { "ban_heros": "146|148", "camp": "1", "game_label": "43", "game_time": "2016-10-30 19:38:46", "is_win": "1", "kill_cnt": "10", "pick_heros": "149|175|163|110|132", "team_id": "15", "team_name": "XQ" },
    { "ban_heros": "123|140", "camp": "2", "game_label": "43", "game_time": "2016-10-30 19:38:46", "is_win": "0", "kill_cnt": "0", "pick_heros": "141|107|113|111|144", "team_id": "16", "team_name": "BWS" },
    { "ban_heros": "149|140", "camp": "2", "game_label": "43", "game_time": "2016-10-30 19:57:06", "is_win": "0", "kill_cnt": "35", "pick_heros": "107|148|117|154|141", "team_id": "15", "team_name": "XQ" },
    { "ban_heros": "110|123", "camp": "1", "game_label": "43", "game_time": "2016-10-30 19:57:06", "is_win": "1", "kill_cnt": "32", "pick_heros": "146|150|163|132|175", "team_id": "16", "team_name": "BWS" },
    { "ban_heros": "146|148", "camp": "1", "game_label": "43", "game_time": "2016-10-30 20:45:50", "is_win": "1", "kill_cnt": "18", "pick_heros": "140|175|163|132|106", "team_id": "15", "team_name": "XQ" },
    { "ban_heros": "141|149", "camp": "2", "game_label": "43", "game_time": "2016-10-30 20:45:50", "is_win": "0", "kill_cnt": "4", "pick_heros": "110|123|113|107|131", "team_id": "16", "team_name": "BWS" },
    { "ban_heros": "141|148", "camp": "2", "game_label": "44", "game_time": "2016-10-30 21:21:08", "is_win": "0", "kill_cnt": "2", "pick_heros": "140|163|117|156|132", "team_id": "18", "team_name": "sViper" },
    { "ban_heros": "150|131", "camp": "1", "game_label": "44", "game_time": "2016-10-30 21:21:08", "is_win": "1", "kill_cnt": "14", "pick_heros": "146|107|123|113|111", "team_id": "22", "team_name": "AS仙阁" },
    { "ban_heros": "141|140", "camp": "1", "game_label": "44", "game_time": "2016-10-30 21:42:37", "is_win": "1", "kill_cnt": "21", "pick_heros": "148|163|123|153|111", "team_id": "18", "team_name": "sViper" },
    { "ban_heros": "150|131", "camp": "2", "game_label": "44", "game_time": "2016-10-30 21:42:37", "is_win": "0", "kill_cnt": "3", "pick_heros": "107|146|110|126|117", "team_id": "22", "team_name": "AS仙阁" },
    { "ban_heros": "141|140", "camp": "2", "game_label": "44", "game_time": "2016-10-30 22:09:38", "is_win": "0", "kill_cnt": "5", "pick_heros": "123|146|157|175|144", "team_id": "18", "team_name": "sViper" },
    { "ban_heros": "150|131", "camp": "1", "game_label": "44", "game_time": "2016-10-30 22:09:38", "is_win": "1", "kill_cnt": "13", "pick_heros": "148|163|107|111|113", "team_id": "22", "team_name": "AS仙阁" },
    { "ban_heros": "131|141", "camp": "2", "game_label": "45", "game_time": "2016-11-05 17:19:35", "is_win": "0", "kill_cnt": "6", "pick_heros": "150|163|110|117|144", "team_id": "17", "team_name": "LK" },
    { "ban_heros": "149|148", "camp": "1", "game_label": "45", "game_time": "2016-11-05 17:19:35", "is_win": "1", "kill_cnt": "17", "pick_heros": "140|146|107|157|123", "team_id": "19", "team_name": "MU" },
    { "ban_heros": "131|140", "camp": "1", "game_label": "45", "game_time": "2016-11-05 17:54:25", "is_win": "1", "kill_cnt": "16", "pick_heros": "163|123|146|144|111", "team_id": "17", "team_name": "LK" },
    { "ban_heros": "148|149", "camp": "2", "game_label": "45", "game_time": "2016-11-05 17:54:25", "is_win": "0", "kill_cnt": "3", "pick_heros": "107|150|157|177|117", "team_id": "19", "team_name": "MU" },
    { "ban_heros": "131|140", "camp": "2", "game_label": "45", "game_time": "2016-11-05 18:18:35", "is_win": "1", "kill_cnt": "15", "pick_heros": "163|150|144|141|175", "team_id": "17", "team_name": "LK" },
    { "ban_heros": "148|149", "camp": "1", "game_label": "45", "game_time": "2016-11-05 18:18:35", "is_win": "0", "kill_cnt": "5", "pick_heros": "146|107|123|177|157", "team_id": "19", "team_name": "MU" },
    { "ban_heros": "107|141", "camp": "2", "game_label": "46", "game_time": "2016-11-05 19:05:28", "is_win": "0", "kill_cnt": "23", "pick_heros": "150|140|110|148|153", "team_id": "11", "team_name": "VgHow" },
    { "ban_heros": "131|146", "camp": "1", "game_label": "46", "game_time": "2016-11-05 19:05:28", "is_win": "1", "kill_cnt": "24", "pick_heros": "163|123|157|154|134", "team_id": "20", "team_name": "SC" },
    { "ban_heros": "107|141", "camp": "1", "game_label": "46", "game_time": "2016-11-05 19:37:34", "is_win": "0", "kill_cnt": "11", "pick_heros": "146|157|150|117|171", "team_id": "11", "team_name": "VgHow" },
    { "ban_heros": "131|148", "camp": "2", "game_label": "46", "game_time": "2016-11-05 19:37:34", "is_win": "1", "kill_cnt": "20", "pick_heros": "163|140|123|175|110", "team_id": "20", "team_name": "SC" },
    { "ban_heros": "146|148", "camp": "1", "game_label": "47", "game_time": "2016-11-05 20:24:17", "is_win": "1", "kill_cnt": "18", "pick_heros": "140|123|121|119|150", "team_id": "12", "team_name": "AG超玩会" },
    { "ban_heros": "131|149", "camp": "2", "game_label": "47", "game_time": "2016-11-05 20:24:17", "is_win": "0", "kill_cnt": "12", "pick_heros": "163|107|126|110|132", "team_id": "22", "team_name": "AS仙阁" },
    { "ban_heros": "146|148", "camp": "2", "game_label": "47", "game_time": "2016-11-05 21:04:03", "is_win": "1", "kill_cnt": "21", "pick_heros": "131|149|141|126|153", "team_id": "12", "team_name": "AG超玩会" },
    { "ban_heros": "150|163", "camp": "1", "game_label": "47", "game_time": "2016-11-05 21:04:03", "is_win": "0", "kill_cnt": "17", "pick_heros": "140|123|107|106|132", "team_id": "22", "team_name": "AS仙阁" },
    { "ban_heros": "140|149", "camp": "2", "game_label": "48", "game_time": "2016-11-05 21:56:57", "is_win": "1", "kill_cnt": "24", "pick_heros": "110|107|126|132|118", "team_id": "13", "team_name": "eStar" },
    { "ban_heros": "141|146", "camp": "1", "game_label": "48", "game_time": "2016-11-05 21:56:57", "is_win": "0", "kill_cnt": "19", "pick_heros": "163|150|148|157|123", "team_id": "15", "team_name": "XQ" },
    { "ban_heros": "140|148", "camp": "1", "game_label": "48", "game_time": "2016-11-05 22:48:56", "is_win": "0", "kill_cnt": "6", "pick_heros": "163|107|175|141|111", "team_id": "13", "team_name": "eStar" },
    { "ban_heros": "146|149", "camp": "2", "game_label": "48", "game_time": "2016-11-05 22:48:56", "is_win": "1", "kill_cnt": "14", "pick_heros": "110|123|132|126|130", "team_id": "15", "team_name": "XQ" },
    { "ban_heros": "140|149", "camp": "2", "game_label": "48", "game_time": "2016-11-05 23:10:58", "is_win": "1", "kill_cnt": "13", "pick_heros": "175|107|141|126|150", "team_id": "13", "team_name": "eStar" },
    { "ban_heros": "146|148", "camp": "1", "game_label": "48", "game_time": "2016-11-05 23:10:58", "is_win": "0", "kill_cnt": "4", "pick_heros": "110|132|123|113|130", "team_id": "15", "team_name": "XQ" },
    { "ban_heros": "146|148", "camp": "2", "game_label": "49", "game_time": "2016-11-06 17:17:43", "is_win": "1", "kill_cnt": "20", "pick_heros": "149|107|110|132|117", "team_id": "14", "team_name": "DL" },
    { "ban_heros": "140|141", "camp": "1", "game_label": "49", "game_time": "2016-11-06 17:17:43", "is_win": "0", "kill_cnt": "11", "pick_heros": "163|123|150|126|157", "team_id": "16", "team_name": "BWS" },
    { "ban_heros": "146|148", "camp": "1", "game_label": "49", "game_time": "2016-11-06 17:49:24", "is_win": "0", "kill_cnt": "14", "pick_heros": "149|126|107|132|110", "team_id": "14", "team_name": "DL" },
    { "ban_heros": "140|163", "camp": "2", "game_label": "49", "game_time": "2016-11-06 17:49:24", "is_win": "1", "kill_cnt": "24", "pick_heros": "141|123|130|150|171", "team_id": "16", "team_name": "BWS" },
    { "ban_heros": "146|148", "camp": "2", "game_label": "49", "game_time": "2016-11-06 18:21:05", "is_win": "0", "kill_cnt": "9", "pick_heros": "141|107|131|126|171", "team_id": "14", "team_name": "DL" },
    { "ban_heros": "163|149", "camp": "1", "game_label": "49", "game_time": "2016-11-06 18:21:05", "is_win": "1", "kill_cnt": "13", "pick_heros": "140|132|123|150|110", "team_id": "16", "team_name": "BWS" },
    { "ban_heros": "141|107", "camp": "1", "game_label": "50", "game_time": "2016-11-06 19:05:55", "is_win": "1", "kill_cnt": "19", "pick_heros": "163|150|148|154|149", "team_id": "18", "team_name": "sViper" },
    { "ban_heros": "175|131", "camp": "2", "game_label": "50", "game_time": "2016-11-06 19:05:55", "is_win": "0", "kill_cnt": "12", "pick_heros": "146|140|110|126|130", "team_id": "21", "team_name": "DVG" },
    { "ban_heros": "141|163", "camp": "2", "game_label": "50", "game_time": "2016-11-06 19:36:26", "is_win": "0", "kill_cnt": "11", "pick_heros": "150|107|123|144|157", "team_id": "18", "team_name": "sViper" },
    { "ban_heros": "175|131", "camp": "1", "game_label": "50", "game_time": "2016-11-06 19:36:26", "is_win": "1", "kill_cnt": "19", "pick_heros": "146|148|140|126|132", "team_id": "21", "team_name": "DVG" },
    { "ban_heros": "141|140", "camp": "1", "game_label": "50", "game_time": "2016-11-06 20:04:33", "is_win": "0", "kill_cnt": "12", "pick_heros": "163|107|123|110|111", "team_id": "18", "team_name": "sViper" },
    { "ban_heros": "131|148", "camp": "2", "game_label": "50", "game_time": "2016-11-06 20:04:33", "is_win": "1", "kill_cnt": "13", "pick_heros": "146|149|132|157|126", "team_id": "21", "team_name": "DVG" },
    { "ban_heros": "175|157", "camp": "1", "game_label": "51", "game_time": "2016-11-06 20:55:12", "is_win": "0", "kill_cnt": "10", "pick_heros": "163|149|110|146|117", "team_id": "13", "team_name": "eStar" },
    { "ban_heros": "126|131", "camp": "2", "game_label": "51", "game_time": "2016-11-06 20:55:12", "is_win": "1", "kill_cnt": "17", "pick_heros": "123|107|150|148|141", "team_id": "20", "team_name": "SC" },
    { "ban_heros": "175|148", "camp": "2", "game_label": "51", "game_time": "2016-11-06 21:36:21", "is_win": "1", "kill_cnt": "20", "pick_heros": "163|149|141|132|118", "team_id": "13", "team_name": "eStar" },
    { "ban_heros": "126|123", "camp": "1", "game_label": "51", "game_time": "2016-11-06 21:36:21", "is_win": "0", "kill_cnt": "4", "pick_heros": "107|150|144|157|117", "team_id": "20", "team_name": "SC" },
    { "ban_heros": "175|148", "camp": "1", "game_label": "51", "game_time": "2016-11-06 22:03:01", "is_win": "0", "kill_cnt": "1", "pick_heros": "107|110|126|169|118", "team_id": "13", "team_name": "eStar" },
    { "ban_heros": "132|149", "camp": "2", "game_label": "51", "game_time": "2016-11-06 22:03:01", "is_win": "1", "kill_cnt": "12", "pick_heros": "141|163|123|140|113", "team_id": "20", "team_name": "SC" },
    { "ban_heros": "146|148", "camp": "1", "game_label": "52", "game_time": "2016-11-06 22:46:54", "is_win": "1", "kill_cnt": "21", "pick_heros": "163|117|121|153|115", "team_id": "12", "team_name": "AG超玩会" },
    { "ban_heros": "140|149", "camp": "2", "game_label": "52", "game_time": "2016-11-06 22:46:54", "is_win": "0", "kill_cnt": "13", "pick_heros": "150|123|141|107|144", "team_id": "17", "team_name": "LK" },
    { "ban_heros": "146|148", "camp": "2", "game_label": "52", "game_time": "2016-11-06 23:12:45", "is_win": "1", "kill_cnt": "24", "pick_heros": "149|163|131|117|157", "team_id": "12", "team_name": "AG超玩会" },
    { "ban_heros": "153|121", "camp": "1", "game_label": "52", "game_time": "2016-11-06 23:12:45", "is_win": "0", "kill_cnt": "13", "pick_heros": "140|110|150|175|169", "team_id": "17", "team_name": "LK" },
    { "ban_heros": "107|140", "camp": "1", "game_label": "53", "game_time": "2016-11-12 17:20:59", "is_win": "0", "kill_cnt": "13", "pick_heros": "163|150|148|123|141", "team_id": "15", "team_name": "XQ" },
    { "ban_heros": "132|149", "camp": "2", "game_label": "53", "game_time": "2016-11-12 17:20:59", "is_win": "1", "kill_cnt": "15", "pick_heros": "154|146|130|144|183", "team_id": "20", "team_name": "SC" },
    { "ban_heros": "146|148", "camp": "2", "game_label": "53", "game_time": "2016-11-12 17:52:27", "is_win": "1", "kill_cnt": "14", "pick_heros": "107|110|111|126|149", "team_id": "15", "team_name": "XQ" },
    { "ban_heros": "132|163", "camp": "1", "game_label": "53", "game_time": "2016-11-12 17:52:27", "is_win": "0", "kill_cnt": "10", "pick_heros": "140|154|123|141|130", "team_id": "20", "team_name": "SC" },
    { "ban_heros": "146|148", "camp": "1", "game_label": "53", "game_time": "2016-11-12 18:26:03", "is_win": "0", "kill_cnt": "3", "pick_heros": "140|107|110|169|123", "team_id": "15", "team_name": "XQ" },
    { "ban_heros": "132|111", "camp": "2", "game_label": "53", "game_time": "2016-11-12 18:26:03", "is_win": "1", "kill_cnt": "17", "pick_heros": "154|163|141|149|113", "team_id": "20", "team_name": "SC" },
    { "ban_heros": "131|146", "camp": "2", "game_label": "54", "game_time": "2016-11-12 19:14:45", "is_win": "1", "kill_cnt": "13", "pick_heros": "123|140|107|111|110", "team_id": "18", "team_name": "sViper" },
    { "ban_heros": "163|132", "camp": "1", "game_label": "54", "game_time": "2016-11-12 19:14:45", "is_win": "0", "kill_cnt": "10", "pick_heros": "148|157|150|154|149", "team_id": "19", "team_name": "MU" },
    { "ban_heros": "146|131", "camp": "1", "game_label": "54", "game_time": "2016-11-12 19:44:39", "is_win": "1", "kill_cnt": "18", "pick_heros": "140|126|157|111|150", "team_id": "18", "team_name": "sViper" },
    { "ban_heros": "148|149", "camp": "2", "game_label": "54", "game_time": "2016-11-12 19:44:39", "is_win": "0", "kill_cnt": "0", "pick_heros": "132|163|123|107|141", "team_id": "19", "team_name": "MU" },
    { "ban_heros": "146|148", "camp": "2", "game_label": "55", "game_time": "2016-11-12 20:31:10", "is_win": "1", "kill_cnt": "13", "pick_heros": "163|123|126|111|157", "team_id": "13", "team_name": "eStar" },
    { "ban_heros": "107|149", "camp": "1", "game_label": "55", "game_time": "2016-11-12 20:31:10", "is_win": "0", "kill_cnt": "3", "pick_heros": "140|132|141|171|154", "team_id": "16", "team_name": "BWS" },
    { "ban_heros": "148|146", "camp": "1", "game_label": "55", "game_time": "2016-11-12 20:55:02", "is_win": "1", "kill_cnt": "18", "pick_heros": "149|126|150|157|154", "team_id": "13", "team_name": "eStar" },
    { "ban_heros": "107|163", "camp": "2", "game_label": "55", "game_time": "2016-11-12 20:55:02", "is_win": "0", "kill_cnt": "7", "pick_heros": "123|132|141|130|120", "team_id": "16", "team_name": "BWS" },
    { "ban_heros": "123|163", "camp": "1", "game_label": "56", "game_time": "2016-11-12 21:36:10", "is_win": "0", "kill_cnt": "10", "pick_heros": "140|131|110|117|111", "team_id": "11", "team_name": "VgHow" },
    { "ban_heros": "146|148", "camp": "2", "game_label": "56", "game_time": "2016-11-12 21:36:10", "is_win": "1", "kill_cnt": "24", "pick_heros": "107|132|157|149|126", "team_id": "14", "team_name": "DL" },
    { "ban_heros": "163|141", "camp": "2", "game_label": "56", "game_time": "2016-11-12 22:08:11", "is_win": "0", "kill_cnt": "12", "pick_heros": "157|140|123|150|131", "team_id": "11", "team_name": "VgHow" },
    { "ban_heros": "146|148", "camp": "1", "game_label": "56", "game_time": "2016-11-12 22:08:11", "is_win": "1", "kill_cnt": "22", "pick_heros": "132|107|149|110|126", "team_id": "14", "team_name": "DL" },
    { "ban_heros": "148|163", "camp": "1", "game_label": "57", "game_time": "2016-11-13 17:20:30", "is_win": "1", "kill_cnt": "16", "pick_heros": "140|123|153|119|121", "team_id": "12", "team_name": "AG超玩会" },
    { "ban_heros": "131|146", "camp": "2", "game_label": "57", "game_time": "2016-11-13 17:20:30", "is_win": "0", "kill_cnt": "4", "pick_heros": "150|149|157|132|113", "team_id": "18", "team_name": "sViper" },
    { "ban_heros": "140|163", "camp": "2", "game_label": "57", "game_time": "2016-11-13 17:45:16", "is_win": "1", "kill_cnt": "16", "pick_heros": "150|149|107|126|121", "team_id": "12", "team_name": "AG超玩会" },
    { "ban_heros": "131|146", "camp": "1", "game_label": "57", "game_time": "2016-11-13 17:45:16", "is_win": "0", "kill_cnt": "9", "pick_heros": "157|148|123|111|153", "team_id": "18", "team_name": "sViper" },
    { "ban_heros": "146|140", "camp": "2", "game_label": "58", "game_time": "2016-11-13 18:32:13", "is_win": "0", "kill_cnt": "27", "pick_heros": "149|132|107|123|106", "team_id": "19", "team_name": "MU" },
    { "ban_heros": "131|148", "camp": "1", "game_label": "58", "game_time": "2016-11-13 18:32:13", "is_win": "1", "kill_cnt": "30", "pick_heros": "163|126|157|111|154", "team_id": "21", "team_name": "DVG" },
    { "ban_heros": "146|149", "camp": "1", "game_label": "58", "game_time": "2016-11-13 19:08:45", "is_win": "0", "kill_cnt": "3", "pick_heros": "140|126|110|154|111", "team_id": "19", "team_name": "MU" },
    { "ban_heros": "131|107", "camp": "2", "game_label": "58", "game_time": "2016-11-13 19:08:45", "is_win": "1", "kill_cnt": "12", "pick_heros": "163|132|141|123|117", "team_id": "21", "team_name": "DVG" },
    { "ban_heros": "107|163", "camp": "2", "game_label": "59", "game_time": "2016-11-13 19:53:20", "is_win": "0", "kill_cnt": "9", "pick_heros": "146|150|157|118|144", "team_id": "11", "team_name": "VgHow" },
    { "ban_heros": "140|141", "camp": "1", "game_label": "59", "game_time": "2016-11-13 19:53:20", "is_win": "1", "kill_cnt": "25", "pick_heros": "149|110|132|175|130", "team_id": "16", "team_name": "BWS" },
    { "ban_heros": "107|146", "camp": "1", "game_label": "59", "game_time": "2016-11-13 20:22:51", "is_win": "1", "kill_cnt": "21", "pick_heros": "140|157|123|110|131", "team_id": "11", "team_name": "VgHow" },
    { "ban_heros": "150|149", "camp": "2", "game_label": "59", "game_time": "2016-11-13 20:22:51", "is_win": "0", "kill_cnt": "14", "pick_heros": "132|163|141|114|111", "team_id": "16", "team_name": "BWS" },
    { "ban_heros": "146|107", "camp": "2", "game_label": "59", "game_time": "2016-11-13 20:49:23", "is_win": "0", "kill_cnt": "9", "pick_heros": "132|163|135|178|110", "team_id": "11", "team_name": "VgHow" },
    { "ban_heros": "141|149", "camp": "1", "game_label": "59", "game_time": "2016-11-13 20:49:23", "is_win": "1", "kill_cnt": "19", "pick_heros": "140|126|150|111|157", "team_id": "16", "team_name": "BWS" },
    { "ban_heros": "140|163", "camp": "2", "game_label": "60", "game_time": "2016-11-13 21:39:41", "is_win": "0", "kill_cnt": "3", "pick_heros": "148|107|111|141|118", "team_id": "17", "team_name": "LK" },
    { "ban_heros": "149|150", "camp": "1", "game_label": "60", "game_time": "2016-11-13 21:39:41", "is_win": "1", "kill_cnt": "13", "pick_heros": "146|131|123|110|126", "team_id": "22", "team_name": "AS仙阁" },
    { "ban_heros": "107|148", "camp": "1", "game_label": "60", "game_time": "2016-11-13 22:09:18", "is_win": "0", "kill_cnt": "1", "pick_heros": "163|123|131|175|157", "team_id": "17", "team_name": "LK" },
    { "ban_heros": "149|146", "camp": "2", "game_label": "60", "game_time": "2016-11-13 22:09:18", "is_win": "1", "kill_cnt": "13", "pick_heros": "140|150|126|110|113", "team_id": "22", "team_name": "AS仙阁" },
    { "ban_heros": "140|163", "camp": "1", "game_label": "101", "game_time": "2016-11-26 16:19:47", "is_win": "0", "kill_cnt": "16", "pick_heros": "132|123|131|141|118", "team_id": "13", "team_name": "eStar" },
    { "ban_heros": "149|146", "camp": "2", "game_label": "101", "game_time": "2016-11-26 16:19:47", "is_win": "1", "kill_cnt": "15", "pick_heros": "107|157|150|126|113", "team_id": "22", "team_name": "AS仙阁" },
    { "ban_heros": "140|146", "camp": "2", "game_label": "101", "game_time": "2016-11-26 16:58:33", "is_win": "0", "kill_cnt": "5", "pick_heros": "123|157|126|131|111", "team_id": "13", "team_name": "eStar" },
    { "ban_heros": "149|150", "camp": "1", "game_label": "101", "game_time": "2016-11-26 16:58:33", "is_win": "1", "kill_cnt": "14", "pick_heros": "163|107|132|113|141", "team_id": "22", "team_name": "AS仙阁" },
    { "ban_heros": "113|140", "camp": "1", "game_label": "101", "game_time": "2016-11-26 17:29:07", "is_win": "1", "kill_cnt": "15", "pick_heros": "163|141|107|131|123", "team_id": "13", "team_name": "eStar" },
    { "ban_heros": "149|146", "camp": "2", "game_label": "101", "game_time": "2016-11-26 17:29:07", "is_win": "0", "kill_cnt": "7", "pick_heros": "150|157|148|126|134", "team_id": "22", "team_name": "AS仙阁" },
    { "ban_heros": "113|146", "camp": "2", "game_label": "101", "game_time": "2016-11-26 18:02:12", "is_win": "0", "kill_cnt": "9", "pick_heros": "157|163|107|126|154", "team_id": "13", "team_name": "eStar" },
    { "ban_heros": "149|150", "camp": "1", "game_label": "101", "game_time": "2016-11-26 18:02:12", "is_win": "1", "kill_cnt": "19", "pick_heros": "140|123|132|141|117", "team_id": "22", "team_name": "AS仙阁" },
    { "ban_heros": "146|132", "camp": "1", "game_label": "102", "game_time": "2016-11-26 19:02:28", "is_win": "0", "kill_cnt": "12", "pick_heros": "163|150|148|134|141", "team_id": "20", "team_name": "SC" },
    { "ban_heros": "154|107", "camp": "2", "game_label": "102", "game_time": "2016-11-26 19:02:28", "is_win": "1", "kill_cnt": "21", "pick_heros": "140|157|126|131|111", "team_id": "21", "team_name": "DVG" },
    { "ban_heros": "132|111", "camp": "2", "game_label": "102", "game_time": "2016-11-26 19:34:35", "is_win": "1", "kill_cnt": "23", "pick_heros": "140|107|123|141|175", "team_id": "20", "team_name": "SC" },
    { "ban_heros": "154|163", "camp": "1", "game_label": "102", "game_time": "2016-11-26 19:34:35", "is_win": "0", "kill_cnt": "7", "pick_heros": "146|157|149|126|150", "team_id": "21", "team_name": "DVG" },
    { "ban_heros": "132|157", "camp": "1", "game_label": "102", "game_time": "2016-11-26 20:04:42", "is_win": "0", "kill_cnt": "4", "pick_heros": "140|141|126|130|146", "team_id": "20", "team_name": "SC" },
    { "ban_heros": "154|107", "camp": "2", "game_label": "102", "game_time": "2016-11-26 20:04:42", "is_win": "1", "kill_cnt": "16", "pick_heros": "163|123|111|149|106", "team_id": "21", "team_name": "DVG" },
    { "ban_heros": "132|111", "camp": "2", "game_label": "102", "game_time": "2016-11-26 20:28:29", "is_win": "0", "kill_cnt": "3", "pick_heros": "149|123|150|107|157", "team_id": "20", "team_name": "SC" },
    { "ban_heros": "154|140", "camp": "1", "game_label": "102", "game_time": "2016-11-26 20:28:29", "is_win": "1", "kill_cnt": "12", "pick_heros": "163|113|141|131|126", "team_id": "21", "team_name": "DVG" },
    { "ban_heros": "140|148", "camp": "1", "game_label": "103", "game_time": "2016-11-26 21:26:05", "is_win": "1", "kill_cnt": "14", "pick_heros": "146|157|123|135|111", "team_id": "13", "team_name": "eStar" },
    { "ban_heros": "149|132", "camp": "2", "game_label": "103", "game_time": "2016-11-26 21:26:05", "is_win": "0", "kill_cnt": "8", "pick_heros": "107|163|150|141|175", "team_id": "20", "team_name": "SC" },
    { "ban_heros": "140|148", "camp": "2", "game_label": "103", "game_time": "2016-11-26 21:52:51", "is_win": "1", "kill_cnt": "24", "pick_heros": "123|157|163|132|135", "team_id": "13", "team_name": "eStar" },
    { "ban_heros": "149|146", "camp": "1", "game_label": "103", "game_time": "2016-11-26 21:52:51", "is_win": "0", "kill_cnt": "6", "pick_heros": "107|154|126|134|141", "team_id": "20", "team_name": "SC" },
    { "ban_heros": "140|148", "camp": "1", "game_label": "103", "game_time": "2016-11-26 22:17:31", "is_win": "0", "kill_cnt": "5", "pick_heros": "146|126|157|135|150", "team_id": "13", "team_name": "eStar" },
    { "ban_heros": "149|132", "camp": "2", "game_label": "103", "game_time": "2016-11-26 22:17:31", "is_win": "1", "kill_cnt": "18", "pick_heros": "154|123|163|107|141", "team_id": "20", "team_name": "SC" },
    { "ban_heros": "140|148", "camp": "2", "game_label": "103", "game_time": "2016-11-26 22:46:29", "is_win": "0", "kill_cnt": "2", "pick_heros": "146|123|141|163|113", "team_id": "13", "team_name": "eStar" },
    { "ban_heros": "132|111", "camp": "1", "game_label": "103", "game_time": "2016-11-26 22:46:29", "is_win": "1", "kill_cnt": "22", "pick_heros": "149|154|107|175|110", "team_id": "20", "team_name": "SC" },
    { "ban_heros": "154|140", "camp": "1", "game_label": "103", "game_time": "2016-11-26 23:19:05", "is_win": "1", "kill_cnt": "30", "pick_heros": "149|123|141|131|130", "team_id": "13", "team_name": "eStar" },
    { "ban_heros": "146|111", "camp": "2", "game_label": "103", "game_time": "2016-11-26 23:19:05", "is_win": "0", "kill_cnt": "25", "pick_heros": "132|163|107|126|157", "team_id": "20", "team_name": "SC" },
    { "ban_heros": "113|146", "camp": "2", "game_label": "104", "game_time": "2016-11-27 18:17:56", "is_win": "0", "kill_cnt": "17", "pick_heros": "107|140|132|126|141", "team_id": "21", "team_name": "DVG" },
    { "ban_heros": "149|163", "camp": "1", "game_label": "104", "game_time": "2016-11-27 18:17:56", "is_win": "1", "kill_cnt": "17", "pick_heros": "157|150|123|117|131", "team_id": "22", "team_name": "AS仙阁" },
    { "ban_heros": "123|140", "camp": "1", "game_label": "104", "game_time": "2016-11-27 18:54:16", "is_win": "0", "kill_cnt": "15", "pick_heros": "163|113|141|135|111", "team_id": "21", "team_name": "DVG" },
    { "ban_heros": "149|146", "camp": "2", "game_label": "104", "game_time": "2016-11-27 18:54:16", "is_win": "1", "kill_cnt": "17", "pick_heros": "157|107|150|126|148", "team_id": "22", "team_name": "AS仙阁" },
    { "ban_heros": "107|150", "camp": "2", "game_label": "104", "game_time": "2016-11-27 19:38:54", "is_win": "0", "kill_cnt": "8", "pick_heros": "140|123|154|157|111", "team_id": "21", "team_name": "DVG" },
    { "ban_heros": "149|163", "camp": "1", "game_label": "104", "game_time": "2016-11-27 19:38:54", "is_win": "1", "kill_cnt": "18", "pick_heros": "146|131|113|132|126", "team_id": "22", "team_name": "AS仙阁" },
    { "ban_heros": "146|149", "camp": "2", "game_label": "105", "game_time": "2016-11-27 20:36:39", "is_win": "1", "kill_cnt": "22", "pick_heros": "157|107|130|131|117", "team_id": "13", "team_name": "eStar" },
    { "ban_heros": "141|123", "camp": "1", "game_label": "105", "game_time": "2016-11-27 20:36:39", "is_win": "0", "kill_cnt": "9", "pick_heros": "163|140|132|126|106", "team_id": "21", "team_name": "DVG" },
    { "ban_heros": "163|146", "camp": "1", "game_label": "105", "game_time": "2016-11-27 21:13:42", "is_win": "0", "kill_cnt": "6", "pick_heros": "149|131|132|156|113", "team_id": "13", "team_name": "eStar" },
    { "ban_heros": "141|107", "camp": "2", "game_label": "105", "game_time": "2016-11-27 21:13:42", "is_win": "1", "kill_cnt": "8", "pick_heros": "123|157|150|117|111", "team_id": "21", "team_name": "DVG" },
    { "ban_heros": "146|149", "camp": "2", "game_label": "105", "game_time": "2016-11-27 21:40:54", "is_win": "0", "kill_cnt": "10", "pick_heros": "140|154|150|141|135", "team_id": "13", "team_name": "eStar" },
    { "ban_heros": "123|107", "camp": "1", "game_label": "105", "game_time": "2016-11-27 21:40:54", "is_win": "1", "kill_cnt": "20", "pick_heros": "163|157|113|117|111", "team_id": "21", "team_name": "DVG" },
    { "ban_heros": "163|123", "camp": "1", "game_label": "105", "game_time": "2016-11-27 22:11:16", "is_win": "1", "kill_cnt": "15", "pick_heros": "149|141|132|154|126", "team_id": "13", "team_name": "eStar" },
    { "ban_heros": "107|146", "camp": "2", "game_label": "105", "game_time": "2016-11-27 22:11:16", "is_win": "0", "kill_cnt": "14", "pick_heros": "157|150|131|113|117", "team_id": "21", "team_name": "DVG" },
    { "ban_heros": "163|146", "camp": "2", "game_label": "105", "game_time": "2016-11-27 22:47:09", "is_win": "1", "kill_cnt": "21", "pick_heros": "132|141|126|140|130", "team_id": "13", "team_name": "eStar" },
    { "ban_heros": "107|149", "camp": "1", "game_label": "105", "game_time": "2016-11-27 22:47:09", "is_win": "0", "kill_cnt": "6", "pick_heros": "123|150|117|111|157", "team_id": "21", "team_name": "DVG" },
    { "ban_heros": "163|107", "camp": "1", "game_label": "106", "game_time": "2016-12-03 16:24:46", "is_win": "0", "kill_cnt": "18", "pick_heros": "157|131|149|153|126", "team_id": "12", "team_name": "AG超玩会" },
    { "ban_heros": "146|150", "camp": "2", "game_label": "106", "game_time": "2016-12-03 16:24:46", "is_win": "1", "kill_cnt": "22", "pick_heros": "123|132|140|110|130", "team_id": "14", "team_name": "DL" },
    { "ban_heros": "107|132", "camp": "2", "game_label": "106", "game_time": "2016-12-03 16:57:16", "is_win": "0", "kill_cnt": "11", "pick_heros": "149|140|121|123|134", "team_id": "12", "team_name": "AG超玩会" },
    { "ban_heros": "150|146", "camp": "1", "game_label": "106", "game_time": "2016-12-03 16:57:16", "is_win": "1", "kill_cnt": "20", "pick_heros": "163|131|157|130|118", "team_id": "14", "team_name": "DL" },
    { "ban_heros": "107|157", "camp": "1", "game_label": "106", "game_time": "2016-12-03 17:27:39", "is_win": "1", "kill_cnt": "15", "pick_heros": "140|131|149|113|141", "team_id": "12", "team_name": "AG超玩会" },
    { "ban_heros": "150|146", "camp": "2", "game_label": "106", "game_time": "2016-12-03 17:27:39", "is_win": "0", "kill_cnt": "4", "pick_heros": "163|132|110|123|130", "team_id": "14", "team_name": "DL" },
    { "ban_heros": "107|132", "camp": "2", "game_label": "106", "game_time": "2016-12-03 18:02:03", "is_win": "1", "kill_cnt": "16", "pick_heros": "157|131|149|113|153", "team_id": "12", "team_name": "AG超玩会" },
    { "ban_heros": "146|150", "camp": "1", "game_label": "106", "game_time": "2016-12-03 18:02:03", "is_win": "0", "kill_cnt": "5", "pick_heros": "163|140|123|110|111", "team_id": "14", "team_name": "DL" },
    { "ban_heros": "107|132", "camp": "1", "game_label": "106", "game_time": "2016-12-03 18:31:20", "is_win": "1", "kill_cnt": "23", "pick_heros": "131|113|157|153|149", "team_id": "12", "team_name": "AG超玩会" },
    { "ban_heros": "146|150", "camp": "2", "game_label": "106", "game_time": "2016-12-03 18:31:20", "is_win": "0", "kill_cnt": "14", "pick_heros": "163|140|118|110|144", "team_id": "14", "team_name": "DL" },
    { "ban_heros": "140|107", "camp": "1", "game_label": "107", "game_time": "2016-12-03 19:30:03", "is_win": "1", "kill_cnt": "22", "pick_heros": "146|132|123|154|130", "team_id": "15", "team_name": "XQ" },
    { "ban_heros": "149|157", "camp": "2", "game_label": "107", "game_time": "2016-12-03 19:30:03", "is_win": "0", "kill_cnt": "4", "pick_heros": "150|163|113|111|141", "team_id": "18", "team_name": "sViper" },
    { "ban_heros": "146|157", "camp": "2", "game_label": "107", "game_time": "2016-12-03 19:56:25", "is_win": "1", "kill_cnt": "12", "pick_heros": "150|107|154|113|141", "team_id": "15", "team_name": "XQ" },
    { "ban_heros": "140|163", "camp": "1", "game_label": "107", "game_time": "2016-12-03 19:56:25", "is_win": "0", "kill_cnt": "3", "pick_heros": "149|132|123|130|121", "team_id": "18", "team_name": "sViper" },
    { "ban_heros": "140|107", "camp": "1", "game_label": "107", "game_time": "2016-12-03 20:22:24", "is_win": "0", "kill_cnt": "11", "pick_heros": "163|149|132|110|117", "team_id": "15", "team_name": "XQ" },
    { "ban_heros": "130|146", "camp": "2", "game_label": "107", "game_time": "2016-12-03 20:22:24", "is_win": "1", "kill_cnt": "11", "pick_heros": "150|157|148|154|135", "team_id": "18", "team_name": "sViper" },
    { "ban_heros": "146|140", "camp": "2", "game_label": "107", "game_time": "2016-12-03 21:09:07", "is_win": "1", "kill_cnt": "20", "pick_heros": "150|163|107|148|126", "team_id": "15", "team_name": "XQ" },
    { "ban_heros": "141|149", "camp": "1", "game_label": "107", "game_time": "2016-12-03 21:09:07", "is_win": "0", "kill_cnt": "8", "pick_heros": "157|121|123|111|130", "team_id": "18", "team_name": "sViper" },
    { "ban_heros": "150|146", "camp": "1", "game_label": "108", "game_time": "2016-12-03 21:57:31", "is_win": "1", "kill_cnt": "19", "pick_heros": "163|113|132|130|110", "team_id": "14", "team_name": "DL" },
    { "ban_heros": "107|140", "camp": "2", "game_label": "108", "game_time": "2016-12-03 21:57:31", "is_win": "0", "kill_cnt": "15", "pick_heros": "149|157|131|111|135", "team_id": "18", "team_name": "sViper" },
    { "ban_heros": "146|150", "camp": "2", "game_label": "108", "game_time": "2016-12-03 22:30:28", "is_win": "0", "kill_cnt": "2", "pick_heros": "157|132|113|130|149", "team_id": "14", "team_name": "DL" },
    { "ban_heros": "107|131", "camp": "1", "game_label": "108", "game_time": "2016-12-03 22:30:28", "is_win": "1", "kill_cnt": "9", "pick_heros": "163|140|154|111|148", "team_id": "18", "team_name": "sViper" },
    { "ban_heros": "150|146", "camp": "1", "game_label": "108", "game_time": "2016-12-03 22:57:30", "is_win": "1", "kill_cnt": "14", "pick_heros": "157|123|131|149|132", "team_id": "14", "team_name": "DL" },
    { "ban_heros": "107|163", "camp": "2", "game_label": "108", "game_time": "2016-12-03 22:57:30", "is_win": "0", "kill_cnt": "5", "pick_heros": "140|154|148|111|153", "team_id": "18", "team_name": "sViper" },
    { "ban_heros": "146|150", "camp": "2", "game_label": "108", "game_time": "2016-12-03 23:35:11", "is_win": "0", "kill_cnt": "4", "pick_heros": "163|131|110|123|154", "team_id": "14", "team_name": "DL" },
    { "ban_heros": "107|111", "camp": "1", "game_label": "108", "game_time": "2016-12-03 23:35:11", "is_win": "1", "kill_cnt": "12", "pick_heros": "132|157|140|130|113", "team_id": "18", "team_name": "sViper" },
    { "ban_heros": "150|146", "camp": "1", "game_label": "108", "game_time": "2016-12-04 00:10:18", "is_win": "0", "kill_cnt": "25", "pick_heros": "132|157|123|149|153", "team_id": "14", "team_name": "DL" },
    { "ban_heros": "107|131", "camp": "2", "game_label": "108", "game_time": "2016-12-04 00:10:18", "is_win": "1", "kill_cnt": "28", "pick_heros": "140|163|110|113|130", "team_id": "18", "team_name": "sViper" },
    { "ban_heros": "107|140", "camp": "2", "game_label": "109", "game_time": "2016-12-04 18:21:01", "is_win": "1", "kill_cnt": "17", "pick_heros": "132|163|121|157|135", "team_id": "12", "team_name": "AG超玩会" },
    { "ban_heros": "150|131", "camp": "1", "game_label": "109", "game_time": "2016-12-04 18:21:01", "is_win": "0", "kill_cnt": "10", "pick_heros": "146|149|154|111|123", "team_id": "15", "team_name": "XQ" },
    { "ban_heros": "107|163", "camp": "1", "game_label": "109", "game_time": "2016-12-04 18:57:18", "is_win": "1", "kill_cnt": "14", "pick_heros": "131|113|149|121|167", "team_id": "12", "team_name": "AG超玩会" },
    { "ban_heros": "146|153", "camp": "2", "game_label": "109", "game_time": "2016-12-04 18:57:18", "is_win": "0", "kill_cnt": "8", "pick_heros": "140|157|132|123|130", "team_id": "15", "team_name": "XQ" },
    { "ban_heros": "107|140", "camp": "2", "game_label": "109", "game_time": "2016-12-04 19:31:21", "is_win": "1", "kill_cnt": "15", "pick_heros": "163|132|123|157|121", "team_id": "12", "team_name": "AG超玩会" },
    { "ban_heros": "150|131", "camp": "1", "game_label": "109", "game_time": "2016-12-04 19:31:21", "is_win": "0", "kill_cnt": "2", "pick_heros": "146|113|149|130|111", "team_id": "15", "team_name": "XQ" },
    { "ban_heros": "140|146", "camp": "1", "game_label": "110", "game_time": "2016-12-04 20:13:01", "is_win": "0", "kill_cnt": "12", "pick_heros": "163|175|150|126|141", "team_id": "15", "team_name": "XQ" },
    { "ban_heros": "149|107", "camp": "2", "game_label": "110", "game_time": "2016-12-04 20:13:01", "is_win": "1", "kill_cnt": "18", "pick_heros": "132|157|130|113|121", "team_id": "18", "team_name": "sViper" },
    { "ban_heros": "146|140", "camp": "2", "game_label": "110", "game_time": "2016-12-04 20:50:27", "is_win": "1", "kill_cnt": "17", "pick_heros": "149|157|123|131|111", "team_id": "15", "team_name": "XQ" },
    { "ban_heros": "107|163", "camp": "1", "game_label": "110", "game_time": "2016-12-04 20:50:27", "is_win": "0", "kill_cnt": "0", "pick_heros": "132|113|150|110|154", "team_id": "18", "team_name": "sViper" },
    { "ban_heros": "140|121", "camp": "1", "game_label": "110", "game_time": "2016-12-04 21:22:34", "is_win": "1", "kill_cnt": "21", "pick_heros": "146|154|132|126|113", "team_id": "15", "team_name": "XQ" },
    { "ban_heros": "107|149", "camp": "2", "game_label": "110", "game_time": "2016-12-04 21:22:34", "is_win": "0", "kill_cnt": "11", "pick_heros": "157|163|130|123|111", "team_id": "18", "team_name": "sViper" },
    { "ban_heros": "146|140", "camp": "2", "game_label": "110", "game_time": "2016-12-04 21:55:55", "is_win": "0", "kill_cnt": "3", "pick_heros": "157|149|154|113|111", "team_id": "15", "team_name": "XQ" },
    { "ban_heros": "107|150", "camp": "1", "game_label": "110", "game_time": "2016-12-04 21:55:55", "is_win": "1", "kill_cnt": "7", "pick_heros": "163|132|131|148|135", "team_id": "18", "team_name": "sViper" },
    { "ban_heros": "140|148", "camp": "1", "game_label": "110", "game_time": "2016-12-04 22:23:12", "is_win": "1", "kill_cnt": "14", "pick_heros": "163|157|131|126|123", "team_id": "15", "team_name": "XQ" },
    { "ban_heros": "146|149", "camp": "2", "game_label": "110", "game_time": "2016-12-04 22:23:12", "is_win": "0", "kill_cnt": "0", "pick_heros": "107|132|121|113|110", "team_id": "18", "team_name": "sViper" },
    { "ban_heros": "107|148", "camp": "1", "game_label": "111", "game_time": "2016-12-17 14:46:55", "is_win": "1", "kill_cnt": "18", "pick_heros": "140|163|123|178|157", "team_id": "12", "team_name": "AG超玩会" },
    { "ban_heros": "108|131", "camp": "2", "game_label": "111", "game_time": "2016-12-17 14:46:55", "is_win": "0", "kill_cnt": "3", "pick_heros": "146|150|113|132|126", "team_id": "22", "team_name": "AS仙阁" },
    { "ban_heros": "150|148", "camp": "2", "game_label": "111", "game_time": "2016-12-17 15:26:04", "is_win": "0", "kill_cnt": "1", "pick_heros": "163|132|121|108|105", "team_id": "12", "team_name": "AG超玩会" },
    { "ban_heros": "131|149", "camp": "1", "game_label": "111", "game_time": "2016-12-17 15:26:04", "is_win": "1", "kill_cnt": "13", "pick_heros": "140|157|107|169|113", "team_id": "22", "team_name": "AS仙阁" },
    { "ban_heros": "148|107", "camp": "1", "game_label": "111", "game_time": "2016-12-17 16:02:14", "is_win": "0", "kill_cnt": "6", "pick_heros": "140|123|162|178|121", "team_id": "12", "team_name": "AG超玩会" },
    { "ban_heros": "131|146", "camp": "2", "game_label": "111", "game_time": "2016-12-17 16:02:14", "is_win": "1", "kill_cnt": "19", "pick_heros": "163|150|126|157|169", "team_id": "22", "team_name": "AS仙阁" },
    { "ban_heros": "148|169", "camp": "2", "game_label": "111", "game_time": "2016-12-17 16:29:25", "is_win": "1", "kill_cnt": "19", "pick_heros": "163|140|178|113|141", "team_id": "12", "team_name": "AG超玩会" },
    { "ban_heros": "131|146", "camp": "1", "game_label": "111", "game_time": "2016-12-17 16:29:25", "is_win": "0", "kill_cnt": "1", "pick_heros": "150|107|157|111|123", "team_id": "22", "team_name": "AS仙阁" },
    { "ban_heros": "148|169", "camp": "1", "game_label": "111", "game_time": "2016-12-17 16:58:57", "is_win": "1", "kill_cnt": "18", "pick_heros": "150|123|178|132|121", "team_id": "12", "team_name": "AG超玩会" },
    { "ban_heros": "131|140", "camp": "2", "game_label": "111", "game_time": "2016-12-17 16:58:57", "is_win": "0", "kill_cnt": "11", "pick_heros": "163|107|126|115|111", "team_id": "22", "team_name": "AS仙阁" },
    { "ban_heros": "157|163", "camp": "1", "game_label": "112", "game_time": "2016-12-17 17:59:45", "is_win": "1", "kill_cnt": "13", "pick_heros": "107|117|153|146|167", "team_id": "13", "team_name": "eStar" },
    { "ban_heros": "131|149", "camp": "2", "game_label": "112", "game_time": "2016-12-17 17:59:45", "is_win": "0", "kill_cnt": "13", "pick_heros": "140|132|141|113|126", "team_id": "15", "team_name": "XQ" },
    { "ban_heros": "146|157", "camp": "2", "game_label": "112", "game_time": "2016-12-17 18:42:21", "is_win": "0", "kill_cnt": "4", "pick_heros": "132|140|117|154|156", "team_id": "13", "team_name": "eStar" },
    { "ban_heros": "131|107", "camp": "1", "game_label": "112", "game_time": "2016-12-17 18:42:21", "is_win": "1", "kill_cnt": "10", "pick_heros": "163|141|153|174|135", "team_id": "15", "team_name": "XQ" },
    { "ban_heros": "157|163", "camp": "1", "game_label": "112", "game_time": "2016-12-17 19:07:04", "is_win": "0", "kill_cnt": "14", "pick_heros": "107|146|117|156|115", "team_id": "13", "team_name": "eStar" },
    { "ban_heros": "131|149", "camp": "2", "game_label": "112", "game_time": "2016-12-17 19:07:04", "is_win": "1", "kill_cnt": "15", "pick_heros": "153|154|178|141|118", "team_id": "15", "team_name": "XQ" },
    { "ban_heros": "157|140", "camp": "2", "game_label": "112", "game_time": "2016-12-17 19:46:13", "is_win": "0", "kill_cnt": "12", "pick_heros": "141|107|153|117|167", "team_id": "13", "team_name": "eStar" },
    { "ban_heros": "131|149", "camp": "1", "game_label": "112", "game_time": "2016-12-17 19:46:13", "is_win": "1", "kill_cnt": "21", "pick_heros": "163|132|146|123|118", "team_id": "15", "team_name": "XQ" },
    { "ban_heros": "140|150", "camp": "1", "game_label": "113", "game_time": "2016-12-17 20:36:45", "is_win": "0", "kill_cnt": "3", "pick_heros": "107|131|153|141|113", "team_id": "15", "team_name": "XQ" },
    { "ban_heros": "146|149", "camp": "2", "game_label": "113", "game_time": "2016-12-17 20:36:45", "is_win": "1", "kill_cnt": "16", "pick_heros": "157|163|123|126|111", "team_id": "22", "team_name": "AS仙阁" },
    { "ban_heros": "107|146", "camp": "2", "game_label": "113", "game_time": "2016-12-17 21:12:37", "is_win": "0", "kill_cnt": "8", "pick_heros": "157|163|126|113|131", "team_id": "15", "team_name": "XQ" },
    { "ban_heros": "149|150", "camp": "1", "game_label": "113", "game_time": "2016-12-17 21:12:37", "is_win": "1", "kill_cnt": "16", "pick_heros": "140|132|123|118|141", "team_id": "22", "team_name": "AS仙阁" },
    { "ban_heros": "107|140", "camp": "1", "game_label": "113", "game_time": "2016-12-17 21:49:18", "is_win": "1", "kill_cnt": "14", "pick_heros": "163|126|149|110|111", "team_id": "15", "team_name": "XQ" },
    { "ban_heros": "146|150", "camp": "2", "game_label": "113", "game_time": "2016-12-17 21:49:18", "is_win": "0", "kill_cnt": "7", "pick_heros": "132|157|123|141|117", "team_id": "22", "team_name": "AS仙阁" },
    { "ban_heros": "140|146", "camp": "2", "game_label": "113", "game_time": "2016-12-17 22:12:15", "is_win": "0", "kill_cnt": "9", "pick_heros": "157|107|132|135|178", "team_id": "15", "team_name": "XQ" },
    { "ban_heros": "149|163", "camp": "1", "game_label": "113", "game_time": "2016-12-17 22:12:15", "is_win": "1", "kill_cnt": "14", "pick_heros": "150|126|123|111|110", "team_id": "22", "team_name": "AS仙阁" },
    { "ban_heros": "107|157", "camp": "1", "game_label": "114", "game_time": "2016-12-18 19:14:10", "is_win": "0", "kill_cnt": "8", "pick_heros": "150|141|149|135|153", "team_id": "12", "team_name": "AG超玩会" },
    { "ban_heros": "131|140", "camp": "2", "game_label": "114", "game_time": "2016-12-18 19:14:10", "is_win": "1", "kill_cnt": "16", "pick_heros": "163|123|126|111|110", "team_id": "22", "team_name": "AS仙阁" },
    { "ban_heros": "107|157", "camp": "2", "game_label": "114", "game_time": "2016-12-18 19:42:09", "is_win": "1", "kill_cnt": "25", "pick_heros": "150|123|121|167|178", "team_id": "12", "team_name": "AG超玩会" },
    { "ban_heros": "131|163", "camp": "1", "game_label": "114", "game_time": "2016-12-18 19:42:09", "is_win": "0", "kill_cnt": "19", "pick_heros": "140|126|132|135|110", "team_id": "22", "team_name": "AS仙阁" },
    { "ban_heros": "107|157", "camp": "1", "game_label": "114", "game_time": "2016-12-18 20:27:18", "is_win": "0", "kill_cnt": "7", "pick_heros": "150|126|178|121|167", "team_id": "12", "team_name": "AG超玩会" },
    { "ban_heros": "131|140", "camp": "2", "game_label": "114", "game_time": "2016-12-18 20:27:18", "is_win": "1", "kill_cnt": "21", "pick_heros": "163|123|132|146|117", "team_id": "22", "team_name": "AS仙阁" },
    { "ban_heros": "107|132", "camp": "2", "game_label": "114", "game_time": "2016-12-18 21:03:35", "is_win": "1", "kill_cnt": "16", "pick_heros": "150|163|113|178|108", "team_id": "12", "team_name": "AG超玩会" },
    { "ban_heros": "131|140", "camp": "1", "game_label": "114", "game_time": "2016-12-18 21:03:35", "is_win": "0", "kill_cnt": "6", "pick_heros": "123|146|117|110|111", "team_id": "22", "team_name": "AS仙阁" },
    { "ban_heros": "107|150", "camp": "1", "game_label": "114", "game_time": "2016-12-18 21:35:23", "is_win": "0", "kill_cnt": "12", "pick_heros": "163|113|178|108|153", "team_id": "12", "team_name": "AG超玩会" },
    { "ban_heros": "131|140", "camp": "2", "game_label": "114", "game_time": "2016-12-18 21:35:23", "is_win": "1", "kill_cnt": "18", "pick_heros": "123|157|126|169|146", "team_id": "22", "team_name": "AS仙阁" }
]