[
    { "avg_assist": "4.89", "avg_ban_seq": "3.3", "avg_bekill": "1.76", "avg_kill": "3.65", "avg_pick_seq": "0.0", "ban_cnt": "163", "gpm": "710", "hero_id": "132", "hero_name": "马可波罗", "kda": "5.71", "pick_cnt": "190", "played": "191", "win_rate": "0.5236" },
    { "avg_assist": "6.80", "avg_ban_seq": "4.2", "avg_bekill": "2.03", "avg_kill": "0.48", "avg_pick_seq": "0.0", "ban_cnt": "25", "gpm": "407", "hero_id": "171", "hero_name": "张飞", "kda": "4.65", "pick_cnt": "187", "played": "187", "win_rate": "0.4599" },
    { "avg_assist": "3.76", "avg_ban_seq": "3.5", "avg_bekill": "2.10", "avg_kill": "2.86", "avg_pick_seq": "0.0", "ban_cnt": "181", "gpm": "635", "hero_id": "140", "hero_name": "关羽", "kda": "4.03", "pick_cnt": "181", "played": "181", "win_rate": "0.4862" },
    { "avg_assist": "4.56", "avg_ban_seq": "5.6", "avg_bekill": "2.34", "avg_kill": "2.82", "avg_pick_seq": "0.0", "ban_cnt": "38", "gpm": "661", "hero_id": "163", "hero_name": "橘右京", "kda": "4.53", "pick_cnt": "175", "played": "175", "win_rate": "0.4743" },
    { "avg_assist": "4.66", "avg_ban_seq": "5.8", "avg_bekill": "2.59", "avg_kill": "2.91", "avg_pick_seq": "0.0", "ban_cnt": "55", "gpm": "656", "hero_id": "107", "hero_name": "赵云", "kda": "4.49", "pick_cnt": "168", "played": "169", "win_rate": "0.5148" },
    { "avg_assist": "6.73", "avg_ban_seq": "4.3", "avg_bekill": "2.60", "avg_kill": "0.43", "avg_pick_seq": "0.0", "ban_cnt": "48", "gpm": "441", "hero_id": "186", "hero_name": "太乙真人", "kda": "3.80", "pick_cnt": "168", "played": "168", "win_rate": "0.5179" },
    { "avg_assist": "5.98", "avg_ban_seq": "3.8", "avg_bekill": "2.82", "avg_kill": "1.18", "avg_pick_seq": "0.0", "ban_cnt": "68", "gpm": "499", "hero_id": "511", "hero_name": "猪八戒", "kda": "3.73", "pick_cnt": "168", "played": "169", "win_rate": "0.4675" },
    { "avg_assist": "3.85", "avg_ban_seq": "4.5", "avg_bekill": "1.80", "avg_kill": "4.28", "avg_pick_seq": "0.0", "ban_cnt": "72", "gpm": "771", "hero_id": "111", "hero_name": "孙尚香", "kda": "5.47", "pick_cnt": "160", "played": "160", "win_rate": "0.5125" },
    { "avg_assist": "3.78", "avg_ban_seq": "3.6", "avg_bekill": "2.33", "avg_kill": "3.37", "avg_pick_seq": "0.0", "ban_cnt": "197", "gpm": "704", "hero_id": "518", "hero_name": "马超", "kda": "4.01", "pick_cnt": "154", "played": "156", "win_rate": "0.5385" },
    { "avg_assist": "4.27", "avg_ban_seq": "3.7", "avg_bekill": "1.99", "avg_kill": "3.61", "avg_pick_seq": "0.0", "ban_cnt": "79", "gpm": "731", "hero_id": "502", "hero_name": "裴擒虎", "kda": "5.21", "pick_cnt": "148", "played": "150", "win_rate": "0.5533" },
    { "avg_assist": "4.98", "avg_ban_seq": "4.5", "avg_bekill": "1.88", "avg_kill": "4.00", "avg_pick_seq": "0.0", "ban_cnt": "49", "gpm": "736", "hero_id": "524", "hero_name": "蒙犽", "kda": "6.13", "pick_cnt": "141", "played": "141", "win_rate": "0.4965" },
    { "avg_assist": "3.75", "avg_ban_seq": "3.1", "avg_bekill": "2.16", "avg_kill": "3.49", "avg_pick_seq": "0.0", "ban_cnt": "214", "gpm": "696", "hero_id": "199", "hero_name": "公孙离", "kda": "4.42", "pick_cnt": "141", "played": "143", "win_rate": "0.4685" },
    { "avg_assist": "6.08", "avg_ban_seq": "2.1", "avg_bekill": "4.14", "avg_kill": "0.34", "avg_pick_seq": "0.0", "ban_cnt": "340", "gpm": "389", "hero_id": "509", "hero_name": "盾山", "kda": "2.15", "pick_cnt": "136", "played": "138", "win_rate": "0.5870" },
    { "avg_assist": "5.47", "avg_ban_seq": "3.4", "avg_bekill": "3.55", "avg_kill": "3.05", "avg_pick_seq": "0.0", "ban_cnt": "267", "gpm": "580", "hero_id": "153", "hero_name": "兰陵王", "kda": "3.49", "pick_cnt": "136", "played": "137", "win_rate": "0.5255" },
    { "avg_assist": "6.64", "avg_ban_seq": "7.3", "avg_bekill": "1.95", "avg_kill": "2.27", "avg_pick_seq": "0.0", "ban_cnt": "91", "gpm": "560", "hero_id": "152", "hero_name": "王昭君", "kda": "5.96", "pick_cnt": "130", "played": "131", "win_rate": "0.4962" },
    { "avg_assist": "6.54", "avg_ban_seq": "5.5", "avg_bekill": "3.05", "avg_kill": "0.62", "avg_pick_seq": "0.0", "ban_cnt": "24", "gpm": "388", "hero_id": "194", "hero_name": "苏烈", "kda": "3.50", "pick_cnt": "125", "played": "125", "win_rate": "0.4480" },
    { "avg_assist": "6.31", "avg_ban_seq": "6.9", "avg_bekill": "1.46", "avg_kill": "2.12", "avg_pick_seq": "0.0", "ban_cnt": "130", "gpm": "580", "hero_id": "312", "hero_name": "沈梦溪", "kda": "6.38", "pick_cnt": "125", "played": "125", "win_rate": "0.4880" },
    { "avg_assist": "8.85", "avg_ban_seq": "3.2", "avg_bekill": "1.64", "avg_kill": "0.91", "avg_pick_seq": "0.0", "ban_cnt": "209", "gpm": "434", "hero_id": "118", "hero_name": "孙膑", "kda": "7.25", "pick_cnt": "118", "played": "119", "win_rate": "0.4874" },
    { "avg_assist": "3.16", "avg_ban_seq": "5.5", "avg_bekill": "2.30", "avg_kill": "2.63", "avg_pick_seq": "0.0", "ban_cnt": "29", "gpm": "682", "hero_id": "522", "hero_name": "曜", "kda": "3.48", "pick_cnt": "116", "played": "116", "win_rate": "0.5345" },
    { "avg_assist": "4.04", "avg_ban_seq": "6.0", "avg_bekill": "2.31", "avg_kill": "1.93", "avg_pick_seq": "0.0", "ban_cnt": "26", "gpm": "630", "hero_id": "503", "hero_name": "狂铁", "kda": "3.52", "pick_cnt": "114", "played": "114", "win_rate": "0.4825" },
    { "avg_assist": "6.45", "avg_ban_seq": "7.0", "avg_bekill": "2.11", "avg_kill": "1.98", "avg_pick_seq": "0.0", "ban_cnt": "103", "gpm": "598", "hero_id": "124", "hero_name": "周瑜", "kda": "5.25", "pick_cnt": "108", "played": "108", "win_rate": "0.5000" },
    { "avg_assist": "3.91", "avg_ban_seq": "6.3", "avg_bekill": "2.89", "avg_kill": "4.00", "avg_pick_seq": "0.0", "ban_cnt": "49", "gpm": "698", "hero_id": "162", "hero_name": "娜可露露", "kda": "3.75", "pick_cnt": "103", "played": "103", "win_rate": "0.4466" },
    { "avg_assist": "6.44", "avg_ban_seq": "6.4", "avg_bekill": "2.38", "avg_kill": "1.93", "avg_pick_seq": "0.0", "ban_cnt": "154", "gpm": "504", "hero_id": "156", "hero_name": "张良", "kda": "4.39", "pick_cnt": "98", "played": "99", "win_rate": "0.5354" },
    { "avg_assist": "6.52", "avg_ban_seq": "5.8", "avg_bekill": "2.88", "avg_kill": "0.88", "avg_pick_seq": "0.0", "ban_cnt": "14", "gpm": "431", "hero_id": "105", "hero_name": "廉颇", "kda": "3.76", "pick_cnt": "96", "played": "96", "win_rate": "0.4896" },
    { "avg_assist": "7.19", "avg_ban_seq": "7.0", "avg_bekill": "1.79", "avg_kill": "1.64", "avg_pick_seq": "0.0", "ban_cnt": "185", "gpm": "549", "hero_id": "523", "hero_name": "西施", "kda": "5.97", "pick_cnt": "96", "played": "96", "win_rate": "0.5000" },
    { "avg_assist": "5.24", "avg_ban_seq": "7.6", "avg_bekill": "1.10", "avg_kill": "2.26", "avg_pick_seq": "0.0", "ban_cnt": "69", "gpm": "639", "hero_id": "110", "hero_name": "嬴政", "kda": "6.34", "pick_cnt": "96", "played": "96", "win_rate": "0.4375" },
    { "avg_assist": "5.51", "avg_ban_seq": "7.5", "avg_bekill": "1.76", "avg_kill": "2.00", "avg_pick_seq": "0.0", "ban_cnt": "71", "gpm": "526", "hero_id": "148", "hero_name": "姜子牙", "kda": "5.39", "pick_cnt": "94", "played": "96", "win_rate": "0.5521" },
    { "avg_assist": "5.34", "avg_ban_seq": "5.5", "avg_bekill": "2.58", "avg_kill": "1.70", "avg_pick_seq": "0.0", "ban_cnt": "78", "gpm": "584", "hero_id": "139", "hero_name": "老夫子", "kda": "3.95", "pick_cnt": "91", "played": "92", "win_rate": "0.5000" },
    { "avg_assist": "6.45", "avg_ban_seq": "4.5", "avg_bekill": "2.30", "avg_kill": "1.75", "avg_pick_seq": "0.0", "ban_cnt": "42", "gpm": "535", "hero_id": "120", "hero_name": "白起", "kda": "5.13", "pick_cnt": "89", "played": "89", "win_rate": "0.5955" },
    { "avg_assist": "5.87", "avg_ban_seq": "5.8", "avg_bekill": "2.63", "avg_kill": "1.72", "avg_pick_seq": "0.0", "ban_cnt": "19", "gpm": "535", "hero_id": "123", "hero_name": "吕布", "kda": "3.92", "pick_cnt": "88", "played": "89", "win_rate": "0.5393" },
    { "avg_assist": "5.28", "avg_ban_seq": "5.7", "avg_bekill": "2.65", "avg_kill": "2.08", "avg_pick_seq": "0.0", "ban_cnt": "32", "gpm": "583", "hero_id": "529", "hero_name": "盘古", "kda": "4.05", "pick_cnt": "85", "played": "85", "win_rate": "0.4235" },
    { "avg_assist": "4.94", "avg_ban_seq": "7.3", "avg_bekill": "2.69", "avg_kill": "2.93", "avg_pick_seq": "0.0", "ban_cnt": "108", "gpm": "606", "hero_id": "157", "hero_name": "不知火舞", "kda": "3.65", "pick_cnt": "81", "played": "81", "win_rate": "0.5185" },
    { "avg_assist": "5.91", "avg_ban_seq": "5.7", "avg_bekill": "2.49", "avg_kill": "1.24", "avg_pick_seq": "0.0", "ban_cnt": "31", "gpm": "504", "hero_id": "149", "hero_name": "刘邦", "kda": "4.22", "pick_cnt": "80", "played": "80", "win_rate": "0.3875" },
    { "avg_assist": "4.67", "avg_ban_seq": "5.9", "avg_bekill": "1.92", "avg_kill": "3.01", "avg_pick_seq": "0.0", "ban_cnt": "30", "gpm": "702", "hero_id": "133", "hero_name": "狄仁杰", "kda": "5.11", "pick_cnt": "72", "played": "72", "win_rate": "0.4306" },
    { "avg_assist": "4.00", "avg_ban_seq": "7.0", "avg_bekill": "2.04", "avg_kill": "3.32", "avg_pick_seq": "0.0", "ban_cnt": "18", "gpm": "681", "hero_id": "174", "hero_name": "虞姬", "kda": "4.57", "pick_cnt": "69", "played": "69", "win_rate": "0.4348" },
    { "avg_assist": "8.51", "avg_ban_seq": "3.1", "avg_bekill": "1.90", "avg_kill": "0.63", "avg_pick_seq": "0.0", "ban_cnt": "90", "gpm": "453", "hero_id": "191", "hero_name": "大乔", "kda": "5.75", "pick_cnt": "67", "played": "68", "win_rate": "0.5441" },
    { "avg_assist": "10.11", "avg_ban_seq": "2.3", "avg_bekill": "2.67", "avg_kill": "0.85", "avg_pick_seq": "0.0", "ban_cnt": "446", "gpm": "420", "hero_id": "525", "hero_name": "鲁班大师", "kda": "6.02", "pick_cnt": "66", "played": "66", "win_rate": "0.5758" },
    { "avg_assist": "8.13", "avg_ban_seq": "7.1", "avg_bekill": "2.77", "avg_kill": "0.66", "avg_pick_seq": "0.0", "ban_cnt": "10", "gpm": "390", "hero_id": "168", "hero_name": "牛魔", "kda": "4.53", "pick_cnt": "62", "played": "62", "win_rate": "0.5000" },
    { "avg_assist": "3.28", "avg_ban_seq": "7.3", "avg_bekill": "2.44", "avg_kill": "2.77", "avg_pick_seq": "0.0", "ban_cnt": "12", "gpm": "645", "hero_id": "128", "hero_name": "曹操", "kda": "3.35", "pick_cnt": "61", "played": "61", "win_rate": "0.3607" },
    { "avg_assist": "4.49", "avg_ban_seq": "6.9", "avg_bekill": "2.86", "avg_kill": "3.43", "avg_pick_seq": "0.0", "ban_cnt": "118", "gpm": "585", "hero_id": "513", "hero_name": "上官婉儿", "kda": "3.46", "pick_cnt": "49", "played": "49", "win_rate": "0.4694" },
    { "avg_assist": "3.76", "avg_ban_seq": "7.5", "avg_bekill": "2.27", "avg_kill": "2.44", "avg_pick_seq": "0.0", "ban_cnt": "15", "gpm": "642", "hero_id": "193", "hero_name": "铠", "kda": "3.99", "pick_cnt": "45", "played": "45", "win_rate": "0.3556" },
    { "avg_assist": "3.98", "avg_ban_seq": "5.8", "avg_bekill": "2.23", "avg_kill": "4.67", "avg_pick_seq": "0.0", "ban_cnt": "5", "gpm": "755", "hero_id": "177", "hero_name": "成吉思汗", "kda": "5.01", "pick_cnt": "40", "played": "40", "win_rate": "0.4000" },
    { "avg_assist": "4.80", "avg_ban_seq": "7.6", "avg_bekill": "1.98", "avg_kill": "4.25", "avg_pick_seq": "0.0", "ban_cnt": "15", "gpm": "707", "hero_id": "173", "hero_name": "李元芳", "kda": "5.22", "pick_cnt": "40", "played": "40", "win_rate": "0.5250" },
    { "avg_assist": "3.15", "avg_ban_seq": "6.7", "avg_bekill": "2.54", "avg_kill": "2.46", "avg_pick_seq": "0.0", "ban_cnt": "28", "gpm": "751", "hero_id": "146", "hero_name": "露娜", "kda": "3.14", "pick_cnt": "39", "played": "39", "win_rate": "0.4615" },
    { "avg_assist": "3.70", "avg_ban_seq": "8.0", "avg_bekill": "3.19", "avg_kill": "3.35", "avg_pick_seq": "0.0", "ban_cnt": "0", "gpm": "628", "hero_id": "178", "hero_name": "杨戬", "kda": "3.39", "pick_cnt": "37", "played": "37", "win_rate": "0.6486" },
    { "avg_assist": "3.84", "avg_ban_seq": "6.2", "avg_bekill": "2.38", "avg_kill": "3.49", "avg_pick_seq": "0.0", "ban_cnt": "14", "gpm": "699", "hero_id": "531", "hero_name": "镜", "kda": "4.24", "pick_cnt": "37", "played": "37", "win_rate": "0.5135" },
    { "avg_assist": "3.42", "avg_ban_seq": "6.5", "avg_bekill": "1.36", "avg_kill": "2.45", "avg_pick_seq": "0.0", "ban_cnt": "21", "gpm": "596", "hero_id": "196", "hero_name": "百里守约", "kda": "4.84", "pick_cnt": "33", "played": "33", "win_rate": "0.5758" },
    { "avg_assist": "4.00", "avg_ban_seq": "7.6", "avg_bekill": "3.16", "avg_kill": "3.56", "avg_pick_seq": "0.0", "ban_cnt": "13", "gpm": "637", "hero_id": "506", "hero_name": "云中君", "kda": "3.56", "pick_cnt": "32", "played": "32", "win_rate": "0.5625" },
    { "avg_assist": "5.57", "avg_ban_seq": "8.5", "avg_bekill": "2.07", "avg_kill": "3.46", "avg_pick_seq": "0.0", "ban_cnt": "4", "gpm": "595", "hero_id": "142", "hero_name": "安琪拉", "kda": "5.82", "pick_cnt": "28", "played": "28", "win_rate": "0.6786" },
    { "avg_assist": "4.64", "avg_ban_seq": "8.3", "avg_bekill": "1.50", "avg_kill": "2.21", "avg_pick_seq": "0.0", "ban_cnt": "7", "gpm": "627", "hero_id": "182", "hero_name": "干将莫邪", "kda": "5.06", "pick_cnt": "28", "played": "28", "win_rate": "0.3571" },
    { "avg_assist": "4.96", "avg_ban_seq": "7.8", "avg_bekill": "2.93", "avg_kill": "1.54", "avg_pick_seq": "0.0", "ban_cnt": "8", "gpm": "500", "hero_id": "130", "hero_name": "宫本武藏", "kda": "3.25", "pick_cnt": "28", "played": "28", "win_rate": "0.4286" },
    { "avg_assist": "5.11", "avg_ban_seq": "7.9", "avg_bekill": "1.81", "avg_kill": "3.22", "avg_pick_seq": "0.0", "ban_cnt": "25", "gpm": "640", "hero_id": "515", "hero_name": "嫦娥", "kda": "5.62", "pick_cnt": "27", "played": "27", "win_rate": "0.4074" },
    { "avg_assist": "5.76", "avg_ban_seq": "7.6", "avg_bekill": "1.84", "avg_kill": "3.56", "avg_pick_seq": "0.0", "ban_cnt": "11", "gpm": "720", "hero_id": "508", "hero_name": "伽罗", "kda": "6.48", "pick_cnt": "25", "played": "25", "win_rate": "0.7600" },
    { "avg_assist": "5.88", "avg_ban_seq": "7.0", "avg_bekill": "2.29", "avg_kill": "4.79", "avg_pick_seq": "0.0", "ban_cnt": "8", "gpm": "755", "hero_id": "169", "hero_name": "后羿", "kda": "6.08", "pick_cnt": "24", "played": "24", "win_rate": "0.6250" },
    { "avg_assist": "6.81", "avg_ban_seq": "7.1", "avg_bekill": "1.48", "avg_kill": "2.90", "avg_pick_seq": "0.0", "ban_cnt": "16", "gpm": "574", "hero_id": "197", "hero_name": "弈星", "kda": "7.10", "pick_cnt": "21", "played": "21", "win_rate": "0.5238" },
    { "avg_assist": "4.42", "avg_ban_seq": "7.5", "avg_bekill": "3.53", "avg_kill": "4.05", "avg_pick_seq": "0.0", "ban_cnt": "6", "gpm": "725", "hero_id": "195", "hero_name": "百里玄策", "kda": "3.31", "pick_cnt": "19", "played": "19", "win_rate": "0.5789" },
    { "avg_assist": "7.22", "avg_ban_seq": "7.7", "avg_bekill": "2.39", "avg_kill": "1.17", "avg_pick_seq": "0.0", "ban_cnt": "13", "gpm": "561", "hero_id": "136", "hero_name": "武则天", "kda": "5.03", "pick_cnt": "18", "played": "18", "win_rate": "0.3889" },
    { "avg_assist": "3.69", "avg_ban_seq": "7.4", "avg_bekill": "2.50", "avg_kill": "1.44", "avg_pick_seq": "0.0", "ban_cnt": "7", "gpm": "710", "hero_id": "507", "hero_name": "李信", "kda": "3.02", "pick_cnt": "16", "played": "16", "win_rate": "0.5000" },
    { "avg_assist": "6.44", "avg_ban_seq": "7.8", "avg_bekill": "2.44", "avg_kill": "1.06", "avg_pick_seq": "0.0", "ban_cnt": "4", "gpm": "507", "hero_id": "135", "hero_name": "项羽", "kda": "3.47", "pick_cnt": "16", "played": "16", "win_rate": "0.5625" },
    { "avg_assist": "7.50", "avg_ban_seq": "7.2", "avg_bekill": "2.00", "avg_kill": "0.38", "avg_pick_seq": "0.0", "ban_cnt": "19", "gpm": "414", "hero_id": "184", "hero_name": "蔡文姬", "kda": "6.07", "pick_cnt": "16", "played": "16", "win_rate": "0.6250" },
    { "avg_assist": "3.80", "avg_ban_seq": "6.8", "avg_bekill": "1.93", "avg_kill": "2.80", "avg_pick_seq": "0.0", "ban_cnt": "17", "gpm": "690", "hero_id": "192", "hero_name": "黄忠", "kda": "4.70", "pick_cnt": "15", "played": "15", "win_rate": "0.4667" },
    { "avg_assist": "7.00", "avg_ban_seq": "6.9", "avg_bekill": "3.00", "avg_kill": "2.47", "avg_pick_seq": "0.0", "ban_cnt": "15", "gpm": "602", "hero_id": "180", "hero_name": "哪吒", "kda": "4.21", "pick_cnt": "15", "played": "15", "win_rate": "0.4667" },
    { "avg_assist": "5.47", "avg_ban_seq": "8.8", "avg_bekill": "1.67", "avg_kill": "1.20", "avg_pick_seq": "0.0", "ban_cnt": "0", "gpm": "508", "hero_id": "108", "hero_name": "墨子", "kda": "4.18", "pick_cnt": "15", "played": "15", "win_rate": "0.3333" },
    { "avg_assist": "7.93", "avg_ban_seq": "6.8", "avg_bekill": "1.13", "avg_kill": "0.53", "avg_pick_seq": "0.0", "ban_cnt": "6", "gpm": "440", "hero_id": "113", "hero_name": "庄周", "kda": "7.22", "pick_cnt": "15", "played": "15", "win_rate": "0.6667" },
    { "avg_assist": "5.29", "avg_ban_seq": "7.3", "avg_bekill": "2.07", "avg_kill": "4.00", "avg_pick_seq": "0.0", "ban_cnt": "20", "gpm": "648", "hero_id": "141", "hero_name": "貂蝉", "kda": "5.18", "pick_cnt": "14", "played": "14", "win_rate": "0.5000" },
    { "avg_assist": "6.93", "avg_ban_seq": "8.2", "avg_bekill": "1.64", "avg_kill": "1.64", "avg_pick_seq": "0.0", "ban_cnt": "11", "gpm": "631", "hero_id": "176", "hero_name": "杨玉环", "kda": "6.32", "pick_cnt": "14", "played": "14", "win_rate": "0.6429" },
    { "avg_assist": "6.38", "avg_ban_seq": "7.7", "avg_bekill": "3.69", "avg_kill": "1.69", "avg_pick_seq": "0.0", "ban_cnt": "2", "gpm": "511", "hero_id": "510", "hero_name": "孙策", "kda": "3.13", "pick_cnt": "13", "played": "13", "win_rate": "0.5385" },
    { "avg_assist": "5.08", "avg_ban_seq": "8.2", "avg_bekill": "2.33", "avg_kill": "0.92", "avg_pick_seq": "0.0", "ban_cnt": "0", "gpm": "493", "hero_id": "126", "hero_name": "夏侯惇", "kda": "4.04", "pick_cnt": "12", "played": "12", "win_rate": "0.5000" },
    { "avg_assist": "3.25", "avg_ban_seq": "8.0", "avg_bekill": "2.88", "avg_kill": "1.25", "avg_pick_seq": "0.0", "ban_cnt": "0", "gpm": "638", "hero_id": "134", "hero_name": "达摩", "kda": "2.67", "pick_cnt": "8", "played": "8", "win_rate": "0.5000" },
    { "avg_assist": "7.38", "avg_ban_seq": "7.5", "avg_bekill": "2.50", "avg_kill": "0.50", "avg_pick_seq": "0.0", "ban_cnt": "2", "gpm": "452", "hero_id": "501", "hero_name": "明世隐", "kda": "4.14", "pick_cnt": "8", "played": "8", "win_rate": "0.5000" },
    { "avg_assist": "3.14", "avg_ban_seq": "8.4", "avg_bekill": "2.57", "avg_kill": "1.57", "avg_pick_seq": "0.0", "ban_cnt": "0", "gpm": "697", "hero_id": "121", "hero_name": "芈月", "kda": "2.11", "pick_cnt": "7", "played": "7", "win_rate": "0.4286" },
    { "avg_assist": "6.14", "avg_ban_seq": "8.0", "avg_bekill": "2.86", "avg_kill": "0.71", "avg_pick_seq": "0.0", "ban_cnt": "3", "gpm": "377", "hero_id": "189", "hero_name": "鬼谷子", "kda": "4.00", "pick_cnt": "7", "played": "7", "win_rate": "0.4286" },
    { "avg_assist": "4.17", "avg_ban_seq": "7.7", "avg_bekill": "1.33", "avg_kill": "2.33", "avg_pick_seq": "0.0", "ban_cnt": "4", "gpm": "634", "hero_id": "125", "hero_name": "元歌", "kda": "5.50", "pick_cnt": "6", "played": "6", "win_rate": "0.6667" },
    { "avg_assist": "3.20", "avg_ban_seq": "6.9", "avg_bekill": "1.80", "avg_kill": "1.20", "avg_pick_seq": "0.0", "ban_cnt": "5", "gpm": "614", "hero_id": "131", "hero_name": "李白", "kda": "2.50", "pick_cnt": "5", "played": "5", "win_rate": "0.4000" },
    { "avg_assist": "4.40", "avg_ban_seq": "8.7", "avg_bekill": "2.60", "avg_kill": "1.60", "avg_pick_seq": "0.0", "ban_cnt": "1", "gpm": "626", "hero_id": "106", "hero_name": "小乔", "kda": "3.53", "pick_cnt": "5", "played": "5", "win_rate": "0.2000" },
    { "avg_assist": "5.00", "avg_ban_seq": "8.6", "avg_bekill": "4.60", "avg_kill": "4.00", "avg_pick_seq": "0.0", "ban_cnt": "0", "gpm": "662", "hero_id": "154", "hero_name": "花木兰", "kda": "3.03", "pick_cnt": "5", "played": "5", "win_rate": "0.4000" },
    { "avg_assist": "4.33", "avg_ban_seq": "6.2", "avg_bekill": "5.33", "avg_kill": "5.33", "avg_pick_seq": "0.0", "ban_cnt": "1", "gpm": "628", "hero_id": "527", "hero_name": "蒙恬", "kda": "1.78", "pick_cnt": "3", "played": "3", "win_rate": "0.3333" },
    { "avg_assist": "7.67", "avg_ban_seq": "10.0", "avg_bekill": "1.67", "avg_kill": "5.33", "avg_pick_seq": "0.0", "ban_cnt": "0", "gpm": "747", "hero_id": "112", "hero_name": "鲁班七号", "kda": "9.33", "pick_cnt": "3", "played": "3", "win_rate": "0.6667" },
    { "avg_assist": "3.00", "avg_ban_seq": "6.0", "avg_bekill": "1.50", "avg_kill": "1.00", "avg_pick_seq": "0.0", "ban_cnt": "1", "gpm": "392", "hero_id": "505", "hero_name": "瑶", "kda": "2.00", "pick_cnt": "2", "played": "2", "win_rate": "0.0000" },
    { "avg_assist": "2.50", "avg_ban_seq": "7.0", "avg_bekill": "2.00", "avg_kill": "0.50", "avg_pick_seq": "0.0", "ban_cnt": "0", "gpm": "696", "hero_id": "144", "hero_name": "程咬金", "kda": "2.62", "pick_cnt": "2", "played": "2", "win_rate": "0.5000" },
    { "avg_assist": "12.00", "avg_ban_seq": "9.0", "avg_bekill": "2.00", "avg_kill": "3.00", "avg_pick_seq": "0.0", "ban_cnt": "0", "gpm": "586", "hero_id": "119", "hero_name": "扁鹊", "kda": "8.67", "pick_cnt": "2", "played": "2", "win_rate": "0.5000" },
    { "avg_assist": "5.00", "avg_ban_seq": "8.0", "avg_bekill": "4.50", "avg_kill": "6.00", "avg_pick_seq": "0.0", "ban_cnt": "0", "gpm": "698", "hero_id": "167", "hero_name": "孙悟空", "kda": "2.50", "pick_cnt": "2", "played": "2", "win_rate": "0.5000" },
    { "avg_assist": "12.00", "avg_ban_seq": "9.0", "avg_bekill": "6.00", "avg_kill": "4.50", "avg_pick_seq": "0.0", "ban_cnt": "0", "gpm": "457", "hero_id": "187", "hero_name": "东皇太一", "kda": "4.39", "pick_cnt": "2", "played": "2", "win_rate": "0.5000" },
    { "avg_assist": "7.00", "avg_ban_seq": "10.0", "avg_bekill": "1.50", "avg_kill": "5.50", "avg_pick_seq": "0.0", "ban_cnt": "0", "gpm": "730", "hero_id": "190", "hero_name": "诸葛亮", "kda": "8.25", "pick_cnt": "2", "played": "2", "win_rate": "1.0000" },
    { "avg_assist": "4.00", "avg_ban_seq": "9.0", "avg_bekill": "4.00", "avg_kill": "2.00", "avg_pick_seq": "0.0", "ban_cnt": "0", "gpm": "507", "hero_id": "109", "hero_name": "妲己", "kda": "1.50", "pick_cnt": "1", "played": "1", "win_rate": "0.0000" },
    { "avg_assist": "3.00", "avg_ban_seq": "8.0", "avg_bekill": "4.00", "avg_kill": "1.00", "avg_pick_seq": "0.0", "ban_cnt": "0", "gpm": "778", "hero_id": "150", "hero_name": "韩信", "kda": "1.00", "pick_cnt": "1", "played": "1", "win_rate": "0.0000" },
    { "avg_assist": "7.00", "avg_ban_seq": "4.0", "avg_bekill": "3.00", "avg_kill": "8.00", "avg_pick_seq": "0.0", "ban_cnt": "0", "gpm": "918", "hero_id": "170", "hero_name": "刘备", "kda": "5.00", "pick_cnt": "1", "played": "1", "win_rate": "1.0000" },
    { "avg_assist": "9.00", "avg_ban_seq": "2.0", "avg_bekill": "11.00", "avg_kill": "2.00", "avg_pick_seq": "0.0", "ban_cnt": "0", "gpm": "388", "hero_id": "137", "hero_name": "司马懿", "kda": "1.00", "pick_cnt": "1", "played": "1", "win_rate": "1.0000" },
    { "avg_assist": "17.00", "avg_ban_seq": "10.0", "avg_bekill": "2.00", "avg_kill": "1.00", "avg_pick_seq": "0.0", "ban_cnt": "0", "gpm": "511", "hero_id": "114", "hero_name": "刘禅", "kda": "9.00", "pick_cnt": "1", "played": "1", "win_rate": "1.0000" },
    { "avg_assist": "15.00", "avg_ban_seq": "8.0", "avg_bekill": "4.00", "avg_kill": "2.00", "avg_pick_seq": "0.0", "ban_cnt": "0", "gpm": "452", "hero_id": "175", "hero_name": "钟馗", "kda": "4.25", "pick_cnt": "1", "played": "1", "win_rate": "1.0000" },
    { "avg_assist": "2.00", "avg_ban_seq": "7.0", "avg_bekill": "3.00", "avg_kill": "8.00", "avg_pick_seq": "0.0", "ban_cnt": "0", "gpm": "700", "hero_id": "117", "hero_name": "钟无艳", "kda": "3.33", "pick_cnt": "1", "played": "1", "win_rate": "1.0000" },
    { "avg_assist": "0.00", "avg_ban_seq": "6.0", "avg_bekill": "0.00", "avg_kill": "0.00", "avg_pick_seq": "0.0", "ban_cnt": "1", "gpm": "0", "hero_id": "127", "hero_name": "甄姬", "kda": "0.00", "pick_cnt": "0", "played": "0", "win_rate": "0.0000" }
]