[
    { "avg_assist": "5.24", "avg_bekill": "1.91", "avg_kill": "1.85", "gpm": "563", "kda": "4.71", "name": "Ts.神人", "openid": "217E45134E48B0E55522590E23FFE479", "played": "92", "rating": "5.60", "total_kill": "170", "win_rate": "0.6413", "xpm": "762" },
    { "avg_assist": "4.77", "avg_bekill": "2.27", "avg_kill": "3.42", "gpm": "715", "kda": "5.07", "name": "Ts.暖阳", "openid": "B61E31C87EB42BE852DEADE5273AB0DE", "played": "92", "rating": "5.60", "total_kill": "315", "win_rate": "0.6413", "xpm": "793" },
    { "avg_assist": "7.72", "avg_bekill": "2.10", "avg_kill": "0.68", "gpm": "426", "kda": "5.27", "name": "Ts.阿豆", "openid": "6D54271544D17B374436D7189EEBC522", "played": "92", "rating": "5.60", "total_kill": "63", "win_rate": "0.6413", "xpm": "723" },
    { "avg_assist": "6.20", "avg_bekill": "2.04", "avg_kill": "2.22", "gpm": "570", "kda": "5.89", "name": "TS.千世", "openid": "F1B2BA5A27FE61518DCC510C73288D9C", "played": "89", "rating": "5.60", "total_kill": "198", "win_rate": "0.6404", "xpm": "759" },
    { "avg_assist": "4.56", "avg_bekill": "1.68", "avg_kill": "4.30", "gpm": "704", "kda": "6.46", "name": "广州TTG.XQ.钎城", "openid": "B85FF8B85DEC3E142B8FD38CF06AE36F", "played": "77", "rating": "5.60", "total_kill": "331", "win_rate": "0.5584", "xpm": "784" },
    { "avg_assist": "5.19", "avg_bekill": "2.83", "avg_kill": "2.92", "gpm": "644", "kda": "4.13", "name": "广州TTG.XQ.绑兔", "openid": "45542A4391B5BE4A0240153385EE51AD", "played": "77", "rating": "5.60", "total_kill": "225", "win_rate": "0.5584", "xpm": "785" },
    { "avg_assist": "7.38", "avg_bekill": "2.19", "avg_kill": "0.53", "gpm": "410", "kda": "4.94", "name": "广州TTG.XQ.冰尘", "openid": "B60BEC66456FDE26DDF9B6F7BCCE6131", "played": "77", "rating": "5.60", "total_kill": "41", "win_rate": "0.5584", "xpm": "721" },
    { "avg_assist": "4.94", "avg_bekill": "2.58", "avg_kill": "1.95", "gpm": "593", "kda": "3.76", "name": "广州TTG.XQ.晨羽", "openid": "90CB31CB3488C2247942B6D1EB24891F", "played": "77", "rating": "5.60", "total_kill": "150", "win_rate": "0.5584", "xpm": "770" },
    { "avg_assist": "5.68", "avg_bekill": "2.64", "avg_kill": "2.05", "gpm": "541", "kda": "4.36", "name": "DYG.湘军", "openid": "07DA0ABB073DFD9BBEF79B4AA9C19AD9", "played": "76", "rating": "5.60", "total_kill": "156", "win_rate": "0.5921", "xpm": "755" },
    { "avg_assist": "5.63", "avg_bekill": "1.36", "avg_kill": "2.74", "gpm": "621", "kda": "6.46", "name": "DYG.久诚", "openid": "919D5E5E2A9039A5E7393859C9B4E012", "played": "76", "rating": "5.60", "total_kill": "208", "win_rate": "0.5921", "xpm": "766" },
    { "avg_assist": "7.71", "avg_bekill": "2.67", "avg_kill": "0.63", "gpm": "438", "kda": "4.98", "name": "DYG.星宇", "openid": "8B242820C3F35C0DEFB9F257D4020BC4", "played": "76", "rating": "5.60", "total_kill": "48", "win_rate": "0.5921", "xpm": "723" },
    { "avg_assist": "4.37", "avg_bekill": "2.29", "avg_kill": "2.58", "gpm": "670", "kda": "3.90", "name": "DYG.清清", "openid": "7E1379DA0DE522674BE6D3D950792E19", "played": "76", "rating": "5.60", "total_kill": "196", "win_rate": "0.5921", "xpm": "778" },
    { "avg_assist": "5.12", "avg_bekill": "1.89", "avg_kill": "3.71", "gpm": "749", "kda": "5.85", "name": "DYG.易峥", "openid": "E2DA8DAFB90822DA6DA39C6FC40C4172", "played": "76", "rating": "5.60", "total_kill": "282", "win_rate": "0.5921", "xpm": "789" },
    { "avg_assist": "6.55", "avg_bekill": "2.60", "avg_kill": "1.88", "gpm": "534", "kda": "4.73", "name": "成都AG超玩会.6.6 ", "openid": "38A1A5401569451A53BCA340154E5B3B", "played": "75", "rating": "5.60", "total_kill": "141", "win_rate": "0.6667", "xpm": "753" },
    { "avg_assist": "7.09", "avg_bekill": "1.67", "avg_kill": "2.92", "gpm": "603", "kda": "6.57", "name": "成都AG超玩会.笑影", "openid": "6D24B00C1B9E76BCA81D5D7A01DEA2FB", "played": "75", "rating": "5.60", "total_kill": "219", "win_rate": "0.6667", "xpm": "763" },
    { "avg_assist": "5.17", "avg_bekill": "2.49", "avg_kill": "4.91", "gpm": "765", "kda": "5.54", "name": "成都AG超玩会.一诺", "openid": "924F7C93F262FC99443B7C27E9A3D6AA", "played": "75", "rating": "5.60", "total_kill": "368", "win_rate": "0.6667", "xpm": "803" },
    { "avg_assist": "4.58", "avg_bekill": "2.09", "avg_kill": "3.27", "gpm": "692", "kda": "4.71", "name": "成都AG超玩会.七年", "openid": "B55D06F690915809C40AF962152BE477", "played": "74", "rating": "5.60", "total_kill": "242", "win_rate": "0.6757", "xpm": "785" },
    { "avg_assist": "3.45", "avg_bekill": "2.07", "avg_kill": "2.04", "gpm": "638", "kda": "3.32", "name": "VG.易瞳", "openid": "11B1E4A5877119E38789702C7BCAECEE", "played": "74", "rating": "5.60", "total_kill": "151", "win_rate": "0.4324", "xpm": "734" },
    { "avg_assist": "3.89", "avg_bekill": "1.65", "avg_kill": "2.70", "gpm": "692", "kda": "4.71", "name": "VG.十三", "openid": "FD70952C1A9B936EDDB00609A7440670", "played": "74", "rating": "5.60", "total_kill": "200", "win_rate": "0.4324", "xpm": "741" },
    { "avg_assist": "4.95", "avg_bekill": "1.73", "avg_kill": "2.08", "gpm": "564", "kda": "4.77", "name": "VG.笑", "openid": "EBEFAF54423F49235FE48C34A3BD9722", "played": "74", "rating": "5.60", "total_kill": "154", "win_rate": "0.4324", "xpm": "722" },
    { "avg_assist": "6.66", "avg_bekill": "1.55", "avg_kill": "2.51", "gpm": "582", "kda": "6.87", "name": "GK.青枫", "openid": "5E31B5644BB92B93CAE202FDBF8CCD5B", "played": "73", "rating": "5.60", "total_kill": "183", "win_rate": "0.5068", "xpm": "741" },
    { "avg_assist": "5.84", "avg_bekill": "3.14", "avg_kill": "1.95", "gpm": "543", "kda": "3.60", "name": "GK.阿改", "openid": "1D9FE3C27E1D59E8DAC386A9962F0955", "played": "73", "rating": "5.60", "total_kill": "142", "win_rate": "0.5068", "xpm": "741" },
    { "avg_assist": "4.66", "avg_bekill": "2.29", "avg_kill": "4.16", "gpm": "718", "kda": "4.91", "name": "GK.鹏鹏", "openid": "D218F9422931A172DFE2B9160C646C4B", "played": "73", "rating": "5.60", "total_kill": "304", "win_rate": "0.5068", "xpm": "769" },
    { "avg_assist": "7.67", "avg_bekill": "2.74", "avg_kill": "0.67", "gpm": "429", "kda": "4.23", "name": "GK.伊恩", "openid": "1ADE7C65DFA7373C8DEC4B7477E636A1", "played": "73", "rating": "5.60", "total_kill": "49", "win_rate": "0.5068", "xpm": "709" },
    { "avg_assist": "9.41", "avg_bekill": "2.37", "avg_kill": "0.58", "gpm": "439", "kda": "5.79", "name": "成都AG超玩会.爱思", "openid": "51C3A4979ADDE9E23CE73E176DE64319", "played": "73", "rating": "5.60", "total_kill": "42", "win_rate": "0.6575", "xpm": "726" },
    { "avg_assist": "4.07", "avg_bekill": "1.93", "avg_kill": "3.05", "gpm": "679", "kda": "4.81", "name": "GK.百兽", "openid": "75F1305CE134654648696BDFCD536C54", "played": "73", "rating": "5.60", "total_kill": "223", "win_rate": "0.5068", "xpm": "756" },
    { "avg_assist": "6.39", "avg_bekill": "2.22", "avg_kill": "1.94", "gpm": "571", "kda": "4.90", "name": "LGD大鹅.一梦", "openid": "A62056113852C8BD1AE1171C33D32ABA", "played": "69", "rating": "5.60", "total_kill": "134", "win_rate": "0.6667", "xpm": "789" },
    { "avg_assist": "6.72", "avg_bekill": "2.75", "avg_kill": "0.64", "gpm": "395", "kda": "3.89", "name": "TES.夏竹", "openid": "AD5024CF823765963E8F42BDA2EA51DE", "played": "69", "rating": "5.60", "total_kill": "44", "win_rate": "0.4203", "xpm": "700" },
    { "avg_assist": "4.72", "avg_bekill": "1.70", "avg_kill": "3.77", "gpm": "753", "kda": "5.81", "name": "LGD大鹅.江城", "openid": "576982DDE588DFBF070EE568BC165EE7", "played": "69", "rating": "5.60", "total_kill": "260", "win_rate": "0.6667", "xpm": "819" },
    { "avg_assist": "4.09", "avg_bekill": "2.46", "avg_kill": "2.87", "gpm": "651", "kda": "4.06", "name": "TES.迷神", "openid": "5023AD9F6841811669BD74413DDD8A60", "played": "69", "rating": "5.60", "total_kill": "198", "win_rate": "0.4203", "xpm": "773" },
    { "avg_assist": "6.78", "avg_bekill": "2.22", "avg_kill": "0.97", "gpm": "468", "kda": "4.97", "name": "LGD大鹅.清凡", "openid": "25822801F76AF7A8471C0145FFDAC065", "played": "69", "rating": "5.60", "total_kill": "67", "win_rate": "0.6667", "xpm": "761" },
    { "avg_assist": "4.38", "avg_bekill": "1.99", "avg_kill": "3.59", "gpm": "720", "kda": "5.46", "name": "LGD大鹅.晨阳", "openid": "B0019B42DA5B187F036E30193F5BC1C6", "played": "69", "rating": "5.60", "total_kill": "248", "win_rate": "0.6667", "xpm": "823" },
    { "avg_assist": "4.34", "avg_bekill": "2.06", "avg_kill": "3.63", "gpm": "693", "kda": "4.87", "name": "TES.小鹏", "openid": "47C78EE0A4740C1AACA1C50839750428", "played": "68", "rating": "5.60", "total_kill": "247", "win_rate": "0.4265", "xpm": "775" },
    { "avg_assist": "5.79", "avg_bekill": "2.32", "avg_kill": "2.29", "gpm": "577", "kda": "4.64", "name": "TES.花卷", "openid": "72E2A6C9A3D10B063D0AC5FE559213DA", "played": "68", "rating": "5.60", "total_kill": "156", "win_rate": "0.4265", "xpm": "749" },
    { "avg_assist": "5.94", "avg_bekill": "2.97", "avg_kill": "1.96", "gpm": "549", "kda": "4.13", "name": "RNGM.凉晨", "openid": "5BD6D8E9DEB9362CC60A568244A18625", "played": "68", "rating": "5.60", "total_kill": "133", "win_rate": "0.5000", "xpm": "774" },
    { "avg_assist": "4.49", "avg_bekill": "2.24", "avg_kill": "4.63", "gpm": "779", "kda": "5.40", "name": "RNGM.虔诚", "openid": "F1BCCA006C3701F765FD5D8AE9DC349F", "played": "68", "rating": "5.60", "total_kill": "315", "win_rate": "0.5000", "xpm": "809" },
    { "avg_assist": "4.91", "avg_bekill": "2.34", "avg_kill": "4.03", "gpm": "683", "kda": "5.69", "name": "WE.小新", "openid": "AE578BB17CFD55109721263CE8478536", "played": "67", "rating": "5.60", "total_kill": "270", "win_rate": "0.5373", "xpm": "803" },
    { "avg_assist": "5.43", "avg_bekill": "2.61", "avg_kill": "1.72", "gpm": "579", "kda": "4.08", "name": "LGD大鹅.君诏", "openid": "C19D0F7E18428F851F9CBED82071436D", "played": "67", "rating": "5.60", "total_kill": "115", "win_rate": "0.6866", "xpm": "784" },
    { "avg_assist": "7.84", "avg_bekill": "3.15", "avg_kill": "0.57", "gpm": "399", "kda": "3.64", "name": "RNGM.Zero", "openid": "558B8536033B16FEC1FF02F3E02FC1D1", "played": "67", "rating": "5.60", "total_kill": "38", "win_rate": "0.4925", "xpm": "717" },
    { "avg_assist": "4.97", "avg_bekill": "2.15", "avg_kill": "4.00", "gpm": "687", "kda": "5.78", "name": "WE.Best", "openid": "3DB7CBEEB6F80096A052005A0F1762F2", "played": "67", "rating": "5.60", "total_kill": "268", "win_rate": "0.5373", "xpm": "787" },
    { "avg_assist": "7.21", "avg_bekill": "2.34", "avg_kill": "2.06", "gpm": "565", "kda": "5.22", "name": "WE.小A", "openid": "F15B75401D3045CF1AB81B47BF68D43A", "played": "67", "rating": "5.60", "total_kill": "138", "win_rate": "0.5373", "xpm": "761" },
    { "avg_assist": "7.79", "avg_bekill": "2.85", "avg_kill": "0.75", "gpm": "410", "kda": "4.89", "name": "WE.556", "openid": "25529FFCDDC56F87EF590AE5A502A142", "played": "67", "rating": "5.60", "total_kill": "50", "win_rate": "0.5373", "xpm": "703" },
    { "avg_assist": "4.42", "avg_bekill": "2.67", "avg_kill": "2.75", "gpm": "651", "kda": "3.87", "name": "WE.初心", "openid": "D54C8398557919DC2A1588AE1FE5AB63", "played": "67", "rating": "5.60", "total_kill": "184", "win_rate": "0.5373", "xpm": "783" },
    { "avg_assist": "5.88", "avg_bekill": "1.76", "avg_kill": "2.39", "gpm": "628", "kda": "5.96", "name": "广州TTG.XQ.九尾", "openid": "5CAC8191AF8F3503F7D7C9B3A3D5D171", "played": "66", "rating": "5.60", "total_kill": "158", "win_rate": "0.5606", "xpm": "781" },
    { "avg_assist": "4.72", "avg_bekill": "2.00", "avg_kill": "4.62", "gpm": "762", "kda": "5.99", "name": "TS.诗酒", "openid": "5D73362D8689CDE756564426B11DF410", "played": "64", "rating": "5.60", "total_kill": "296", "win_rate": "0.7031", "xpm": "799" },
    { "avg_assist": "4.87", "avg_bekill": "1.70", "avg_kill": "1.84", "gpm": "574", "kda": "4.53", "name": "南京Hero.月色", "openid": "C2A0F3FB93F7CD5613AE375B4B1D9C94", "played": "61", "rating": "5.60", "total_kill": "112", "win_rate": "0.3115", "xpm": "750" },
    { "avg_assist": "4.33", "avg_bekill": "2.58", "avg_kill": "2.74", "gpm": "639", "kda": "3.63", "name": "VG.Qy", "openid": "D6D4C5BC0F9EA17C73027A40EA70EA47", "played": "57", "rating": "5.60", "total_kill": "156", "win_rate": "0.4737", "xpm": "744" },
    { "avg_assist": "4.60", "avg_bekill": "3.12", "avg_kill": "2.49", "gpm": "583", "kda": "3.50", "name": "TES.纵情", "openid": "253E4A1FC4BABC9E6563A23D93070F4C", "played": "57", "rating": "5.60", "total_kill": "142", "win_rate": "0.4561", "xpm": "760" },
    { "avg_assist": "3.96", "avg_bekill": "2.02", "avg_kill": "3.53", "gpm": "691", "kda": "4.62", "name": "南京Hero.久酷", "openid": "173D32D798D7CA169EB60BE1B0D4E4FB", "played": "57", "rating": "5.60", "total_kill": "201", "win_rate": "0.3333", "xpm": "775" },
    { "avg_assist": "4.07", "avg_bekill": "2.64", "avg_kill": "2.39", "gpm": "583", "kda": "3.17", "name": "南京Hero.清融", "openid": "B9134A31BCF50E4600D1DEDFB79A2735", "played": "56", "rating": "5.60", "total_kill": "134", "win_rate": "0.3036", "xpm": "768" },
    { "avg_assist": "4.07", "avg_bekill": "2.59", "avg_kill": "3.45", "gpm": "717", "kda": "3.93", "name": "上海EDGM.初晨", "openid": "65907C634614595853DF76D9708F0E04", "played": "56", "rating": "5.60", "total_kill": "193", "win_rate": "0.2500", "xpm": "795" },
    { "avg_assist": "3.41", "avg_bekill": "2.32", "avg_kill": "2.68", "gpm": "635", "kda": "3.54", "name": "上海EDGM.柠栀", "openid": "A7AAD11E26643813D72EFEBD3B0EBD28", "played": "56", "rating": "5.60", "total_kill": "150", "win_rate": "0.2500", "xpm": "775" },
    { "avg_assist": "4.25", "avg_bekill": "2.34", "avg_kill": "2.57", "gpm": "630", "kda": "4.26", "name": "YTG.冷心", "openid": "6912EAD5AC03560B435FCDC45D02CDDA", "played": "56", "rating": "5.60", "total_kill": "144", "win_rate": "0.4643", "xpm": "799" },
    { "avg_assist": "6.45", "avg_bekill": "3.18", "avg_kill": "0.60", "gpm": "411", "kda": "3.31", "name": "VG.萌神", "openid": "B9E6B6FFCA0BBA0CA6E6545799E4C83D", "played": "55", "rating": "5.60", "total_kill": "33", "win_rate": "0.4182", "xpm": "681" },
    { "avg_assist": "4.52", "avg_bekill": "2.28", "avg_kill": "3.33", "gpm": "718", "kda": "4.75", "name": "武汉eStarPro.花海", "openid": "6317ACA4810A9CE2501FA24B0050C02F", "played": "54", "rating": "5.60", "total_kill": "180", "win_rate": "0.3889", "xpm": "806" },
    { "avg_assist": "6.72", "avg_bekill": "2.63", "avg_kill": "0.52", "gpm": "410", "kda": "4.14", "name": "武汉eStarPro.无铭", "openid": "BB176EBA5A040011260420E47F5D8D6C", "played": "54", "rating": "5.60", "total_kill": "28", "win_rate": "0.3889", "xpm": "713" },
    { "avg_assist": "3.42", "avg_bekill": "2.96", "avg_kill": "2.47", "gpm": "630", "kda": "2.88", "name": "武汉eStarPro.诺言", "openid": "CFD5FB9589587760CD3C44425C336E21", "played": "53", "rating": "5.60", "total_kill": "131", "win_rate": "0.3774", "xpm": "782" },
    { "avg_assist": "4.42", "avg_bekill": "3.11", "avg_kill": "1.81", "gpm": "575", "kda": "2.85", "name": "RW侠.Dnan", "openid": "1B21D19644EBED5C05E13E37C648697D", "played": "53", "rating": "5.60", "total_kill": "96", "win_rate": "0.4340", "xpm": "763" },
    { "avg_assist": "5.47", "avg_bekill": "2.42", "avg_kill": "1.19", "gpm": "490", "kda": "3.61", "name": "上海EDGM.浪浪", "openid": "B58E5BEB1CAC18ADF1300F9877348CA4", "played": "53", "rating": "5.60", "total_kill": "63", "win_rate": "0.2642", "xpm": "736" },
    { "avg_assist": "5.92", "avg_bekill": "2.74", "avg_kill": "0.34", "gpm": "390", "kda": "3.45", "name": "RW侠.Chengkun", "openid": "9D87D9863D32421E8C9F6249E76CC60B", "played": "53", "rating": "5.60", "total_kill": "18", "win_rate": "0.4340", "xpm": "697" },
    { "avg_assist": "5.08", "avg_bekill": "1.66", "avg_kill": "2.21", "gpm": "569", "kda": "5.02", "name": "RW侠.Yguo", "openid": "F20A79CABDFBFD552C72E1E72379A885", "played": "53", "rating": "5.60", "total_kill": "117", "win_rate": "0.4340", "xpm": "754" },
    { "avg_assist": "3.49", "avg_bekill": "2.62", "avg_kill": "2.70", "gpm": "676", "kda": "3.20", "name": "RW侠.Djie", "openid": "8DE9AA986DBA66F6F9D813357E61D7C3", "played": "53", "rating": "5.60", "total_kill": "143", "win_rate": "0.4340", "xpm": "779" },
    { "avg_assist": "4.02", "avg_bekill": "1.73", "avg_kill": "3.37", "gpm": "685", "kda": "5.24", "name": "RW侠.Huayun", "openid": "E20DC214C3065406F4162B17E37030F4", "played": "52", "rating": "5.60", "total_kill": "175", "win_rate": "0.4423", "xpm": "784" },
    { "avg_assist": "3.92", "avg_bekill": "1.88", "avg_kill": "2.27", "gpm": "659", "kda": "4.11", "name": "重庆QGhappy.Fly", "openid": "81AEA3A32BA205D61F400FA612808490", "played": "51", "rating": "5.60", "total_kill": "116", "win_rate": "0.4902", "xpm": "740" },
    { "avg_assist": "6.98", "avg_bekill": "2.96", "avg_kill": "0.58", "gpm": "384", "kda": "3.56", "name": "YTG.兽兽", "openid": "1FCE85BC47992F725B55BDE8EC2BD31D", "played": "50", "rating": "5.60", "total_kill": "29", "win_rate": "0.5200", "xpm": "711" },
    { "avg_assist": "5.31", "avg_bekill": "3.12", "avg_kill": "0.80", "gpm": "420", "kda": "3.38", "name": "南京Hero.尘夏", "openid": "DBB1AA4588256E9DF8DEA01D8286A0CE", "played": "49", "rating": "5.60", "total_kill": "39", "win_rate": "0.3673", "xpm": "717" },
    { "avg_assist": "6.81", "avg_bekill": "1.94", "avg_kill": "2.31", "gpm": "583", "kda": "6.00", "name": "RNGM.暴风锐", "openid": "C33F4D32C03321DF09F884E61C01394E", "played": "48", "rating": "5.60", "total_kill": "111", "win_rate": "0.4583", "xpm": "754" },
    { "avg_assist": "4.00", "avg_bekill": "2.69", "avg_kill": "2.12", "gpm": "611", "kda": "3.27", "name": "YTG.沽酒", "openid": "84D734C7C7990CE6518DAED05C25C8DF", "played": "48", "rating": "5.60", "total_kill": "102", "win_rate": "0.4375", "xpm": "786" },
    { "avg_assist": "4.94", "avg_bekill": "2.53", "avg_kill": "2.23", "gpm": "571", "kda": "4.03", "name": "重庆QGhappy.Giao", "openid": "A3E0E22D1318A29370AF1C850A5BD45B", "played": "47", "rating": "5.60", "total_kill": "105", "win_rate": "0.5106", "xpm": "734" },
    { "avg_assist": "5.61", "avg_bekill": "2.07", "avg_kill": "2.29", "gpm": "596", "kda": "4.49", "name": "武汉eStarPro.Cat", "openid": "A25A35A18EE5DC93117789871D929E83", "played": "41", "rating": "5.60", "total_kill": "94", "win_rate": "0.3659", "xpm": "782" },
    { "avg_assist": "3.77", "avg_bekill": "2.38", "avg_kill": "2.77", "gpm": "652", "kda": "3.62", "name": "RNGM.雨雨", "openid": "F87C373893FEE91FC263955B00CA3D0B", "played": "40", "rating": "5.60", "total_kill": "111", "win_rate": "0.5500", "xpm": "785" },
    { "avg_assist": "5.23", "avg_bekill": "2.10", "avg_kill": "2.64", "gpm": "579", "kda": "5.02", "name": "重庆QGhappy.末将", "openid": "73D09DF6368EAA1198B9B43DCDCA8536", "played": "39", "rating": "5.60", "total_kill": "103", "win_rate": "0.4872", "xpm": "733" },
    { "avg_assist": "4.67", "avg_bekill": "2.06", "avg_kill": "3.47", "gpm": "705", "kda": "5.14", "name": "YTG.晨晨", "openid": "4E807031C0F9AF10591B4EFC083C9735", "played": "36", "rating": "5.60", "total_kill": "125", "win_rate": "0.4167", "xpm": "781" },
    { "avg_assist": "6.63", "avg_bekill": "2.97", "avg_kill": "0.43", "gpm": "420", "kda": "3.87", "name": "南京Hero.久凡", "openid": "2AE8DD8F971354AEE07F078881E87AE9", "played": "35", "rating": "5.60", "total_kill": "15", "win_rate": "0.3714", "xpm": "709" },
    { "avg_assist": "4.57", "avg_bekill": "1.60", "avg_kill": "4.14", "gpm": "717", "kda": "6.47", "name": "重庆QGhappy.妖刀 ", "openid": "C9D941685D82271FE93B9D835B50BDBE", "played": "35", "rating": "5.60", "total_kill": "145", "win_rate": "0.5429", "xpm": "748" },
    { "avg_assist": "8.06", "avg_bekill": "1.89", "avg_kill": "0.46", "gpm": "409", "kda": "5.83", "name": "重庆QGhappy.770", "openid": "646CAD1B629DD3DE2569986E43CA132E", "played": "35", "rating": "5.60", "total_kill": "16", "win_rate": "0.5429", "xpm": "696" },
    { "avg_assist": "7.25", "avg_bekill": "3.28", "avg_kill": "0.41", "gpm": "383", "kda": "3.36", "name": "上海EDGM.小暖", "openid": "6DBF46AEFB4294D9A8C176A37944A8D6", "played": "32", "rating": "5.60", "total_kill": "13", "win_rate": "0.2500", "xpm": "697" },
    { "avg_assist": "6.41", "avg_bekill": "2.41", "avg_kill": "2.34", "gpm": "580", "kda": "5.61", "name": "YTG.晴一", "openid": "98929994F40F4FD99F36F1749214844B", "played": "32", "rating": "5.60", "total_kill": "75", "win_rate": "0.5938", "xpm": "801" },
    { "avg_assist": "4.16", "avg_bekill": "1.65", "avg_kill": "3.19", "gpm": "677", "kda": "4.92", "name": "TS.闪光", "openid": "20319A5C29E6B4A8F0B803794650B527", "played": "31", "rating": "5.60", "total_kill": "99", "win_rate": "0.5161", "xpm": "762" },
    { "avg_assist": "5.00", "avg_bekill": "3.00", "avg_kill": "2.10", "gpm": "576", "kda": "3.54", "name": "武汉eStarPro.小九", "openid": "8FA1D4A9B1890ACEF43B7DD4889CA14F", "played": "29", "rating": "5.60", "total_kill": "61", "win_rate": "0.3793", "xpm": "766" },
    { "avg_assist": "4.54", "avg_bekill": "2.29", "avg_kill": "2.07", "gpm": "581", "kda": "3.59", "name": "武汉eStarPro.无心", "openid": "F7E2ECFD7976D8FE5253CEA2909ACA39", "played": "28", "rating": "5.60", "total_kill": "58", "win_rate": "0.3929", "xpm": "779" },
    { "avg_assist": "3.64", "avg_bekill": "2.18", "avg_kill": "1.68", "gpm": "634", "kda": "3.73", "name": "南京Hero.轻雨", "openid": "4A81A543FB2E4AC7DCE5EA29E847408C", "played": "28", "rating": "5.60", "total_kill": "47", "win_rate": "0.2500", "xpm": "782" },
    { "avg_assist": "3.89", "avg_bekill": "2.54", "avg_kill": "2.82", "gpm": "653", "kda": "3.81", "name": "RNGM.晚秋", "openid": "814C5DD9BC3171DB8804746F9842B92F", "played": "28", "rating": "5.60", "total_kill": "79", "win_rate": "0.4286", "xpm": "802" },
    { "avg_assist": "3.86", "avg_bekill": "2.61", "avg_kill": "2.14", "gpm": "578", "kda": "3.34", "name": "上海EDGM.沉", "openid": "731C6A93A6303D7DE91985B6BB20DAE1", "played": "28", "rating": "5.60", "total_kill": "60", "win_rate": "0.2143", "xpm": "758" },
    { "avg_assist": "5.18", "avg_bekill": "3.64", "avg_kill": "1.68", "gpm": "553", "kda": "2.53", "name": "上海EDGM.无尘", "openid": "DC6F288387907EEFC37653693AC6C56B", "played": "28", "rating": "5.60", "total_kill": "47", "win_rate": "0.2857", "xpm": "755" },
    { "avg_assist": "6.41", "avg_bekill": "2.41", "avg_kill": "0.59", "gpm": "396", "kda": "4.12", "name": "重庆QGhappy.许诺", "openid": "9C0EBC8C5FDAB2B947FE66D477F1F683", "played": "27", "rating": "5.60", "total_kill": "16", "win_rate": "0.2963", "xpm": "704" },
    { "avg_assist": "4.04", "avg_bekill": "2.00", "avg_kill": "3.11", "gpm": "704", "kda": "4.07", "name": "重庆QGhappy.Hurt", "openid": "B8982198AC67B048D317C07DE73F4962", "played": "27", "rating": "5.60", "total_kill": "84", "win_rate": "0.2963", "xpm": "788" },
    { "avg_assist": "5.88", "avg_bekill": "2.17", "avg_kill": "2.54", "gpm": "535", "kda": "5.08", "name": "YTG.一曲", "openid": "FC5ABA0CFD7BAB3E6AD935FC94980E3E", "played": "24", "rating": "5.60", "total_kill": "61", "win_rate": "0.2917", "xpm": "727" },
    { "avg_assist": "6.09", "avg_bekill": "2.13", "avg_kill": "1.91", "gpm": "541", "kda": "5.15", "name": "重庆QGhappy.向鱼", "openid": "9D9BA884970D4843EBCBA67AE45DFB47", "played": "23", "rating": "5.60", "total_kill": "44", "win_rate": "0.3478", "xpm": "738" },
    { "avg_assist": "4.45", "avg_bekill": "1.90", "avg_kill": "3.50", "gpm": "729", "kda": "5.67", "name": "YTG.夏天", "openid": "7F7B2244B823795821247DD45B7572FD", "played": "20", "rating": "5.60", "total_kill": "70", "win_rate": "0.5500", "xpm": "846" },
    { "avg_assist": "5.55", "avg_bekill": "1.90", "avg_kill": "1.80", "gpm": "578", "kda": "4.51", "name": "RNGM.天真", "openid": "2CBC15A49E006EC46D2B4C10741ED097", "played": "20", "rating": "5.60", "total_kill": "36", "win_rate": "0.6000", "xpm": "835" },
    { "avg_assist": "5.58", "avg_bekill": "2.89", "avg_kill": "0.42", "gpm": "396", "kda": "3.43", "name": "VG.胖墩", "openid": "D524EC63CD87275ED44EFB2C898E0360", "played": "19", "rating": "5.60", "total_kill": "8", "win_rate": "0.4737", "xpm": "687" },
    { "avg_assist": "5.06", "avg_bekill": "1.83", "avg_kill": "1.39", "gpm": "558", "kda": "4.03", "name": "上海EDGM.旧梦", "openid": "6032526B0E40970311FC5BA4BC1CC987", "played": "18", "rating": "5.60", "total_kill": "25", "win_rate": "0.1667", "xpm": "738" },
    { "avg_assist": "3.76", "avg_bekill": "3.41", "avg_kill": "1.71", "gpm": "583", "kda": "2.22", "name": "VG.吴勉", "openid": "1C77895A57EEE438D8E366DD45E79F62", "played": "17", "rating": "5.60", "total_kill": "29", "win_rate": "0.2941", "xpm": "747" },
    { "avg_assist": "5.53", "avg_bekill": "3.67", "avg_kill": "2.27", "gpm": "554", "kda": "3.13", "name": "重庆QGhappy.139", "openid": "9F5F22A0D3101ED7B3AA6D637D5B4348", "played": "15", "rating": "5.60", "total_kill": "34", "win_rate": "0.2000", "xpm": "800" },
    { "avg_assist": "5.18", "avg_bekill": "2.55", "avg_kill": "3.09", "gpm": "647", "kda": "4.53", "name": "重庆QGhappy.杰杰", "openid": "24A0AD15444D76177EC6A396CD143DAE", "played": "11", "rating": "5.60", "total_kill": "34", "win_rate": "0.1818", "xpm": "809" },
    { "avg_assist": "3.09", "avg_bekill": "2.36", "avg_kill": "1.55", "gpm": "635", "kda": "2.64", "name": "南京Hero.轩泽", "openid": "D7DB5C8BF6162962050BC9E35CD000FA", "played": "11", "rating": "5.60", "total_kill": "17", "win_rate": "0.1818", "xpm": "774" },
    { "avg_assist": "6.45", "avg_bekill": "1.82", "avg_kill": "3.00", "gpm": "608", "kda": "6.66", "name": "广州TTG.XQ.Link", "openid": "D1B7C017167A9473B8C53A077331CAAB", "played": "11", "rating": "5.60", "total_kill": "33", "win_rate": "0.5455", "xpm": "717" },
    { "avg_assist": "6.22", "avg_bekill": "2.44", "avg_kill": "1.22", "gpm": "507", "kda": "3.82", "name": "上海EDGM.伪装", "openid": "1C7EBF05DC5EA980A259A34290DE7430", "played": "9", "rating": "5.60", "total_kill": "11", "win_rate": "0.3333", "xpm": "751" },
    { "avg_assist": "5.00", "avg_bekill": "2.38", "avg_kill": "2.38", "gpm": "639", "kda": "3.29", "name": "YTG.小壳", "openid": "DC038568C171B98D6EC9EE60B2F0F657", "played": "8", "rating": "5.60", "total_kill": "19", "win_rate": "0.6250", "xpm": "788" },
    { "avg_assist": "6.38", "avg_bekill": "3.00", "avg_kill": "0.88", "gpm": "529", "kda": "2.97", "name": "TES.苏沫", "openid": "A727955E2BBCC4F98A02DC882A4E0A69", "played": "8", "rating": "5.60", "total_kill": "7", "win_rate": "0.2500", "xpm": "729" },
    { "avg_assist": "4.17", "avg_bekill": "3.67", "avg_kill": "0.67", "gpm": "374", "kda": "1.33", "name": "YTG.落幕 ", "openid": "9EABDFC2F259BCDBADECD4D3AFBAAB65", "played": "6", "rating": "5.60", "total_kill": "4", "win_rate": "0.0000", "xpm": "680" },
    { "avg_assist": "4.67", "avg_bekill": "2.83", "avg_kill": "3.83", "gpm": "760", "kda": "3.88", "name": "武汉eStarPro.包子", "openid": "301BD958B9BA49D275F1E85F4327946F", "played": "6", "rating": "5.60", "total_kill": "23", "win_rate": "0.5000", "xpm": "773" },
    { "avg_assist": "6.60", "avg_bekill": "2.80", "avg_kill": "1.20", "gpm": "511", "kda": "3.00", "name": "武汉eStarPro.Alan", "openid": "E5D1C89DE8A875B1187141E8BF55764B", "played": "5", "rating": "5.60", "total_kill": "6", "win_rate": "0.6000", "xpm": "768" },
    { "avg_assist": "4.00", "avg_bekill": "4.25", "avg_kill": "0.75", "gpm": "463", "kda": "1.13", "name": "TES.酒孺", "openid": "7220305557867928F17515C424392336", "played": "4", "rating": "5.60", "total_kill": "3", "win_rate": "0.2500", "xpm": "740" },
    { "avg_assist": "2.75", "avg_bekill": "1.50", "avg_kill": "3.00", "gpm": "683", "kda": "3.25", "name": "南京Hero.诺龙", "openid": "6A6EAB6AAA01CB1D15750744879A6BE6", "played": "4", "rating": "5.60", "total_kill": "12", "win_rate": "0.0000", "xpm": "798" },
    { "avg_assist": "3.50", "avg_bekill": "3.00", "avg_kill": "1.25", "gpm": "500", "kda": "1.38", "name": "南京Hero.MA", "openid": "E93B7CD95C7DAFFA70B3707EE834A417", "played": "4", "rating": "5.60", "total_kill": "5", "win_rate": "0.0000", "xpm": "741" },
    { "avg_assist": "11.00", "avg_bekill": "2.50", "avg_kill": "0.50", "gpm": "405", "kda": "7.00", "name": "成都AG超玩会.最初", "openid": "75A0E028EC2BF9D41710669411CD19F8", "played": "2", "rating": "5.60", "total_kill": "1", "win_rate": "1.0000", "xpm": "772" },
    { "avg_assist": "3.00", "avg_bekill": "1.00", "avg_kill": "3.00", "gpm": "621", "kda": "5.25", "name": "LGD大鹅.羊羊", "openid": "DE37B5199733F907D9E678C85848DBEF", "played": "2", "rating": "5.60", "total_kill": "6", "win_rate": "0.0000", "xpm": "738" },
    { "avg_assist": "1.00", "avg_bekill": "3.00", "avg_kill": "1.00", "gpm": "640", "kda": "0.67", "name": "RW侠.Hmanlou", "openid": "B35B984A6AB21068B8FB77267735F93A", "played": "1", "rating": "5.60", "total_kill": "1", "win_rate": "0.0000", "xpm": "789" },
    { "avg_assist": "0.00", "avg_bekill": "1.00", "avg_kill": "0.00", "gpm": "487", "kda": "0.00", "name": "成都AG超玩会.麟羽", "openid": "A30C615EA7B9566AE41FBDCAA4CF16D9", "played": "1", "rating": "5.60", "total_kill": "0", "win_rate": "0.0000", "xpm": "754" },
    { "avg_assist": "8.00", "avg_bekill": "2.00", "avg_kill": "1.00", "gpm": "421", "kda": "4.50", "name": "RNGM.koko", "openid": "91C65C11C1BA16F63A59C4E571394E18", "played": "1", "rating": "5.60", "total_kill": "1", "win_rate": "1.0000", "xpm": "712" },
    { "avg_assist": "1.00", "avg_bekill": "1.00", "avg_kill": "0.00", "gpm": "529", "kda": "1.00", "name": "TES.心醉", "openid": "03C692C2132AAF22135204F4A4F5B87F", "played": "1", "rating": "5.60", "total_kill": "0", "win_rate": "0.0000", "xpm": "862" },
    { "avg_assist": "1.00", "avg_bekill": "3.00", "avg_kill": "4.00", "gpm": "731", "kda": "1.67", "name": "TES.汤汤", "openid": "7DE8C75A050BE3A6615F952899C1782E", "played": "1", "rating": "5.60", "total_kill": "4", "win_rate": "0.0000", "xpm": "904" }
]