[
    { "avg_assist": "4.55", "avg_ban_seq": "3.2", "avg_bekill": "1.85", "avg_kill": "2.27", "avg_pick_seq": "0.0", "ban_cnt": "46", "gpm": "584", "hero_id": "123", "hero_name": "吕布", "kda": "4.63", "pick_cnt": "60", "played": "60", "win_rate": "0.6000" },
    { "avg_assist": "4.35", "avg_ban_seq": "4.0", "avg_bekill": "1.82", "avg_kill": "3.31", "avg_pick_seq": "0.0", "ban_cnt": "31", "gpm": "706", "hero_id": "132", "hero_name": "马可波罗", "kda": "4.72", "pick_cnt": "55", "played": "55", "win_rate": "0.5636" },
    { "avg_assist": "3.56", "avg_ban_seq": "3.0", "avg_bekill": "2.44", "avg_kill": "2.74", "avg_pick_seq": "0.0", "ban_cnt": "40", "gpm": "647", "hero_id": "163", "hero_name": "橘右京", "kda": "3.79", "pick_cnt": "54", "played": "54", "win_rate": "0.5370" },
    { "avg_assist": "5.69", "avg_ban_seq": "2.9", "avg_bekill": "1.81", "avg_kill": "1.04", "avg_pick_seq": "0.0", "ban_cnt": "49", "gpm": "539", "hero_id": "511", "hero_name": "猪八戒", "kda": "4.76", "pick_cnt": "54", "played": "54", "win_rate": "0.5370" },
    { "avg_assist": "6.90", "avg_ban_seq": "4.1", "avg_bekill": "2.52", "avg_kill": "0.83", "avg_pick_seq": "0.0", "ban_cnt": "21", "gpm": "425", "hero_id": "194", "hero_name": "苏烈", "kda": "4.50", "pick_cnt": "48", "played": "48", "win_rate": "0.5000" },
    { "avg_assist": "5.81", "avg_ban_seq": "3.9", "avg_bekill": "2.81", "avg_kill": "0.48", "avg_pick_seq": "0.0", "ban_cnt": "11", "gpm": "421", "hero_id": "186", "hero_name": "太乙真人", "kda": "3.19", "pick_cnt": "48", "played": "48", "win_rate": "0.4583" },
    { "avg_assist": "3.74", "avg_ban_seq": "3.5", "avg_bekill": "1.91", "avg_kill": "3.62", "avg_pick_seq": "0.0", "ban_cnt": "64", "gpm": "693", "hero_id": "199", "hero_name": "公孙离", "kda": "5.13", "pick_cnt": "47", "played": "47", "win_rate": "0.5106" },
    { "avg_assist": "3.60", "avg_ban_seq": "4.8", "avg_bekill": "1.81", "avg_kill": "3.19", "avg_pick_seq": "0.0", "ban_cnt": "17", "gpm": "687", "hero_id": "502", "hero_name": "裴擒虎", "kda": "4.73", "pick_cnt": "43", "played": "43", "win_rate": "0.4884" },
    { "avg_assist": "6.71", "avg_ban_seq": "2.3", "avg_bekill": "3.39", "avg_kill": "0.39", "avg_pick_seq": "0.0", "ban_cnt": "90", "gpm": "401", "hero_id": "509", "hero_name": "盾山", "kda": "2.71", "pick_cnt": "41", "played": "41", "win_rate": "0.5366" },
    { "avg_assist": "4.05", "avg_ban_seq": "4.4", "avg_bekill": "2.68", "avg_kill": "1.82", "avg_pick_seq": "0.0", "ban_cnt": "11", "gpm": "564", "hero_id": "510", "hero_name": "孙策", "kda": "3.07", "pick_cnt": "38", "played": "38", "win_rate": "0.3947" },
    { "avg_assist": "4.58", "avg_ban_seq": "6.5", "avg_bekill": "1.42", "avg_kill": "3.11", "avg_pick_seq": "0.0", "ban_cnt": "25", "gpm": "631", "hero_id": "312", "hero_name": "沈梦溪", "kda": "5.82", "pick_cnt": "38", "played": "38", "win_rate": "0.4211" },
    { "avg_assist": "3.14", "avg_ban_seq": "6.3", "avg_bekill": "2.14", "avg_kill": "2.75", "avg_pick_seq": "0.0", "ban_cnt": "20", "gpm": "646", "hero_id": "193", "hero_name": "铠", "kda": "3.64", "pick_cnt": "36", "played": "36", "win_rate": "0.4167" },
    { "avg_assist": "5.11", "avg_ban_seq": "6.5", "avg_bekill": "1.42", "avg_kill": "2.86", "avg_pick_seq": "0.0", "ban_cnt": "48", "gpm": "698", "hero_id": "515", "hero_name": "嫦娥", "kda": "6.60", "pick_cnt": "36", "played": "36", "win_rate": "0.5556" },
    { "avg_assist": "4.06", "avg_ban_seq": "5.8", "avg_bekill": "1.83", "avg_kill": "2.81", "avg_pick_seq": "0.0", "ban_cnt": "26", "gpm": "652", "hero_id": "140", "hero_name": "关羽", "kda": "4.55", "pick_cnt": "36", "played": "36", "win_rate": "0.5278" },
    { "avg_assist": "5.09", "avg_ban_seq": "2.5", "avg_bekill": "2.60", "avg_kill": "2.29", "avg_pick_seq": "0.0", "ban_cnt": "96", "gpm": "613", "hero_id": "529", "hero_name": "盘古", "kda": "3.88", "pick_cnt": "35", "played": "35", "win_rate": "0.5143" },
    { "avg_assist": "5.91", "avg_ban_seq": "6.0", "avg_bekill": "1.88", "avg_kill": "4.00", "avg_pick_seq": "0.0", "ban_cnt": "48", "gpm": "663", "hero_id": "513", "hero_name": "上官婉儿", "kda": "7.04", "pick_cnt": "33", "played": "33", "win_rate": "0.6667" },
    { "avg_assist": "6.88", "avg_ban_seq": "4.6", "avg_bekill": "1.81", "avg_kill": "0.69", "avg_pick_seq": "0.0", "ban_cnt": "11", "gpm": "411", "hero_id": "171", "hero_name": "张飞", "kda": "5.49", "pick_cnt": "32", "played": "32", "win_rate": "0.5938" },
    { "avg_assist": "3.61", "avg_ban_seq": "5.4", "avg_bekill": "2.06", "avg_kill": "3.32", "avg_pick_seq": "0.0", "ban_cnt": "22", "gpm": "712", "hero_id": "133", "hero_name": "狄仁杰", "kda": "4.17", "pick_cnt": "31", "played": "31", "win_rate": "0.3548" },
    { "avg_assist": "4.35", "avg_ban_seq": "5.7", "avg_bekill": "2.16", "avg_kill": "1.55", "avg_pick_seq": "0.0", "ban_cnt": "24", "gpm": "602", "hero_id": "139", "hero_name": "老夫子", "kda": "3.74", "pick_cnt": "31", "played": "31", "win_rate": "0.4194" },
    { "avg_assist": "8.10", "avg_ban_seq": "5.1", "avg_bekill": "1.77", "avg_kill": "0.81", "avg_pick_seq": "0.0", "ban_cnt": "22", "gpm": "432", "hero_id": "118", "hero_name": "孙膑", "kda": "6.57", "pick_cnt": "31", "played": "31", "win_rate": "0.5806" },
    { "avg_assist": "4.69", "avg_ban_seq": "4.9", "avg_bekill": "2.62", "avg_kill": "3.38", "avg_pick_seq": "0.0", "ban_cnt": "6", "gpm": "688", "hero_id": "195", "hero_name": "百里玄策", "kda": "4.41", "pick_cnt": "29", "played": "29", "win_rate": "0.5172" },
    { "avg_assist": "3.04", "avg_ban_seq": "5.5", "avg_bekill": "2.89", "avg_kill": "4.07", "avg_pick_seq": "0.0", "ban_cnt": "12", "gpm": "677", "hero_id": "162", "hero_name": "娜可露露", "kda": "3.88", "pick_cnt": "28", "played": "28", "win_rate": "0.3571" },
    { "avg_assist": "7.26", "avg_ban_seq": "7.6", "avg_bekill": "2.59", "avg_kill": "0.81", "avg_pick_seq": "0.0", "ban_cnt": "1", "gpm": "400", "hero_id": "105", "hero_name": "廉颇", "kda": "4.72", "pick_cnt": "27", "played": "27", "win_rate": "0.5185" },
    { "avg_assist": "4.93", "avg_ban_seq": "2.8", "avg_bekill": "2.07", "avg_kill": "1.74", "avg_pick_seq": "0.0", "ban_cnt": "96", "gpm": "530", "hero_id": "148", "hero_name": "姜子牙", "kda": "4.43", "pick_cnt": "27", "played": "27", "win_rate": "0.3333" },
    { "avg_assist": "5.22", "avg_ban_seq": "7.0", "avg_bekill": "2.30", "avg_kill": "1.89", "avg_pick_seq": "0.0", "ban_cnt": "22", "gpm": "587", "hero_id": "152", "hero_name": "王昭君", "kda": "3.95", "pick_cnt": "27", "played": "27", "win_rate": "0.2963" },
    { "avg_assist": "3.04", "avg_ban_seq": "6.4", "avg_bekill": "1.78", "avg_kill": "3.07", "avg_pick_seq": "0.0", "ban_cnt": "19", "gpm": "684", "hero_id": "128", "hero_name": "曹操", "kda": "4.66", "pick_cnt": "27", "played": "27", "win_rate": "0.5926" },
    { "avg_assist": "3.81", "avg_ban_seq": "7.2", "avg_bekill": "2.38", "avg_kill": "2.04", "avg_pick_seq": "0.0", "ban_cnt": "7", "gpm": "709", "hero_id": "507", "hero_name": "李信", "kda": "3.72", "pick_cnt": "26", "played": "26", "win_rate": "0.5385" },
    { "avg_assist": "6.69", "avg_ban_seq": "6.4", "avg_bekill": "2.27", "avg_kill": "4.04", "avg_pick_seq": "0.0", "ban_cnt": "38", "gpm": "676", "hero_id": "141", "hero_name": "貂蝉", "kda": "6.44", "pick_cnt": "26", "played": "26", "win_rate": "0.6538" },
    { "avg_assist": "3.48", "avg_ban_seq": "7.2", "avg_bekill": "2.84", "avg_kill": "2.60", "avg_pick_seq": "0.0", "ban_cnt": "5", "gpm": "598", "hero_id": "107", "hero_name": "赵云", "kda": "3.21", "pick_cnt": "25", "played": "25", "win_rate": "0.5200" },
    { "avg_assist": "3.48", "avg_ban_seq": "6.7", "avg_bekill": "2.20", "avg_kill": "1.44", "avg_pick_seq": "0.0", "ban_cnt": "16", "gpm": "653", "hero_id": "121", "hero_name": "芈月", "kda": "2.83", "pick_cnt": "25", "played": "25", "win_rate": "0.4000" },
    { "avg_assist": "4.75", "avg_ban_seq": "5.7", "avg_bekill": "3.58", "avg_kill": "3.08", "avg_pick_seq": "0.0", "ban_cnt": "34", "gpm": "511", "hero_id": "153", "hero_name": "兰陵王", "kda": "2.88", "pick_cnt": "24", "played": "24", "win_rate": "0.6250" },
    { "avg_assist": "4.43", "avg_ban_seq": "6.1", "avg_bekill": "1.74", "avg_kill": "1.43", "avg_pick_seq": "0.0", "ban_cnt": "18", "gpm": "638", "hero_id": "144", "hero_name": "程咬金", "kda": "4.17", "pick_cnt": "23", "played": "23", "win_rate": "0.5652" },
    { "avg_assist": "5.83", "avg_ban_seq": "7.4", "avg_bekill": "2.61", "avg_kill": "1.04", "avg_pick_seq": "0.0", "ban_cnt": "1", "gpm": "483", "hero_id": "126", "hero_name": "夏侯惇", "kda": "3.49", "pick_cnt": "23", "played": "23", "win_rate": "0.3913" },
    { "avg_assist": "4.09", "avg_ban_seq": "5.4", "avg_bekill": "2.09", "avg_kill": "3.50", "avg_pick_seq": "0.0", "ban_cnt": "13", "gpm": "642", "hero_id": "506", "hero_name": "云中君", "kda": "5.33", "pick_cnt": "22", "played": "22", "win_rate": "0.5909" },
    { "avg_assist": "7.81", "avg_ban_seq": "6.2", "avg_bekill": "3.19", "avg_kill": "0.81", "avg_pick_seq": "0.0", "ban_cnt": "5", "gpm": "399", "hero_id": "168", "hero_name": "牛魔", "kda": "3.35", "pick_cnt": "21", "played": "21", "win_rate": "0.4762" },
    { "avg_assist": "5.65", "avg_ban_seq": "6.5", "avg_bekill": "2.70", "avg_kill": "1.60", "avg_pick_seq": "0.0", "ban_cnt": "5", "gpm": "645", "hero_id": "503", "hero_name": "狂铁", "kda": "4.61", "pick_cnt": "20", "played": "20", "win_rate": "0.5500" },
    { "avg_assist": "4.05", "avg_ban_seq": "5.1", "avg_bekill": "1.16", "avg_kill": "3.95", "avg_pick_seq": "0.0", "ban_cnt": "21", "gpm": "746", "hero_id": "111", "hero_name": "孙尚香", "kda": "7.01", "pick_cnt": "19", "played": "19", "win_rate": "0.6842" },
    { "avg_assist": "7.26", "avg_ban_seq": "7.4", "avg_bekill": "2.95", "avg_kill": "1.05", "avg_pick_seq": "0.0", "ban_cnt": "8", "gpm": "400", "hero_id": "189", "hero_name": "鬼谷子", "kda": "4.49", "pick_cnt": "19", "played": "19", "win_rate": "0.4737" },
    { "avg_assist": "4.32", "avg_ban_seq": "7.2", "avg_bekill": "2.16", "avg_kill": "2.63", "avg_pick_seq": "0.0", "ban_cnt": "26", "gpm": "627", "hero_id": "157", "hero_name": "不知火舞", "kda": "3.73", "pick_cnt": "19", "played": "19", "win_rate": "0.5789" },
    { "avg_assist": "4.00", "avg_ban_seq": "4.9", "avg_bekill": "1.29", "avg_kill": "2.71", "avg_pick_seq": "0.0", "ban_cnt": "26", "gpm": "646", "hero_id": "196", "hero_name": "百里守约", "kda": "5.33", "pick_cnt": "17", "played": "17", "win_rate": "0.4118" },
    { "avg_assist": "5.59", "avg_ban_seq": "8.2", "avg_bekill": "1.88", "avg_kill": "1.94", "avg_pick_seq": "0.0", "ban_cnt": "5", "gpm": "626", "hero_id": "124", "hero_name": "周瑜", "kda": "5.18", "pick_cnt": "17", "played": "17", "win_rate": "0.4706" },
    { "avg_assist": "5.13", "avg_ban_seq": "7.4", "avg_bekill": "2.47", "avg_kill": "1.40", "avg_pick_seq": "0.0", "ban_cnt": "2", "gpm": "529", "hero_id": "135", "hero_name": "项羽", "kda": "3.82", "pick_cnt": "15", "played": "15", "win_rate": "0.6000" },
    { "avg_assist": "8.00", "avg_ban_seq": "4.9", "avg_bekill": "1.71", "avg_kill": "0.29", "avg_pick_seq": "0.0", "ban_cnt": "6", "gpm": "425", "hero_id": "191", "hero_name": "大乔", "kda": "5.31", "pick_cnt": "14", "played": "14", "win_rate": "0.5000" },
    { "avg_assist": "5.33", "avg_ban_seq": "6.7", "avg_bekill": "1.50", "avg_kill": "1.75", "avg_pick_seq": "0.0", "ban_cnt": "24", "gpm": "568", "hero_id": "156", "hero_name": "张良", "kda": "5.83", "pick_cnt": "12", "played": "12", "win_rate": "0.5833" },
    { "avg_assist": "2.80", "avg_ban_seq": "7.8", "avg_bekill": "2.10", "avg_kill": "1.10", "avg_pick_seq": "0.0", "ban_cnt": "3", "gpm": "560", "hero_id": "106", "hero_name": "小乔", "kda": "2.33", "pick_cnt": "10", "played": "10", "win_rate": "0.2000" },
    { "avg_assist": "2.70", "avg_ban_seq": "7.1", "avg_bekill": "1.40", "avg_kill": "2.20", "avg_pick_seq": "0.0", "ban_cnt": "6", "gpm": "627", "hero_id": "182", "hero_name": "干将莫邪", "kda": "3.55", "pick_cnt": "10", "played": "10", "win_rate": "0.4000" },
    { "avg_assist": "3.60", "avg_ban_seq": "8.6", "avg_bekill": "1.50", "avg_kill": "3.20", "avg_pick_seq": "0.0", "ban_cnt": "6", "gpm": "625", "hero_id": "125", "hero_name": "元歌", "kda": "4.80", "pick_cnt": "10", "played": "10", "win_rate": "0.6000" },
    { "avg_assist": "3.56", "avg_ban_seq": "7.5", "avg_bekill": "3.78", "avg_kill": "1.44", "avg_pick_seq": "0.0", "ban_cnt": "1", "gpm": "479", "hero_id": "178", "hero_name": "杨戬", "kda": "2.06", "pick_cnt": "9", "played": "9", "win_rate": "0.2222" },
    { "avg_assist": "6.00", "avg_ban_seq": "7.4", "avg_bekill": "1.67", "avg_kill": "0.22", "avg_pick_seq": "0.0", "ban_cnt": "8", "gpm": "407", "hero_id": "184", "hero_name": "蔡文姬", "kda": "4.87", "pick_cnt": "9", "played": "9", "win_rate": "0.3333" },
    { "avg_assist": "4.00", "avg_ban_seq": "8.2", "avg_bekill": "2.75", "avg_kill": "2.50", "avg_pick_seq": "0.0", "ban_cnt": "0", "gpm": "627", "hero_id": "198", "hero_name": "梦奇", "kda": "4.10", "pick_cnt": "8", "played": "8", "win_rate": "0.2500" },
    { "avg_assist": "3.88", "avg_ban_seq": "6.9", "avg_bekill": "2.75", "avg_kill": "1.00", "avg_pick_seq": "0.0", "ban_cnt": "6", "gpm": "382", "hero_id": "187", "hero_name": "东皇太一", "kda": "1.74", "pick_cnt": "8", "played": "8", "win_rate": "0.3750" },
    { "avg_assist": "4.62", "avg_ban_seq": "7.0", "avg_bekill": "3.75", "avg_kill": "3.00", "avg_pick_seq": "0.0", "ban_cnt": "1", "gpm": "615", "hero_id": "522", "hero_name": "曜", "kda": "3.51", "pick_cnt": "8", "played": "8", "win_rate": "0.3750" },
    { "avg_assist": "7.14", "avg_ban_seq": "6.1", "avg_bekill": "1.86", "avg_kill": "3.00", "avg_pick_seq": "0.0", "ban_cnt": "4", "gpm": "696", "hero_id": "131", "hero_name": "李白", "kda": "5.04", "pick_cnt": "7", "played": "7", "win_rate": "0.8571" },
    { "avg_assist": "6.50", "avg_ban_seq": "6.9", "avg_bekill": "1.17", "avg_kill": "0.67", "avg_pick_seq": "0.0", "ban_cnt": "5", "gpm": "545", "hero_id": "120", "hero_name": "白起", "kda": "5.58", "pick_cnt": "6", "played": "6", "win_rate": "0.6667" },
    { "avg_assist": "5.67", "avg_ban_seq": "9.2", "avg_bekill": "1.83", "avg_kill": "1.33", "avg_pick_seq": "0.0", "ban_cnt": "0", "gpm": "606", "hero_id": "108", "hero_name": "墨子", "kda": "3.47", "pick_cnt": "6", "played": "6", "win_rate": "0.5000" },
    { "avg_assist": "4.83", "avg_ban_seq": "7.7", "avg_bekill": "1.83", "avg_kill": "3.17", "avg_pick_seq": "0.0", "ban_cnt": "1", "gpm": "648", "hero_id": "149", "hero_name": "刘邦", "kda": "4.58", "pick_cnt": "6", "played": "6", "win_rate": "0.5000" },
    { "avg_assist": "4.17", "avg_ban_seq": "9.2", "avg_bekill": "1.17", "avg_kill": "0.83", "avg_pick_seq": "0.0", "ban_cnt": "0", "gpm": "689", "hero_id": "110", "hero_name": "嬴政", "kda": "4.42", "pick_cnt": "6", "played": "6", "win_rate": "0.3333" },
    { "avg_assist": "2.67", "avg_ban_seq": "6.3", "avg_bekill": "1.17", "avg_kill": "2.00", "avg_pick_seq": "0.0", "ban_cnt": "4", "gpm": "631", "hero_id": "174", "hero_name": "虞姬", "kda": "3.42", "pick_cnt": "6", "played": "6", "win_rate": "0.5000" },
    { "avg_assist": "9.75", "avg_ban_seq": "8.0", "avg_bekill": "2.75", "avg_kill": "3.75", "avg_pick_seq": "0.0", "ban_cnt": "2", "gpm": "557", "hero_id": "197", "hero_name": "弈星", "kda": "8.00", "pick_cnt": "4", "played": "4", "win_rate": "0.5000" },
    { "avg_assist": "8.25", "avg_ban_seq": "8.2", "avg_bekill": "2.00", "avg_kill": "2.50", "avg_pick_seq": "0.0", "ban_cnt": "1", "gpm": "663", "hero_id": "136", "hero_name": "武则天", "kda": "5.46", "pick_cnt": "4", "played": "4", "win_rate": "0.5000" },
    { "avg_assist": "2.50", "avg_ban_seq": "8.8", "avg_bekill": "2.75", "avg_kill": "4.00", "avg_pick_seq": "0.0", "ban_cnt": "0", "gpm": "677", "hero_id": "129", "hero_name": "典韦", "kda": "4.08", "pick_cnt": "4", "played": "4", "win_rate": "0.7500" },
    { "avg_assist": "3.50", "avg_ban_seq": "9.4", "avg_bekill": "1.50", "avg_kill": "2.00", "avg_pick_seq": "0.0", "ban_cnt": "1", "gpm": "662", "hero_id": "176", "hero_name": "杨玉环", "kda": "3.29", "pick_cnt": "4", "played": "4", "win_rate": "0.5000" },
    { "avg_assist": "3.33", "avg_ban_seq": "8.2", "avg_bekill": "2.67", "avg_kill": "4.33", "avg_pick_seq": "0.0", "ban_cnt": "1", "gpm": "574", "hero_id": "119", "hero_name": "扁鹊", "kda": "2.78", "pick_cnt": "3", "played": "3", "win_rate": "0.0000" },
    { "avg_assist": "3.33", "avg_ban_seq": "6.6", "avg_bekill": "3.67", "avg_kill": "8.00", "avg_pick_seq": "0.0", "ban_cnt": "11", "gpm": "680", "hero_id": "508", "hero_name": "伽罗", "kda": "2.88", "pick_cnt": "3", "played": "3", "win_rate": "0.3333" },
    { "avg_assist": "2.67", "avg_ban_seq": "8.7", "avg_bekill": "0.67", "avg_kill": "4.00", "avg_pick_seq": "0.0", "ban_cnt": "0", "gpm": "727", "hero_id": "173", "hero_name": "李元芳", "kda": "6.67", "pick_cnt": "3", "played": "3", "win_rate": "0.3333" },
    { "avg_assist": "2.67", "avg_ban_seq": "6.5", "avg_bekill": "2.67", "avg_kill": "0.33", "avg_pick_seq": "0.0", "ban_cnt": "3", "gpm": "517", "hero_id": "113", "hero_name": "庄周", "kda": "1.87", "pick_cnt": "3", "played": "3", "win_rate": "0.3333" },
    { "avg_assist": "3.00", "avg_ban_seq": "6.4", "avg_bekill": "2.33", "avg_kill": "1.67", "avg_pick_seq": "0.0", "ban_cnt": "2", "gpm": "554", "hero_id": "127", "hero_name": "甄姬", "kda": "1.78", "pick_cnt": "3", "played": "3", "win_rate": "0.3333" },
    { "avg_assist": "2.50", "avg_ban_seq": "4.5", "avg_bekill": "4.50", "avg_kill": "5.00", "avg_pick_seq": "0.0", "ban_cnt": "0", "gpm": "644", "hero_id": "146", "hero_name": "露娜", "kda": "2.68", "pick_cnt": "2", "played": "2", "win_rate": "0.5000" },
    { "avg_assist": "4.00", "avg_ban_seq": "7.5", "avg_bekill": "2.00", "avg_kill": "0.50", "avg_pick_seq": "0.0", "ban_cnt": "0", "gpm": "429", "hero_id": "109", "hero_name": "妲己", "kda": "1.50", "pick_cnt": "2", "played": "2", "win_rate": "1.0000" },
    { "avg_assist": "4.50", "avg_ban_seq": "2.5", "avg_bekill": "4.50", "avg_kill": "1.00", "avg_pick_seq": "0.0", "ban_cnt": "0", "gpm": "584", "hero_id": "154", "hero_name": "花木兰", "kda": "1.32", "pick_cnt": "2", "played": "2", "win_rate": "0.0000" },
    { "avg_assist": "4.00", "avg_ban_seq": "10.0", "avg_bekill": "1.50", "avg_kill": "2.50", "avg_pick_seq": "0.0", "ban_cnt": "0", "gpm": "726", "hero_id": "190", "hero_name": "诸葛亮", "kda": "3.50", "pick_cnt": "2", "played": "2", "win_rate": "1.0000" },
    { "avg_assist": "2.00", "avg_ban_seq": "8.7", "avg_bekill": "0.50", "avg_kill": "2.00", "avg_pick_seq": "0.0", "ban_cnt": "1", "gpm": "730", "hero_id": "177", "hero_name": "成吉思汗", "kda": "4.00", "pick_cnt": "2", "played": "2", "win_rate": "0.5000" },
    { "avg_assist": "0.00", "avg_ban_seq": "10.0", "avg_bekill": "1.00", "avg_kill": "0.00", "avg_pick_seq": "0.0", "ban_cnt": "0", "gpm": "306", "hero_id": "142", "hero_name": "安琪拉", "kda": "0.00", "pick_cnt": "1", "played": "1", "win_rate": "0.0000" },
    { "avg_assist": "6.00", "avg_ban_seq": "8.0", "avg_bekill": "3.00", "avg_kill": "1.00", "avg_pick_seq": "0.0", "ban_cnt": "0", "gpm": "434", "hero_id": "505", "hero_name": "瑶", "kda": "2.33", "pick_cnt": "1", "played": "1", "win_rate": "0.0000" },
    { "avg_assist": "2.00", "avg_ban_seq": "7.0", "avg_bekill": "3.00", "avg_kill": "0.00", "avg_pick_seq": "0.0", "ban_cnt": "1", "gpm": "582", "hero_id": "166", "hero_name": "亚瑟", "kda": "0.67", "pick_cnt": "1", "played": "1", "win_rate": "0.0000" },
    { "avg_assist": "4.00", "avg_ban_seq": "5.0", "avg_bekill": "13.00", "avg_kill": "13.00", "avg_pick_seq": "0.0", "ban_cnt": "1", "gpm": "624", "hero_id": "167", "hero_name": "孙悟空", "kda": "1.31", "pick_cnt": "1", "played": "1", "win_rate": "0.0000" },
    { "avg_assist": "0.00", "avg_ban_seq": "8.0", "avg_bekill": "17.00", "avg_kill": "0.00", "avg_pick_seq": "0.0", "ban_cnt": "0", "gpm": "360", "hero_id": "183", "hero_name": "雅典娜", "kda": "0.00", "pick_cnt": "1", "played": "1", "win_rate": "0.0000" },
    { "avg_assist": "5.00", "avg_ban_seq": "3.5", "avg_bekill": "3.00", "avg_kill": "5.00", "avg_pick_seq": "0.0", "ban_cnt": "1", "gpm": "758", "hero_id": "134", "hero_name": "达摩", "kda": "3.33", "pick_cnt": "1", "played": "1", "win_rate": "1.0000" },
    { "avg_assist": "2.00", "avg_ban_seq": "8.0", "avg_bekill": "2.00", "avg_kill": "1.00", "avg_pick_seq": "0.0", "ban_cnt": "0", "gpm": "622", "hero_id": "169", "hero_name": "后羿", "kda": "1.50", "pick_cnt": "1", "played": "1", "win_rate": "0.0000" },
    { "avg_assist": "3.00", "avg_ban_seq": "7.5", "avg_bekill": "3.00", "avg_kill": "3.00", "avg_pick_seq": "0.0", "ban_cnt": "1", "gpm": "618", "hero_id": "137", "hero_name": "司马懿", "kda": "2.00", "pick_cnt": "1", "played": "1", "win_rate": "0.0000" },
    { "avg_assist": "8.00", "avg_ban_seq": "8.0", "avg_bekill": "1.00", "avg_kill": "4.00", "avg_pick_seq": "0.0", "ban_cnt": "0", "gpm": "713", "hero_id": "115", "hero_name": "高渐离", "kda": "12.00", "pick_cnt": "1", "played": "1", "win_rate": "1.0000" },
    { "avg_assist": "6.00", "avg_ban_seq": "2.0", "avg_bekill": "9.00", "avg_kill": "11.00", "avg_pick_seq": "0.0", "ban_cnt": "1", "gpm": "521", "hero_id": "116", "hero_name": "阿轲", "kda": "1.89", "pick_cnt": "1", "played": "1", "win_rate": "1.0000" },
    { "avg_assist": "0.00", "avg_ban_seq": "7.0", "avg_bekill": "1.00", "avg_kill": "0.00", "avg_pick_seq": "0.0", "ban_cnt": "1", "gpm": "493", "hero_id": "130", "hero_name": "宫本武藏", "kda": "0.00", "pick_cnt": "1", "played": "1", "win_rate": "0.0000" },
    { "avg_assist": "0.00", "avg_ban_seq": "8.0", "avg_bekill": "0.00", "avg_kill": "0.00", "avg_pick_seq": "0.0", "ban_cnt": "1", "gpm": "0", "hero_id": "501", "hero_name": "明世隐", "kda": "0.00", "pick_cnt": "0", "played": "0", "win_rate": "0.0000" },
    { "avg_assist": "0.00", "avg_ban_seq": "3.0", "avg_bekill": "0.00", "avg_kill": "0.00", "avg_pick_seq": "0.0", "ban_cnt": "1", "gpm": "0", "hero_id": "175", "hero_name": "钟馗", "kda": "0.00", "pick_cnt": "0", "played": "0", "win_rate": "0.0000" },
    { "avg_assist": "0.00", "avg_ban_seq": "5.0", "avg_bekill": "0.00", "avg_kill": "0.00", "avg_pick_seq": "0.0", "ban_cnt": "1", "gpm": "0", "hero_id": "192", "hero_name": "黄忠", "kda": "0.00", "pick_cnt": "0", "played": "0", "win_rate": "0.0000" }
]