[
    { "hero_id": "112", "hero_name": "鲁班七号" },
    { "hero_id": "114", "hero_name": "刘禅" },
    { "hero_id": "117", "hero_name": "钟无艳" },
    { "hero_id": "150", "hero_name": "韩信" },
    { "hero_id": "155", "hero_name": "艾琳" },
    { "hero_id": "170", "hero_name": "刘备" },
    { "hero_id": "179", "hero_name": "女娲" },
    { "hero_id": "180", "hero_name": "哪吒" },
    { "hero_id": "504", "hero_name": "米莱狄" },
    { "hero_id": "518", "hero_name": "马超" },
    { "hero_id": "523", "hero_name": "西施" },
    { "hero_id": "525", "hero_name": "鲁班大师" }
]