[
    { "avg_assist": "5.14", "avg_bekill": "2.16", "avg_kill": "5.54", "gpm": "721", "kda": "7.05", "name": "eStarPro.花海", "openid": "6317ACA4810A9CE2501FA24B0050C02F", "played": "37", "rating": "5.60", "total_kill": "205", "win_rate": "0.6486", "xpm": "893" },
    { "avg_assist": "6.73", "avg_bekill": "2.05", "avg_kill": "3.51", "gpm": "673", "kda": "6.47", "name": "eStarPro.Cat", "openid": "A25A35A18EE5DC93117789871D929E83", "played": "37", "rating": "5.60", "total_kill": "130", "win_rate": "0.6486", "xpm": "859" },
    { "avg_assist": "5.43", "avg_bekill": "2.11", "avg_kill": "2.84", "gpm": "667", "kda": "5.45", "name": "eStarPro.诺言", "openid": "CFD5FB9589587760CD3C44425C336E21", "played": "37", "rating": "5.60", "total_kill": "105", "win_rate": "0.6486", "xpm": "862" },
    { "avg_assist": "9.17", "avg_bekill": "2.08", "avg_kill": "0.75", "gpm": "436", "kda": "6.44", "name": "eStarPro.无铭", "openid": "BB176EBA5A040011260420E47F5D8D6C", "played": "36", "rating": "5.60", "total_kill": "27", "win_rate": "0.6667", "xpm": "797" },
    { "avg_assist": "6.03", "avg_bekill": "2.11", "avg_kill": "1.81", "gpm": "585", "kda": "5.37", "name": "eStarPro.Alan", "openid": "E5D1C89DE8A875B1187141E8BF55764B", "played": "36", "rating": "5.60", "total_kill": "65", "win_rate": "0.6667", "xpm": "835" },
    { "avg_assist": "6.94", "avg_bekill": "2.23", "avg_kill": "1.17", "gpm": "424", "kda": "4.89", "name": "RW侠.Chengkun", "openid": "9D87D9863D32421E8C9F6249E76CC60B", "played": "35", "rating": "5.60", "total_kill": "41", "win_rate": "0.7714", "xpm": "807" },
    { "avg_assist": "4.17", "avg_bekill": "2.11", "avg_kill": "3.46", "gpm": "707", "kda": "5.10", "name": "RW侠.Djie", "openid": "8DE9AA986DBA66F6F9D813357E61D7C3", "played": "35", "rating": "5.60", "total_kill": "121", "win_rate": "0.7714", "xpm": "921" },
    { "avg_assist": "5.37", "avg_bekill": "1.29", "avg_kill": "3.46", "gpm": "684", "kda": "7.20", "name": "RW侠.Yguo", "openid": "F20A79CABDFBFD552C72E1E72379A885", "played": "35", "rating": "5.60", "total_kill": "121", "win_rate": "0.7714", "xpm": "898" },
    { "avg_assist": "6.14", "avg_bekill": "2.17", "avg_kill": "1.77", "gpm": "587", "kda": "4.76", "name": "RW侠.Dnan", "openid": "1B21D19644EBED5C05E13E37C648697D", "played": "35", "rating": "5.60", "total_kill": "62", "win_rate": "0.7714", "xpm": "878" },
    { "avg_assist": "4.97", "avg_bekill": "1.66", "avg_kill": "3.37", "gpm": "675", "kda": "6.30", "name": "RW侠.Hmanlou", "openid": "B35B984A6AB21068B8FB77267735F93A", "played": "35", "rating": "5.60", "total_kill": "118", "win_rate": "0.7714", "xpm": "933" },
    { "avg_assist": "6.68", "avg_bekill": "3.55", "avg_kill": "1.10", "gpm": "415", "kda": "3.28", "name": "Hero.最初", "openid": "75A0E028EC2BF9D41710669411CD19F8", "played": "31", "rating": "5.60", "total_kill": "34", "win_rate": "0.5484", "xpm": "772" },
    { "avg_assist": "4.84", "avg_bekill": "2.65", "avg_kill": "2.16", "gpm": "613", "kda": "4.25", "name": "Hero.尘夏", "openid": "DBB1AA4588256E9DF8DEA01D8286A0CE", "played": "31", "rating": "5.60", "total_kill": "67", "win_rate": "0.5484", "xpm": "851" },
    { "avg_assist": "5.10", "avg_bekill": "3.10", "avg_kill": "2.90", "gpm": "620", "kda": "3.80", "name": "Hero.久龙", "openid": "5DE81E7A60330EC8E695CF286441E468", "played": "31", "rating": "5.60", "total_kill": "90", "win_rate": "0.5484", "xpm": "868" },
    { "avg_assist": "4.84", "avg_bekill": "1.65", "avg_kill": "2.45", "gpm": "691", "kda": "5.21", "name": "Hero.柠栀", "openid": "A7AAD11E26643813D72EFEBD3B0EBD28", "played": "31", "rating": "5.60", "total_kill": "76", "win_rate": "0.5484", "xpm": "881" },
    { "avg_assist": "5.55", "avg_bekill": "2.13", "avg_kill": "3.71", "gpm": "688", "kda": "6.39", "name": "Hero.久诚", "openid": "919D5E5E2A9039A5E7393859C9B4E012", "played": "31", "rating": "5.60", "total_kill": "115", "win_rate": "0.5484", "xpm": "874" },
    { "avg_assist": "4.43", "avg_bekill": "2.67", "avg_kill": "3.23", "gpm": "695", "kda": "4.47", "name": "RNGM.虔诚", "openid": "F1BCCA006C3701F765FD5D8AE9DC349F", "played": "30", "rating": "5.60", "total_kill": "97", "win_rate": "0.4667", "xpm": "910" },
    { "avg_assist": "5.00", "avg_bekill": "1.97", "avg_kill": "3.03", "gpm": "632", "kda": "5.26", "name": "RNGM.暴风锐", "openid": "C33F4D32C03321DF09F884E61C01394E", "played": "30", "rating": "5.60", "total_kill": "91", "win_rate": "0.4667", "xpm": "864" },
    { "avg_assist": "6.83", "avg_bekill": "3.27", "avg_kill": "0.87", "gpm": "406", "kda": "4.22", "name": "RNGM.Zero", "openid": "558B8536033B16FEC1FF02F3E02FC1D1", "played": "30", "rating": "5.60", "total_kill": "26", "win_rate": "0.4667", "xpm": "773" },
    { "avg_assist": "3.63", "avg_bekill": "2.03", "avg_kill": "2.50", "gpm": "646", "kda": "4.19", "name": "RNGM.雨雨", "openid": "F87C373893FEE91FC263955B00CA3D0B", "played": "30", "rating": "5.60", "total_kill": "75", "win_rate": "0.4667", "xpm": "871" },
    { "avg_assist": "4.48", "avg_bekill": "1.56", "avg_kill": "2.19", "gpm": "623", "kda": "5.07", "name": "EDGM.轩泽", "openid": "D7DB5C8BF6162962050BC9E35CD000FA", "played": "27", "rating": "5.60", "total_kill": "59", "win_rate": "0.5926", "xpm": "844" },
    { "avg_assist": "4.30", "avg_bekill": "1.96", "avg_kill": "4.11", "gpm": "687", "kda": "5.02", "name": "EDGM.初晨", "openid": "65907C634614595853DF76D9708F0E04", "played": "27", "rating": "5.60", "total_kill": "111", "win_rate": "0.5926", "xpm": "899" },
    { "avg_assist": "5.07", "avg_bekill": "2.07", "avg_kill": "3.30", "gpm": "668", "kda": "4.77", "name": "EDGM.阿澈", "openid": "BDA5D3D8B600DC8ACD800F77FFE41BE0", "played": "27", "rating": "5.60", "total_kill": "89", "win_rate": "0.5926", "xpm": "882" },
    { "avg_assist": "7.04", "avg_bekill": "1.89", "avg_kill": "2.70", "gpm": "636", "kda": "6.48", "name": "EDGM.浪浪", "openid": "B58E5BEB1CAC18ADF1300F9877348CA4", "played": "27", "rating": "5.60", "total_kill": "73", "win_rate": "0.5926", "xpm": "869" },
    { "avg_assist": "8.22", "avg_bekill": "1.74", "avg_kill": "0.78", "gpm": "434", "kda": "6.04", "name": "EDGM.koko", "openid": "91C65C11C1BA16F63A59C4E571394E18", "played": "27", "rating": "5.60", "total_kill": "21", "win_rate": "0.5926", "xpm": "794" },
    { "avg_assist": "4.69", "avg_bekill": "1.46", "avg_kill": "2.12", "gpm": "625", "kda": "5.47", "name": "QGhappy.Fly", "openid": "81AEA3A32BA205D61F400FA612808490", "played": "26", "rating": "5.60", "total_kill": "55", "win_rate": "0.6923", "xpm": "843" },
    { "avg_assist": "4.92", "avg_bekill": "1.42", "avg_kill": "3.23", "gpm": "638", "kda": "6.29", "name": "QGhappy.Mojo", "openid": "73D09DF6368EAA1198B9B43DCDCA8536", "played": "26", "rating": "5.60", "total_kill": "84", "win_rate": "0.6923", "xpm": "867" },
    { "avg_assist": "5.00", "avg_bekill": "1.27", "avg_kill": "2.85", "gpm": "712", "kda": "6.18", "name": "QGhappy.Hurt", "openid": "B8982198AC67B048D317C07DE73F4962", "played": "26", "rating": "5.60", "total_kill": "74", "win_rate": "0.6923", "xpm": "889" },
    { "avg_assist": "4.38", "avg_bekill": "2.23", "avg_kill": "2.58", "gpm": "627", "kda": "4.09", "name": "QGhappy.Hico", "openid": "1C77895A57EEE438D8E366DD45E79F62", "played": "26", "rating": "5.60", "total_kill": "67", "win_rate": "0.6923", "xpm": "866" },
    { "avg_assist": "6.92", "avg_bekill": "1.50", "avg_kill": "1.04", "gpm": "435", "kda": "5.62", "name": "QGhappy.Snow", "openid": "9C0EBC8C5FDAB2B947FE66D477F1F683", "played": "26", "rating": "5.60", "total_kill": "27", "win_rate": "0.6923", "xpm": "798" },
    { "avg_assist": "6.56", "avg_bekill": "2.80", "avg_kill": "0.52", "gpm": "395", "kda": "3.19", "name": "GOG.MyJun", "openid": "3773B33EEDA68EF7D9CE1BD2E1B0D28B", "played": "25", "rating": "5.60", "total_kill": "13", "win_rate": "0.4000", "xpm": "712" },
    { "avg_assist": "3.88", "avg_bekill": "1.80", "avg_kill": "1.88", "gpm": "591", "kda": "3.74", "name": "GOG.MTS", "openid": "188D6067A84E8A2F39E1EE9B70CBC6A0", "played": "25", "rating": "5.60", "total_kill": "47", "win_rate": "0.4000", "xpm": "782" },
    { "avg_assist": "3.88", "avg_bekill": "1.68", "avg_kill": "2.96", "gpm": "695", "kda": "4.53", "name": "GOG.Yilian", "openid": "741E66A4E4BCEB1B6B2C881174B96FE3", "played": "25", "rating": "5.60", "total_kill": "74", "win_rate": "0.4000", "xpm": "812" },
    { "avg_assist": "4.56", "avg_bekill": "2.00", "avg_kill": "2.52", "gpm": "648", "kda": "3.94", "name": "GOG.RainMan", "openid": "5FF0416C4E631BD443397D6E4D6B6F0C", "played": "25", "rating": "5.60", "total_kill": "63", "win_rate": "0.4000", "xpm": "803" },
    { "avg_assist": "3.21", "avg_bekill": "1.25", "avg_kill": "3.58", "gpm": "732", "kda": "5.14", "name": "NOVA.Redeem", "openid": "40752648B27C20E928CE042D54B15F85", "played": "24", "rating": "5.60", "total_kill": "86", "win_rate": "0.5000", "xpm": "920" },
    { "avg_assist": "3.79", "avg_bekill": "3.29", "avg_kill": "1.88", "gpm": "527", "kda": "2.12", "name": "GOG.DAT", "openid": "A98B4434ECB21D41C16A41B86D7C132B", "played": "24", "rating": "5.60", "total_kill": "45", "win_rate": "0.3750", "xpm": "776" },
    { "avg_assist": "3.67", "avg_bekill": "2.46", "avg_kill": "1.75", "gpm": "545", "kda": "2.93", "name": "NOVA.RG", "openid": "27232825C8609BBE72C817282CAC1294", "played": "24", "rating": "5.60", "total_kill": "42", "win_rate": "0.5000", "xpm": "856" },
    { "avg_assist": "5.83", "avg_bekill": "2.54", "avg_kill": "0.54", "gpm": "386", "kda": "3.42", "name": "NOVA.Xian", "openid": "DE82A71D2BBEB0DBEF02BA1C781B92F3", "played": "24", "rating": "5.60", "total_kill": "13", "win_rate": "0.5000", "xpm": "754" },
    { "avg_assist": "4.71", "avg_bekill": "2.43", "avg_kill": "1.71", "gpm": "577", "kda": "3.68", "name": "RNGM.凉晨", "openid": "5BD6D8E9DEB9362CC60A568244A18625", "played": "21", "rating": "5.60", "total_kill": "36", "win_rate": "0.5714", "xpm": "858" },
    { "avg_assist": "3.70", "avg_bekill": "2.20", "avg_kill": "1.95", "gpm": "636", "kda": "3.18", "name": "NOVA.Yueli", "openid": "62E9F93C932D0FD50F99B939D599B293", "played": "20", "rating": "5.60", "total_kill": "39", "win_rate": "0.5500", "xpm": "866" },
    { "avg_assist": "3.26", "avg_bekill": "2.11", "avg_kill": "2.63", "gpm": "671", "kda": "3.11", "name": "EMC.AOLIN", "openid": "0AA7F781C7D181A9072C32A3CD5B2F80", "played": "19", "rating": "5.60", "total_kill": "50", "win_rate": "0.3684", "xpm": "814" },
    { "avg_assist": "4.68", "avg_bekill": "1.68", "avg_kill": "1.79", "gpm": "589", "kda": "3.77", "name": "NOVA.Zen", "openid": "6699042C741DBB744DC52F5587E03F48", "played": "19", "rating": "5.60", "total_kill": "34", "win_rate": "0.5263", "xpm": "842" },
    { "avg_assist": "3.89", "avg_bekill": "2.63", "avg_kill": "3.79", "gpm": "722", "kda": "4.32", "name": "EMC.AJIU", "openid": "5B49C57B2CB153A62A1914D2598E7987", "played": "19", "rating": "5.60", "total_kill": "72", "win_rate": "0.3684", "xpm": "857" },
    { "avg_assist": "4.42", "avg_bekill": "2.58", "avg_kill": "1.79", "gpm": "546", "kda": "3.36", "name": "EMC.CHU", "openid": "8D594C38125641BF2C455BB7C7A437E7", "played": "19", "rating": "5.60", "total_kill": "34", "win_rate": "0.3684", "xpm": "787" },
    { "avg_assist": "7.00", "avg_bekill": "3.44", "avg_kill": "0.89", "gpm": "418", "kda": "3.39", "name": "EMC.COLA", "openid": "BC0AA2741852ACAF9F90EBBD24569343", "played": "18", "rating": "5.60", "total_kill": "16", "win_rate": "0.3889", "xpm": "747" },
    { "avg_assist": "4.12", "avg_bekill": "2.88", "avg_kill": "0.35", "gpm": "372", "kda": "2.24", "name": "KZ.770", "openid": "646CAD1B629DD3DE2569986E43CA132E", "played": "17", "rating": "5.60", "total_kill": "6", "win_rate": "0.1176", "xpm": "701" },
    { "avg_assist": "3.53", "avg_bekill": "1.59", "avg_kill": "1.71", "gpm": "611", "kda": "3.86", "name": "ROX.Glow", "openid": "77DDAE83E3386784880B5A253B9C4AA2", "played": "17", "rating": "5.60", "total_kill": "29", "win_rate": "0.2353", "xpm": "840" },
    { "avg_assist": "3.12", "avg_bekill": "2.94", "avg_kill": "1.59", "gpm": "551", "kda": "1.95", "name": "ROX.Hasome", "openid": "A04CF3032068D16906A34AFC081C6519", "played": "17", "rating": "5.60", "total_kill": "27", "win_rate": "0.2353", "xpm": "831" },
    { "avg_assist": "2.12", "avg_bekill": "2.12", "avg_kill": "2.94", "gpm": "640", "kda": "3.16", "name": "ROX.Do", "openid": "1B68BD882E343D6008DB116555016A4B", "played": "17", "rating": "5.60", "total_kill": "50", "win_rate": "0.2353", "xpm": "878" },
    { "avg_assist": "3.53", "avg_bekill": "1.35", "avg_kill": "0.94", "gpm": "573", "kda": "3.37", "name": "ROX.Salem", "openid": "98B86CDFC7F72D23D9BA59502A645E1B", "played": "17", "rating": "5.60", "total_kill": "16", "win_rate": "0.2353", "xpm": "832" },
    { "avg_assist": "2.59", "avg_bekill": "2.41", "avg_kill": "1.94", "gpm": "626", "kda": "2.32", "name": "KZ.XingC", "openid": "32DA367C8FB2A46F7E532BCF690AA352", "played": "17", "rating": "5.60", "total_kill": "33", "win_rate": "0.1176", "xpm": "858" },
    { "avg_assist": "2.82", "avg_bekill": "3.00", "avg_kill": "1.35", "gpm": "512", "kda": "2.00", "name": "KZ.JY", "openid": "AA60587C5DD214D999AB2FDA7AEAF923", "played": "17", "rating": "5.60", "total_kill": "23", "win_rate": "0.1176", "xpm": "792" },
    { "avg_assist": "5.24", "avg_bekill": "3.82", "avg_kill": "0.35", "gpm": "385", "kda": "2.53", "name": "ROX.Fey", "openid": "983F810CDF32871DCCF9570E7C741A74", "played": "17", "rating": "5.60", "total_kill": "6", "win_rate": "0.2353", "xpm": "738" },
    { "avg_assist": "2.88", "avg_bekill": "1.94", "avg_kill": "1.94", "gpm": "568", "kda": "2.82", "name": "KZ.Core", "openid": "0CF8FF32F624D8087A31B331D8241288", "played": "17", "rating": "5.60", "total_kill": "33", "win_rate": "0.1176", "xpm": "812" },
    { "avg_assist": "2.00", "avg_bekill": "2.38", "avg_kill": "1.94", "gpm": "628", "kda": "1.96", "name": "VSG.MidHeart", "openid": "CDC44FD5B99951C2ACFF9D369FAB0D97", "played": "16", "rating": "5.60", "total_kill": "31", "win_rate": "0.0625", "xpm": "830" },
    { "avg_assist": "2.56", "avg_bekill": "2.31", "avg_kill": "1.25", "gpm": "536", "kda": "2.42", "name": "VSG.Flare", "openid": "A15C4053D28F4670C159F7F442C86E60", "played": "16", "rating": "5.60", "total_kill": "20", "win_rate": "0.0625", "xpm": "751" },
    { "avg_assist": "1.56", "avg_bekill": "2.31", "avg_kill": "1.00", "gpm": "548", "kda": "1.43", "name": "VSG.Sign", "openid": "FB44826A9D9E5D9EAF959C8F9E2C8A2E", "played": "16", "rating": "5.60", "total_kill": "16", "win_rate": "0.0625", "xpm": "752" },
    { "avg_assist": "3.12", "avg_bekill": "3.19", "avg_kill": "0.19", "gpm": "387", "kda": "1.31", "name": "VSG.Merryday", "openid": "60A590DF9C71B57E561D64F160908148", "played": "16", "rating": "5.60", "total_kill": "3", "win_rate": "0.0625", "xpm": "659" },
    { "avg_assist": "1.88", "avg_bekill": "2.81", "avg_kill": "1.25", "gpm": "550", "kda": "1.16", "name": "VSG.Hamzzi", "openid": "E838C12F95ED85F62C133B67BD41FE9B", "played": "16", "rating": "5.60", "total_kill": "20", "win_rate": "0.0625", "xpm": "787" },
    { "avg_assist": "3.92", "avg_bekill": "2.67", "avg_kill": "1.17", "gpm": "545", "kda": "2.59", "name": "EMC.LUIS", "openid": "BE7D85D56717EB986621A2DC1C023D92", "played": "12", "rating": "5.60", "total_kill": "14", "win_rate": "0.5000", "xpm": "776" },
    { "avg_assist": "2.33", "avg_bekill": "2.67", "avg_kill": "0.67", "gpm": "516", "kda": "1.20", "name": "KZ.Horror", "openid": "5A72F860F03B7B8C7B78D2BC76D99D47", "played": "9", "rating": "5.60", "total_kill": "6", "win_rate": "0.0000", "xpm": "785" },
    { "avg_assist": "3.25", "avg_bekill": "3.50", "avg_kill": "1.38", "gpm": "576", "kda": "1.35", "name": "KZ.Night", "openid": "E8FC931D70DA1033BA5BA2ACA1BA2798", "played": "8", "rating": "5.60", "total_kill": "11", "win_rate": "0.2500", "xpm": "829" },
    { "avg_assist": "4.88", "avg_bekill": "3.38", "avg_kill": "1.12", "gpm": "511", "kda": "3.76", "name": "RNGM.白羽", "openid": "A049E8AD4D0DADA9666712ECAD02197A", "played": "8", "rating": "5.60", "total_kill": "9", "win_rate": "0.2500", "xpm": "778" },
    { "avg_assist": "5.29", "avg_bekill": "2.57", "avg_kill": "1.29", "gpm": "595", "kda": "3.36", "name": "EMC.ACE", "openid": "4C104860FEADB3B27F3E201AFBADEFED", "played": "7", "rating": "5.60", "total_kill": "9", "win_rate": "0.1429", "xpm": "853" },
    { "avg_assist": "3.00", "avg_bekill": "2.60", "avg_kill": "2.00", "gpm": "564", "kda": "2.69", "name": "NOVA.SeeK", "openid": "C426832CC5F8DDAAAFB9BB5C56AEB9E2", "played": "5", "rating": "5.60", "total_kill": "10", "win_rate": "0.4000", "xpm": "861" },
    { "avg_assist": "3.00", "avg_bekill": "2.25", "avg_kill": "2.00", "gpm": "542", "kda": "3.35", "name": "NOVA.Tension", "openid": "E442102CCC45173151EAD7BFD947EFBE", "played": "4", "rating": "5.60", "total_kill": "8", "win_rate": "0.2500", "xpm": "855" },
    { "avg_assist": "8.00", "avg_bekill": "5.00", "avg_kill": "3.00", "gpm": "577", "kda": "2.20", "name": "RNGM.阿斗", "openid": "7503ED3251B5BC34300A633DA95F7070", "played": "1", "rating": "5.60", "total_kill": "3", "win_rate": "0.0000", "xpm": "1017" },
    { "avg_assist": "0.00", "avg_bekill": "1.00", "avg_kill": "0.00", "gpm": "306", "kda": "0.00", "name": "eStarPro.无心", "openid": "F7E2ECFD7976D8FE5253CEA2909ACA39", "played": "1", "rating": "5.60", "total_kill": "0", "win_rate": "0.0000", "xpm": "160" },
    { "avg_assist": "3.00", "avg_bekill": "2.00", "avg_kill": "1.00", "gpm": "375", "kda": "2.00", "name": "EMC.MOON", "openid": "5D17C73BAE12C3FE940306D9BD8FBF68", "played": "1", "rating": "5.60", "total_kill": "1", "win_rate": "0.0000", "xpm": "689" },
    { "avg_assist": "0.00", "avg_bekill": "0.00", "avg_kill": "0.00", "gpm": "356", "kda": "0.00", "name": "eStarPro.兮兮", "openid": "68346659D82EE54099EA1A1FAD4F6B9A", "played": "1", "rating": "5.60", "total_kill": "0", "win_rate": "0.0000", "xpm": "222" },
    { "avg_assist": "2.00", "avg_bekill": "0.00", "avg_kill": "0.00", "gpm": "343", "kda": "2.00", "name": "GOG.Dan", "openid": "00C07E6D3EE39B0EE2D192A878901E90", "played": "1", "rating": "5.60", "total_kill": "0", "win_rate": "1.0000", "xpm": "183" }
]