[
    { "ban_heros": "511|529|312|515", "camp": "2", "game_label": "119250", "game_time": "2019-07-10 12:30:56", "is_win": "0", "kill_cnt": "5", "pick_heros": "163|132|171|193|152", "team_id": "69", "team_name": "ROX" },
    { "ban_heros": "509|148|513|140", "camp": "1", "game_label": "119250", "game_time": "2019-07-10 12:30:57", "is_win": "1", "kill_cnt": "11", "pick_heros": "123|199|118|510|141", "team_id": "38", "team_name": "RNG.M" },
    { "ban_heros": "199|123|189|153", "camp": "2", "game_label": "119250", "game_time": "2019-07-10 13:13:42", "is_win": "1", "kill_cnt": "25", "pick_heros": "148|511|194|162|139", "team_id": "38", "team_name": "RNG.M" },
    { "ban_heros": "509|132|133|195", "camp": "1", "game_label": "119250", "game_time": "2019-07-10 13:13:43", "is_win": "0", "kill_cnt": "2", "pick_heros": "529|502|513|183|121", "team_id": "69", "team_name": "ROX" },
    { "ban_heros": "148|509|191|118", "camp": "1", "game_label": "119250", "game_time": "2019-07-10 13:42:26", "is_win": "1", "kill_cnt": "9", "pick_heros": "186|144|133|515|153", "team_id": "38", "team_name": "RNG.M" },
    { "ban_heros": "529|132|140|193", "camp": "2", "game_label": "119250", "game_time": "2019-07-10 13:42:26", "is_win": "0", "kill_cnt": "8", "pick_heros": "510|511|199|312|194", "team_id": "69", "team_name": "ROX" },
    { "ban_heros": "148|118|140|139", "camp": "2", "game_label": "119251", "game_time": "2019-07-10 17:22:18", "is_win": "1", "kill_cnt": "9", "pick_heros": "163|186|132|510|515", "team_id": "78", "team_name": "GOG" },
    { "ban_heros": "509|123|513|157", "camp": "1", "game_label": "119251", "game_time": "2019-07-10 17:22:18", "is_win": "0", "kill_cnt": "4", "pick_heros": "529|199|171|312|193", "team_id": "79", "team_name": "VSG" },
    { "ban_heros": "529|196|153|513", "camp": "2", "game_label": "119251", "game_time": "2019-07-10 17:59:02", "is_win": "0", "kill_cnt": "4", "pick_heros": "511|148|507|162|125", "team_id": "79", "team_name": "VSG" },
    { "ban_heros": "163|132|506|195", "camp": "1", "game_label": "119251", "game_time": "2019-07-10 17:59:03", "is_win": "1", "kill_cnt": "13", "pick_heros": "123|189|199|312|107", "team_id": "78", "team_name": "GOG" },
    { "ban_heros": "163|123|515|196", "camp": "2", "game_label": "119251", "game_time": "2019-07-10 18:39:28", "is_win": "1", "kill_cnt": "12", "pick_heros": "509|128|153|182|177", "team_id": "78", "team_name": "GOG" },
    { "ban_heros": "529|148|133|513", "camp": "1", "game_label": "119251", "game_time": "2019-07-10 18:39:28", "is_win": "0", "kill_cnt": "5", "pick_heros": "186|195|139|152|503", "team_id": "79", "team_name": "VSG" },
    { "ban_heros": "529|148|513|186", "camp": "2", "game_label": "119252", "game_time": "2019-07-10 19:35:20", "is_win": "0", "kill_cnt": "3", "pick_heros": "118|199|121|178|125", "team_id": "45", "team_name": "Hero久竞" },
    { "ban_heros": "509|132|141|508", "camp": "1", "game_label": "119252", "game_time": "2019-07-10 19:35:21", "is_win": "1", "kill_cnt": "17", "pick_heros": "123|139|506|184|197", "team_id": "13", "team_name": "eStar" },
    { "ban_heros": "123|162|193|312", "camp": "2", "game_label": "119252", "game_time": "2019-07-10 20:06:03", "is_win": "0", "kill_cnt": "17", "pick_heros": "148|194|140|503|502", "team_id": "13", "team_name": "eStar" },
    { "ban_heros": "195|511|131|199", "camp": "1", "game_label": "119252", "game_time": "2019-07-10 20:06:05", "is_win": "1", "kill_cnt": "19", "pick_heros": "509|132|529|507|141", "team_id": "45", "team_name": "Hero久竞" },
    { "ban_heros": "529|511|141|199", "camp": "2", "game_label": "119252", "game_time": "2019-07-10 20:50:18", "is_win": "1", "kill_cnt": "28", "pick_heros": "194|123|139|312|131", "team_id": "45", "team_name": "Hero久竞" },
    { "ban_heros": "148|196|197|513", "camp": "1", "game_label": "119252", "game_time": "2019-07-10 20:50:21", "is_win": "0", "kill_cnt": "16", "pick_heros": "163|193|118|121|133", "team_id": "13", "team_name": "eStar" },
    { "ban_heros": "148|511|502|195", "camp": "2", "game_label": "119252", "game_time": "2019-07-10 21:37:46", "is_win": "1", "kill_cnt": "25", "pick_heros": "509|132|141|510|149", "team_id": "13", "team_name": "eStar" },
    { "ban_heros": "529|199|153|128", "camp": "1", "game_label": "119252", "game_time": "2019-07-10 21:37:49", "is_win": "0", "kill_cnt": "13", "pick_heros": "126|140|152|162|187", "team_id": "45", "team_name": "Hero久竞" },
    { "ban_heros": "511|529|507|128", "camp": "2", "game_label": "119252", "game_time": "2019-07-10 22:10:34", "is_win": "0", "kill_cnt": "14", "pick_heros": "144|186|502|135|157", "team_id": "45", "team_name": "Hero久竞" },
    { "ban_heros": "148|196|156|515", "camp": "1", "game_label": "119252", "game_time": "2019-07-10 22:10:38", "is_win": "1", "kill_cnt": "28", "pick_heros": "171|513|199|198|153", "team_id": "13", "team_name": "eStar" },
    { "ban_heros": "148|509|141|508", "camp": "2", "game_label": "119253", "game_time": "2019-07-11 12:33:35", "is_win": "1", "kill_cnt": "15", "pick_heros": "186|502|515|503|140", "team_id": "26", "team_name": "EDG.M" },
    { "ban_heros": "529|123|196|128", "camp": "1", "game_label": "119253", "game_time": "2019-07-11 12:33:35", "is_win": "0", "kill_cnt": "3", "pick_heros": "163|511|189|132|124", "team_id": "81", "team_name": "NOVA" },
    { "ban_heros": "148|511|131|125", "camp": "2", "game_label": "119253", "game_time": "2019-07-11 13:11:45", "is_win": "0", "kill_cnt": "3", "pick_heros": "510|186|140|106|195", "team_id": "81", "team_name": "NOVA" },
    { "ban_heros": "509|529|141|513", "camp": "1", "game_label": "119253", "game_time": "2019-07-11 13:11:46", "is_win": "1", "kill_cnt": "11", "pick_heros": "123|199|191|312|144", "team_id": "26", "team_name": "EDG.M" },
    { "ban_heros": "509|529|153|107", "camp": "2", "game_label": "119253", "game_time": "2019-07-11 13:46:41", "is_win": "0", "kill_cnt": "7", "pick_heros": "511|506|141|139|184", "team_id": "26", "team_name": "EDG.M" },
    { "ban_heros": "163|148|118|194", "camp": "1", "game_label": "119253", "game_time": "2019-07-11 13:46:42", "is_win": "1", "kill_cnt": "11", "pick_heros": "171|123|199|502|513", "team_id": "81", "team_name": "NOVA" },
    { "ban_heros": "132|194|171|168", "camp": "2", "game_label": "119253", "game_time": "2019-07-11 14:21:19", "is_win": "0", "kill_cnt": "10", "pick_heros": "529|196|515|105|193", "team_id": "81", "team_name": "NOVA" },
    { "ban_heros": "509|133|153|503", "camp": "1", "game_label": "119253", "game_time": "2019-07-11 14:21:20", "is_win": "1", "kill_cnt": "18", "pick_heros": "148|121|162|507|126", "team_id": "26", "team_name": "EDG.M" },
    { "ban_heros": "148|171|515|513", "camp": "2", "game_label": "119254", "game_time": "2019-07-11 17:19:41", "is_win": "0", "kill_cnt": "3", "pick_heros": "163|511|199|152|189", "team_id": "53", "team_name": "KZ" },
    { "ban_heros": "509|123|118|312", "camp": "1", "game_label": "119254", "game_time": "2019-07-11 17:19:41", "is_win": "1", "kill_cnt": "12", "pick_heros": "529|194|132|106|144", "team_id": "38", "team_name": "RNG.M" },
    { "ban_heros": "132|123|141|312", "camp": "2", "game_label": "119254", "game_time": "2019-07-11 18:04:25", "is_win": "1", "kill_cnt": "13", "pick_heros": "186|511|133|163|108", "team_id": "38", "team_name": "RNG.M" },
    { "ban_heros": "199|148|515|152", "camp": "1", "game_label": "119254", "game_time": "2019-07-11 18:04:25", "is_win": "0", "kill_cnt": "3", "pick_heros": "510|502|194|106|139", "team_id": "53", "team_name": "KZ" },
    { "ban_heros": "148|199|513|141", "camp": "2", "game_label": "119254", "game_time": "2019-07-11 18:32:41", "is_win": "0", "kill_cnt": "8", "pick_heros": "128|144|133|118|124", "team_id": "53", "team_name": "KZ" },
    { "ban_heros": "132|529|186|171", "camp": "1", "game_label": "119254", "game_time": "2019-07-11 18:32:42", "is_win": "1", "kill_cnt": "12", "pick_heros": "123|502|121|515|509", "team_id": "38", "team_name": "RNG.M" },
    { "ban_heros": "163|509|196|157", "camp": "2", "game_label": "119255", "game_time": "2019-07-11 19:30:42", "is_win": "1", "kill_cnt": "10", "pick_heros": "199|510|193|194|125", "team_id": "25", "team_name": "QGhappy" },
    { "ban_heros": "529|148|515|152", "camp": "1", "game_label": "119255", "game_time": "2019-07-11 19:30:42", "is_win": "0", "kill_cnt": "3", "pick_heros": "123|506|186|106|128", "team_id": "79", "team_name": "VSG" },
    { "ban_heros": "148|123|312|157", "camp": "2", "game_label": "119255", "game_time": "2019-07-11 20:06:08", "is_win": "0", "kill_cnt": "3", "pick_heros": "529|132|121|515|189", "team_id": "79", "team_name": "VSG" },
    { "ban_heros": "509|199|141|513", "camp": "1", "game_label": "119255", "game_time": "2019-07-11 20:06:09", "is_win": "1", "kill_cnt": "14", "pick_heros": "163|196|140|186|133", "team_id": "25", "team_name": "QGhappy" },
    { "ban_heros": "163|199|509|194", "camp": "2", "game_label": "119255", "game_time": "2019-07-11 20:34:01", "is_win": "1", "kill_cnt": "14", "pick_heros": "132|123|513|171|107", "team_id": "25", "team_name": "QGhappy" },
    { "ban_heros": "529|153|189|168", "camp": "1", "game_label": "119255", "game_time": "2019-07-11 20:34:01", "is_win": "0", "kill_cnt": "2", "pick_heros": "148|502|507|156|511", "team_id": "79", "team_name": "VSG" },
    { "ban_heros": "509|148|510|515", "camp": "1", "game_label": "119256", "game_time": "2019-07-12 12:26:06", "is_win": "1", "kill_cnt": "10", "pick_heros": "163|502|186|194|157", "team_id": "60", "team_name": "RW侠" },
    { "ban_heros": "511|529|182|140", "camp": "2", "game_label": "119256", "game_time": "2019-07-12 12:26:07", "is_win": "0", "kill_cnt": "3", "pick_heros": "123|199|191|312|178", "team_id": "69", "team_name": "ROX" },
    { "ban_heros": "529|140|144|511", "camp": "2", "game_label": "119256", "game_time": "2019-07-12 12:59:20", "is_win": "1", "kill_cnt": "10", "pick_heros": "199|153|513|139|171", "team_id": "60", "team_name": "RW侠" },
    { "ban_heros": "509|123|507|128", "camp": "1", "game_label": "119256", "game_time": "2019-07-12 12:59:21", "is_win": "0", "kill_cnt": "2", "pick_heros": "148|162|196|166|121", "team_id": "69", "team_name": "ROX" },
    { "ban_heros": "148|529|312|182", "camp": "2", "game_label": "119256", "game_time": "2019-07-12 13:23:53", "is_win": "0", "kill_cnt": "5", "pick_heros": "186|133|510|126|124", "team_id": "69", "team_name": "ROX" },
    { "ban_heros": "509|132|515|144", "camp": "1", "game_label": "119256", "game_time": "2019-07-12 13:23:55", "is_win": "1", "kill_cnt": "10", "pick_heros": "511|506|128|136|168", "team_id": "60", "team_name": "RW侠" },
    { "ban_heros": "509|123|502|140", "camp": "1", "game_label": "119257", "game_time": "2019-07-12 17:21:28", "is_win": "0", "kill_cnt": "2", "pick_heros": "163|132|171|312|126", "team_id": "79", "team_name": "VSG" },
    { "ban_heros": "148|199|141|152", "camp": "2", "game_label": "119257", "game_time": "2019-07-12 17:21:28", "is_win": "1", "kill_cnt": "13", "pick_heros": "529|186|515|193|133", "team_id": "81", "team_name": "NOVA" },
    { "ban_heros": "148|163|502|312", "camp": "2", "game_label": "119257", "game_time": "2019-07-12 18:03:00", "is_win": "0", "kill_cnt": "11", "pick_heros": "194|199|121|510|515", "team_id": "79", "team_name": "VSG" },
    { "ban_heros": "529|509|513|152", "camp": "1", "game_label": "119257", "game_time": "2019-07-12 18:03:00", "is_win": "1", "kill_cnt": "19", "pick_heros": "123|196|168|107|157", "team_id": "81", "team_name": "NOVA" },
    { "ban_heros": "148|163|502|506", "camp": "1", "game_label": "119257", "game_time": "2019-07-12 18:42:17", "is_win": "0", "kill_cnt": "2", "pick_heros": "186|195|193|152|503", "team_id": "79", "team_name": "VSG" },
    { "ban_heros": "529|123|156|120", "camp": "2", "game_label": "119257", "game_time": "2019-07-12 18:42:17", "is_win": "1", "kill_cnt": "14", "pick_heros": "509|511|513|139|132", "team_id": "81", "team_name": "NOVA" },
    { "ban_heros": "529|163|184|152", "camp": "2", "game_label": "119258", "game_time": "2019-07-12 19:39:36", "is_win": "1", "kill_cnt": "10", "pick_heros": "118|123|502|515|128", "team_id": "45", "team_name": "Hero久竞" },
    { "ban_heros": "509|148|141|176", "camp": "1", "game_label": "119258", "game_time": "2019-07-12 19:39:35", "is_win": "0", "kill_cnt": "4", "pick_heros": "510|199|511|124|105", "team_id": "53", "team_name": "KZ" },
    { "ban_heros": "0", "camp": "1", "game_label": "119258", "game_time": "2019-07-12 20:22:51", "is_win": "1", "kill_cnt": "15", "pick_heros": "509|140|162|513|511", "team_id": "45", "team_name": "Hero久竞" },
    { "ban_heros": "0", "camp": "2", "game_label": "119258", "game_time": "2019-07-12 20:22:51", "is_win": "0", "kill_cnt": "5", "pick_heros": "132|529|171|312|149", "team_id": "53", "team_name": "KZ" },
    { "ban_heros": "509|123|196|186", "camp": "2", "game_label": "119258", "game_time": "2019-07-12 20:54:46", "is_win": "1", "kill_cnt": "8", "pick_heros": "510|194|312|132|507", "team_id": "45", "team_name": "Hero久竞" },
    { "ban_heros": "148|529|153|199", "camp": "1", "game_label": "119258", "game_time": "2019-07-12 20:54:47", "is_win": "0", "kill_cnt": "2", "pick_heros": "163|193|152|184|133", "team_id": "53", "team_name": "KZ" },
    { "ban_heros": "509|186|193|162", "camp": "1", "game_label": "119259", "game_time": "2019-07-13 12:31:57", "is_win": "0", "kill_cnt": "5", "pick_heros": "529|513|168|508|139", "team_id": "57", "team_name": "EMC" },
    { "ban_heros": "123|511|153|502", "camp": "2", "game_label": "119259", "game_time": "2019-07-13 12:31:57", "is_win": "1", "kill_cnt": "11", "pick_heros": "163|148|515|199|120", "team_id": "81", "team_name": "NOVA" },
    { "ban_heros": "529|509|141|508", "camp": "2", "game_label": "119259", "game_time": "2019-07-13 13:01:59", "is_win": "0", "kill_cnt": "15", "pick_heros": "186|132|515|511|153", "team_id": "57", "team_name": "EMC" },
    { "ban_heros": "148|163|510|506", "camp": "1", "game_label": "119259", "game_time": "2019-07-13 13:02:00", "is_win": "1", "kill_cnt": "22", "pick_heros": "123|118|502|124|193", "team_id": "81", "team_name": "NOVA" },
    { "ban_heros": "148|199|162|133", "camp": "2", "game_label": "119259", "game_time": "2019-07-13 13:34:54", "is_win": "1", "kill_cnt": "13", "pick_heros": "511|195|105|121|125", "team_id": "81", "team_name": "NOVA" },
    { "ban_heros": "186|529|139|128", "camp": "1", "game_label": "119259", "game_time": "2019-07-13 13:34:55", "is_win": "0", "kill_cnt": "7", "pick_heros": "509|152|123|502|503", "team_id": "57", "team_name": "EMC" },
    { "ban_heros": "529|163|140|196", "camp": "2", "game_label": "119260", "game_time": "2019-07-13 17:18:53", "is_win": "1", "kill_cnt": "13", "pick_heros": "194|148|199|153|121", "team_id": "25", "team_name": "QGhappy" },
    { "ban_heros": "509|515|139|144", "camp": "1", "game_label": "119260", "game_time": "2019-07-13 17:18:54", "is_win": "0", "kill_cnt": "10", "pick_heros": "123|168|513|174|510", "team_id": "78", "team_name": "GOG" },
    { "ban_heros": "148|132|199|141", "camp": "1", "game_label": "119260", "game_time": "2019-07-13 17:56:31", "is_win": "0", "kill_cnt": "9", "pick_heros": "511|152|186|162|140", "team_id": "25", "team_name": "QGhappy" },
    { "ban_heros": "529|123|196|139", "camp": "2", "game_label": "119260", "game_time": "2019-07-13 17:56:31", "is_win": "1", "kill_cnt": "11", "pick_heros": "509|163|153|312|111", "team_id": "78", "team_name": "GOG" },
    { "ban_heros": "529|199|515|148", "camp": "2", "game_label": "119260", "game_time": "2019-07-13 18:38:38", "is_win": "1", "kill_cnt": "18", "pick_heros": "193|118|196|510|513", "team_id": "25", "team_name": "QGhappy" },
    { "ban_heros": "509|163|141|312", "camp": "1", "game_label": "119260", "game_time": "2019-07-13 18:38:42", "is_win": "0", "kill_cnt": "8", "pick_heros": "132|107|139|189|182", "team_id": "78", "team_name": "GOG" },
    { "ban_heros": "123|529|125|312", "camp": "2", "game_label": "119260", "game_time": "2019-07-13 19:17:41", "is_win": "0", "kill_cnt": "1", "pick_heros": "118|511|140|173|110", "team_id": "78", "team_name": "GOG" },
    { "ban_heros": "148|199|515|141", "camp": "1", "game_label": "119260", "game_time": "2019-07-13 19:17:41", "is_win": "1", "kill_cnt": "4", "pick_heros": "163|132|171|144|157", "team_id": "25", "team_name": "QGhappy" },
    { "ban_heros": "139|199|156|513", "camp": "2", "game_label": "119261", "game_time": "2019-07-13 20:11:24", "is_win": "1", "kill_cnt": "9", "pick_heros": "163|118|141|507|113", "team_id": "13", "team_name": "eStar" },
    { "ban_heros": "509|148|140|193", "camp": "1", "game_label": "119261", "game_time": "2019-07-13 20:11:24", "is_win": "0", "kill_cnt": "9", "pick_heros": "123|132|510|184|152", "team_id": "38", "team_name": "RNG.M" },
    { "ban_heros": "123|132|121|193", "camp": "2", "game_label": "119261", "game_time": "2019-07-13 20:42:13", "is_win": "0", "kill_cnt": "4", "pick_heros": "194|529|195|139|156", "team_id": "38", "team_name": "RNG.M" },
    { "ban_heros": "133|509|157|513", "camp": "1", "game_label": "119261", "game_time": "2019-07-13 20:42:12", "is_win": "1", "kill_cnt": "17", "pick_heros": "148|511|162|144|105", "team_id": "13", "team_name": "eStar" },
    { "ban_heros": "133|148|141|513", "camp": "2", "game_label": "119261", "game_time": "2019-07-13 21:11:05", "is_win": "1", "kill_cnt": "22", "pick_heros": "194|195|503|529|152", "team_id": "13", "team_name": "eStar" },
    { "ban_heros": "123|139|156|121", "camp": "1", "game_label": "119261", "game_time": "2019-07-13 21:11:05", "is_win": "0", "kill_cnt": "5", "pick_heros": "509|502|128|515|511", "team_id": "38", "team_name": "RNG.M" },
    { "ban_heros": "148|199|118|513", "camp": "2", "game_label": "119262", "game_time": "2019-07-14 12:26:34", "is_win": "0", "kill_cnt": "5", "pick_heros": "132|511|163|182|184", "team_id": "53", "team_name": "KZ" },
    { "ban_heros": "152|509|171|186", "camp": "1", "game_label": "119262", "game_time": "2019-07-14 12:26:35", "is_win": "1", "kill_cnt": "14", "pick_heros": "529|502|123|194|515", "team_id": "60", "team_name": "RW侠" },
    { "ban_heros": "123|529|196|144", "camp": "2", "game_label": "119262", "game_time": "2019-07-14 12:59:37", "is_win": "1", "kill_cnt": "20", "pick_heros": "511|199|153|171|125", "team_id": "60", "team_name": "RW侠" },
    { "ban_heros": "513|509|163|510", "camp": "1", "game_label": "119262", "game_time": "2019-07-14 12:59:38", "is_win": "0", "kill_cnt": "12", "pick_heros": "148|162|194|128|189", "team_id": "53", "team_name": "KZ" },
    { "ban_heros": "148|196|513|106", "camp": "2", "game_label": "119262", "game_time": "2019-07-14 13:37:13", "is_win": "0", "kill_cnt": "7", "pick_heros": "199|153|118|312|149", "team_id": "53", "team_name": "KZ" },
    { "ban_heros": "123|529|515|509", "camp": "1", "game_label": "119262", "game_time": "2019-07-14 13:37:13", "is_win": "1", "kill_cnt": "14", "pick_heros": "186|506|128|120|108", "team_id": "60", "team_name": "RW侠" },
    { "ban_heros": "148|529|199|132", "camp": "2", "game_label": "119263", "game_time": "2019-07-14 17:26:23", "is_win": "1", "kill_cnt": "18", "pick_heros": "163|511|141|189|140", "team_id": "26", "team_name": "EDG.M" },
    { "ban_heros": "509|515|118|184", "camp": "1", "game_label": "119263", "game_time": "2019-07-14 17:26:23", "is_win": "0", "kill_cnt": "13", "pick_heros": "123|194|312|121|162", "team_id": "57", "team_name": "EMC" },
    { "ban_heros": "529|148|506|153", "camp": "2", "game_label": "119263", "game_time": "2019-07-14 18:06:09", "is_win": "0", "kill_cnt": "8", "pick_heros": "186|515|140|502|139", "team_id": "57", "team_name": "EMC" },
    { "ban_heros": "509|511|163|133", "camp": "1", "game_label": "119263", "game_time": "2019-07-14 18:06:11", "is_win": "1", "kill_cnt": "18", "pick_heros": "199|191|123|131|126", "team_id": "26", "team_name": "EDG.M" },
    { "ban_heros": "511|529|163|510", "camp": "2", "game_label": "119263", "game_time": "2019-07-14 18:39:44", "is_win": "0", "kill_cnt": "8", "pick_heros": "148|144|507|139|502", "team_id": "26", "team_name": "EDG.M" },
    { "ban_heros": "153|162|195|515", "camp": "1", "game_label": "119263", "game_time": "2019-07-14 18:39:45", "is_win": "1", "kill_cnt": "13", "pick_heros": "509|513|132|107|193", "team_id": "57", "team_name": "EMC" },
    { "ban_heros": "148|199|152|187", "camp": "1", "game_label": "119263", "game_time": "2019-07-14 19:14:57", "is_win": "1", "kill_cnt": "19", "pick_heros": "133|515|509|510|135", "team_id": "26", "team_name": "EDG.M" },
    { "ban_heros": "529|132|193|153", "camp": "2", "game_label": "119263", "game_time": "2019-07-14 19:14:57", "is_win": "0", "kill_cnt": "11", "pick_heros": "163|128|195|168|124", "team_id": "57", "team_name": "EMC" },
    { "ban_heros": "148|529|191|187", "camp": "2", "game_label": "119264", "game_time": "2019-07-14 20:08:17", "is_win": "1", "kill_cnt": "13", "pick_heros": "123|506|144|118|133", "team_id": "13", "team_name": "eStar" },
    { "ban_heros": "513|509|141|515", "camp": "1", "game_label": "119264", "game_time": "2019-07-14 20:08:17", "is_win": "0", "kill_cnt": "4", "pick_heros": "163|199|511|124|194", "team_id": "69", "team_name": "ROX" },
    { "ban_heros": "509|132|141|156", "camp": "1", "game_label": "119264", "game_time": "2019-07-14 20:37:55", "is_win": "1", "kill_cnt": "10", "pick_heros": "199|131|191|121|135", "team_id": "13", "team_name": "eStar" },
    { "ban_heros": "148|529|511|139", "camp": "2", "game_label": "119264", "game_time": "2019-07-14 20:37:55", "is_win": "0", "kill_cnt": "3", "pick_heros": "123|118|502|182|140", "team_id": "69", "team_name": "ROX" },
    { "ban_heros": "148|132|156|152", "camp": "2", "game_label": "119264", "game_time": "2019-07-14 21:06:40", "is_win": "1", "kill_cnt": "16", "pick_heros": "163|509|193|503|190", "team_id": "13", "team_name": "eStar" },
    { "ban_heros": "511|513|141|515", "camp": "1", "game_label": "119264", "game_time": "2019-07-14 21:06:40", "is_win": "0", "kill_cnt": "15", "pick_heros": "529|139|506|312|191", "team_id": "69", "team_name": "ROX" },
    { "ban_heros": "529|163|196|140", "camp": "2", "game_label": "119265", "game_time": "2019-07-17 12:26:56", "is_win": "1", "kill_cnt": "13", "pick_heros": "171|199|153|121|125", "team_id": "25", "team_name": "QGhappy" },
    { "ban_heros": "509|132|128|139", "camp": "1", "game_label": "119265", "game_time": "2019-07-17 12:26:59", "is_win": "0", "kill_cnt": "3", "pick_heros": "123|148|162|503|189", "team_id": "57", "team_name": "EMC" },
    { "ban_heros": "529|148|312|194", "camp": "2", "game_label": "119265", "game_time": "2019-07-17 12:55:51", "is_win": "1", "kill_cnt": "11", "pick_heros": "132|186|107|513|135", "team_id": "57", "team_name": "EMC" },
    { "ban_heros": "509|199|193|515", "camp": "1", "game_label": "119265", "game_time": "2019-07-17 12:55:53", "is_win": "0", "kill_cnt": "8", "pick_heros": "163|140|196|156|105", "team_id": "25", "team_name": "QGhappy" },
    { "ban_heros": "529|199|141|157", "camp": "2", "game_label": "119265", "game_time": "2019-07-17 13:34:29", "is_win": "1", "kill_cnt": "20", "pick_heros": "123|118|162|144|312", "team_id": "25", "team_name": "QGhappy" },
    { "ban_heros": "132|133|152|106", "camp": "1", "game_label": "119265", "game_time": "2019-07-17 13:34:32", "is_win": "0", "kill_cnt": "8", "pick_heros": "511|509|502|507|124", "team_id": "57", "team_name": "EMC" },
    { "ban_heros": "529|148|124|513", "camp": "2", "game_label": "119265", "game_time": "2019-07-17 14:18:34", "is_win": "0", "kill_cnt": "5", "pick_heros": "133|194|193|178|152", "team_id": "57", "team_name": "EMC" },
    { "ban_heros": "199|163|515|153", "camp": "1", "game_label": "119265", "game_time": "2019-07-17 14:18:35", "is_win": "1", "kill_cnt": "13", "pick_heros": "510|132|509|511|157", "team_id": "25", "team_name": "QGhappy" },
    { "ban_heros": "529|148|139|125", "camp": "2", "game_label": "119266", "game_time": "2019-07-17 17:19:07", "is_win": "0", "kill_cnt": "3", "pick_heros": "502|123|118|121|110", "team_id": "45", "team_name": "Hero久竞" },
    { "ban_heros": "509|194|128|515", "camp": "1", "game_label": "119266", "game_time": "2019-07-17 17:19:08", "is_win": "1", "kill_cnt": "13", "pick_heros": "163|186|511|157|111", "team_id": "60", "team_name": "RW侠" },
    { "ban_heros": "148|123|120|125", "camp": "1", "game_label": "119266", "game_time": "2019-07-17 17:51:28", "is_win": "0", "kill_cnt": "7", "pick_heros": "509|132|312|128|163", "team_id": "45", "team_name": "Hero久竞" },
    { "ban_heros": "529|511|193|139", "camp": "2", "game_label": "119266", "game_time": "2019-07-17 17:51:28", "is_win": "1", "kill_cnt": "18", "pick_heros": "194|195|140|515|153", "team_id": "60", "team_name": "RW侠" },
    { "ban_heros": "529|509|144|193", "camp": "2", "game_label": "119266", "game_time": "2019-07-17 18:21:09", "is_win": "1", "kill_cnt": "18", "pick_heros": "140|511|513|189|199", "team_id": "45", "team_name": "Hero久竞" },
    { "ban_heros": "194|139|131|162", "camp": "1", "game_label": "119266", "game_time": "2019-07-17 18:21:09", "is_win": "0", "kill_cnt": "4", "pick_heros": "148|507|502|198|176", "team_id": "60", "team_name": "RW侠" },
    { "ban_heros": "529|148|196|133", "camp": "2", "game_label": "119266", "game_time": "2019-07-17 18:53:24", "is_win": "1", "kill_cnt": "15", "pick_heros": "123|510|132|168|156", "team_id": "60", "team_name": "RW侠" },
    { "ban_heros": "509|171|513|118", "camp": "1", "game_label": "119266", "game_time": "2019-07-17 18:53:25", "is_win": "0", "kill_cnt": "8", "pick_heros": "194|507|178|141|174", "team_id": "45", "team_name": "Hero久竞" },
    { "ban_heros": "148|529|513|194", "camp": "2", "game_label": "119267", "game_time": "2019-07-17 19:42:21", "is_win": "1", "kill_cnt": "13", "pick_heros": "171|163|111|135|156", "team_id": "26", "team_name": "EDG.M" },
    { "ban_heros": "509|511|141|157", "camp": "1", "game_label": "119267", "game_time": "2019-07-17 19:42:21", "is_win": "0", "kill_cnt": "6", "pick_heros": "123|199|510|137|189", "team_id": "78", "team_name": "GOG" },
    { "ban_heros": "199|148|157|513", "camp": "2", "game_label": "119267", "game_time": "2019-07-17 20:15:14", "is_win": "0", "kill_cnt": "8", "pick_heros": "163|132|194|312|153", "team_id": "78", "team_name": "GOG" },
    { "ban_heros": "509|529|515|141", "camp": "1", "game_label": "119267", "game_time": "2019-07-17 20:15:15", "is_win": "1", "kill_cnt": "16", "pick_heros": "511|162|140|105|118", "team_id": "26", "team_name": "EDG.M" },
    { "ban_heros": "511|513|140|111", "camp": "2", "game_label": "119267", "game_time": "2019-07-17 20:46:49", "is_win": "1", "kill_cnt": "17", "pick_heros": "529|509|132|123|515", "team_id": "26", "team_name": "EDG.M" },
    { "ban_heros": "153|199|312|182", "camp": "1", "game_label": "119267", "game_time": "2019-07-17 20:46:50", "is_win": "0", "kill_cnt": "4", "pick_heros": "148|506|503|121|186", "team_id": "78", "team_name": "GOG" },
    { "ban_heros": "529|148|513|510", "camp": "2", "game_label": "119268", "game_time": "2019-07-18 12:26:02", "is_win": "0", "kill_cnt": "7", "pick_heros": "502|123|193|118|127", "team_id": "45", "team_name": "Hero久竞" },
    { "ban_heros": "509|163|182|141", "camp": "1", "game_label": "119268", "game_time": "2019-07-18 12:26:03", "is_win": "1", "kill_cnt": "11", "pick_heros": "511|132|194|124|178", "team_id": "69", "team_name": "ROX" },
    { "ban_heros": "509|148|312|515", "camp": "1", "game_label": "119268", "game_time": "2019-07-18 12:56:53", "is_win": "1", "kill_cnt": "16", "pick_heros": "163|132|168|140|110", "team_id": "45", "team_name": "Hero久竞" },
    { "ban_heros": "529|511|513|144", "camp": "2", "game_label": "119268", "game_time": "2019-07-18 12:56:53", "is_win": "0", "kill_cnt": "6", "pick_heros": "123|186|133|182|153", "team_id": "69", "team_name": "ROX" },
    { "ban_heros": "529|148|139|193", "camp": "2", "game_label": "119268", "game_time": "2019-07-18 13:27:52", "is_win": "1", "kill_cnt": "18", "pick_heros": "312|194|195|503|198", "team_id": "45", "team_name": "Hero久竞" },
    { "ban_heros": "511|153|507|144", "camp": "1", "game_label": "119268", "game_time": "2019-07-18 13:27:52", "is_win": "0", "kill_cnt": "4", "pick_heros": "509|506|515|121|128", "team_id": "69", "team_name": "ROX" },
    { "ban_heros": "502|163|168|510", "camp": "1", "game_label": "119268", "game_time": "2019-07-18 14:03:59", "is_win": "1", "kill_cnt": "15", "pick_heros": "511|509|162|121|515", "team_id": "45", "team_name": "Hero久竞" },
    { "ban_heros": "148|529|507|144", "camp": "2", "game_label": "119268", "game_time": "2019-07-18 14:03:59", "is_win": "0", "kill_cnt": "12", "pick_heros": "139|199|312|105|522", "team_id": "69", "team_name": "ROX" },
    { "ban_heros": "509|148|118|171", "camp": "1", "game_label": "119269", "game_time": "2019-07-18 17:21:23", "is_win": "1", "kill_cnt": "25", "pick_heros": "529|186|513|133|193", "team_id": "78", "team_name": "GOG" },
    { "ban_heros": "163|199|508|506", "camp": "2", "game_label": "119269", "game_time": "2019-07-18 17:21:23", "is_win": "0", "kill_cnt": "15", "pick_heros": "132|123|515|168|153", "team_id": "81", "team_name": "NOVA" },
    { "ban_heros": "529|148|156|152", "camp": "2", "game_label": "119269", "game_time": "2019-07-18 17:59:56", "is_win": "0", "kill_cnt": "13", "pick_heros": "510|509|132|312|503", "team_id": "78", "team_name": "GOG" },
    { "ban_heros": "123|153|182|515", "camp": "1", "game_label": "119269", "game_time": "2019-07-18 17:59:55", "is_win": "1", "kill_cnt": "15", "pick_heros": "163|195|511|189|157", "team_id": "81", "team_name": "NOVA" },
    { "ban_heros": "529|171|312|513", "camp": "1", "game_label": "119269", "game_time": "2019-07-18 18:35:10", "is_win": "1", "kill_cnt": "10", "pick_heros": "199|191|163|515|126", "team_id": "78", "team_name": "GOG" },
    { "ban_heros": "148|511|139|156", "camp": "2", "game_label": "119269", "game_time": "2019-07-18 18:35:10", "is_win": "0", "kill_cnt": "11", "pick_heros": "196|509|140|144|141", "team_id": "81", "team_name": "NOVA" },
    { "ban_heros": "529|148|513|156", "camp": "2", "game_label": "119269", "game_time": "2019-07-18 19:19:14", "is_win": "0", "kill_cnt": "1", "pick_heros": "107|111|171|123|124", "team_id": "78", "team_name": "GOG" },
    { "ban_heros": "153|118|182|139", "camp": "1", "game_label": "119269", "game_time": "2019-07-18 19:19:14", "is_win": "1", "kill_cnt": "8", "pick_heros": "186|133|510|128|312", "team_id": "81", "team_name": "NOVA" },
    { "ban_heros": "513|529|171|194", "camp": "1", "game_label": "119269", "game_time": "2019-07-18 19:51:51", "is_win": "0", "kill_cnt": "3", "pick_heros": "118|511|182|177|144", "team_id": "78", "team_name": "GOG" },
    { "ban_heros": "153|148|174|196", "camp": "2", "game_label": "119269", "game_time": "2019-07-18 19:51:52", "is_win": "1", "kill_cnt": "6", "pick_heros": "502|139|199|108|105", "team_id": "81", "team_name": "NOVA" },
    { "ban_heros": "529|194|515|126", "camp": "2", "game_label": "119270", "game_time": "2019-07-18 20:41:27", "is_win": "1", "kill_cnt": "17", "pick_heros": "511|163|513|128|118", "team_id": "38", "team_name": "RNG.M" },
    { "ban_heros": "509|133|199|132", "camp": "1", "game_label": "119270", "game_time": "2019-07-18 20:41:26", "is_win": "0", "kill_cnt": "4", "pick_heros": "148|507|162|105|193", "team_id": "60", "team_name": "RW侠" },
    { "ban_heros": "529|148|510|153", "camp": "2", "game_label": "119270", "game_time": "2019-07-18 21:15:57", "is_win": "0", "kill_cnt": "10", "pick_heros": "163|511|186|502|513", "team_id": "60", "team_name": "RW侠" },
    { "ban_heros": "509|118|141|515", "camp": "1", "game_label": "119270", "game_time": "2019-07-18 21:15:59", "is_win": "1", "kill_cnt": "21", "pick_heros": "123|132|171|157|107", "team_id": "38", "team_name": "RNG.M" },
    { "ban_heros": "529|123|312|157", "camp": "2", "game_label": "119270", "game_time": "2019-07-18 21:50:45", "is_win": "0", "kill_cnt": "3", "pick_heros": "194|199|507|141|153", "team_id": "38", "team_name": "RNG.M" },
    { "ban_heros": "133|502|148|152", "camp": "1", "game_label": "119270", "game_time": "2019-07-18 21:50:46", "is_win": "1", "kill_cnt": "17", "pick_heros": "510|132|171|156|139", "team_id": "60", "team_name": "RW侠" },
    { "ban_heros": "529|133|189|140", "camp": "2", "game_label": "119270", "game_time": "2019-07-18 22:19:34", "is_win": "1", "kill_cnt": "16", "pick_heros": "199|168|153|120|508", "team_id": "60", "team_name": "RW侠" },
    { "ban_heros": "194|123|141|121", "camp": "1", "game_label": "119270", "game_time": "2019-07-18 22:19:35", "is_win": "0", "kill_cnt": "11", "pick_heros": "144|162|148|126|515", "team_id": "38", "team_name": "RNG.M" },
    { "ban_heros": "0", "camp": "2", "game_label": "119270", "game_time": "2019-07-18 22:52:18", "is_win": "0", "kill_cnt": "6", "pick_heros": "139|186|506|106|135", "team_id": "38", "team_name": "RNG.M" },
    { "ban_heros": "0", "camp": "1", "game_label": "119270", "game_time": "2019-07-18 22:52:20", "is_win": "1", "kill_cnt": "13", "pick_heros": "194|141|144|111|107", "team_id": "60", "team_name": "RW侠" },
    { "ban_heros": "529|148|515|157", "camp": "2", "game_label": "119271", "game_time": "2019-07-19 12:29:15", "is_win": "1", "kill_cnt": "15", "pick_heros": "171|199|510|126|513", "team_id": "25", "team_name": "QGhappy" },
    { "ban_heros": "509|153|121|507", "camp": "1", "game_label": "119271", "game_time": "2019-07-19 12:29:15", "is_win": "0", "kill_cnt": "5", "pick_heros": "163|123|502|141|118", "team_id": "81", "team_name": "NOVA" },
    { "ban_heros": "509|199|196|133", "camp": "1", "game_label": "119271", "game_time": "2019-07-19 12:57:56", "is_win": "0", "kill_cnt": "10", "pick_heros": "132|153|515|140|194", "team_id": "25", "team_name": "QGhappy" },
    { "ban_heros": "163|148|511|105", "camp": "2", "game_label": "119271", "game_time": "2019-07-19 12:57:56", "is_win": "1", "kill_cnt": "18", "pick_heros": "186|193|152|107|173", "team_id": "81", "team_name": "NOVA" },
    { "ban_heros": "148|529|513|157", "camp": "2", "game_label": "119271", "game_time": "2019-07-19 13:30:29", "is_win": "1", "kill_cnt": "10", "pick_heros": "123|118|141|506|133", "team_id": "25", "team_name": "QGhappy" },
    { "ban_heros": "163|509|107|502", "camp": "1", "game_label": "119271", "game_time": "2019-07-19 13:30:29", "is_win": "0", "kill_cnt": "5", "pick_heros": "510|132|171|106|121", "team_id": "81", "team_name": "NOVA" },
    { "ban_heros": "148|529|162|193", "camp": "2", "game_label": "119271", "game_time": "2019-07-19 13:58:02", "is_win": "0", "kill_cnt": "5", "pick_heros": "509|312|133|178|128", "team_id": "81", "team_name": "NOVA" },
    { "ban_heros": "153|515|139|144", "camp": "1", "game_label": "119271", "game_time": "2019-07-19 13:58:03", "is_win": "1", "kill_cnt": "16", "pick_heros": "511|157|163|195|105", "team_id": "25", "team_name": "QGhappy" },
    { "ban_heros": "199|529|118|168", "camp": "2", "game_label": "119272", "game_time": "2019-07-19 17:19:55", "is_win": "0", "kill_cnt": "13", "pick_heros": "123|194|140|502|515", "team_id": "13", "team_name": "eStar" },
    { "ban_heros": "509|148|141|513", "camp": "1", "game_label": "119272", "game_time": "2019-07-19 17:19:55", "is_win": "1", "kill_cnt": "14", "pick_heros": "132|163|511|184|152", "team_id": "53", "team_name": "KZ" },
    { "ban_heros": "148|529|139|121", "camp": "2", "game_label": "119272", "game_time": "2019-07-19 18:00:04", "is_win": "0", "kill_cnt": "10", "pick_heros": "123|510|162|513|194", "team_id": "53", "team_name": "KZ" },
    { "ban_heros": "133|509|189|156", "camp": "1", "game_label": "119272", "game_time": "2019-07-19 18:00:05", "is_win": "1", "kill_cnt": "17", "pick_heros": "199|511|191|507|131", "team_id": "13", "team_name": "eStar" },
    { "ban_heros": "199|133|187|186", "camp": "2", "game_label": "119272", "game_time": "2019-07-19 18:28:05", "is_win": "1", "kill_cnt": "17", "pick_heros": "121|509|141|107|196", "team_id": "13", "team_name": "eStar" },
    { "ban_heros": "148|132|163|506", "camp": "1", "game_label": "119272", "game_time": "2019-07-19 18:28:05", "is_win": "0", "kill_cnt": "4", "pick_heros": "529|139|312|168|111", "team_id": "53", "team_name": "KZ" },
    { "ban_heros": "199|509|153|502", "camp": "1", "game_label": "119272", "game_time": "2019-07-19 18:55:56", "is_win": "1", "kill_cnt": "13", "pick_heros": "133|186|193|506|149", "team_id": "13", "team_name": "eStar" },
    { "ban_heros": "132|148|529|163", "camp": "2", "game_label": "119272", "game_time": "2019-07-19 18:55:56", "is_win": "0", "kill_cnt": "4", "pick_heros": "171|140|196|107|108", "team_id": "53", "team_name": "KZ" },
    { "ban_heros": "148|529|152|508", "camp": "2", "game_label": "119273", "game_time": "2019-07-19 19:47:07", "is_win": "1", "kill_cnt": "14", "pick_heros": "511|502|515|105|507", "team_id": "26", "team_name": "EDG.M" },
    { "ban_heros": "509|123|189|118", "camp": "1", "game_label": "119273", "game_time": "2019-07-19 19:47:09", "is_win": "0", "kill_cnt": "5", "pick_heros": "163|133|186|312|126", "team_id": "79", "team_name": "VSG" },
    { "ban_heros": "529|163|140|144", "camp": "2", "game_label": "119273", "game_time": "2019-07-19 20:21:31", "is_win": "0", "kill_cnt": "7", "pick_heros": "196|153|513|193|187", "team_id": "79", "team_name": "VSG" },
    { "ban_heros": "509|511|121|123", "camp": "1", "game_label": "119273", "game_time": "2019-07-19 20:21:32", "is_win": "1", "kill_cnt": "14", "pick_heros": "148|194|503|146|135", "team_id": "26", "team_name": "EDG.M" },
    { "ban_heros": "148|511|152|124", "camp": "2", "game_label": "119273", "game_time": "2019-07-19 20:48:17", "is_win": "0", "kill_cnt": "13", "pick_heros": "163|123|141|168|196", "team_id": "26", "team_name": "EDG.M" },
    { "ban_heros": "509|199|118|184", "camp": "1", "game_label": "119273", "game_time": "2019-07-19 20:48:16", "is_win": "1", "kill_cnt": "15", "pick_heros": "529|132|194|197|507", "team_id": "79", "team_name": "VSG" },
    { "ban_heros": "148|511|171|189", "camp": "1", "game_label": "119273", "game_time": "2019-07-19 21:39:36", "is_win": "1", "kill_cnt": "10", "pick_heros": "509|153|111|140|110", "team_id": "26", "team_name": "EDG.M" },
    { "ban_heros": "529|186|513|312", "camp": "2", "game_label": "119273", "game_time": "2019-07-19 21:39:36", "is_win": "0", "kill_cnt": "3", "pick_heros": "510|199|152|105|135", "team_id": "79", "team_name": "VSG" },
    { "ban_heros": "148|0|194|193", "camp": "2", "game_label": "119274", "game_time": "2019-07-20 12:27:48", "is_win": "0", "kill_cnt": "2", "pick_heros": "511|132|515|118|107", "team_id": "53", "team_name": "KZ" },
    { "ban_heros": "509|163|184|140", "camp": "1", "game_label": "119274", "game_time": "2019-07-20 12:27:49", "is_win": "1", "kill_cnt": "10", "pick_heros": "529|199|312|126|191", "team_id": "69", "team_name": "ROX" },
    { "ban_heros": "199|196|133|174", "camp": "2", "game_label": "119274", "game_time": "2019-07-20 13:02:51", "is_win": "1", "kill_cnt": "16", "pick_heros": "511|186|124|195|507", "team_id": "69", "team_name": "ROX" },
    { "ban_heros": "148|132|162|111", "camp": "1", "game_label": "119274", "game_time": "2019-07-20 13:02:52", "is_win": "0", "kill_cnt": "10", "pick_heros": "163|509|152|105|173", "team_id": "53", "team_name": "KZ" },
    { "ban_heros": "148|132|128|503", "camp": "2", "game_label": "119274", "game_time": "2019-07-20 13:35:03", "is_win": "1", "kill_cnt": "13", "pick_heros": "529|123|162|186|312", "team_id": "53", "team_name": "KZ" },
    { "ban_heros": "199|196|153|189", "camp": "1", "game_label": "119274", "game_time": "2019-07-20 13:35:05", "is_win": "0", "kill_cnt": "13", "pick_heros": "194|133|178|152|193", "team_id": "69", "team_name": "ROX" },
    { "ban_heros": "199|196|141|508", "camp": "2", "game_label": "119274", "game_time": "2019-07-20 14:09:03", "is_win": "1", "kill_cnt": "9", "pick_heros": "139|506|515|503|189", "team_id": "69", "team_name": "ROX" },
    { "ban_heros": "148|132|118|123", "camp": "1", "game_label": "119274", "game_time": "2019-07-20 14:09:05", "is_win": "0", "kill_cnt": "6", "pick_heros": "510|502|193|184|119", "team_id": "53", "team_name": "KZ" },
    { "ban_heros": "513|529|153|111", "camp": "2", "game_label": "119275", "game_time": "2019-07-20 17:21:19", "is_win": "1", "kill_cnt": "12", "pick_heros": "123|194|148|193|195", "team_id": "57", "team_name": "EMC" },
    { "ban_heros": "515|511|162|502", "camp": "1", "game_label": "119275", "game_time": "2019-07-20 17:21:20", "is_win": "0", "kill_cnt": "4", "pick_heros": "163|186|312|133|510", "team_id": "78", "team_name": "GOG" },
    { "ban_heros": "186|529|189|139", "camp": "2", "game_label": "119275", "game_time": "2019-07-20 17:54:19", "is_win": "1", "kill_cnt": "13", "pick_heros": "123|509|153|182|174", "team_id": "78", "team_name": "GOG" },
    { "ban_heros": "513|515|132|199", "camp": "1", "game_label": "119275", "game_time": "2019-07-20 17:54:20", "is_win": "0", "kill_cnt": "10", "pick_heros": "511|152|162|128|105", "team_id": "57", "team_name": "EMC" },
    { "ban_heros": "529|199|193|140", "camp": "2", "game_label": "119275", "game_time": "2019-07-20 18:20:42", "is_win": "0", "kill_cnt": "3", "pick_heros": "186|132|107|139|176", "team_id": "57", "team_name": "EMC" },
    { "ban_heros": "153|509|156|515", "camp": "1", "game_label": "119275", "game_time": "2019-07-20 18:20:42", "is_win": "1", "kill_cnt": "12", "pick_heros": "171|513|111|178|128", "team_id": "78", "team_name": "GOG" },
    { "ban_heros": "529|509|133|196", "camp": "2", "game_label": "119275", "game_time": "2019-07-20 18:44:33", "is_win": "0", "kill_cnt": "19", "pick_heros": "132|126|107|168|108", "team_id": "78", "team_name": "GOG" },
    { "ban_heros": "199|515|157|141", "camp": "1", "game_label": "119275", "game_time": "2019-07-20 18:44:35", "is_win": "1", "kill_cnt": "21", "pick_heros": "163|312|171|140|111", "team_id": "57", "team_name": "EMC" },
    { "ban_heros": "515|199|152|157", "camp": "2", "game_label": "119275", "game_time": "2019-07-20 19:30:33", "is_win": "0", "kill_cnt": "12", "pick_heros": "135|118|121|106|131", "team_id": "57", "team_name": "EMC" },
    { "ban_heros": "509|133|141|513", "camp": "1", "game_label": "119275", "game_time": "2019-07-20 19:30:33", "is_win": "1", "kill_cnt": "17", "pick_heros": "529|189|502|125|140", "team_id": "78", "team_name": "GOG" },
    { "ban_heros": "509|163|128|140", "camp": "1", "game_label": "119276", "game_time": "2019-07-20 20:26:24", "is_win": "0", "kill_cnt": "5", "pick_heros": "148|162|503|126|515", "team_id": "38", "team_name": "RNG.M" },
    { "ban_heros": "118|199|121|144", "camp": "2", "game_label": "119276", "game_time": "2019-07-20 20:26:24", "is_win": "1", "kill_cnt": "19", "pick_heros": "194|511|513|193|132", "team_id": "45", "team_name": "Hero久竞" },
    { "ban_heros": "163|148|162|121", "camp": "2", "game_label": "119276", "game_time": "2019-07-20 21:00:56", "is_win": "0", "kill_cnt": "12", "pick_heros": "529|105|195|144|119", "team_id": "38", "team_name": "RNG.M" },
    { "ban_heros": "511|118|156|123", "camp": "1", "game_label": "119276", "game_time": "2019-07-20 21:00:57", "is_win": "1", "kill_cnt": "25", "pick_heros": "509|503|312|507|502", "team_id": "45", "team_name": "Hero久竞" },
    { "ban_heros": "509|163|121|513", "camp": "2", "game_label": "119276", "game_time": "2019-07-20 21:32:08", "is_win": "1", "kill_cnt": "20", "pick_heros": "529|123|168|141|139", "team_id": "45", "team_name": "Hero久竞" },
    { "ban_heros": "148|140|196|157", "camp": "1", "game_label": "119276", "game_time": "2019-07-20 21:32:09", "is_win": "0", "kill_cnt": "8", "pick_heros": "510|186|133|312|193", "team_id": "38", "team_name": "RNG.M" },
    { "ban_heros": "529|123|513|128", "camp": "2", "game_label": "119277", "game_time": "2019-07-21 12:28:12", "is_win": "1", "kill_cnt": "17", "pick_heros": "510|186|111|140|156", "team_id": "57", "team_name": "EMC" },
    { "ban_heros": "509|148|139|515", "camp": "1", "game_label": "119277", "game_time": "2019-07-21 12:28:12", "is_win": "0", "kill_cnt": "6", "pick_heros": "163|199|194|193|157", "team_id": "79", "team_name": "VSG" },
    { "ban_heros": "148|529|152|312", "camp": "2", "game_label": "119277", "game_time": "2019-07-21 12:56:52", "is_win": "0", "kill_cnt": "10", "pick_heros": "123|186|133|510|124", "team_id": "79", "team_name": "VSG" },
    { "ban_heros": "509|513|515|156", "camp": "1", "game_label": "119277", "game_time": "2019-07-21 12:56:54", "is_win": "1", "kill_cnt": "14", "pick_heros": "132|194|163|193|106", "team_id": "57", "team_name": "EMC" },
    { "ban_heros": "529|148|184|513", "camp": "2", "game_label": "119277", "game_time": "2019-07-21 13:29:14", "is_win": "1", "kill_cnt": "8", "pick_heros": "123|118|502|128|125", "team_id": "57", "team_name": "EMC" },
    { "ban_heros": "509|199|515|141", "camp": "1", "game_label": "119277", "game_time": "2019-07-21 13:29:15", "is_win": "0", "kill_cnt": "8", "pick_heros": "511|132|107|189|106", "team_id": "79", "team_name": "VSG" },
    { "ban_heros": "511|148|156|312", "camp": "2", "game_label": "119278", "game_time": "2019-07-21 17:17:26", "is_win": "0", "kill_cnt": "6", "pick_heros": "509|529|132|113|141", "team_id": "13", "team_name": "eStar" },
    { "ban_heros": "199|163|510|152", "camp": "1", "game_label": "119278", "game_time": "2019-07-21 17:17:26", "is_win": "1", "kill_cnt": "14", "pick_heros": "123|194|195|128|124", "team_id": "60", "team_name": "RW侠" },
    { "ban_heros": "509|132|502|153", "camp": "1", "game_label": "119278", "game_time": "2019-07-21 17:53:26", "is_win": "0", "kill_cnt": "5", "pick_heros": "148|162|194|135|507", "team_id": "13", "team_name": "eStar" },
    { "ban_heros": "199|163|144|503", "camp": "2", "game_label": "119278", "game_time": "2019-07-21 17:53:27", "is_win": "1", "kill_cnt": "18", "pick_heros": "511|529|513|105|111", "team_id": "60", "team_name": "RW侠" },
    { "ban_heros": "148|509|186|168", "camp": "2", "game_label": "119278", "game_time": "2019-07-21 18:18:42", "is_win": "0", "kill_cnt": "7", "pick_heros": "502|171|139|149|197", "team_id": "13", "team_name": "eStar" },
    { "ban_heros": "199|511|123|152", "camp": "1", "game_label": "119278", "game_time": "2019-07-21 18:18:42", "is_win": "1", "kill_cnt": "13", "pick_heros": "163|156|132|144|126", "team_id": "60", "team_name": "RW侠" },
    { "ban_heros": "529|140|131|153", "camp": "2", "game_label": "119279", "game_time": "2019-07-21 19:14:35", "is_win": "1", "kill_cnt": "10", "pick_heros": "163|171|111|135|156", "team_id": "26", "team_name": "EDG.M" },
    { "ban_heros": "509|148|157|515", "camp": "1", "game_label": "119279", "game_time": "2019-07-21 19:14:39", "is_win": "0", "kill_cnt": "1", "pick_heros": "511|199|191|513|107", "team_id": "25", "team_name": "QGhappy" },
    { "ban_heros": "148|199|153|107", "camp": "2", "game_label": "119279", "game_time": "2019-07-21 19:43:29", "is_win": "1", "kill_cnt": "10", "pick_heros": "123|163|118|195|124", "team_id": "25", "team_name": "QGhappy" },
    { "ban_heros": "194|529|162|152", "camp": "1", "game_label": "119279", "game_time": "2019-07-21 19:43:30", "is_win": "0", "kill_cnt": "4", "pick_heros": "509|515|132|126|144", "team_id": "26", "team_name": "EDG.M" },
    { "ban_heros": "123|199|196|193", "camp": "1", "game_label": "119279", "game_time": "2019-07-21 20:15:18", "is_win": "1", "kill_cnt": "16", "pick_heros": "194|132|153|312|128", "team_id": "25", "team_name": "QGhappy" },
    { "ban_heros": "509|529|157|515", "camp": "2", "game_label": "119279", "game_time": "2019-07-21 20:15:18", "is_win": "0", "kill_cnt": "9", "pick_heros": "148|162|140|105|507", "team_id": "26", "team_name": "EDG.M" },
    { "ban_heros": "529|199|513|118", "camp": "2", "game_label": "119279", "game_time": "2019-07-21 20:58:31", "is_win": "1", "kill_cnt": "5", "pick_heros": "193|186|157|144|506", "team_id": "25", "team_name": "QGhappy" },
    { "ban_heros": "509|111|162|121", "camp": "1", "game_label": "119279", "game_time": "2019-07-21 20:58:32", "is_win": "0", "kill_cnt": "2", "pick_heros": "502|123|196|168|312", "team_id": "26", "team_name": "EDG.M" },
    { "ban_heros": "529|199|513|132", "camp": "2", "game_label": "119280", "game_time": "2019-07-27 18:44:44", "is_win": "0", "kill_cnt": "3", "pick_heros": "163|111|171|312|123", "team_id": "26", "team_name": "EDG.M" },
    { "ban_heros": "509|148|193|515", "camp": "1", "game_label": "119280", "game_time": "2019-07-27 18:44:44", "is_win": "1", "kill_cnt": "8", "pick_heros": "511|140|168|141|502", "team_id": "45", "team_name": "Hero久竞" },
    { "ban_heros": "511|509|507|148", "camp": "2", "game_label": "119280", "game_time": "2019-07-27 19:19:40", "is_win": "1", "kill_cnt": "16", "pick_heros": "186|163|196|128|176", "team_id": "45", "team_name": "Hero久竞" },
    { "ban_heros": "123|194|515|312", "camp": "1", "game_label": "119280", "game_time": "2019-07-27 19:19:41", "is_win": "0", "kill_cnt": "15", "pick_heros": "529|168|199|513|126", "team_id": "26", "team_name": "EDG.M" },
    { "ban_heros": "529|123|508|124", "camp": "2", "game_label": "119280", "game_time": "2019-07-27 19:54:28", "is_win": "1", "kill_cnt": "10", "pick_heros": "186|502|515|507|133", "team_id": "26", "team_name": "EDG.M" },
    { "ban_heros": "511|509|196|140", "camp": "1", "game_label": "119280", "game_time": "2019-07-27 19:54:28", "is_win": "0", "kill_cnt": "1", "pick_heros": "194|510|132|193|110", "team_id": "45", "team_name": "Hero久竞" },
    { "ban_heros": "529|123|121|187", "camp": "1", "game_label": "119280", "game_time": "2019-07-27 20:28:41", "is_win": "1", "kill_cnt": "22", "pick_heros": "509|153|132|105|152", "team_id": "26", "team_name": "EDG.M" },
    { "ban_heros": "194|511|156|128", "camp": "2", "game_label": "119280", "game_time": "2019-07-27 20:28:41", "is_win": "0", "kill_cnt": "4", "pick_heros": "195|148|126|139|189", "team_id": "45", "team_name": "Hero久竞" },
    { "ban_heros": "529|123|125|111", "camp": "2", "game_label": "119280", "game_time": "2019-07-27 20:58:30", "is_win": "0", "kill_cnt": "9", "pick_heros": "511|195|187|198|119", "team_id": "26", "team_name": "EDG.M" },
    { "ban_heros": "194|148|156|157", "camp": "1", "game_label": "119280", "game_time": "2019-07-27 20:58:31", "is_win": "1", "kill_cnt": "17", "pick_heros": "506|503|105|507|312", "team_id": "45", "team_name": "Hero久竞" },
    { "ban_heros": "529|509|111|199", "camp": "1", "game_label": "119280", "game_time": "2019-07-27 21:28:16", "is_win": "0", "kill_cnt": "8", "pick_heros": "135|191|162|139|108", "team_id": "26", "team_name": "EDG.M" },
    { "ban_heros": "194|148|156|157", "camp": "2", "game_label": "119280", "game_time": "2019-07-27 21:28:16", "is_win": "1", "kill_cnt": "14", "pick_heros": "131|123|513|121|187", "team_id": "45", "team_name": "Hero久竞" },
    { "ban_heros": "509|111|133|132", "camp": "1", "game_label": "119281", "game_time": "2019-07-28 18:28:46", "is_win": "1", "kill_cnt": "14", "pick_heros": "511|513|502|121|105", "team_id": "60", "team_name": "RW侠" },
    { "ban_heros": "148|199|123|508", "camp": "2", "game_label": "119281", "game_time": "2019-07-28 18:28:46", "is_win": "0", "kill_cnt": "5", "pick_heros": "186|529|515|174|198", "team_id": "78", "team_name": "GOG" },
    { "ban_heros": "509|111|511|123", "camp": "2", "game_label": "119281", "game_time": "2019-07-28 18:53:48", "is_win": "1", "kill_cnt": "16", "pick_heros": "510|171|506|507|182", "team_id": "60", "team_name": "RW侠" },
    { "ban_heros": "529|515|140|128", "camp": "1", "game_label": "119281", "game_time": "2019-07-28 18:53:48", "is_win": "0", "kill_cnt": "15", "pick_heros": "163|199|191|126|152", "team_id": "78", "team_name": "GOG" },
    { "ban_heros": "111|171|510|118", "camp": "1", "game_label": "119281", "game_time": "2019-07-28 19:35:15", "is_win": "1", "kill_cnt": "26", "pick_heros": "509|141|194|128|522", "team_id": "60", "team_name": "RW侠" },
    { "ban_heros": "529|163|144|153", "camp": "2", "game_label": "119281", "game_time": "2019-07-28 19:35:15", "is_win": "0", "kill_cnt": "16", "pick_heros": "312|123|132|107|105", "team_id": "78", "team_name": "GOG" },
    { "ban_heros": "513|111|196|193", "camp": "2", "game_label": "119281", "game_time": "2019-07-28 20:17:03", "is_win": "1", "kill_cnt": "14", "pick_heros": "118|199|123|107|515", "team_id": "60", "team_name": "RW侠" },
    { "ban_heros": "529|163|152|153", "camp": "1", "game_label": "119281", "game_time": "2019-07-28 20:17:03", "is_win": "0", "kill_cnt": "5", "pick_heros": "511|502|509|157|140", "team_id": "78", "team_name": "GOG" },
    { "ban_heros": "199|148|312|139", "camp": "2", "game_label": "119282", "game_time": "2019-07-29 18:28:24", "is_win": "1", "kill_cnt": "12", "pick_heros": "511|163|111|187|513", "team_id": "13", "team_name": "eStar" },
    { "ban_heros": "140|135|515|509", "camp": "1", "game_label": "119282", "game_time": "2019-07-29 18:28:25", "is_win": "0", "kill_cnt": "4", "pick_heros": "191|154|113|169|125", "team_id": "81", "team_name": "NOVA" },
    { "ban_heros": "511|509|513|148", "camp": "1", "game_label": "119282", "game_time": "2019-07-29 18:59:35", "is_win": "1", "kill_cnt": "14", "pick_heros": "194|502|193|152|135", "team_id": "13", "team_name": "eStar" },
    { "ban_heros": "529|191|312|141", "camp": "2", "game_label": "119282", "game_time": "2019-07-29 18:59:35", "is_win": "0", "kill_cnt": "5", "pick_heros": "163|186|133|123|182", "team_id": "81", "team_name": "NOVA" },
    { "ban_heros": "511|148|121|128", "camp": "2", "game_label": "119282", "game_time": "2019-07-29 19:37:29", "is_win": "1", "kill_cnt": "12", "pick_heros": "195|529|105|123|136", "team_id": "13", "team_name": "eStar" },
    { "ban_heros": "191|140|106|157", "camp": "1", "game_label": "119282", "game_time": "2019-07-29 19:37:29", "is_win": "0", "kill_cnt": "7", "pick_heros": "509|199|510|513|193", "team_id": "81", "team_name": "NOVA" },
    { "ban_heros": "511|148|312|152", "camp": "1", "game_label": "119282", "game_time": "2019-07-29 20:12:29", "is_win": "1", "kill_cnt": "13", "pick_heros": "139|510|199|115|509", "team_id": "13", "team_name": "eStar" },
    { "ban_heros": "191|506|127|197", "camp": "2", "game_label": "119282", "game_time": "2019-07-29 20:12:29", "is_win": "0", "kill_cnt": "6", "pick_heros": "171|529|196|121|106", "team_id": "81", "team_name": "NOVA" },
    { "ban_heros": "529|163|193|140", "camp": "2", "game_label": "119283", "game_time": "2019-07-30 18:32:18", "is_win": "1", "kill_cnt": "14", "pick_heros": "171|132|123|107|513", "team_id": "25", "team_name": "QGhappy" },
    { "ban_heros": "509|199|312|153", "camp": "1", "game_label": "119283", "game_time": "2019-07-30 18:32:18", "is_win": "0", "kill_cnt": "5", "pick_heros": "510|133|186|152|121", "team_id": "38", "team_name": "RNG.M" },
    { "ban_heros": "509|123|141|515", "camp": "1", "game_label": "119283", "game_time": "2019-07-30 19:06:24", "is_win": "0", "kill_cnt": "6", "pick_heros": "163|194|126|162|157", "team_id": "25", "team_name": "QGhappy" },
    { "ban_heros": "529|510|312|148", "camp": "2", "game_label": "119283", "game_time": "2019-07-30 19:06:24", "is_win": "1", "kill_cnt": "13", "pick_heros": "199|511|118|107|124", "team_id": "38", "team_name": "RNG.M" },
    { "ban_heros": "163|132|502|506", "camp": "2", "game_label": "119283", "game_time": "2019-07-30 19:43:14", "is_win": "1", "kill_cnt": "15", "pick_heros": "128|195|168|196|312", "team_id": "25", "team_name": "QGhappy" },
    { "ban_heros": "199|511|144|139", "camp": "1", "game_label": "119283", "game_time": "2019-07-30 19:43:14", "is_win": "0", "kill_cnt": "5", "pick_heros": "148|529|194|162|105", "team_id": "38", "team_name": "RNG.M" },
    { "ban_heros": "132|163|157|156", "camp": "1", "game_label": "119283", "game_time": "2019-07-30 20:22:22", "is_win": "0", "kill_cnt": "9", "pick_heros": "509|502|140|110|133", "team_id": "25", "team_name": "QGhappy" },
    { "ban_heros": "199|511|141|144", "camp": "2", "game_label": "119283", "game_time": "2019-07-30 20:22:22", "is_win": "1", "kill_cnt": "13", "pick_heros": "168|123|195|312|128", "team_id": "38", "team_name": "RNG.M" },
    { "ban_heros": "132|509|513|157", "camp": "2", "game_label": "119283", "game_time": "2019-07-30 20:54:52", "is_win": "0", "kill_cnt": "16", "pick_heros": "511|111|186|506|515", "team_id": "25", "team_name": "QGhappy" },
    { "ban_heros": "199|148|510|529", "camp": "1", "game_label": "119283", "game_time": "2019-07-30 20:54:52", "is_win": "1", "kill_cnt": "9", "pick_heros": "144|140|153|141|163", "team_id": "38", "team_name": "RNG.M" },
    { "ban_heros": "111|509|157|513", "camp": "1", "game_label": "119283", "game_time": "2019-07-30 21:28:59", "is_win": "0", "kill_cnt": "6", "pick_heros": "193|529|141|148|120", "team_id": "25", "team_name": "QGhappy" },
    { "ban_heros": "199|121|149|118", "camp": "2", "game_label": "119283", "game_time": "2019-07-30 21:28:59", "is_win": "1", "kill_cnt": "11", "pick_heros": "502|503|156|507|126", "team_id": "38", "team_name": "RNG.M" },
    { "ban_heros": "511|111|156|157", "camp": "2", "game_label": "119284", "game_time": "2019-08-02 18:26:06", "is_win": "0", "kill_cnt": "5", "pick_heros": "529|199|141|193|186", "team_id": "45", "team_name": "Hero久竞" },
    { "ban_heros": "509|123|140|118", "camp": "1", "game_label": "119284", "game_time": "2019-08-02 18:26:07", "is_win": "1", "kill_cnt": "17", "pick_heros": "194|132|171|163|513", "team_id": "60", "team_name": "RW侠" },
    { "ban_heros": "509|123|141|515", "camp": "1", "game_label": "119284", "game_time": "2019-08-02 18:53:21", "is_win": "0", "kill_cnt": "1", "pick_heros": "510|312|168|507|133", "team_id": "45", "team_name": "Hero久竞" },
    { "ban_heros": "194|511|196|132", "camp": "2", "game_label": "119284", "game_time": "2019-08-02 18:53:21", "is_win": "1", "kill_cnt": "13", "pick_heros": "186|529|502|139|157", "team_id": "60", "team_name": "RW侠" },
    { "ban_heros": "511|199|193|111", "camp": "2", "game_label": "119284", "game_time": "2019-08-02 19:21:55", "is_win": "0", "kill_cnt": "8", "pick_heros": "194|140|189|152|163", "team_id": "45", "team_name": "Hero久竞" },
    { "ban_heros": "509|502|513|162", "camp": "1", "game_label": "119284", "game_time": "2019-08-02 19:21:55", "is_win": "1", "kill_cnt": "17", "pick_heros": "123|118|515|128|506", "team_id": "60", "team_name": "RW侠" },
    { "ban_heros": "509|199|144|120", "camp": "1", "game_label": "119284", "game_time": "2019-08-02 19:58:55", "is_win": "0", "kill_cnt": "6", "pick_heros": "111|157|171|522|128", "team_id": "45", "team_name": "Hero久竞" },
    { "ban_heros": "511|123|139|178", "camp": "2", "game_label": "119284", "game_time": "2019-08-02 19:58:55", "is_win": "1", "kill_cnt": "19", "pick_heros": "140|195|148|503|141", "team_id": "60", "team_name": "RW侠" },
    { "ban_heros": "123|199|141|157", "camp": "2", "game_label": "119285", "game_time": "2019-08-03 18:27:15", "is_win": "0", "kill_cnt": "12", "pick_heros": "148|194|193|144|133", "team_id": "38", "team_name": "RNG.M" },
    { "ban_heros": "509|511|111|503", "camp": "1", "game_label": "119285", "game_time": "2019-08-03 18:27:16", "is_win": "1", "kill_cnt": "14", "pick_heros": "163|105|132|124|135", "team_id": "13", "team_name": "eStar" },
    { "ban_heros": "186|199|153|107", "camp": "2", "game_label": "119285", "game_time": "2019-08-03 19:06:09", "is_win": "1", "kill_cnt": "15", "pick_heros": "529|509|111|171|152", "team_id": "13", "team_name": "eStar" },
    { "ban_heros": "148|123|312|125", "camp": "1", "game_label": "119285", "game_time": "2019-08-03 19:06:10", "is_win": "0", "kill_cnt": "12", "pick_heros": "511|132|156|105|163", "team_id": "38", "team_name": "RNG.M" },
    { "ban_heros": "111|509|124|118", "camp": "1", "game_label": "119285", "game_time": "2019-08-03 19:43:28", "is_win": "0", "kill_cnt": "8", "pick_heros": "199|191|126|121|107", "team_id": "13", "team_name": "eStar" },
    { "ban_heros": "511|194|139|128", "camp": "2", "game_label": "119285", "game_time": "2019-08-03 19:43:28", "is_win": "1", "kill_cnt": "15", "pick_heros": "502|123|140|189|157", "team_id": "38", "team_name": "RNG.M" },
    { "ban_heros": "111|199|141|508", "camp": "2", "game_label": "119285", "game_time": "2019-08-03 20:22:21", "is_win": "1", "kill_cnt": "17", "pick_heros": "118|123|515|522|129", "team_id": "13", "team_name": "eStar" },
    { "ban_heros": "511|502|506|144", "camp": "1", "game_label": "119285", "game_time": "2019-08-03 20:22:22", "is_win": "0", "kill_cnt": "5", "pick_heros": "128|195|509|126|152", "team_id": "38", "team_name": "RNG.M" },
    { "ban_heros": "199|111|506|522", "camp": "1", "game_label": "119285", "game_time": "2019-08-03 20:54:28", "is_win": "0", "kill_cnt": "17", "pick_heros": "139|195|198|133|186", "team_id": "13", "team_name": "eStar" },
    { "ban_heros": "502|511|156|157", "camp": "2", "game_label": "119285", "game_time": "2019-08-03 20:54:28", "is_win": "1", "kill_cnt": "24", "pick_heros": "529|118|141|135|507", "team_id": "38", "team_name": "RNG.M" },
    { "ban_heros": "199|111|139|174", "camp": "2", "game_label": "119285", "game_time": "2019-08-03 21:35:06", "is_win": "1", "kill_cnt": "21", "pick_heros": "511|162|140|194|141", "team_id": "13", "team_name": "eStar" },
    { "ban_heros": "502|506|157|148", "camp": "1", "game_label": "119285", "game_time": "2019-08-03 21:35:06", "is_win": "0", "kill_cnt": "5", "pick_heros": "503|186|312|107|522", "team_id": "38", "team_name": "RNG.M" },
    { "ban_heros": "529|511|153|194", "camp": "2", "game_label": "119286", "game_time": "2019-08-10 17:05:02", "is_win": "0", "kill_cnt": "19", "pick_heros": "510|186|199|139|136", "team_id": "13", "team_name": "eStar" },
    { "ban_heros": "509|123|156|135", "camp": "1", "game_label": "119286", "game_time": "2019-08-10 17:05:02", "is_win": "1", "kill_cnt": "20", "pick_heros": "163|502|513|168|126", "team_id": "60", "team_name": "RW侠" },
    { "ban_heros": "529|509|141|515", "camp": "1", "game_label": "119286", "game_time": "2019-08-10 17:52:44", "is_win": "1", "kill_cnt": "11", "pick_heros": "123|502|128|152|189", "team_id": "13", "team_name": "eStar" },
    { "ban_heros": "511|111|312|513", "camp": "2", "game_label": "119286", "game_time": "2019-08-10 17:52:44", "is_win": "0", "kill_cnt": "3", "pick_heros": "118|194|199|107|125", "team_id": "60", "team_name": "RW侠" },
    { "ban_heros": "529|128|124|156", "camp": "2", "game_label": "119286", "game_time": "2019-08-10 18:22:22", "is_win": "1", "kill_cnt": "16", "pick_heros": "522|509|141|503|129", "team_id": "13", "team_name": "eStar" },
    { "ban_heros": "163|194|132|506", "camp": "1", "game_label": "119286", "game_time": "2019-08-10 18:22:22", "is_win": "0", "kill_cnt": "7", "pick_heros": "511|195|153|157|198", "team_id": "60", "team_name": "RW侠" },
    { "ban_heros": "128|529|141|515", "camp": "1", "game_label": "119286", "game_time": "2019-08-10 19:17:45", "is_win": "1", "kill_cnt": "21", "pick_heros": "148|195|140|105|144", "team_id": "13", "team_name": "eStar" },
    { "ban_heros": "513|163|511|194", "camp": "2", "game_label": "119286", "game_time": "2019-08-10 19:17:45", "is_win": "0", "kill_cnt": "10", "pick_heros": "509|510|506|507|152", "team_id": "60", "team_name": "RW侠" },
    { "ban_heros": "128|529|156|136", "camp": "2", "game_label": "119286", "game_time": "2019-08-10 19:52:39", "is_win": "0", "kill_cnt": "12", "pick_heros": "111|171|513|193|178", "team_id": "13", "team_name": "eStar" },
    { "ban_heros": "511|163|107|153", "camp": "1", "game_label": "119286", "game_time": "2019-08-10 19:52:39", "is_win": "1", "kill_cnt": "11", "pick_heros": "132|139|134|186|515", "team_id": "60", "team_name": "RW侠" },
    { "ban_heros": "128|148|111|193", "camp": "1", "game_label": "119286", "game_time": "2019-08-10 20:30:11", "is_win": "1", "kill_cnt": "14", "pick_heros": "529|506|118|124|120", "team_id": "13", "team_name": "eStar" },
    { "ban_heros": "511|163|515|121", "camp": "2", "game_label": "119286", "game_time": "2019-08-10 20:30:11", "is_win": "0", "kill_cnt": "2", "pick_heros": "123|171|522|156|129", "team_id": "60", "team_name": "RW侠" }
]