[
    { "hero1_id": "176", "hero1_name": "杨玉环", "hero2_id": "199", "hero2_name": "公孙离", "played": "29", "win_rate": "0.5172" },
    { "hero1_id": "176", "hero1_name": "杨玉环", "hero2_id": "194", "hero2_name": "苏烈", "played": "18", "win_rate": "0.5556" },
    { "hero1_id": "132", "hero1_name": "马可波罗", "hero2_id": "176", "hero2_name": "杨玉环", "played": "18", "win_rate": "0.6111" },
    { "hero1_id": "154", "hero1_name": "花木兰", "hero2_id": "199", "hero2_name": "公孙离", "played": "18", "win_rate": "0.4444" },
    { "hero1_id": "118", "hero1_name": "孙膑", "hero2_id": "132", "hero2_name": "马可波罗", "played": "18", "win_rate": "0.4444" },
    { "hero1_id": "194", "hero1_name": "苏烈", "hero2_id": "199", "hero2_name": "公孙离", "played": "17", "win_rate": "0.5294" },
    { "hero1_id": "132", "hero1_name": "马可波罗", "hero2_id": "194", "hero2_name": "苏烈", "played": "16", "win_rate": "0.4375" },
    { "hero1_id": "171", "hero1_name": "张飞", "hero2_id": "176", "hero2_name": "杨玉环", "played": "16", "win_rate": "0.5000" },
    { "hero1_id": "140", "hero1_name": "关羽", "hero2_id": "199", "hero2_name": "公孙离", "played": "16", "win_rate": "0.8125" },
    { "hero1_id": "126", "hero1_name": "夏侯惇", "hero2_id": "176", "hero2_name": "杨玉环", "played": "15", "win_rate": "0.4000" },
    { "hero1_id": "126", "hero1_name": "夏侯惇", "hero2_id": "199", "hero2_name": "公孙离", "played": "15", "win_rate": "0.4000" },
    { "hero1_id": "154", "hero1_name": "花木兰", "hero2_id": "176", "hero2_name": "杨玉环", "played": "14", "win_rate": "0.5000" },
    { "hero1_id": "139", "hero1_name": "老夫子", "hero2_id": "199", "hero2_name": "公孙离", "played": "14", "win_rate": "0.5714" },
    { "hero1_id": "129", "hero1_name": "典韦", "hero2_id": "176", "hero2_name": "杨玉环", "played": "14", "win_rate": "0.6429" },
    { "hero1_id": "118", "hero1_name": "孙膑", "hero2_id": "176", "hero2_name": "杨玉环", "played": "14", "win_rate": "0.6429" },
    { "hero1_id": "118", "hero1_name": "孙膑", "hero2_id": "199", "hero2_name": "公孙离", "played": "13", "win_rate": "0.6154" },
    { "hero1_id": "132", "hero1_name": "马可波罗", "hero2_id": "140", "hero2_name": "关羽", "played": "13", "win_rate": "0.3846" },
    { "hero1_id": "154", "hero1_name": "花木兰", "hero2_id": "194", "hero2_name": "苏烈", "played": "13", "win_rate": "0.6923" },
    { "hero1_id": "118", "hero1_name": "孙膑", "hero2_id": "126", "hero2_name": "夏侯惇", "played": "13", "win_rate": "0.4615" },
    { "hero1_id": "154", "hero1_name": "花木兰", "hero2_id": "189", "hero2_name": "鬼谷子", "played": "13", "win_rate": "0.6154" },
    { "hero1_id": "126", "hero1_name": "夏侯惇", "hero2_id": "132", "hero2_name": "马可波罗", "played": "12", "win_rate": "0.4167" },
    { "hero1_id": "171", "hero1_name": "张飞", "hero2_id": "199", "hero2_name": "公孙离", "played": "12", "win_rate": "0.5000" },
    { "hero1_id": "118", "hero1_name": "孙膑", "hero2_id": "139", "hero2_name": "老夫子", "played": "12", "win_rate": "0.4167" },
    { "hero1_id": "126", "hero1_name": "夏侯惇", "hero2_id": "129", "hero2_name": "典韦", "played": "12", "win_rate": "0.5000" },
    { "hero1_id": "113", "hero1_name": "庄周", "hero2_id": "176", "hero2_name": "杨玉环", "played": "12", "win_rate": "0.7500" },
    { "hero1_id": "125", "hero1_name": "元歌", "hero2_id": "132", "hero2_name": "马可波罗", "played": "12", "win_rate": "0.5833" },
    { "hero1_id": "140", "hero1_name": "关羽", "hero2_id": "176", "hero2_name": "杨玉环", "played": "11", "win_rate": "0.7273" },
    { "hero1_id": "113", "hero1_name": "庄周", "hero2_id": "132", "hero2_name": "马可波罗", "played": "11", "win_rate": "0.7273" },
    { "hero1_id": "129", "hero1_name": "典韦", "hero2_id": "132", "hero2_name": "马可波罗", "played": "11", "win_rate": "0.8182" },
    { "hero1_id": "125", "hero1_name": "元歌", "hero2_id": "126", "hero2_name": "夏侯惇", "played": "11", "win_rate": "0.5455" },
    { "hero1_id": "125", "hero1_name": "元歌", "hero2_id": "199", "hero2_name": "公孙离", "played": "11", "win_rate": "0.6364" },
    { "hero1_id": "125", "hero1_name": "元歌", "hero2_id": "194", "hero2_name": "苏烈", "played": "10", "win_rate": "0.8000" },
    { "hero1_id": "135", "hero1_name": "项羽", "hero2_id": "176", "hero2_name": "杨玉环", "played": "10", "win_rate": "0.4000" },
    { "hero1_id": "132", "hero1_name": "马可波罗", "hero2_id": "189", "hero2_name": "鬼谷子", "played": "10", "win_rate": "0.8000" },
    { "hero1_id": "123", "hero1_name": "吕布", "hero2_id": "132", "hero2_name": "马可波罗", "played": "10", "win_rate": "0.5000" },
    { "hero1_id": "129", "hero1_name": "典韦", "hero2_id": "199", "hero2_name": "公孙离", "played": "10", "win_rate": "0.6000" },
    { "hero1_id": "132", "hero1_name": "马可波罗", "hero2_id": "154", "hero2_name": "花木兰", "played": "10", "win_rate": "0.4000" },
    { "hero1_id": "123", "hero1_name": "吕布", "hero2_id": "176", "hero2_name": "杨玉环", "played": "10", "win_rate": "0.5000" },
    { "hero1_id": "118", "hero1_name": "孙膑", "hero2_id": "123", "hero2_name": "吕布", "played": "9", "win_rate": "0.4444" },
    { "hero1_id": "126", "hero1_name": "夏侯惇", "hero2_id": "154", "hero2_name": "花木兰", "played": "9", "win_rate": "0.4444" },
    { "hero1_id": "113", "hero1_name": "庄周", "hero2_id": "154", "hero2_name": "花木兰", "played": "9", "win_rate": "0.4444" },
    { "hero1_id": "189", "hero1_name": "鬼谷子", "hero2_id": "199", "hero2_name": "公孙离", "played": "9", "win_rate": "0.6667" },
    { "hero1_id": "139", "hero1_name": "老夫子", "hero2_id": "176", "hero2_name": "杨玉环", "played": "9", "win_rate": "0.3333" },
    { "hero1_id": "135", "hero1_name": "项羽", "hero2_id": "199", "hero2_name": "公孙离", "played": "9", "win_rate": "0.5556" },
    { "hero1_id": "132", "hero1_name": "马可波罗", "hero2_id": "144", "hero2_name": "程咬金", "played": "9", "win_rate": "0.4444" },
    { "hero1_id": "123", "hero1_name": "吕布", "hero2_id": "199", "hero2_name": "公孙离", "played": "9", "win_rate": "0.5556" },
    { "hero1_id": "113", "hero1_name": "庄周", "hero2_id": "199", "hero2_name": "公孙离", "played": "9", "win_rate": "0.5556" },
    { "hero1_id": "162", "hero1_name": "娜可露露", "hero2_id": "194", "hero2_name": "苏烈", "played": "9", "win_rate": "0.4444" },
    { "hero1_id": "199", "hero1_name": "公孙离", "hero2_id": "509", "hero2_name": "盾山", "played": "9", "win_rate": "0.5556" },
    { "hero1_id": "139", "hero1_name": "老夫子", "hero2_id": "162", "hero2_name": "娜可露露", "played": "9", "win_rate": "0.6667" },
    { "hero1_id": "189", "hero1_name": "鬼谷子", "hero2_id": "194", "hero2_name": "苏烈", "played": "9", "win_rate": "0.6667" },
    { "hero1_id": "118", "hero1_name": "孙膑", "hero2_id": "140", "hero2_name": "关羽", "played": "9", "win_rate": "0.5556" },
    { "hero1_id": "162", "hero1_name": "娜可露露", "hero2_id": "176", "hero2_name": "杨玉环", "played": "8", "win_rate": "0.3750" },
    { "hero1_id": "186", "hero1_name": "太乙真人", "hero2_id": "199", "hero2_name": "公孙离", "played": "8", "win_rate": "0.5000" },
    { "hero1_id": "154", "hero1_name": "花木兰", "hero2_id": "162", "hero2_name": "娜可露露", "played": "8", "win_rate": "0.3750" },
    { "hero1_id": "118", "hero1_name": "孙膑", "hero2_id": "129", "hero2_name": "典韦", "played": "8", "win_rate": "0.6250" },
    { "hero1_id": "113", "hero1_name": "庄周", "hero2_id": "194", "hero2_name": "苏烈", "played": "8", "win_rate": "0.5000" },
    { "hero1_id": "141", "hero1_name": "貂蝉", "hero2_id": "199", "hero2_name": "公孙离", "played": "8", "win_rate": "0.5000" },
    { "hero1_id": "132", "hero1_name": "马可波罗", "hero2_id": "182", "hero2_name": "干将莫邪", "played": "8", "win_rate": "0.3750" },
    { "hero1_id": "113", "hero1_name": "庄周", "hero2_id": "123", "hero2_name": "吕布", "played": "8", "win_rate": "0.5000" },
    { "hero1_id": "129", "hero1_name": "典韦", "hero2_id": "194", "hero2_name": "苏烈", "played": "8", "win_rate": "0.5000" },
    { "hero1_id": "125", "hero1_name": "元歌", "hero2_id": "162", "hero2_name": "娜可露露", "played": "8", "win_rate": "0.7500" },
    { "hero1_id": "126", "hero1_name": "夏侯惇", "hero2_id": "162", "hero2_name": "娜可露露", "played": "8", "win_rate": "0.3750" },
    { "hero1_id": "125", "hero1_name": "元歌", "hero2_id": "189", "hero2_name": "鬼谷子", "played": "8", "win_rate": "0.8750" },
    { "hero1_id": "118", "hero1_name": "孙膑", "hero2_id": "141", "hero2_name": "貂蝉", "played": "8", "win_rate": "0.2500" },
    { "hero1_id": "140", "hero1_name": "关羽", "hero2_id": "171", "hero2_name": "张飞", "played": "8", "win_rate": "0.6250" },
    { "hero1_id": "125", "hero1_name": "元歌", "hero2_id": "140", "hero2_name": "关羽", "played": "8", "win_rate": "0.6250" },
    { "hero1_id": "186", "hero1_name": "太乙真人", "hero2_id": "194", "hero2_name": "苏烈", "played": "8", "win_rate": "0.5000" },
    { "hero1_id": "132", "hero1_name": "马可波罗", "hero2_id": "171", "hero2_name": "张飞", "played": "8", "win_rate": "0.3750" },
    { "hero1_id": "113", "hero1_name": "庄周", "hero2_id": "162", "hero2_name": "娜可露露", "played": "8", "win_rate": "0.2500" },
    { "hero1_id": "120", "hero1_name": "白起", "hero2_id": "199", "hero2_name": "公孙离", "played": "7", "win_rate": "0.2857" },
    { "hero1_id": "113", "hero1_name": "庄周", "hero2_id": "118", "hero2_name": "孙膑", "played": "7", "win_rate": "0.4286" },
    { "hero1_id": "106", "hero1_name": "小乔", "hero2_id": "194", "hero2_name": "苏烈", "played": "7", "win_rate": "0.2857" },
    { "hero1_id": "125", "hero1_name": "元歌", "hero2_id": "129", "hero2_name": "典韦", "played": "7", "win_rate": "0.7143" },
    { "hero1_id": "113", "hero1_name": "庄周", "hero2_id": "125", "hero2_name": "元歌", "played": "7", "win_rate": "0.7143" },
    { "hero1_id": "120", "hero1_name": "白起", "hero2_id": "140", "hero2_name": "关羽", "played": "7", "win_rate": "0.4286" },
    { "hero1_id": "168", "hero1_name": "牛魔", "hero2_id": "199", "hero2_name": "公孙离", "played": "7", "win_rate": "0.2857" },
    { "hero1_id": "176", "hero1_name": "杨玉环", "hero2_id": "189", "hero2_name": "鬼谷子", "played": "7", "win_rate": "0.8571" },
    { "hero1_id": "176", "hero1_name": "杨玉环", "hero2_id": "186", "hero2_name": "太乙真人", "played": "7", "win_rate": "0.4286" },
    { "hero1_id": "134", "hero1_name": "达摩", "hero2_id": "199", "hero2_name": "公孙离", "played": "7", "win_rate": "0.1429" },
    { "hero1_id": "118", "hero1_name": "孙膑", "hero2_id": "154", "hero2_name": "花木兰", "played": "7", "win_rate": "0.5714" },
    { "hero1_id": "118", "hero1_name": "孙膑", "hero2_id": "194", "hero2_name": "苏烈", "played": "7", "win_rate": "0.5714" },
    { "hero1_id": "125", "hero1_name": "元歌", "hero2_id": "154", "hero2_name": "花木兰", "played": "7", "win_rate": "0.4286" },
    { "hero1_id": "126", "hero1_name": "夏侯惇", "hero2_id": "182", "hero2_name": "干将莫邪", "played": "7", "win_rate": "0.2857" },
    { "hero1_id": "140", "hero1_name": "关羽", "hero2_id": "168", "hero2_name": "牛魔", "played": "6", "win_rate": "0.5000" },
    { "hero1_id": "140", "hero1_name": "关羽", "hero2_id": "189", "hero2_name": "鬼谷子", "played": "6", "win_rate": "1.0000" },
    { "hero1_id": "129", "hero1_name": "典韦", "hero2_id": "171", "hero2_name": "张飞", "played": "6", "win_rate": "0.6667" },
    { "hero1_id": "162", "hero1_name": "娜可露露", "hero2_id": "509", "hero2_name": "盾山", "played": "6", "win_rate": "0.8333" },
    { "hero1_id": "118", "hero1_name": "孙膑", "hero2_id": "162", "hero2_name": "娜可露露", "played": "6", "win_rate": "0.6667" },
    { "hero1_id": "140", "hero1_name": "关羽", "hero2_id": "186", "hero2_name": "太乙真人", "played": "6", "win_rate": "0.6667" },
    { "hero1_id": "126", "hero1_name": "夏侯惇", "hero2_id": "141", "hero2_name": "貂蝉", "played": "6", "win_rate": "0.3333" },
    { "hero1_id": "132", "hero1_name": "马可波罗", "hero2_id": "509", "hero2_name": "盾山", "played": "6", "win_rate": "0.6667" },
    { "hero1_id": "126", "hero1_name": "夏侯惇", "hero2_id": "502", "hero2_name": "裴擒虎", "played": "6", "win_rate": "0.3333" },
    { "hero1_id": "176", "hero1_name": "杨玉环", "hero2_id": "509", "hero2_name": "盾山", "played": "6", "win_rate": "0.5000" },
    { "hero1_id": "120", "hero1_name": "白起", "hero2_id": "132", "hero2_name": "马可波罗", "played": "6", "win_rate": "0.3333" },
    { "hero1_id": "140", "hero1_name": "关羽", "hero2_id": "194", "hero2_name": "苏烈", "played": "6", "win_rate": "0.5000" },
    { "hero1_id": "106", "hero1_name": "小乔", "hero2_id": "132", "hero2_name": "马可波罗", "played": "6", "win_rate": "0.5000" },
    { "hero1_id": "113", "hero1_name": "庄周", "hero2_id": "129", "hero2_name": "典韦", "played": "6", "win_rate": "0.6667" },
    { "hero1_id": "126", "hero1_name": "夏侯惇", "hero2_id": "140", "hero2_name": "关羽", "played": "6", "win_rate": "0.6667" },
    { "hero1_id": "171", "hero1_name": "张飞", "hero2_id": "194", "hero2_name": "苏烈", "played": "6", "win_rate": "0.3333" },
    { "hero1_id": "118", "hero1_name": "孙膑", "hero2_id": "125", "hero2_name": "元歌", "played": "6", "win_rate": "0.8333" },
    { "hero1_id": "134", "hero1_name": "达摩", "hero2_id": "176", "hero2_name": "杨玉环", "played": "6", "win_rate": "0.5000" },
    { "hero1_id": "132", "hero1_name": "马可波罗", "hero2_id": "186", "hero2_name": "太乙真人", "played": "6", "win_rate": "0.5000" },
    { "hero1_id": "126", "hero1_name": "夏侯惇", "hero2_id": "189", "hero2_name": "鬼谷子", "played": "6", "win_rate": "0.5000" },
    { "hero1_id": "182", "hero1_name": "干将莫邪", "hero2_id": "194", "hero2_name": "苏烈", "played": "6", "win_rate": "0.3333" },
    { "hero1_id": "148", "hero1_name": "姜子牙", "hero2_id": "199", "hero2_name": "公孙离", "played": "6", "win_rate": "0.6667" },
    { "hero1_id": "140", "hero1_name": "关羽", "hero2_id": "182", "hero2_name": "干将莫邪", "played": "6", "win_rate": "0.6667" },
    { "hero1_id": "126", "hero1_name": "夏侯惇", "hero2_id": "139", "hero2_name": "老夫子", "played": "6", "win_rate": "0.3333" },
    { "hero1_id": "168", "hero1_name": "牛魔", "hero2_id": "176", "hero2_name": "杨玉环", "played": "6", "win_rate": "0.3333" },
    { "hero1_id": "125", "hero1_name": "元歌", "hero2_id": "510", "hero2_name": "孙策", "played": "5", "win_rate": "0.8000" },
    { "hero1_id": "126", "hero1_name": "夏侯惇", "hero2_id": "196", "hero2_name": "百里守约", "played": "5", "win_rate": "0.4000" },
    { "hero1_id": "125", "hero1_name": "元歌", "hero2_id": "139", "hero2_name": "老夫子", "played": "5", "win_rate": "0.6000" },
    { "hero1_id": "106", "hero1_name": "小乔", "hero2_id": "154", "hero2_name": "花木兰", "played": "5", "win_rate": "0.4000" },
    { "hero1_id": "194", "hero1_name": "苏烈", "hero2_id": "510", "hero2_name": "孙策", "played": "5", "win_rate": "0.6000" },
    { "hero1_id": "135", "hero1_name": "项羽", "hero2_id": "140", "hero2_name": "关羽", "played": "5", "win_rate": "0.8000" },
    { "hero1_id": "154", "hero1_name": "花木兰", "hero2_id": "186", "hero2_name": "太乙真人", "played": "5", "win_rate": "0.6000" },
    { "hero1_id": "162", "hero1_name": "娜可露露", "hero2_id": "184", "hero2_name": "蔡文姬", "played": "5", "win_rate": "0.8000" },
    { "hero1_id": "123", "hero1_name": "吕布", "hero2_id": "125", "hero2_name": "元歌", "played": "5", "win_rate": "1.0000" },
    { "hero1_id": "106", "hero1_name": "小乔", "hero2_id": "118", "hero2_name": "孙膑", "played": "5", "win_rate": "0.4000" },
    { "hero1_id": "126", "hero1_name": "夏侯惇", "hero2_id": "168", "hero2_name": "牛魔", "played": "5", "win_rate": "0.6000" },
    { "hero1_id": "120", "hero1_name": "白起", "hero2_id": "171", "hero2_name": "张飞", "played": "5", "win_rate": "0.2000" },
    { "hero1_id": "162", "hero1_name": "娜可露露", "hero2_id": "189", "hero2_name": "鬼谷子", "played": "5", "win_rate": "0.4000" },
    { "hero1_id": "134", "hero1_name": "达摩", "hero2_id": "194", "hero2_name": "苏烈", "played": "5", "win_rate": "0.2000" },
    { "hero1_id": "126", "hero1_name": "夏侯惇", "hero2_id": "186", "hero2_name": "太乙真人", "played": "5", "win_rate": "0.0000" },
    { "hero1_id": "140", "hero1_name": "关羽", "hero2_id": "141", "hero2_name": "貂蝉", "played": "5", "win_rate": "0.4000" },
    { "hero1_id": "182", "hero1_name": "干将莫邪", "hero2_id": "189", "hero2_name": "鬼谷子", "played": "5", "win_rate": "0.8000" },
    { "hero1_id": "132", "hero1_name": "马可波罗", "hero2_id": "139", "hero2_name": "老夫子", "played": "5", "win_rate": "0.0000" },
    { "hero1_id": "106", "hero1_name": "小乔", "hero2_id": "199", "hero2_name": "公孙离", "played": "5", "win_rate": "0.4000" },
    { "hero1_id": "182", "hero1_name": "干将莫邪", "hero2_id": "199", "hero2_name": "公孙离", "played": "5", "win_rate": "0.2000" },
    { "hero1_id": "154", "hero1_name": "花木兰", "hero2_id": "171", "hero2_name": "张飞", "played": "5", "win_rate": "0.2000" },
    { "hero1_id": "106", "hero1_name": "小乔", "hero2_id": "186", "hero2_name": "太乙真人", "played": "5", "win_rate": "0.6000" },
    { "hero1_id": "139", "hero1_name": "老夫子", "hero2_id": "194", "hero2_name": "苏烈", "played": "5", "win_rate": "0.2000" },
    { "hero1_id": "106", "hero1_name": "小乔", "hero2_id": "162", "hero2_name": "娜可露露", "played": "5", "win_rate": "0.6000" },
    { "hero1_id": "129", "hero1_name": "典韦", "hero2_id": "162", "hero2_name": "娜可露露", "played": "5", "win_rate": "0.4000" },
    { "hero1_id": "123", "hero1_name": "吕布", "hero2_id": "189", "hero2_name": "鬼谷子", "played": "5", "win_rate": "0.6000" },
    { "hero1_id": "129", "hero1_name": "典韦", "hero2_id": "189", "hero2_name": "鬼谷子", "played": "5", "win_rate": "0.8000" },
    { "hero1_id": "113", "hero1_name": "庄周", "hero2_id": "126", "hero2_name": "夏侯惇", "played": "5", "win_rate": "0.2000" },
    { "hero1_id": "132", "hero1_name": "马可波罗", "hero2_id": "141", "hero2_name": "貂蝉", "played": "5", "win_rate": "0.4000" },
    { "hero1_id": "162", "hero1_name": "娜可露露", "hero2_id": "510", "hero2_name": "孙策", "played": "4", "win_rate": "0.2500" },
    { "hero1_id": "106", "hero1_name": "小乔", "hero2_id": "509", "hero2_name": "盾山", "played": "4", "win_rate": "0.7500" },
    { "hero1_id": "118", "hero1_name": "孙膑", "hero2_id": "174", "hero2_name": "虞姬", "played": "4", "win_rate": "0.2500" },
    { "hero1_id": "176", "hero1_name": "杨玉环", "hero2_id": "184", "hero2_name": "蔡文姬", "played": "4", "win_rate": "0.2500" },
    { "hero1_id": "123", "hero1_name": "吕布", "hero2_id": "126", "hero2_name": "夏侯惇", "played": "4", "win_rate": "0.2500" },
    { "hero1_id": "144", "hero1_name": "程咬金", "hero2_id": "194", "hero2_name": "苏烈", "played": "4", "win_rate": "0.2500" },
    { "hero1_id": "171", "hero1_name": "张飞", "hero2_id": "174", "hero2_name": "虞姬", "played": "4", "win_rate": "0.7500" },
    { "hero1_id": "132", "hero1_name": "马可波罗", "hero2_id": "135", "hero2_name": "项羽", "played": "4", "win_rate": "0.2500" },
    { "hero1_id": "123", "hero1_name": "吕布", "hero2_id": "139", "hero2_name": "老夫子", "played": "4", "win_rate": "1.0000" },
    { "hero1_id": "139", "hero1_name": "老夫子", "hero2_id": "191", "hero2_name": "大乔", "played": "4", "win_rate": "0.2500" },
    { "hero1_id": "120", "hero1_name": "白起", "hero2_id": "125", "hero2_name": "元歌", "played": "4", "win_rate": "0.5000" },
    { "hero1_id": "120", "hero1_name": "白起", "hero2_id": "141", "hero2_name": "貂蝉", "played": "4", "win_rate": "0.2500" },
    { "hero1_id": "125", "hero1_name": "元歌", "hero2_id": "171", "hero2_name": "张飞", "played": "4", "win_rate": "0.7500" },
    { "hero1_id": "118", "hero1_name": "孙膑", "hero2_id": "135", "hero2_name": "项羽", "played": "4", "win_rate": "0.0000" },
    { "hero1_id": "184", "hero1_name": "蔡文姬", "hero2_id": "199", "hero2_name": "公孙离", "played": "4", "win_rate": "0.5000" },
    { "hero1_id": "113", "hero1_name": "庄周", "hero2_id": "139", "hero2_name": "老夫子", "played": "4", "win_rate": "0.2500" },
    { "hero1_id": "137", "hero1_name": "司马懿", "hero2_id": "199", "hero2_name": "公孙离", "played": "4", "win_rate": "0.7500" },
    { "hero1_id": "154", "hero1_name": "花木兰", "hero2_id": "509", "hero2_name": "盾山", "played": "4", "win_rate": "0.0000" },
    { "hero1_id": "132", "hero1_name": "马可波罗", "hero2_id": "168", "hero2_name": "牛魔", "played": "4", "win_rate": "0.7500" },
    { "hero1_id": "123", "hero1_name": "吕布", "hero2_id": "171", "hero2_name": "张飞", "played": "4", "win_rate": "0.5000" },
    { "hero1_id": "123", "hero1_name": "吕布", "hero2_id": "194", "hero2_name": "苏烈", "played": "4", "win_rate": "0.5000" },
    { "hero1_id": "134", "hero1_name": "达摩", "hero2_id": "509", "hero2_name": "盾山", "played": "4", "win_rate": "0.5000" },
    { "hero1_id": "140", "hero1_name": "关羽", "hero2_id": "162", "hero2_name": "娜可露露", "played": "4", "win_rate": "0.5000" },
    { "hero1_id": "132", "hero1_name": "马可波罗", "hero2_id": "134", "hero2_name": "达摩", "played": "4", "win_rate": "0.5000" },
    { "hero1_id": "135", "hero1_name": "项羽", "hero2_id": "154", "hero2_name": "花木兰", "played": "4", "win_rate": "0.2500" },
    { "hero1_id": "162", "hero1_name": "娜可露露", "hero2_id": "171", "hero2_name": "张飞", "played": "4", "win_rate": "0.7500" },
    { "hero1_id": "106", "hero1_name": "小乔", "hero2_id": "140", "hero2_name": "关羽", "played": "4", "win_rate": "0.5000" },
    { "hero1_id": "125", "hero1_name": "元歌", "hero2_id": "168", "hero2_name": "牛魔", "played": "4", "win_rate": "0.5000" },
    { "hero1_id": "118", "hero1_name": "孙膑", "hero2_id": "144", "hero2_name": "程咬金", "played": "4", "win_rate": "0.2500" },
    { "hero1_id": "140", "hero1_name": "关羽", "hero2_id": "174", "hero2_name": "虞姬", "played": "4", "win_rate": "0.5000" },
    { "hero1_id": "118", "hero1_name": "孙膑", "hero2_id": "509", "hero2_name": "盾山", "played": "4", "win_rate": "1.0000" },
    { "hero1_id": "186", "hero1_name": "太乙真人", "hero2_id": "509", "hero2_name": "盾山", "played": "4", "win_rate": "0.5000" },
    { "hero1_id": "174", "hero1_name": "虞姬", "hero2_id": "176", "hero2_name": "杨玉环", "played": "4", "win_rate": "0.2500" },
    { "hero1_id": "154", "hero1_name": "花木兰", "hero2_id": "191", "hero2_name": "大乔", "played": "4", "win_rate": "0.0000" },
    { "hero1_id": "106", "hero1_name": "小乔", "hero2_id": "139", "hero2_name": "老夫子", "played": "4", "win_rate": "0.5000" },
    { "hero1_id": "129", "hero1_name": "典韦", "hero2_id": "148", "hero2_name": "姜子牙", "played": "4", "win_rate": "0.5000" },
    { "hero1_id": "139", "hero1_name": "老夫子", "hero2_id": "509", "hero2_name": "盾山", "played": "4", "win_rate": "1.0000" },
    { "hero1_id": "126", "hero1_name": "夏侯惇", "hero2_id": "184", "hero2_name": "蔡文姬", "played": "4", "win_rate": "0.2500" },
    { "hero1_id": "182", "hero1_name": "干将莫邪", "hero2_id": "187", "hero2_name": "东皇太一", "played": "4", "win_rate": "0.2500" },
    { "hero1_id": "144", "hero1_name": "程咬金", "hero2_id": "176", "hero2_name": "杨玉环", "played": "4", "win_rate": "0.5000" },
    { "hero1_id": "126", "hero1_name": "夏侯惇", "hero2_id": "134", "hero2_name": "达摩", "played": "4", "win_rate": "0.5000" },
    { "hero1_id": "106", "hero1_name": "小乔", "hero2_id": "129", "hero2_name": "典韦", "played": "4", "win_rate": "0.5000" },
    { "hero1_id": "126", "hero1_name": "夏侯惇", "hero2_id": "148", "hero2_name": "姜子牙", "played": "4", "win_rate": "0.2500" },
    { "hero1_id": "137", "hero1_name": "司马懿", "hero2_id": "194", "hero2_name": "苏烈", "played": "4", "win_rate": "0.2500" },
    { "hero1_id": "123", "hero1_name": "吕布", "hero2_id": "162", "hero2_name": "娜可露露", "played": "4", "win_rate": "0.7500" },
    { "hero1_id": "184", "hero1_name": "蔡文姬", "hero2_id": "509", "hero2_name": "盾山", "played": "4", "win_rate": "1.0000" },
    { "hero1_id": "171", "hero1_name": "张飞", "hero2_id": "509", "hero2_name": "盾山", "played": "4", "win_rate": "0.7500" },
    { "hero1_id": "182", "hero1_name": "干将莫邪", "hero2_id": "186", "hero2_name": "太乙真人", "played": "3", "win_rate": "0.3333" },
    { "hero1_id": "139", "hero1_name": "老夫子", "hero2_id": "140", "hero2_name": "关羽", "played": "3", "win_rate": "0.3333" },
    { "hero1_id": "106", "hero1_name": "小乔", "hero2_id": "126", "hero2_name": "夏侯惇", "played": "3", "win_rate": "0.0000" },
    { "hero1_id": "126", "hero1_name": "夏侯惇", "hero2_id": "144", "hero2_name": "程咬金", "played": "3", "win_rate": "0.3333" },
    { "hero1_id": "132", "hero1_name": "马可波罗", "hero2_id": "149", "hero2_name": "刘邦", "played": "3", "win_rate": "0.6667" },
    { "hero1_id": "126", "hero1_name": "夏侯惇", "hero2_id": "171", "hero2_name": "张飞", "played": "3", "win_rate": "0.6667" },
    { "hero1_id": "134", "hero1_name": "达摩", "hero2_id": "196", "hero2_name": "百里守约", "played": "3", "win_rate": "0.3333" },
    { "hero1_id": "113", "hero1_name": "庄周", "hero2_id": "182", "hero2_name": "干将莫邪", "played": "3", "win_rate": "0.3333" },
    { "hero1_id": "129", "hero1_name": "典韦", "hero2_id": "186", "hero2_name": "太乙真人", "played": "3", "win_rate": "0.0000" },
    { "hero1_id": "113", "hero1_name": "庄周", "hero2_id": "510", "hero2_name": "孙策", "played": "3", "win_rate": "0.3333" },
    { "hero1_id": "148", "hero1_name": "姜子牙", "hero2_id": "194", "hero2_name": "苏烈", "played": "3", "win_rate": "0.3333" },
    { "hero1_id": "176", "hero1_name": "杨玉环", "hero2_id": "510", "hero2_name": "孙策", "played": "3", "win_rate": "0.0000" },
    { "hero1_id": "171", "hero1_name": "张飞", "hero2_id": "182", "hero2_name": "干将莫邪", "played": "3", "win_rate": "0.6667" },
    { "hero1_id": "137", "hero1_name": "司马懿", "hero2_id": "139", "hero2_name": "老夫子", "played": "3", "win_rate": "0.6667" },
    { "hero1_id": "139", "hero1_name": "老夫子", "hero2_id": "182", "hero2_name": "干将莫邪", "played": "3", "win_rate": "0.3333" },
    { "hero1_id": "176", "hero1_name": "杨玉环", "hero2_id": "510", "hero2_name": "孙策", "played": "3", "win_rate": "0.0000" },
    { "hero1_id": "123", "hero1_name": "吕布", "hero2_id": "144", "hero2_name": "程咬金", "played": "3", "win_rate": "0.0000" },
    { "hero1_id": "148", "hero1_name": "姜子牙", "hero2_id": "154", "hero2_name": "花木兰", "played": "3", "win_rate": "0.6667" },
    { "hero1_id": "120", "hero1_name": "白起", "hero2_id": "194", "hero2_name": "苏烈", "played": "3", "win_rate": "0.0000" },
    { "hero1_id": "139", "hero1_name": "老夫子", "hero2_id": "171", "hero2_name": "张飞", "played": "3", "win_rate": "0.6667" },
    { "hero1_id": "182", "hero1_name": "干将莫邪", "hero2_id": "502", "hero2_name": "裴擒虎", "played": "3", "win_rate": "0.3333" },
    { "hero1_id": "123", "hero1_name": "吕布", "hero2_id": "137", "hero2_name": "司马懿", "played": "3", "win_rate": "1.0000" },
    { "hero1_id": "113", "hero1_name": "庄周", "hero2_id": "144", "hero2_name": "程咬金", "played": "3", "win_rate": "0.3333" },
    { "hero1_id": "132", "hero1_name": "马可波罗", "hero2_id": "148", "hero2_name": "姜子牙", "played": "3", "win_rate": "0.6667" },
    { "hero1_id": "140", "hero1_name": "关羽", "hero2_id": "509", "hero2_name": "盾山", "played": "3", "win_rate": "0.6667" },
    { "hero1_id": "113", "hero1_name": "庄周", "hero2_id": "502", "hero2_name": "裴擒虎", "played": "3", "win_rate": "0.3333" },
    { "hero1_id": "148", "hero1_name": "姜子牙", "hero2_id": "189", "hero2_name": "鬼谷子", "played": "3", "win_rate": "0.3333" },
    { "hero1_id": "139", "hero1_name": "老夫子", "hero2_id": "148", "hero2_name": "姜子牙", "played": "3", "win_rate": "0.6667" },
    { "hero1_id": "129", "hero1_name": "典韦", "hero2_id": "509", "hero2_name": "盾山", "played": "3", "win_rate": "0.3333" },
    { "hero1_id": "126", "hero1_name": "夏侯惇", "hero2_id": "135", "hero2_name": "项羽", "played": "3", "win_rate": "0.0000" },
    { "hero1_id": "154", "hero1_name": "花木兰", "hero2_id": "156", "hero2_name": "张良", "played": "3", "win_rate": "1.0000" },
    { "hero1_id": "129", "hero1_name": "典韦", "hero2_id": "168", "hero2_name": "牛魔", "played": "3", "win_rate": "0.6667" },
    { "hero1_id": "162", "hero1_name": "娜可露露", "hero2_id": "182", "hero2_name": "干将莫邪", "played": "3", "win_rate": "0.6667" },
    { "hero1_id": "134", "hero1_name": "达摩", "hero2_id": "182", "hero2_name": "干将莫邪", "played": "3", "win_rate": "0.3333" },
    { "hero1_id": "136", "hero1_name": "武则天", "hero2_id": "140", "hero2_name": "关羽", "played": "3", "win_rate": "0.6667" },
    { "hero1_id": "199", "hero1_name": "公孙离", "hero2_id": "510", "hero2_name": "孙策", "played": "3", "win_rate": "0.6667" },
    { "hero1_id": "189", "hero1_name": "鬼谷子", "hero2_id": "510", "hero2_name": "孙策", "played": "3", "win_rate": "0.6667" },
    { "hero1_id": "137", "hero1_name": "司马懿", "hero2_id": "148", "hero2_name": "姜子牙", "played": "3", "win_rate": "0.6667" },
    { "hero1_id": "140", "hero1_name": "关羽", "hero2_id": "184", "hero2_name": "蔡文姬", "played": "3", "win_rate": "0.3333" },
    { "hero1_id": "139", "hero1_name": "老夫子", "hero2_id": "141", "hero2_name": "貂蝉", "played": "3", "win_rate": "0.3333" },
    { "hero1_id": "141", "hero1_name": "貂蝉", "hero2_id": "144", "hero2_name": "程咬金", "played": "3", "win_rate": "0.3333" },
    { "hero1_id": "154", "hero1_name": "花木兰", "hero2_id": "182", "hero2_name": "干将莫邪", "played": "3", "win_rate": "0.6667" },
    { "hero1_id": "123", "hero1_name": "吕布", "hero2_id": "140", "hero2_name": "关羽", "played": "3", "win_rate": "0.6667" },
    { "hero1_id": "141", "hero1_name": "貂蝉", "hero2_id": "509", "hero2_name": "盾山", "played": "3", "win_rate": "1.0000" },
    { "hero1_id": "135", "hero1_name": "项羽", "hero2_id": "171", "hero2_name": "张飞", "played": "3", "win_rate": "0.3333" },
    { "hero1_id": "126", "hero1_name": "夏侯惇", "hero2_id": "174", "hero2_name": "虞姬", "played": "3", "win_rate": "0.3333" },
    { "hero1_id": "118", "hero1_name": "孙膑", "hero2_id": "136", "hero2_name": "武则天", "played": "3", "win_rate": "0.6667" },
    { "hero1_id": "125", "hero1_name": "元歌", "hero2_id": "174", "hero2_name": "虞姬", "played": "3", "win_rate": "0.6667" },
    { "hero1_id": "189", "hero1_name": "鬼谷子", "hero2_id": "509", "hero2_name": "盾山", "played": "3", "win_rate": "0.3333" },
    { "hero1_id": "136", "hero1_name": "武则天", "hero2_id": "199", "hero2_name": "公孙离", "played": "3", "win_rate": "0.6667" },
    { "hero1_id": "144", "hero1_name": "程咬金", "hero2_id": "186", "hero2_name": "太乙真人", "played": "3", "win_rate": "0.3333" },
    { "hero1_id": "139", "hero1_name": "老夫子", "hero2_id": "184", "hero2_name": "蔡文姬", "played": "3", "win_rate": "0.6667" },
    { "hero1_id": "139", "hero1_name": "老夫子", "hero2_id": "502", "hero2_name": "裴擒虎", "played": "3", "win_rate": "0.0000" },
    { "hero1_id": "120", "hero1_name": "白起", "hero2_id": "136", "hero2_name": "武则天", "played": "3", "win_rate": "0.3333" },
    { "hero1_id": "106", "hero1_name": "小乔", "hero2_id": "184", "hero2_name": "蔡文姬", "played": "3", "win_rate": "0.6667" }
]