[
    { "avg_assist": "4.31", "avg_ban_seq": "4.8", "avg_bekill": "1.70", "avg_kill": "2.99", "avg_pick_seq": "0.0", "ban_cnt": "12", "gpm": "655", "hero_id": "199", "hero_name": "公孙离", "kda": "5.33", "pick_cnt": "69", "played": "70", "win_rate": "0.5143" },
    { "avg_assist": "5.07", "avg_ban_seq": "4.4", "avg_bekill": "1.90", "avg_kill": "2.72", "avg_pick_seq": "0.0", "ban_cnt": "13", "gpm": "622", "hero_id": "176", "hero_name": "杨玉环", "kda": "5.27", "pick_cnt": "65", "played": "67", "win_rate": "0.5522" },
    { "avg_assist": "4.29", "avg_ban_seq": "5.0", "avg_bekill": "1.64", "avg_kill": "2.88", "avg_pick_seq": "0.0", "ban_cnt": "8", "gpm": "658", "hero_id": "132", "hero_name": "马可波罗", "kda": "5.22", "pick_cnt": "58", "played": "59", "win_rate": "0.5085" },
    { "avg_assist": "5.43", "avg_ban_seq": "4.1", "avg_bekill": "1.64", "avg_kill": "1.11", "avg_pick_seq": "0.0", "ban_cnt": "22", "gpm": "513", "hero_id": "194", "hero_name": "苏烈", "kda": "4.70", "pick_cnt": "51", "played": "53", "win_rate": "0.4906" },
    { "avg_assist": "4.04", "avg_ban_seq": "4.4", "avg_bekill": "2.18", "avg_kill": "1.24", "avg_pick_seq": "0.0", "ban_cnt": "11", "gpm": "526", "hero_id": "126", "hero_name": "夏侯惇", "kda": "3.41", "pick_cnt": "49", "played": "49", "win_rate": "0.3878" },
    { "avg_assist": "6.91", "avg_ban_seq": "4.5", "avg_bekill": "1.22", "avg_kill": "0.98", "avg_pick_seq": "0.0", "ban_cnt": "30", "gpm": "426", "hero_id": "118", "hero_name": "孙膑", "kda": "6.72", "pick_cnt": "45", "played": "45", "win_rate": "0.5111" },
    { "avg_assist": "3.20", "avg_ban_seq": "6.3", "avg_bekill": "2.00", "avg_kill": "2.39", "avg_pick_seq": "0.0", "ban_cnt": "23", "gpm": "649", "hero_id": "154", "hero_name": "花木兰", "kda": "4.05", "pick_cnt": "42", "played": "44", "win_rate": "0.4318" },
    { "avg_assist": "4.40", "avg_ban_seq": "3.0", "avg_bekill": "1.62", "avg_kill": "2.30", "avg_pick_seq": "0.0", "ban_cnt": "48", "gpm": "629", "hero_id": "140", "hero_name": "关羽", "kda": "4.66", "pick_cnt": "40", "played": "40", "win_rate": "0.6000" },
    { "avg_assist": "4.42", "avg_ban_seq": "4.3", "avg_bekill": "2.17", "avg_kill": "2.72", "avg_pick_seq": "0.0", "ban_cnt": "39", "gpm": "598", "hero_id": "125", "hero_name": "元歌", "kda": "4.66", "pick_cnt": "35", "played": "36", "win_rate": "0.6389" },
    { "avg_assist": "3.86", "avg_ban_seq": "7.1", "avg_bekill": "1.97", "avg_kill": "2.29", "avg_pick_seq": "0.0", "ban_cnt": "19", "gpm": "670", "hero_id": "129", "hero_name": "典韦", "kda": "3.92", "pick_cnt": "33", "played": "35", "win_rate": "0.6286" },
    { "avg_assist": "5.64", "avg_ban_seq": "2.7", "avg_bekill": "1.79", "avg_kill": "1.09", "avg_pick_seq": "0.0", "ban_cnt": "46", "gpm": "480", "hero_id": "113", "hero_name": "庄周", "kda": "4.65", "pick_cnt": "32", "played": "33", "win_rate": "0.4848" },
    { "avg_assist": "4.12", "avg_ban_seq": "6.2", "avg_bekill": "1.94", "avg_kill": "1.53", "avg_pick_seq": "0.0", "ban_cnt": "21", "gpm": "602", "hero_id": "139", "hero_name": "老夫子", "kda": "3.83", "pick_cnt": "32", "played": "32", "win_rate": "0.4375" },
    { "avg_assist": "4.16", "avg_ban_seq": "4.6", "avg_bekill": "2.31", "avg_kill": "3.78", "avg_pick_seq": "0.0", "ban_cnt": "29", "gpm": "669", "hero_id": "162", "hero_name": "娜可露露", "kda": "5.05", "pick_cnt": "31", "played": "32", "win_rate": "0.5000" },
    { "avg_assist": "8.44", "avg_ban_seq": "4.4", "avg_bekill": "2.00", "avg_kill": "0.78", "avg_pick_seq": "0.0", "ban_cnt": "45", "gpm": "407", "hero_id": "189", "hero_name": "鬼谷子", "kda": "5.68", "pick_cnt": "30", "played": "32", "win_rate": "0.7188" },
    { "avg_assist": "6.07", "avg_ban_seq": "7.2", "avg_bekill": "2.03", "avg_kill": "0.72", "avg_pick_seq": "0.0", "ban_cnt": "16", "gpm": "437", "hero_id": "171", "hero_name": "张飞", "kda": "5.20", "pick_cnt": "29", "played": "29", "win_rate": "0.5517" },
    { "avg_assist": "3.89", "avg_ban_seq": "6.4", "avg_bekill": "2.11", "avg_kill": "2.75", "avg_pick_seq": "0.0", "ban_cnt": "13", "gpm": "606", "hero_id": "123", "hero_name": "吕布", "kda": "4.27", "pick_cnt": "28", "played": "28", "win_rate": "0.5000" },
    { "avg_assist": "6.86", "avg_ban_seq": "2.4", "avg_bekill": "2.82", "avg_kill": "1.05", "avg_pick_seq": "0.0", "ban_cnt": "70", "gpm": "492", "hero_id": "509", "hero_name": "盾山", "kda": "4.70", "pick_cnt": "22", "played": "22", "win_rate": "0.6364" },
    { "avg_assist": "4.82", "avg_ban_seq": "7.3", "avg_bekill": "3.45", "avg_kill": "0.77", "avg_pick_seq": "0.0", "ban_cnt": "13", "gpm": "403", "hero_id": "186", "hero_name": "太乙真人", "kda": "2.47", "pick_cnt": "22", "played": "22", "win_rate": "0.4091" },
    { "avg_assist": "4.90", "avg_ban_seq": "7.1", "avg_bekill": "1.90", "avg_kill": "2.45", "avg_pick_seq": "0.0", "ban_cnt": "15", "gpm": "618", "hero_id": "182", "hero_name": "干将莫邪", "kda": "5.11", "pick_cnt": "20", "played": "20", "win_rate": "0.4000" },
    { "avg_assist": "4.25", "avg_ban_seq": "7.4", "avg_bekill": "1.80", "avg_kill": "3.10", "avg_pick_seq": "0.0", "ban_cnt": "9", "gpm": "607", "hero_id": "106", "hero_name": "小乔", "kda": "5.04", "pick_cnt": "19", "played": "20", "win_rate": "0.4500" },
    { "avg_assist": "4.61", "avg_ban_seq": "3.9", "avg_bekill": "2.50", "avg_kill": "2.33", "avg_pick_seq": "0.0", "ban_cnt": "44", "gpm": "620", "hero_id": "141", "hero_name": "貂蝉", "kda": "4.35", "pick_cnt": "18", "played": "18", "win_rate": "0.3889" },
    { "avg_assist": "4.61", "avg_ban_seq": "7.2", "avg_bekill": "2.33", "avg_kill": "1.17", "avg_pick_seq": "0.0", "ban_cnt": "7", "gpm": "519", "hero_id": "135", "hero_name": "项羽", "kda": "3.44", "pick_cnt": "17", "played": "18", "win_rate": "0.3333" },
    { "avg_assist": "3.31", "avg_ban_seq": "6.6", "avg_bekill": "2.19", "avg_kill": "1.50", "avg_pick_seq": "0.0", "ban_cnt": "15", "gpm": "621", "hero_id": "134", "hero_name": "达摩", "kda": "3.01", "pick_cnt": "16", "played": "16", "win_rate": "0.4375" },
    { "avg_assist": "4.93", "avg_ban_seq": "6.3", "avg_bekill": "2.33", "avg_kill": "1.20", "avg_pick_seq": "0.0", "ban_cnt": "11", "gpm": "527", "hero_id": "120", "hero_name": "白起", "kda": "4.12", "pick_cnt": "15", "played": "15", "win_rate": "0.3333" },
    { "avg_assist": "3.67", "avg_ban_seq": "7.6", "avg_bekill": "2.20", "avg_kill": "0.80", "avg_pick_seq": "0.0", "ban_cnt": "7", "gpm": "621", "hero_id": "144", "hero_name": "程咬金", "kda": "3.41", "pick_cnt": "15", "played": "15", "win_rate": "0.3333" },
    { "avg_assist": "5.36", "avg_ban_seq": "8.4", "avg_bekill": "2.93", "avg_kill": "0.50", "avg_pick_seq": "0.0", "ban_cnt": "2", "gpm": "385", "hero_id": "168", "hero_name": "牛魔", "kda": "3.01", "pick_cnt": "14", "played": "14", "win_rate": "0.5000" },
    { "avg_assist": "5.31", "avg_ban_seq": "7.4", "avg_bekill": "1.54", "avg_kill": "1.77", "avg_pick_seq": "0.0", "ban_cnt": "13", "gpm": "475", "hero_id": "148", "hero_name": "姜子牙", "kda": "5.19", "pick_cnt": "12", "played": "13", "win_rate": "0.5385" },
    { "avg_assist": "7.08", "avg_ban_seq": "7.1", "avg_bekill": "2.42", "avg_kill": "0.17", "avg_pick_seq": "0.0", "ban_cnt": "18", "gpm": "411", "hero_id": "184", "hero_name": "蔡文姬", "kda": "3.51", "pick_cnt": "12", "played": "12", "win_rate": "0.5833" },
    { "avg_assist": "3.64", "avg_ban_seq": "2.2", "avg_bekill": "1.55", "avg_kill": "3.45", "avg_pick_seq": "0.0", "ban_cnt": "84", "gpm": "680", "hero_id": "502", "hero_name": "裴擒虎", "kda": "5.62", "pick_cnt": "11", "played": "11", "win_rate": "0.4545" },
    { "avg_assist": "4.10", "avg_ban_seq": "7.2", "avg_bekill": "1.80", "avg_kill": "1.90", "avg_pick_seq": "0.0", "ban_cnt": "5", "gpm": "612", "hero_id": "196", "hero_name": "百里守约", "kda": "3.83", "pick_cnt": "10", "played": "10", "win_rate": "0.3000" },
    { "avg_assist": "3.82", "avg_ban_seq": "9.0", "avg_bekill": "1.73", "avg_kill": "3.09", "avg_pick_seq": "0.0", "ban_cnt": "3", "gpm": "690", "hero_id": "174", "hero_name": "虞姬", "kda": "4.88", "pick_cnt": "10", "played": "11", "win_rate": "0.4545" },
    { "avg_assist": "3.56", "avg_ban_seq": "7.4", "avg_bekill": "1.89", "avg_kill": "2.78", "avg_pick_seq": "0.0", "ban_cnt": "6", "gpm": "631", "hero_id": "510", "hero_name": "孙策", "kda": "4.58", "pick_cnt": "9", "played": "9", "win_rate": "0.4444" },
    { "avg_assist": "4.71", "avg_ban_seq": "7.6", "avg_bekill": "3.00", "avg_kill": "3.29", "avg_pick_seq": "0.0", "ban_cnt": "3", "gpm": "581", "hero_id": "137", "hero_name": "司马懿", "kda": "3.39", "pick_cnt": "7", "played": "7", "win_rate": "0.5714" },
    { "avg_assist": "6.71", "avg_ban_seq": "5.5", "avg_bekill": "1.86", "avg_kill": "0.71", "avg_pick_seq": "0.0", "ban_cnt": "17", "gpm": "437", "hero_id": "191", "hero_name": "大乔", "kda": "5.92", "pick_cnt": "7", "played": "7", "win_rate": "0.1429" },
    { "avg_assist": "8.00", "avg_ban_seq": "7.6", "avg_bekill": "1.50", "avg_kill": "2.83", "avg_pick_seq": "0.0", "ban_cnt": "6", "gpm": "605", "hero_id": "136", "hero_name": "武则天", "kda": "8.50", "pick_cnt": "6", "played": "6", "win_rate": "0.5000" },
    { "avg_assist": "11.00", "avg_ban_seq": "6.3", "avg_bekill": "1.25", "avg_kill": "3.25", "avg_pick_seq": "0.0", "ban_cnt": "16", "gpm": "656", "hero_id": "156", "hero_name": "张良", "kda": "12.62", "pick_cnt": "4", "played": "4", "win_rate": "1.0000" },
    { "avg_assist": "6.00", "avg_ban_seq": "8.0", "avg_bekill": "5.50", "avg_kill": "2.00", "avg_pick_seq": "0.0", "ban_cnt": "3", "gpm": "393", "hero_id": "187", "hero_name": "东皇太一", "kda": "1.51", "pick_cnt": "4", "played": "4", "win_rate": "0.2500" },
    { "avg_assist": "3.25", "avg_ban_seq": "7.5", "avg_bekill": "1.25", "avg_kill": "1.00", "avg_pick_seq": "0.0", "ban_cnt": "1", "gpm": "500", "hero_id": "105", "hero_name": "廉颇", "kda": "3.31", "pick_cnt": "3", "played": "4", "win_rate": "0.7500" },
    { "avg_assist": "1.00", "avg_ban_seq": "8.2", "avg_bekill": "2.33", "avg_kill": "3.00", "avg_pick_seq": "0.0", "ban_cnt": "1", "gpm": "595", "hero_id": "195", "hero_name": "百里玄策", "kda": "1.89", "pick_cnt": "3", "played": "3", "win_rate": "0.3333" },
    { "avg_assist": "4.67", "avg_ban_seq": "7.8", "avg_bekill": "2.00", "avg_kill": "1.33", "avg_pick_seq": "0.0", "ban_cnt": "1", "gpm": "577", "hero_id": "149", "hero_name": "刘邦", "kda": "4.75", "pick_cnt": "3", "played": "3", "win_rate": "0.6667" },
    { "avg_assist": "3.50", "avg_ban_seq": "7.0", "avg_bekill": "3.00", "avg_kill": "2.00", "avg_pick_seq": "0.0", "ban_cnt": "0", "gpm": "608", "hero_id": "150", "hero_name": "韩信", "kda": "1.83", "pick_cnt": "2", "played": "2", "win_rate": "0.5000" },
    { "avg_assist": "4.50", "avg_ban_seq": "10.0", "avg_bekill": "2.00", "avg_kill": "5.00", "avg_pick_seq": "0.0", "ban_cnt": "0", "gpm": "769", "hero_id": "116", "hero_name": "阿轲", "kda": "5.83", "pick_cnt": "2", "played": "2", "win_rate": "0.5000" },
    { "avg_assist": "3.50", "avg_ban_seq": "8.5", "avg_bekill": "2.00", "avg_kill": "1.00", "avg_pick_seq": "0.0", "ban_cnt": "0", "gpm": "547", "hero_id": "193", "hero_name": "铠", "kda": "3.50", "pick_cnt": "2", "played": "2", "win_rate": "0.5000" },
    { "avg_assist": "0.50", "avg_ban_seq": "9.5", "avg_bekill": "3.50", "avg_kill": "1.00", "avg_pick_seq": "0.0", "ban_cnt": "0", "gpm": "661", "hero_id": "146", "hero_name": "露娜", "kda": "0.42", "pick_cnt": "2", "played": "2", "win_rate": "0.0000" },
    { "avg_assist": "3.00", "avg_ban_seq": "10.0", "avg_bekill": "6.00", "avg_kill": "0.00", "avg_pick_seq": "0.0", "ban_cnt": "0", "gpm": "317", "hero_id": "175", "hero_name": "钟馗", "kda": "0.50", "pick_cnt": "1", "played": "1", "win_rate": "0.0000" },
    { "avg_assist": "0.00", "avg_ban_seq": "10.0", "avg_bekill": "0.00", "avg_kill": "0.00", "avg_pick_seq": "0.0", "ban_cnt": "0", "gpm": "1286", "hero_id": "133", "hero_name": "狄仁杰", "kda": "0.00", "pick_cnt": "1", "played": "1", "win_rate": "1.0000" },
    { "avg_assist": "0.00", "avg_ban_seq": "10.0", "avg_bekill": "1.00", "avg_kill": "0.00", "avg_pick_seq": "0.0", "ban_cnt": "0", "gpm": "620", "hero_id": "110", "hero_name": "嬴政", "kda": "0.00", "pick_cnt": "1", "played": "1", "win_rate": "0.0000" },
    { "avg_assist": "5.00", "avg_ban_seq": "8.0", "avg_bekill": "0.00", "avg_kill": "2.00", "avg_pick_seq": "0.0", "ban_cnt": "0", "gpm": "708", "hero_id": "178", "hero_name": "杨戬", "kda": "7.00", "pick_cnt": "1", "played": "1", "win_rate": "1.0000" },
    { "avg_assist": "0.00", "avg_ban_seq": "7.5", "avg_bekill": "0.00", "avg_kill": "0.00", "avg_pick_seq": "0.0", "ban_cnt": "2", "gpm": "0", "hero_id": "167", "hero_name": "孙悟空", "kda": "0.00", "pick_cnt": "0", "played": "0", "win_rate": "0.0000" }
]