[
    { "hero_id": "107", "hero_name": "赵云" },
    { "hero_id": "108", "hero_name": "墨子" },
    { "hero_id": "109", "hero_name": "妲己" },
    { "hero_id": "111", "hero_name": "孙尚香" },
    { "hero_id": "112", "hero_name": "鲁班七号" },
    { "hero_id": "114", "hero_name": "刘禅" },
    { "hero_id": "115", "hero_name": "高渐离" },
    { "hero_id": "117", "hero_name": "钟无艳" },
    { "hero_id": "119", "hero_name": "扁鹊" },
    { "hero_id": "121", "hero_name": "芈月" },
    { "hero_id": "124", "hero_name": "周瑜" },
    { "hero_id": "127", "hero_name": "甄姬" },
    { "hero_id": "128", "hero_name": "曹操" },
    { "hero_id": "130", "hero_name": "宫本武藏" },
    { "hero_id": "131", "hero_name": "李白" },
    { "hero_id": "142", "hero_name": "安琪拉" },
    { "hero_id": "152", "hero_name": "王昭君" },
    { "hero_id": "153", "hero_name": "兰陵王" },
    { "hero_id": "155", "hero_name": "艾琳" },
    { "hero_id": "157", "hero_name": "不知火舞" },
    { "hero_id": "163", "hero_name": "橘右京" },
    { "hero_id": "166", "hero_name": "亚瑟" },
    { "hero_id": "169", "hero_name": "后羿" },
    { "hero_id": "170", "hero_name": "刘备" },
    { "hero_id": "173", "hero_name": "李元芳" },
    { "hero_id": "177", "hero_name": "成吉思汗" },
    { "hero_id": "179", "hero_name": "女娲" },
    { "hero_id": "180", "hero_name": "哪吒" },
    { "hero_id": "183", "hero_name": "雅典娜" },
    { "hero_id": "190", "hero_name": "诸葛亮" },
    { "hero_id": "192", "hero_name": "黄忠" },
    { "hero_id": "197", "hero_name": "弈星" },
    { "hero_id": "198", "hero_name": "梦奇" },
    { "hero_id": "312", "hero_name": "沈梦溪" },
    { "hero_id": "501", "hero_name": "明世隐" },
    { "hero_id": "503", "hero_name": "狂铁" },
    { "hero_id": "504", "hero_name": "米莱狄" },
    { "hero_id": "505", "hero_name": "瑶" },
    { "hero_id": "506", "hero_name": "云中君" },
    { "hero_id": "507", "hero_name": "李信" },
    { "hero_id": "508", "hero_name": "伽罗" },
    { "hero_id": "511", "hero_name": "猪八戒" },
    { "hero_id": "513", "hero_name": "上官婉儿" },
    { "hero_id": "515", "hero_name": "嫦娥" },
    { "hero_id": "518", "hero_name": "马超" },
    { "hero_id": "522", "hero_name": "曜" },
    { "hero_id": "523", "hero_name": "西施" },
    { "hero_id": "525", "hero_name": "鲁班大师" },
    { "hero_id": "529", "hero_name": "盘古" }
]