[
    { "avg_assist": "3.57", "avg_bekill": "1.87", "avg_kill": "1.63", "gpm": "614", "kda": "3.75", "name": "VTG.蔷薇", "openid": "1EB74F54FCBD5D076BE99A93E2388D2C", "played": "30", "rating": "5.60", "total_kill": "49", "win_rate": "0.5667", "xpm": "792" },
    { "avg_assist": "4.27", "avg_bekill": "1.50", "avg_kill": "3.73", "gpm": "712", "kda": "6.33", "name": "VTG.GuiMi", "openid": "6434A30A244B160C172DF4C6758754D5", "played": "30", "rating": "5.60", "total_kill": "112", "win_rate": "0.5667", "xpm": "831" },
    { "avg_assist": "4.87", "avg_bekill": "1.80", "avg_kill": "3.13", "gpm": "637", "kda": "5.04", "name": "VTG.龙队", "openid": "0A98895432A93938AC8E1337FDF735A3", "played": "30", "rating": "5.60", "total_kill": "94", "win_rate": "0.5667", "xpm": "800" },
    { "avg_assist": "5.50", "avg_bekill": "2.13", "avg_kill": "1.27", "gpm": "524", "kda": "4.47", "name": "VTG.Neil", "openid": "3DFCADB43F09C0C6C54A283590F856B7", "played": "30", "rating": "5.60", "total_kill": "38", "win_rate": "0.5667", "xpm": "754" },
    { "avg_assist": "6.60", "avg_bekill": "2.07", "avg_kill": "0.90", "gpm": "433", "kda": "5.11", "name": "VTG.无羡", "openid": "3B5BEC2216BE2997B83ABAB7D5CF7EEE", "played": "30", "rating": "5.60", "total_kill": "27", "win_rate": "0.5667", "xpm": "734" },
    { "avg_assist": "5.92", "avg_bekill": "1.72", "avg_kill": "3.44", "gpm": "631", "kda": "6.68", "name": "UP.Jueking", "openid": "266AEF44E79032783D720F7709D50BEB", "played": "25", "rating": "5.60", "total_kill": "86", "win_rate": "0.7200", "xpm": "834" },
    { "avg_assist": "8.08", "avg_bekill": "1.40", "avg_kill": "0.84", "gpm": "416", "kda": "7.12", "name": "UP.逸", "openid": "D8A37B566B65664A129D64E50557029E", "played": "25", "rating": "5.60", "total_kill": "21", "win_rate": "0.7200", "xpm": "757" },
    { "avg_assist": "6.40", "avg_bekill": "1.52", "avg_kill": "1.72", "gpm": "556", "kda": "6.04", "name": "UP.Tgod", "openid": "C49BCF9F5A17F680042924470DDA58C6", "played": "25", "rating": "5.60", "total_kill": "43", "win_rate": "0.7200", "xpm": "790" },
    { "avg_assist": "5.32", "avg_bekill": "1.04", "avg_kill": "3.20", "gpm": "649", "kda": "7.03", "name": "UP.空", "openid": "EF8CCE6EB505E1AC11E743C31364F038", "played": "25", "rating": "5.60", "total_kill": "80", "win_rate": "0.7200", "xpm": "845" },
    { "avg_assist": "6.08", "avg_bekill": "2.08", "avg_kill": "0.58", "gpm": "415", "kda": "4.48", "name": "KD.杰", "openid": "62654C39422F53DEEDC0B065CEB0DE29", "played": "24", "rating": "5.60", "total_kill": "14", "win_rate": "0.6250", "xpm": "743" },
    { "avg_assist": "3.58", "avg_bekill": "1.50", "avg_kill": "2.96", "gpm": "691", "kda": "5.38", "name": "KD.鹏鹏", "openid": "D218F9422931A172DFE2B9160C646C4B", "played": "24", "rating": "5.60", "total_kill": "71", "win_rate": "0.6250", "xpm": "860" },
    { "avg_assist": "4.46", "avg_bekill": "1.58", "avg_kill": "1.38", "gpm": "542", "kda": "4.80", "name": "KD.花神", "openid": "402D5B594064000B39054998077312CA", "played": "24", "rating": "5.60", "total_kill": "33", "win_rate": "0.6250", "xpm": "781" },
    { "avg_assist": "4.88", "avg_bekill": "1.50", "avg_kill": "2.50", "gpm": "611", "kda": "5.93", "name": "KD.晴一", "openid": "98929994F40F4FD99F36F1749214844B", "played": "24", "rating": "5.60", "total_kill": "60", "win_rate": "0.6250", "xpm": "808" },
    { "avg_assist": "3.38", "avg_bekill": "1.79", "avg_kill": "1.88", "gpm": "633", "kda": "3.72", "name": "KD.晨羽", "openid": "90CB31CB3488C2247942B6D1EB24891F", "played": "24", "rating": "5.60", "total_kill": "45", "win_rate": "0.6250", "xpm": "806" },
    { "avg_assist": "3.87", "avg_bekill": "0.78", "avg_kill": "2.78", "gpm": "660", "kda": "6.10", "name": "UP.易瞳", "openid": "11B1E4A5877119E38789702C7BCAECEE", "played": "23", "rating": "5.60", "total_kill": "64", "win_rate": "0.7391", "xpm": "839" },
    { "avg_assist": "6.15", "avg_bekill": "2.45", "avg_kill": "0.60", "gpm": "403", "kda": "3.90", "name": "TK.JD", "openid": "2AF9487E40B2C8A5C22DA0D9F8160902", "played": "20", "rating": "5.60", "total_kill": "12", "win_rate": "0.2000", "xpm": "684" },
    { "avg_assist": "4.95", "avg_bekill": "2.50", "avg_kill": "0.95", "gpm": "573", "kda": "3.03", "name": "DVG.宋孤", "openid": "6072B7D215B4744EE70BF84AF68DDED3", "played": "20", "rating": "5.60", "total_kill": "19", "win_rate": "0.5500", "xpm": "754" },
    { "avg_assist": "4.55", "avg_bekill": "2.10", "avg_kill": "1.45", "gpm": "550", "kda": "4.11", "name": "HEC.风车", "openid": "04BF4A0A20330C79F683B4ECE6EF8490", "played": "20", "rating": "5.60", "total_kill": "29", "win_rate": "0.4000", "xpm": "718" },
    { "avg_assist": "5.55", "avg_bekill": "1.90", "avg_kill": "0.60", "gpm": "438", "kda": "4.58", "name": "HEC.馒头", "openid": "75457993849E7DE0B27A8A8E94C287C8", "played": "20", "rating": "5.60", "total_kill": "12", "win_rate": "0.4000", "xpm": "676" },
    { "avg_assist": "4.75", "avg_bekill": "2.65", "avg_kill": "2.40", "gpm": "592", "kda": "3.66", "name": "TK.五五", "openid": "211565C0E1411F2E41CD55B60C9D9521", "played": "20", "rating": "5.60", "total_kill": "48", "win_rate": "0.2000", "xpm": "739" },
    { "avg_assist": "6.10", "avg_bekill": "2.35", "avg_kill": "0.85", "gpm": "401", "kda": "5.17", "name": "DVG.Monkey", "openid": "1E9FF5EBFEE6447134269B4CC282A9A8", "played": "20", "rating": "5.60", "total_kill": "17", "win_rate": "0.5500", "xpm": "705" },
    { "avg_assist": "3.95", "avg_bekill": "2.70", "avg_kill": "1.75", "gpm": "582", "kda": "2.95", "name": "TK.Dragon", "openid": "3E98E4F4AF88D2A4E228A06B7B4FFECE", "played": "20", "rating": "5.60", "total_kill": "35", "win_rate": "0.2000", "xpm": "739" },
    { "avg_assist": "4.60", "avg_bekill": "2.30", "avg_kill": "2.10", "gpm": "610", "kda": "4.22", "name": "HEC.诗酒", "openid": "5D73362D8689CDE756564426B11DF410", "played": "20", "rating": "5.60", "total_kill": "42", "win_rate": "0.4000", "xpm": "713" },
    { "avg_assist": "4.00", "avg_bekill": "1.90", "avg_kill": "3.40", "gpm": "653", "kda": "5.00", "name": "DVG.清风", "openid": "12ED93A3618081BF263DFB9643CD4825", "played": "20", "rating": "5.60", "total_kill": "68", "win_rate": "0.5500", "xpm": "804" },
    { "avg_assist": "3.50", "avg_bekill": "1.35", "avg_kill": "2.65", "gpm": "622", "kda": "4.57", "name": "DVG.笑煮", "openid": "BF9DFCA9A5F4DECD44E62AF037E1E527", "played": "20", "rating": "5.60", "total_kill": "53", "win_rate": "0.5500", "xpm": "774" },
    { "avg_assist": "3.65", "avg_bekill": "1.65", "avg_kill": "2.75", "gpm": "664", "kda": "4.90", "name": "HEC.包子", "openid": "301BD958B9BA49D275F1E85F4327946F", "played": "20", "rating": "5.60", "total_kill": "55", "win_rate": "0.4000", "xpm": "730" },
    { "avg_assist": "3.35", "avg_bekill": "1.85", "avg_kill": "2.10", "gpm": "668", "kda": "3.94", "name": "HEC.七年", "openid": "B55D06F690915809C40AF962152BE477", "played": "20", "rating": "5.60", "total_kill": "42", "win_rate": "0.4000", "xpm": "725" },
    { "avg_assist": "4.26", "avg_bekill": "3.11", "avg_kill": "2.58", "gpm": "569", "kda": "3.05", "name": "DVG.天明", "openid": "058506C735A0DBD8A03F11380393C811", "played": "19", "rating": "5.60", "total_kill": "49", "win_rate": "0.5789", "xpm": "754" },
    { "avg_assist": "5.32", "avg_bekill": "1.68", "avg_kill": "3.21", "gpm": "593", "kda": "6.17", "name": "RXG.北诗", "openid": "3DB7CBEEB6F80096A052005A0F1762F2", "played": "19", "rating": "5.60", "total_kill": "61", "win_rate": "0.5263", "xpm": "715" },
    { "avg_assist": "5.42", "avg_bekill": "1.68", "avg_kill": "1.21", "gpm": "547", "kda": "4.74", "name": "RXG.559", "openid": "A3E0E22D1318A29370AF1C850A5BD45B", "played": "19", "rating": "5.60", "total_kill": "23", "win_rate": "0.5263", "xpm": "705" },
    { "avg_assist": "5.16", "avg_bekill": "1.84", "avg_kill": "2.68", "gpm": "625", "kda": "5.81", "name": "SG.善", "openid": "5238090E7EF5502DCFCC486C18E86A09", "played": "19", "rating": "5.60", "total_kill": "51", "win_rate": "0.5789", "xpm": "793" },
    { "avg_assist": "6.42", "avg_bekill": "1.84", "avg_kill": "1.05", "gpm": "525", "kda": "5.00", "name": "SG.啊泽", "openid": "E975CFD0CBA30C4AD52FC03F255E772F", "played": "19", "rating": "5.60", "total_kill": "20", "win_rate": "0.5789", "xpm": "770" },
    { "avg_assist": "4.58", "avg_bekill": "2.21", "avg_kill": "1.74", "gpm": "570", "kda": "4.27", "name": "SRG.通通", "openid": "81FDBDA48446225FB3B0452DB6EF5B26", "played": "19", "rating": "5.60", "total_kill": "33", "win_rate": "0.2105", "xpm": "804" },
    { "avg_assist": "4.58", "avg_bekill": "1.58", "avg_kill": "2.32", "gpm": "652", "kda": "5.46", "name": "RXG.955", "openid": "6912EAD5AC03560B435FCDC45D02CDDA", "played": "19", "rating": "5.60", "total_kill": "44", "win_rate": "0.5263", "xpm": "734" },
    { "avg_assist": "3.47", "avg_bekill": "1.58", "avg_kill": "3.95", "gpm": "724", "kda": "5.36", "name": "SG.今屿", "openid": "4A0A09289775D2E149FAC04A94E8E706", "played": "19", "rating": "5.60", "total_kill": "75", "win_rate": "0.5789", "xpm": "845" },
    { "avg_assist": "6.79", "avg_bekill": "1.89", "avg_kill": "0.47", "gpm": "407", "kda": "4.29", "name": "SG.TwoZ", "openid": "E8A2A312B6A17CDAA74FF27EBEE1E75A", "played": "19", "rating": "5.60", "total_kill": "9", "win_rate": "0.5789", "xpm": "732" },
    { "avg_assist": "3.63", "avg_bekill": "2.32", "avg_kill": "2.16", "gpm": "561", "kda": "3.69", "name": "SRG.睡衣", "openid": "67A0A7148DB8C5E957330E1A7D7A3857", "played": "19", "rating": "5.60", "total_kill": "41", "win_rate": "0.2105", "xpm": "835" },
    { "avg_assist": "4.26", "avg_bekill": "2.89", "avg_kill": "0.63", "gpm": "377", "kda": "2.32", "name": "SRG.原罪", "openid": "B13506819AE362754FCECA6FBF5C3F18", "played": "19", "rating": "5.60", "total_kill": "12", "win_rate": "0.2105", "xpm": "699" },
    { "avg_assist": "7.26", "avg_bekill": "2.53", "avg_kill": "0.79", "gpm": "399", "kda": "5.06", "name": "RXG.tang", "openid": "5FC129F33FC54362152D4148F9F96A84", "played": "19", "rating": "5.60", "total_kill": "15", "win_rate": "0.5263", "xpm": "669" },
    { "avg_assist": "4.95", "avg_bekill": "1.68", "avg_kill": "2.84", "gpm": "637", "kda": "5.12", "name": "RXG.595", "openid": "BCFB2547E7261650BB6F9B334AE43DA8", "played": "19", "rating": "5.60", "total_kill": "54", "win_rate": "0.5263", "xpm": "745" },
    { "avg_assist": "3.53", "avg_bekill": "2.63", "avg_kill": "2.63", "gpm": "624", "kda": "3.71", "name": "SG.小小飞", "openid": "B96CFF6A2F97AC052EF0AED4BC7355A7", "played": "19", "rating": "5.60", "total_kill": "50", "win_rate": "0.5789", "xpm": "798" },
    { "avg_assist": "3.95", "avg_bekill": "2.74", "avg_kill": "1.05", "gpm": "524", "kda": "2.57", "name": "SRG.轩轩", "openid": "66C0AC6FBA9C887B88CCDD6022B27525", "played": "19", "rating": "5.60", "total_kill": "20", "win_rate": "0.2105", "xpm": "788" },
    { "avg_assist": "3.26", "avg_bekill": "2.53", "avg_kill": "1.79", "gpm": "631", "kda": "2.78", "name": "SRG.狄狄", "openid": "92F63646A090936C1D35E57B346F6477", "played": "19", "rating": "5.60", "total_kill": "34", "win_rate": "0.2105", "xpm": "832" },
    { "avg_assist": "4.06", "avg_bekill": "3.17", "avg_kill": "2.61", "gpm": "613", "kda": "2.42", "name": "TK.源治", "openid": "D029EFA71C7BFD8D3EDB1E33C6BA4251", "played": "18", "rating": "5.60", "total_kill": "47", "win_rate": "0.2222", "xpm": "731" },
    { "avg_assist": "3.44", "avg_bekill": "2.78", "avg_kill": "1.61", "gpm": "575", "kda": "2.25", "name": "TK.阿东", "openid": "FCF580CE0E791FE7920ECA8083FBF097", "played": "18", "rating": "5.60", "total_kill": "29", "win_rate": "0.2222", "xpm": "736" },
    { "avg_assist": "3.50", "avg_bekill": "3.25", "avg_kill": "1.75", "gpm": "504", "kda": "1.80", "name": "TK.羽墨", "openid": "3D529CA16EA8702ECAB7E6CB34E5AE8B", "played": "4", "rating": "5.60", "total_kill": "7", "win_rate": "0.0000", "xpm": "762" },
    { "avg_assist": "5.50", "avg_bekill": "3.50", "avg_kill": "2.50", "gpm": "657", "kda": "4.67", "name": "UP.OvO2", "openid": "978A761694D113E6353AC26C2B4CA160", "played": "2", "rating": "5.60", "total_kill": "5", "win_rate": "0.5000", "xpm": "652" },
    { "avg_assist": "4.00", "avg_bekill": "3.00", "avg_kill": "0.00", "gpm": "542", "kda": "1.33", "name": "DVG.伊莱文", "openid": "DA97C708BDBD991102E9A49DFF4D785F", "played": "1", "rating": "5.60", "total_kill": "0", "win_rate": "0.0000", "xpm": "876" }
]