[
    { "ban_heros": "141|191|118|126", "camp": "1", "game_label": "119001", "game_time": "2018-11-19 10:54:59", "is_win": "0", "kill_cnt": "5", "pick_heros": "194|189|182|199|510", "team_id": "62", "team_name": "KD卡蒂罗" },
    { "ban_heros": "502|509|162|140", "camp": "2", "game_label": "119001", "game_time": "2018-11-19 10:54:59", "is_win": "1", "kill_cnt": "15", "pick_heros": "134|132|176|135|171", "team_id": "68", "team_name": "VTG" },
    { "ban_heros": "502|191|134|171", "camp": "2", "game_label": "119001", "game_time": "2018-11-19 11:26:13", "is_win": "0", "kill_cnt": "4", "pick_heros": "162|194|176|113|510", "team_id": "62", "team_name": "KD卡蒂罗" },
    { "ban_heros": "140|156|189|187", "camp": "1", "game_label": "119001", "game_time": "2018-11-19 11:26:13", "is_win": "1", "kill_cnt": "14", "pick_heros": "509|132|141|149|118", "team_id": "68", "team_name": "VTG" },
    { "ban_heros": "502|140|134|141", "camp": "2", "game_label": "119002", "game_time": "2018-11-19 12:16:57", "is_win": "1", "kill_cnt": "0", "pick_heros": "199|194|139|148|137", "team_id": "21", "team_name": "DVG" },
    { "ban_heros": "509|162|191|113", "camp": "1", "game_label": "119002", "game_time": "2018-11-19 12:16:57", "is_win": "0", "kill_cnt": "0", "pick_heros": "126|189|132|125|154", "team_id": "67", "team_name": "UP" },
    { "ban_heros": "502|140|134|141", "camp": "2", "game_label": "119002", "game_time": "2018-11-19 12:37:56", "is_win": "0", "kill_cnt": "12", "pick_heros": "194|199|137|139|148", "team_id": "21", "team_name": "DVG" },
    { "ban_heros": "509|162|191|113", "camp": "1", "game_label": "119002", "game_time": "2018-11-19 12:37:56", "is_win": "1", "kill_cnt": "19", "pick_heros": "154|132|125|189|126", "team_id": "67", "team_name": "UP" },
    { "ban_heros": "125|154|189|156", "camp": "1", "game_label": "119002", "game_time": "2018-11-19 13:16:30", "is_win": "0", "kill_cnt": "3", "pick_heros": "162|139|194|182|187", "team_id": "21", "team_name": "DVG" },
    { "ban_heros": "502|509|148|191", "camp": "2", "game_label": "119002", "game_time": "2018-11-19 13:16:30", "is_win": "1", "kill_cnt": "13", "pick_heros": "140|199|126|118|176", "team_id": "67", "team_name": "UP" },
    { "ban_heros": "509|162|132|123", "camp": "1", "game_label": "119003", "game_time": "2018-11-19 13:59:43", "is_win": "1", "kill_cnt": "15", "pick_heros": "113|176|199|135|140", "team_id": "61", "team_name": "HEC" },
    { "ban_heros": "502|154|139|184", "camp": "2", "game_label": "119003", "game_time": "2018-11-19 13:59:43", "is_win": "0", "kill_cnt": "2", "pick_heros": "126|118|141|196|134", "team_id": "63", "team_name": "RXG" },
    { "ban_heros": "502|141|134|140", "camp": "2", "game_label": "119003", "game_time": "2018-11-19 14:29:06", "is_win": "0", "kill_cnt": "16", "pick_heros": "199|176|184|123|144", "team_id": "61", "team_name": "HEC" },
    { "ban_heros": "154|162|139|126", "camp": "1", "game_label": "119003", "game_time": "2018-11-19 14:29:06", "is_win": "1", "kill_cnt": "18", "pick_heros": "113|118|132|106|129", "team_id": "63", "team_name": "RXG" },
    { "ban_heros": "509|162|184|171", "camp": "1", "game_label": "119003", "game_time": "2018-11-19 15:17:21", "is_win": "0", "kill_cnt": "0", "pick_heros": "154|118|199|189|135", "team_id": "61", "team_name": "HEC" },
    { "ban_heros": "502|113|123|141", "camp": "2", "game_label": "119003", "game_time": "2018-11-19 15:17:21", "is_win": "1", "kill_cnt": "8", "pick_heros": "194|176|132|144|186", "team_id": "63", "team_name": "RXG" },
    { "ban_heros": "140|125|129|199", "camp": "1", "game_label": "119004", "game_time": "2018-11-19 16:04:00", "is_win": "1", "kill_cnt": "10", "pick_heros": "113|162|176|194|154", "team_id": "64", "team_name": "SG" },
    { "ban_heros": "509|502|189|148", "camp": "2", "game_label": "119004", "game_time": "2018-11-19 16:04:00", "is_win": "0", "kill_cnt": "10", "pick_heros": "126|118|141|132|144", "team_id": "67", "team_name": "UP" },
    { "ban_heros": "502|140|129|139", "camp": "2", "game_label": "119004", "game_time": "2018-11-19 16:32:10", "is_win": "0", "kill_cnt": "7", "pick_heros": "118|176|135|126|199", "team_id": "64", "team_name": "SG" },
    { "ban_heros": "509|162|154|144", "camp": "1", "game_label": "119004", "game_time": "2018-11-19 16:32:10", "is_win": "1", "kill_cnt": "15", "pick_heros": "113|189|125|132|123", "team_id": "67", "team_name": "UP" },
    { "ban_heros": "140|125|156|182", "camp": "1", "game_label": "119004", "game_time": "2018-11-19 16:58:26", "is_win": "1", "kill_cnt": "16", "pick_heros": "113|176|194|199|134", "team_id": "64", "team_name": "SG" },
    { "ban_heros": "509|502|118|168", "camp": "2", "game_label": "119004", "game_time": "2018-11-19 16:58:26", "is_win": "0", "kill_cnt": "15", "pick_heros": "162|126|148|189|129", "team_id": "67", "team_name": "UP" },
    { "ban_heros": "502|509|184|120", "camp": "2", "game_label": "119005", "game_time": "2018-11-19 17:59:20", "is_win": "1", "kill_cnt": "17", "pick_heros": "176|194|171|154|174", "team_id": "63", "team_name": "RXG" },
    { "ban_heros": "113|141|162|199", "camp": "1", "game_label": "119005", "game_time": "2018-11-19 17:59:20", "is_win": "0", "kill_cnt": "1", "pick_heros": "140|125|132|168|144", "team_id": "65", "team_name": "SRG" },
    { "ban_heros": "509|118|125|182", "camp": "1", "game_label": "119005", "game_time": "2018-11-19 18:21:41", "is_win": "1", "kill_cnt": "11", "pick_heros": "502|176|134|194|171", "team_id": "63", "team_name": "RXG" },
    { "ban_heros": "113|141|189|184", "camp": "2", "game_label": "119005", "game_time": "2018-11-19 18:21:41", "is_win": "0", "kill_cnt": "0", "pick_heros": "140|126|132|186|106", "team_id": "65", "team_name": "SRG" },
    { "ban_heros": "502|113|132|184", "camp": "2", "game_label": "119006", "game_time": "2018-11-20 10:47:26", "is_win": "0", "kill_cnt": "6", "pick_heros": "162|189|154|194|106", "team_id": "61", "team_name": "HEC" },
    { "ban_heros": "118|125|176|156", "camp": "1", "game_label": "119006", "game_time": "2018-11-20 10:47:26", "is_win": "1", "kill_cnt": "8", "pick_heros": "509|140|141|186|199", "team_id": "66", "team_name": "TK" },
    { "ban_heros": "509|162|139|199", "camp": "1", "game_label": "119006", "game_time": "2018-11-20 11:14:42", "is_win": "1", "kill_cnt": "14", "pick_heros": "113|132|176|126|123", "team_id": "61", "team_name": "HEC" },
    { "ban_heros": "502|118|140|194", "camp": "2", "game_label": "119006", "game_time": "2018-11-20 11:14:42", "is_win": "0", "kill_cnt": "9", "pick_heros": "125|135|191|154|174", "team_id": "66", "team_name": "TK" },
    { "ban_heros": "502|113|132|120", "camp": "2", "game_label": "119006", "game_time": "2018-11-20 11:59:27", "is_win": "1", "kill_cnt": "12", "pick_heros": "154|176|199|194|186", "team_id": "61", "team_name": "HEC" },
    { "ban_heros": "509|125|184|189", "camp": "1", "game_label": "119006", "game_time": "2018-11-20 11:59:27", "is_win": "0", "kill_cnt": "9", "pick_heros": "118|141|140|174|135", "team_id": "66", "team_name": "TK" },
    { "ban_heros": "509|141|184|191", "camp": "1", "game_label": "119007", "game_time": "2018-11-20 12:54:56", "is_win": "0", "kill_cnt": "0", "pick_heros": "113|199|105|134|196", "team_id": "67", "team_name": "UP" },
    { "ban_heros": "502|140|125|167", "camp": "2", "game_label": "119007", "game_time": "2018-11-20 12:54:56", "is_win": "1", "kill_cnt": "0", "pick_heros": "132|176|118|189|133", "team_id": "68", "team_name": "VTG" },
    { "ban_heros": "509|141|154|186", "camp": "1", "game_label": "119007", "game_time": "2018-11-20 13:03:04", "is_win": "1", "kill_cnt": "15", "pick_heros": "113|125|199|129|148", "team_id": "67", "team_name": "UP" },
    { "ban_heros": "502|140|189|118", "camp": "2", "game_label": "119007", "game_time": "2018-11-20 13:03:04", "is_win": "0", "kill_cnt": "13", "pick_heros": "176|132|135|123|171", "team_id": "68", "team_name": "VTG" },
    { "ban_heros": "509|502|184|191", "camp": "2", "game_label": "119007", "game_time": "2018-11-20 13:45:12", "is_win": "0", "kill_cnt": "4", "pick_heros": "199|118|113|154|182", "team_id": "67", "team_name": "UP" },
    { "ban_heros": "140|189|125|129", "camp": "1", "game_label": "119007", "game_time": "2018-11-20 13:45:12", "is_win": "1", "kill_cnt": "12", "pick_heros": "141|132|120|148|144", "team_id": "68", "team_name": "VTG" },
    { "ban_heros": "509|141|182|106", "camp": "1", "game_label": "119007", "game_time": "2018-11-20 14:15:45", "is_win": "1", "kill_cnt": "13", "pick_heros": "176|139|199|140|118", "team_id": "67", "team_name": "UP" },
    { "ban_heros": "502|125|113|189", "camp": "2", "game_label": "119007", "game_time": "2018-11-20 14:15:45", "is_win": "0", "kill_cnt": "8", "pick_heros": "132|194|120|148|154", "team_id": "68", "team_name": "VTG" },
    { "ban_heros": "502|182|154|134", "camp": "2", "game_label": "119008", "game_time": "2018-11-20 15:02:23", "is_win": "1", "kill_cnt": "11", "pick_heros": "199|509|171|123|125", "team_id": "21", "team_name": "DVG" },
    { "ban_heros": "141|140|156|137", "camp": "1", "game_label": "119008", "game_time": "2018-11-20 15:02:23", "is_win": "0", "kill_cnt": "10", "pick_heros": "176|132|186|126|129", "team_id": "65", "team_name": "SRG" },
    { "ban_heros": "154|140|113|186", "camp": "1", "game_label": "119008", "game_time": "2018-11-20 15:37:13", "is_win": "1", "kill_cnt": "10", "pick_heros": "509|171|162|178|125", "team_id": "21", "team_name": "DVG" },
    { "ban_heros": "502|141|137|156", "camp": "2", "game_label": "119008", "game_time": "2018-11-20 15:37:13", "is_win": "0", "kill_cnt": "3", "pick_heros": "199|176|134|123|194", "team_id": "65", "team_name": "SRG" },
    { "ban_heros": "113|141|120|123", "camp": "1", "game_label": "119009", "game_time": "2018-11-20 16:21:37", "is_win": "0", "kill_cnt": "7", "pick_heros": "132|176|194|154|171", "team_id": "63", "team_name": "RXG" },
    { "ban_heros": "502|509|189|139", "camp": "2", "game_label": "119009", "game_time": "2018-11-20 16:21:37", "is_win": "1", "kill_cnt": "12", "pick_heros": "140|199|118|126|136", "team_id": "68", "team_name": "VTG" },
    { "ban_heros": "502|141|134|123", "camp": "2", "game_label": "119009", "game_time": "2018-11-20 17:04:31", "is_win": "0", "kill_cnt": "16", "pick_heros": "113|154|162|139|191", "team_id": "63", "team_name": "RXG" },
    { "ban_heros": "140|189|125|144", "camp": "1", "game_label": "119009", "game_time": "2018-11-20 17:04:32", "is_win": "1", "kill_cnt": "15", "pick_heros": "509|118|176|149|132", "team_id": "68", "team_name": "VTG" },
    { "ban_heros": "502|140|182|156", "camp": "2", "game_label": "119011", "game_time": "2018-11-21 10:49:49", "is_win": "1", "kill_cnt": "13", "pick_heros": "194|125|189|123|132", "team_id": "64", "team_name": "SG" },
    { "ban_heros": "113|141|162|174", "camp": "1", "game_label": "119011", "game_time": "2018-11-21 10:49:49", "is_win": "0", "kill_cnt": "8", "pick_heros": "509|199|171|154|176", "team_id": "65", "team_name": "SRG" },
    { "ban_heros": "140|154|126|129", "camp": "1", "game_label": "119011", "game_time": "2018-11-21 11:13:07", "is_win": "1", "kill_cnt": "10", "pick_heros": "113|125|199|194|510", "team_id": "64", "team_name": "SG" },
    { "ban_heros": "509|502|144|134", "camp": "2", "game_label": "119011", "game_time": "2018-11-21 11:13:07", "is_win": "0", "kill_cnt": "4", "pick_heros": "176|118|132|139|135", "team_id": "65", "team_name": "SRG" },
    { "ban_heros": "118|132|195|194", "camp": "1", "game_label": "119012", "game_time": "2018-11-21 12:15:39", "is_win": "0", "kill_cnt": "1", "pick_heros": "199|171|141|154|144", "team_id": "21", "team_name": "DVG" },
    { "ban_heros": "502|509|140|126", "camp": "2", "game_label": "119012", "game_time": "2018-11-21 12:15:39", "is_win": "1", "kill_cnt": "20", "pick_heros": "125|113|123|139|162", "team_id": "61", "team_name": "HEC" },
    { "ban_heros": "502|199|123|194", "camp": "2", "game_label": "119012", "game_time": "2018-11-21 12:45:03", "is_win": "0", "kill_cnt": "3", "pick_heros": "140|176|162|154|168", "team_id": "21", "team_name": "DVG" },
    { "ban_heros": "509|126|171|139", "camp": "1", "game_label": "119012", "game_time": "2018-11-21 12:45:03", "is_win": "1", "kill_cnt": "17", "pick_heros": "132|125|113|120|129", "team_id": "61", "team_name": "HEC" },
    { "ban_heros": "113|118|171|148", "camp": "1", "game_label": "119013", "game_time": "2018-11-21 13:33:20", "is_win": "1", "kill_cnt": "9", "pick_heros": "189|126|176|196|129", "team_id": "62", "team_name": "KD卡蒂罗" },
    { "ban_heros": "502|509|162|199", "camp": "2", "game_label": "119013", "game_time": "2018-11-21 13:33:20", "is_win": "0", "kill_cnt": "4", "pick_heros": "140|125|132|184|139", "team_id": "67", "team_name": "UP" },
    { "ban_heros": "502|113|162|199", "camp": "2", "game_label": "119013", "game_time": "2018-11-21 13:58:13", "is_win": "0", "kill_cnt": "7", "pick_heros": "176|126|196|135|184", "team_id": "62", "team_name": "KD卡蒂罗" },
    { "ban_heros": "509|194|171|118", "camp": "1", "game_label": "119013", "game_time": "2018-11-21 13:58:13", "is_win": "1", "kill_cnt": "15", "pick_heros": "140|125|189|132|154", "team_id": "67", "team_name": "UP" },
    { "ban_heros": "113|118|171|148", "camp": "1", "game_label": "119013", "game_time": "2018-11-21 14:32:17", "is_win": "1", "kill_cnt": "20", "pick_heros": "189|132|140|182|509", "team_id": "62", "team_name": "KD卡蒂罗" },
    { "ban_heros": "502|196|194|176", "camp": "2", "game_label": "119013", "game_time": "2018-11-21 14:32:17", "is_win": "0", "kill_cnt": "4", "pick_heros": "125|126|162|186|154", "team_id": "67", "team_name": "UP" },
    { "ban_heros": "502|140|120|134", "camp": "2", "game_label": "119014", "game_time": "2018-11-21 15:29:51", "is_win": "1", "kill_cnt": "13", "pick_heros": "132|118|129|126|144", "team_id": "68", "team_name": "VTG" },
    { "ban_heros": "141|509|135|176", "camp": "1", "game_label": "119014", "game_time": "2018-11-21 15:29:52", "is_win": "0", "kill_cnt": "6", "pick_heros": "113|125|199|154|194", "team_id": "61", "team_name": "HEC" },
    { "ban_heros": "502|141|148|189", "camp": "2", "game_label": "119014", "game_time": "2018-11-21 16:03:23", "is_win": "0", "kill_cnt": "2", "pick_heros": "118|113|123|154|132", "team_id": "61", "team_name": "HEC" },
    { "ban_heros": "140|125|199|176", "camp": "1", "game_label": "119014", "game_time": "2018-11-21 16:03:23", "is_win": "1", "kill_cnt": "15", "pick_heros": "509|162|139|186|106", "team_id": "68", "team_name": "VTG" },
    { "ban_heros": "502|509|134|156", "camp": "2", "game_label": "119015", "game_time": "2018-11-21 16:43:38", "is_win": "1", "kill_cnt": "9", "pick_heros": "176|140|199|171|193", "team_id": "62", "team_name": "KD卡蒂罗" },
    { "ban_heros": "189|194|184|186", "camp": "1", "game_label": "119015", "game_time": "2018-11-21 16:43:38", "is_win": "0", "kill_cnt": "3", "pick_heros": "113|132|118|123|141", "team_id": "66", "team_name": "TK" },
    { "ban_heros": "113|509|120|135", "camp": "1", "game_label": "119015", "game_time": "2018-11-21 17:07:17", "is_win": "1", "kill_cnt": "9", "pick_heros": "140|125|126|118|174", "team_id": "62", "team_name": "KD卡蒂罗" },
    { "ban_heros": "189|502|162|196", "camp": "2", "game_label": "119015", "game_time": "2018-11-21 17:07:17", "is_win": "0", "kill_cnt": "4", "pick_heros": "176|154|199|191|139", "team_id": "66", "team_name": "TK" },
    { "ban_heros": "502|509|141|106", "camp": "2", "game_label": "119016", "game_time": "2018-11-22 10:46:19", "is_win": "1", "kill_cnt": "11", "pick_heros": "176|126|199|171|129", "team_id": "67", "team_name": "UP" },
    { "ban_heros": "113|125|189|154", "camp": "1", "game_label": "119016", "game_time": "2018-11-22 10:46:20", "is_win": "0", "kill_cnt": "4", "pick_heros": "140|118|132|123|144", "team_id": "63", "team_name": "RXG" },
    { "ban_heros": "502|140|125|182", "camp": "2", "game_label": "119016", "game_time": "2018-11-22 11:16:58", "is_win": "0", "kill_cnt": "3", "pick_heros": "126|132|176|144|186", "team_id": "63", "team_name": "RXG" },
    { "ban_heros": "509|113|118|134", "camp": "1", "game_label": "119016", "game_time": "2018-11-22 11:16:59", "is_win": "1", "kill_cnt": "14", "pick_heros": "189|154|199|156|129", "team_id": "67", "team_name": "UP" },
    { "ban_heros": "113|191|154|139", "camp": "1", "game_label": "119017", "game_time": "2018-11-22 12:50:27", "is_win": "0", "kill_cnt": "12", "pick_heros": "120|125|199|129|171", "team_id": "21", "team_name": "DVG" },
    { "ban_heros": "502|509|118|141", "camp": "2", "game_label": "119017", "game_time": "2018-11-22 12:50:27", "is_win": "1", "kill_cnt": "18", "pick_heros": "162|189|176|123|140", "team_id": "66", "team_name": "TK" },
    { "ban_heros": "502|191|189|141", "camp": "2", "game_label": "119017", "game_time": "2018-11-22 13:32:26", "is_win": "1", "kill_cnt": "27", "pick_heros": "199|123|139|125|168", "team_id": "21", "team_name": "DVG" },
    { "ban_heros": "113|162|118|176", "camp": "1", "game_label": "119017", "game_time": "2018-11-22 13:32:26", "is_win": "0", "kill_cnt": "22", "pick_heros": "509|140|132|182|186", "team_id": "66", "team_name": "TK" },
    { "ban_heros": "191|140|154|189", "camp": "1", "game_label": "119017", "game_time": "2018-11-22 14:27:00", "is_win": "1", "kill_cnt": "14", "pick_heros": "509|123|199|137|184", "team_id": "21", "team_name": "DVG" },
    { "ban_heros": "502|125|141|148", "camp": "2", "game_label": "119017", "game_time": "2018-11-22 14:27:00", "is_win": "0", "kill_cnt": "9", "pick_heros": "162|113|176|194|129", "team_id": "66", "team_name": "TK" },
    { "ban_heros": "141|140|106|144", "camp": "1", "game_label": "119018", "game_time": "2018-11-22 15:15:18", "is_win": "1", "kill_cnt": "9", "pick_heros": "113|199|176|154|194", "team_id": "64", "team_name": "SG" },
    { "ban_heros": "502|509|134|510", "camp": "2", "game_label": "119018", "game_time": "2018-11-22 15:15:18", "is_win": "0", "kill_cnt": "4", "pick_heros": "118|132|126|123|182", "team_id": "68", "team_name": "VTG" },
    { "ban_heros": "502|141|140|171", "camp": "2", "game_label": "119018", "game_time": "2018-11-22 15:45:34", "is_win": "1", "kill_cnt": "12", "pick_heros": "194|162|125|118|510", "team_id": "64", "team_name": "SG" },
    { "ban_heros": "113|139|189|154", "camp": "1", "game_label": "119018", "game_time": "2018-11-22 15:45:34", "is_win": "0", "kill_cnt": "3", "pick_heros": "509|199|176|168|134", "team_id": "68", "team_name": "VTG" },
    { "ban_heros": "141|502|191|182", "camp": "2", "game_label": "119019", "game_time": "2018-11-22 16:40:57", "is_win": "0", "kill_cnt": "11", "pick_heros": "194|176|199|139|171", "team_id": "65", "team_name": "SRG" },
    { "ban_heros": "509|113|184|186", "camp": "1", "game_label": "119019", "game_time": "2018-11-22 16:40:57", "is_win": "1", "kill_cnt": "11", "pick_heros": "162|140|118|120|125", "team_id": "66", "team_name": "TK" },
    { "ban_heros": "113|199|186|125", "camp": "2", "game_label": "119019", "game_time": "2018-11-22 17:20:44", "is_win": "0", "kill_cnt": "11", "pick_heros": "502|189|126|123|148", "team_id": "66", "team_name": "TK" },
    { "ban_heros": "118|141|106|129", "camp": "1", "game_label": "119019", "game_time": "2018-11-22 17:20:45", "is_win": "1", "kill_cnt": "13", "pick_heros": "509|134|132|184|176", "team_id": "65", "team_name": "SRG" },
    { "ban_heros": "141|118|106|182", "camp": "2", "game_label": "119019", "game_time": "2018-11-22 17:52:51", "is_win": "1", "kill_cnt": "22", "pick_heros": "140|199|120|136|186", "team_id": "65", "team_name": "SRG" },
    { "ban_heros": "113|171|176|125", "camp": "1", "game_label": "119019", "game_time": "2018-11-22 17:52:51", "is_win": "0", "kill_cnt": "14", "pick_heros": "509|189|162|196|154", "team_id": "66", "team_name": "TK" },
    { "ban_heros": "502|509|118|189", "camp": "2", "game_label": "119021", "game_time": "2018-11-23 12:17:48", "is_win": "1", "kill_cnt": "8", "pick_heros": "132|194|126|125|129", "team_id": "61", "team_name": "HEC" },
    { "ban_heros": "113|123|154|139", "camp": "1", "game_label": "119021", "game_time": "2018-11-23 12:17:48", "is_win": "0", "kill_cnt": "6", "pick_heros": "140|120|199|171|182", "team_id": "65", "team_name": "SRG" },
    { "ban_heros": "113|126|118|186", "camp": "1", "game_label": "119021", "game_time": "2018-11-23 12:53:20", "is_win": "0", "kill_cnt": "9", "pick_heros": "509|189|132|136|154", "team_id": "61", "team_name": "HEC" },
    { "ban_heros": "502|0|125|141", "camp": "2", "game_label": "119021", "game_time": "2018-11-23 12:53:20", "is_win": "1", "kill_cnt": "11", "pick_heros": "140|199|176|123|171", "team_id": "65", "team_name": "SRG" },
    { "ban_heros": "502|509|182|189", "camp": "2", "game_label": "119021", "game_time": "2018-11-23 13:34:53", "is_win": "1", "kill_cnt": "12", "pick_heros": "154|176|199|186|135", "team_id": "61", "team_name": "HEC" },
    { "ban_heros": "113|125|184|118", "camp": "1", "game_label": "119021", "game_time": "2018-11-23 13:34:53", "is_win": "0", "kill_cnt": "10", "pick_heros": "140|120|132|194|136", "team_id": "65", "team_name": "SRG" },
    { "ban_heros": "141|140|154|120", "camp": "1", "game_label": "119022", "game_time": "2018-11-23 14:25:33", "is_win": "1", "kill_cnt": "15", "pick_heros": "126|199|125|139|118", "team_id": "21", "team_name": "DVG" },
    { "ban_heros": "502|509|148|123", "camp": "2", "game_label": "119022", "game_time": "2018-11-23 14:25:33", "is_win": "0", "kill_cnt": "7", "pick_heros": "132|176|171|129|194", "team_id": "68", "team_name": "VTG" },
    { "ban_heros": "502|141|118|189", "camp": "2", "game_label": "119022", "game_time": "2018-11-23 14:56:28", "is_win": "0", "kill_cnt": "5", "pick_heros": "123|176|199|171|120", "team_id": "21", "team_name": "DVG" },
    { "ban_heros": "113|125|126|194", "camp": "1", "game_label": "119022", "game_time": "2018-11-23 14:56:28", "is_win": "1", "kill_cnt": "15", "pick_heros": "509|162|139|106|184", "team_id": "68", "team_name": "VTG" },
    { "ban_heros": "141|140|120|194", "camp": "1", "game_label": "119022", "game_time": "2018-11-23 15:23:51", "is_win": "1", "kill_cnt": "10", "pick_heros": "126|125|162|154|118", "team_id": "21", "team_name": "DVG" },
    { "ban_heros": "502|509|148|129", "camp": "2", "game_label": "119022", "game_time": "2018-11-23 15:23:51", "is_win": "0", "kill_cnt": "3", "pick_heros": "199|176|113|139|135", "team_id": "68", "team_name": "VTG" },
    { "ban_heros": "140|113|118|129", "camp": "2", "game_label": "119023", "game_time": "2018-11-23 16:05:20", "is_win": "1", "kill_cnt": "12", "pick_heros": "189|194|162|154|182", "team_id": "64", "team_name": "SG" },
    { "ban_heros": "509|199|510|123", "camp": "1", "game_label": "119023", "game_time": "2018-11-23 16:05:20", "is_win": "0", "kill_cnt": "10", "pick_heros": "502|141|120|139|186", "team_id": "66", "team_name": "TK" },
    { "ban_heros": "140|189|154|156", "camp": "1", "game_label": "119023", "game_time": "2018-11-23 16:35:19", "is_win": "1", "kill_cnt": "17", "pick_heros": "509|199|118|141|139", "team_id": "64", "team_name": "SG" },
    { "ban_heros": "502|176|510|125", "camp": "2", "game_label": "119023", "game_time": "2018-11-23 16:35:19", "is_win": "0", "kill_cnt": "0", "pick_heros": "113|162|126|129|106", "team_id": "66", "team_name": "TK" },
    { "ban_heros": "502|509|144|141", "camp": "2", "game_label": "119024", "game_time": "2018-11-23 17:16:11", "is_win": "0", "kill_cnt": "1", "pick_heros": "176|126|140|171|174", "team_id": "62", "team_name": "KD卡蒂罗" },
    { "ban_heros": "189|113|132|196", "camp": "1", "game_label": "119024", "game_time": "2018-11-23 17:16:11", "is_win": "1", "kill_cnt": "7", "pick_heros": "194|118|199|154|106", "team_id": "63", "team_name": "RXG" },
    { "ban_heros": "118|113|171|139", "camp": "1", "game_label": "119024", "game_time": "2018-11-23 17:39:39", "is_win": "1", "kill_cnt": "7", "pick_heros": "189|132|129|106|105", "team_id": "62", "team_name": "KD卡蒂罗" },
    { "ban_heros": "502|509|136|182", "camp": "2", "game_label": "119024", "game_time": "2018-11-23 17:39:39", "is_win": "0", "kill_cnt": "5", "pick_heros": "194|176|199|186|134", "team_id": "63", "team_name": "RXG" },
    { "ban_heros": "118|171|148|191", "camp": "2", "game_label": "119024", "game_time": "2018-11-23 18:10:08", "is_win": "0", "kill_cnt": "6", "pick_heros": "176|509|129|199|168", "team_id": "62", "team_name": "KD卡蒂罗" },
    { "ban_heros": "189|113|184|194", "camp": "1", "game_label": "119024", "game_time": "2018-11-23 18:10:09", "is_win": "1", "kill_cnt": "16", "pick_heros": "502|126|182|134|187", "team_id": "63", "team_name": "RXG" },
    { "ban_heros": "118|194|184|186", "camp": "1", "game_label": "119025", "game_time": "2018-11-24 12:16:58", "is_win": "0", "kill_cnt": "10", "pick_heros": "113|162|126|510|125", "team_id": "21", "team_name": "DVG" },
    { "ban_heros": "502|509|156|154", "camp": "2", "game_label": "119025", "game_time": "2018-11-24 12:16:58", "is_win": "1", "kill_cnt": "14", "pick_heros": "176|139|199|129|171", "team_id": "64", "team_name": "SG" },
    { "ban_heros": "194|113|189|106", "camp": "2", "game_label": "119025", "game_time": "2018-11-24 12:57:44", "is_win": "1", "kill_cnt": "15", "pick_heros": "199|509|118|176|129", "team_id": "21", "team_name": "DVG" },
    { "ban_heros": "125|162|141|140", "camp": "1", "game_label": "119025", "game_time": "2018-11-24 12:57:44", "is_win": "0", "kill_cnt": "13", "pick_heros": "502|126|123|187|182", "team_id": "64", "team_name": "SG" },
    { "ban_heros": "194|113|510|189", "camp": "1", "game_label": "119025", "game_time": "2018-11-24 13:40:21", "is_win": "1", "kill_cnt": "19", "pick_heros": "118|162|139|123|136", "team_id": "21", "team_name": "DVG" },
    { "ban_heros": "502|509|176|140", "camp": "2", "game_label": "119025", "game_time": "2018-11-24 13:40:21", "is_win": "0", "kill_cnt": "6", "pick_heros": "199|125|135|126|168", "team_id": "64", "team_name": "SG" },
    { "ban_heros": "502|189|171|186", "camp": "2", "game_label": "119026", "game_time": "2018-11-24 14:46:07", "is_win": "0", "kill_cnt": "12", "pick_heros": "126|118|199|129|141", "team_id": "61", "team_name": "HEC" },
    { "ban_heros": "113|509|176|136", "camp": "1", "game_label": "119026", "game_time": "2018-11-24 14:46:07", "is_win": "1", "kill_cnt": "12", "pick_heros": "140|194|125|196|105", "team_id": "62", "team_name": "KD卡蒂罗" },
    { "ban_heros": "189|140|196|186", "camp": "1", "game_label": "119026", "game_time": "2018-11-24 15:37:51", "is_win": "0", "kill_cnt": "2", "pick_heros": "118|132|126|106|139", "team_id": "61", "team_name": "HEC" },
    { "ban_heros": "502|509|136|134", "camp": "2", "game_label": "119026", "game_time": "2018-11-24 15:37:51", "is_win": "1", "kill_cnt": "8", "pick_heros": "125|194|129|162|184", "team_id": "62", "team_name": "KD卡蒂罗" },
    { "ban_heros": "502|509|126|135", "camp": "2", "game_label": "119027", "game_time": "2018-11-24 16:17:52", "is_win": "1", "kill_cnt": "17", "pick_heros": "176|194|199|189|154", "team_id": "63", "team_name": "RXG" },
    { "ban_heros": "113|118|184|123", "camp": "1", "game_label": "119027", "game_time": "2018-11-24 16:17:52", "is_win": "0", "kill_cnt": "0", "pick_heros": "140|132|141|120|171", "team_id": "66", "team_name": "TK" },
    { "ban_heros": "113|140|191|176", "camp": "1", "game_label": "119027", "game_time": "2018-11-24 16:41:49", "is_win": "0", "kill_cnt": "11", "pick_heros": "194|182|132|187|134", "team_id": "63", "team_name": "RXG" },
    { "ban_heros": "509|502|139|129", "camp": "2", "game_label": "119027", "game_time": "2018-11-24 16:41:49", "is_win": "1", "kill_cnt": "14", "pick_heros": "154|189|144|150|148", "team_id": "66", "team_name": "TK" },
    { "ban_heros": "502|509|123|135", "camp": "2", "game_label": "119027", "game_time": "2018-11-24 17:17:00", "is_win": "1", "kill_cnt": "12", "pick_heros": "176|126|171|162|129", "team_id": "63", "team_name": "RXG" },
    { "ban_heros": "113|194|184|154", "camp": "1", "game_label": "119027", "game_time": "2018-11-24 17:17:00", "is_win": "0", "kill_cnt": "6", "pick_heros": "140|118|125|132|139", "team_id": "66", "team_name": "TK" },
    { "ban_heros": "502|113|129|144", "camp": "2", "game_label": "119028", "game_time": "2018-11-24 18:06:31", "is_win": "0", "kill_cnt": "4", "pick_heros": "194|132|120|125|134", "team_id": "65", "team_name": "SRG" },
    { "ban_heros": "509|140|182|136", "camp": "1", "game_label": "119028", "game_time": "2018-11-24 18:06:31", "is_win": "1", "kill_cnt": "19", "pick_heros": "189|126|199|156|154", "team_id": "67", "team_name": "UP" },
    { "ban_heros": "502|509|113|162", "camp": "2", "game_label": "119029", "game_time": "2018-11-25 12:15:39", "is_win": "1", "kill_cnt": "10", "pick_heros": "126|199|141|154|148", "team_id": "63", "team_name": "RXG" },
    { "ban_heros": "194|189|186|171", "camp": "1", "game_label": "119029", "game_time": "2018-11-25 12:15:39", "is_win": "0", "kill_cnt": "13", "pick_heros": "118|176|139|510|174", "team_id": "64", "team_name": "SG" },
    { "ban_heros": "113|125|139|174", "camp": "1", "game_label": "119029", "game_time": "2018-11-25 12:45:33", "is_win": "1", "kill_cnt": "19", "pick_heros": "176|199|189|135|140", "team_id": "63", "team_name": "RXG" },
    { "ban_heros": "502|509|154|144", "camp": "2", "game_label": "119029", "game_time": "2018-11-25 12:45:33", "is_win": "0", "kill_cnt": "13", "pick_heros": "118|194|141|129|116", "team_id": "64", "team_name": "SG" },
    { "ban_heros": "509|502|199|162", "camp": "2", "game_label": "119030", "game_time": "2018-11-25 13:38:16", "is_win": "1", "kill_cnt": "13", "pick_heros": "113|176|132|144|168", "team_id": "67", "team_name": "UP" },
    { "ban_heros": "189|140|126|154", "camp": "1", "game_label": "119030", "game_time": "2018-11-25 13:38:17", "is_win": "0", "kill_cnt": "2", "pick_heros": "194|129|186|195|106", "team_id": "61", "team_name": "HEC" },
    { "ban_heros": "502|199|176|156", "camp": "2", "game_label": "119030", "game_time": "2018-11-25 14:02:25", "is_win": "0", "kill_cnt": "7", "pick_heros": "162|194|171|196|146", "team_id": "61", "team_name": "HEC" },
    { "ban_heros": "509|140|125|118", "camp": "1", "game_label": "119030", "game_time": "2018-11-25 14:02:25", "is_win": "1", "kill_cnt": "22", "pick_heros": "113|132|189|154|182", "team_id": "67", "team_name": "UP" },
    { "ban_heros": "194|140|189|184", "camp": "1", "game_label": "119031", "game_time": "2018-11-25 15:02:01", "is_win": "0", "kill_cnt": "4", "pick_heros": "118|139|199|120|136", "team_id": "21", "team_name": "DVG" },
    { "ban_heros": "502|509|123|137", "camp": "2", "game_label": "119031", "game_time": "2018-11-25 15:02:01", "is_win": "1", "kill_cnt": "9", "pick_heros": "126|129|125|168|132", "team_id": "62", "team_name": "KD卡蒂罗" },
    { "ban_heros": "194|502|196|105", "camp": "2", "game_label": "119031", "game_time": "2018-11-25 15:32:59", "is_win": "0", "kill_cnt": "5", "pick_heros": "125|126|129|199|148", "team_id": "21", "team_name": "DVG" },
    { "ban_heros": "139|509|162|118", "camp": "1", "game_label": "119031", "game_time": "2018-11-25 15:32:59", "is_win": "1", "kill_cnt": "12", "pick_heros": "140|189|182|171|174", "team_id": "62", "team_name": "KD卡蒂罗" },
    { "ban_heros": "141|113|176|191", "camp": "1", "game_label": "119032", "game_time": "2018-11-25 16:27:46", "is_win": "0", "kill_cnt": "14", "pick_heros": "140|118|132|194|106", "team_id": "66", "team_name": "TK" },
    { "ban_heros": "502|509|135|120", "camp": "2", "game_label": "119032", "game_time": "2018-11-25 16:27:46", "is_win": "1", "kill_cnt": "9", "pick_heros": "126|162|139|182|184", "team_id": "68", "team_name": "VTG" },
    { "ban_heros": "509|502|113|132", "camp": "2", "game_label": "119032", "game_time": "2018-11-25 17:04:40", "is_win": "0", "kill_cnt": "12", "pick_heros": "199|194|189|123|176", "team_id": "66", "team_name": "TK" },
    { "ban_heros": "140|162|156|106", "camp": "1", "game_label": "119032", "game_time": "2018-11-25 17:04:41", "is_win": "1", "kill_cnt": "21", "pick_heros": "141|126|134|196|168", "team_id": "68", "team_name": "VTG" },
    { "ban_heros": "194|140|154|134", "camp": "1", "game_label": "119033", "game_time": "2018-11-26 12:18:42", "is_win": "1", "kill_cnt": "13", "pick_heros": "199|139|148|137|123", "team_id": "21", "team_name": "DVG" },
    { "ban_heros": "502|509|125|189", "camp": "2", "game_label": "119033", "game_time": "2018-11-26 12:18:42", "is_win": "0", "kill_cnt": "4", "pick_heros": "126|118|176|129|174", "team_id": "63", "team_name": "RXG" },
    { "ban_heros": "502|140|156|189", "camp": "2", "game_label": "119033", "game_time": "2018-11-26 12:44:17", "is_win": "1", "kill_cnt": "17", "pick_heros": "129|123|137|118|195", "team_id": "21", "team_name": "DVG" },
    { "ban_heros": "139|125|162|148", "camp": "1", "game_label": "119033", "game_time": "2018-11-26 12:44:17", "is_win": "0", "kill_cnt": "10", "pick_heros": "509|199|154|134|106", "team_id": "63", "team_name": "RXG" },
    { "ban_heros": "140|189|123|510", "camp": "1", "game_label": "119034", "game_time": "2018-11-26 13:38:42", "is_win": "0", "kill_cnt": "2", "pick_heros": "194|186|144|137|195", "team_id": "61", "team_name": "HEC" },
    { "ban_heros": "502|125|162|156", "camp": "2", "game_label": "119034", "game_time": "2018-11-26 13:38:42", "is_win": "1", "kill_cnt": "14", "pick_heros": "176|118|199|129|139", "team_id": "64", "team_name": "SG" },
    { "ban_heros": "502|194|113|129", "camp": "2", "game_label": "119034", "game_time": "2018-11-26 13:58:12", "is_win": "1", "kill_cnt": "11", "pick_heros": "140|199|120|182|171", "team_id": "61", "team_name": "HEC" },
    { "ban_heros": "125|156|189|136", "camp": "1", "game_label": "119034", "game_time": "2018-11-26 13:58:12", "is_win": "0", "kill_cnt": "4", "pick_heros": "176|139|118|510|162", "team_id": "64", "team_name": "SG" },
    { "ban_heros": "199|132|162|167", "camp": "1", "game_label": "119034", "game_time": "2018-11-26 14:26:40", "is_win": "0", "kill_cnt": "7", "pick_heros": "154|113|191|123|146", "team_id": "61", "team_name": "HEC" },
    { "ban_heros": "502|125|139|120", "camp": "2", "game_label": "119034", "game_time": "2018-11-26 14:26:40", "is_win": "1", "kill_cnt": "10", "pick_heros": "194|176|129|189|116", "team_id": "64", "team_name": "SG" },
    { "ban_heros": "502|189|125|118", "camp": "2", "game_label": "119035", "game_time": "2018-11-26 15:13:35", "is_win": "0", "kill_cnt": "0", "pick_heros": "135|123|191|150|110", "team_id": "66", "team_name": "TK" },
    { "ban_heros": "509|140|139|154", "camp": "1", "game_label": "119035", "game_time": "2018-11-26 15:13:35", "is_win": "1", "kill_cnt": "13", "pick_heros": "113|132|129|176|148", "team_id": "67", "team_name": "UP" },
    { "ban_heros": "189|125|171|194", "camp": "1", "game_label": "119035", "game_time": "2018-11-26 15:36:06", "is_win": "0", "kill_cnt": "4", "pick_heros": "113|162|144|123|118", "team_id": "66", "team_name": "TK" },
    { "ban_heros": "509|502|136|148", "camp": "2", "game_label": "119035", "game_time": "2018-11-26 15:36:06", "is_win": "1", "kill_cnt": "15", "pick_heros": "140|132|156|168|129", "team_id": "67", "team_name": "UP" },
    { "ban_heros": "141|502|125|106", "camp": "2", "game_label": "119036", "game_time": "2018-11-26 16:25:17", "is_win": "0", "kill_cnt": "7", "pick_heros": "176|199|126|154|186", "team_id": "65", "team_name": "SRG" },
    { "ban_heros": "140|123|129|113", "camp": "1", "game_label": "119036", "game_time": "2018-11-26 16:25:17", "is_win": "1", "kill_cnt": "24", "pick_heros": "509|162|139|191|171", "team_id": "68", "team_name": "VTG" },
    { "ban_heros": "141|191|118|171", "camp": "1", "game_label": "119036", "game_time": "2018-11-26 16:52:12", "is_win": "1", "kill_cnt": "14", "pick_heros": "140|132|186|182|194", "team_id": "65", "team_name": "SRG" },
    { "ban_heros": "502|509|135|120", "camp": "2", "game_label": "119036", "game_time": "2018-11-26 16:52:12", "is_win": "0", "kill_cnt": "2", "pick_heros": "199|126|154|168|176", "team_id": "68", "team_name": "VTG" },
    { "ban_heros": "191|141|176|189", "camp": "2", "game_label": "119036", "game_time": "2018-11-26 17:20:29", "is_win": "0", "kill_cnt": "3", "pick_heros": "502|126|182|139|175", "team_id": "65", "team_name": "SRG" },
    { "ban_heros": "140|194|186|187", "camp": "1", "game_label": "119036", "game_time": "2018-11-26 17:20:29", "is_win": "1", "kill_cnt": "21", "pick_heros": "509|162|134|106|184", "team_id": "68", "team_name": "VTG" },
    { "ban_heros": "502|139|149|171", "camp": "2", "game_label": "119037", "game_time": "2018-11-27 19:16:44", "is_win": "0", "kill_cnt": "8", "pick_heros": "132|194|182|193|144", "team_id": "62", "team_name": "KD卡蒂罗" },
    { "ban_heros": "129|509|187|186", "camp": "1", "game_label": "119037", "game_time": "2018-11-27 19:16:44", "is_win": "1", "kill_cnt": "16", "pick_heros": "140|141|199|135|184", "team_id": "68", "team_name": "VTG" },
    { "ban_heros": "141|509|134|139", "camp": "1", "game_label": "119037", "game_time": "2018-11-27 19:50:21", "is_win": "1", "kill_cnt": "9", "pick_heros": "194|125|189|510|199", "team_id": "62", "team_name": "KD卡蒂罗" },
    { "ban_heros": "502|140|129|162", "camp": "2", "game_label": "119037", "game_time": "2018-11-27 19:50:21", "is_win": "0", "kill_cnt": "2", "pick_heros": "132|113|182|126|149", "team_id": "68", "team_name": "VTG" },
    { "ban_heros": "141|509|191|148", "camp": "2", "game_label": "119037", "game_time": "2018-11-27 20:13:51", "is_win": "1", "kill_cnt": "13", "pick_heros": "189|510|125|171|174", "team_id": "62", "team_name": "KD卡蒂罗" },
    { "ban_heros": "194|140|162|129", "camp": "1", "game_label": "119037", "game_time": "2018-11-27 20:13:51", "is_win": "0", "kill_cnt": "6", "pick_heros": "502|126|139|196|113", "team_id": "68", "team_name": "VTG" },
    { "ban_heros": "141|509|134|139", "camp": "1", "game_label": "119037", "game_time": "2018-11-27 20:51:52", "is_win": "0", "kill_cnt": "2", "pick_heros": "140|126|176|162|184", "team_id": "62", "team_name": "KD卡蒂罗" },
    { "ban_heros": "125|189|118|168", "camp": "2", "game_label": "119037", "game_time": "2018-11-27 20:51:52", "is_win": "1", "kill_cnt": "10", "pick_heros": "502|194|106|186|154", "team_id": "68", "team_name": "VTG" },
    { "ban_heros": "141|509|126|135", "camp": "2", "game_label": "119037", "game_time": "2018-11-27 21:13:20", "is_win": "0", "kill_cnt": "9", "pick_heros": "502|194|113|144|137", "team_id": "62", "team_name": "KD卡蒂罗" },
    { "ban_heros": "125|189|510|182", "camp": "1", "game_label": "119037", "game_time": "2018-11-27 21:13:20", "is_win": "1", "kill_cnt": "19", "pick_heros": "140|186|106|132|171", "team_id": "68", "team_name": "VTG" },
    { "ban_heros": "141|502|194|171", "camp": "1", "game_label": "119037", "game_time": "2018-11-27 21:43:58", "is_win": "0", "kill_cnt": "12", "pick_heros": "509|186|129|174|196", "team_id": "62", "team_name": "KD卡蒂罗" },
    { "ban_heros": "125|189|182|162", "camp": "2", "game_label": "119037", "game_time": "2018-11-27 21:43:58", "is_win": "1", "kill_cnt": "22", "pick_heros": "106|140|168|199|135", "team_id": "68", "team_name": "VTG" },
    { "ban_heros": "509|141|162|132", "camp": "1", "game_label": "119038", "game_time": "2018-11-28 19:19:10", "is_win": "1", "kill_cnt": "13", "pick_heros": "502|113|176|154|118", "team_id": "67", "team_name": "UP" },
    { "ban_heros": "125|189|139|129", "camp": "2", "game_label": "119038", "game_time": "2018-11-28 19:19:10", "is_win": "0", "kill_cnt": "7", "pick_heros": "140|194|106|199|186", "team_id": "68", "team_name": "VTG" },
    { "ban_heros": "509|502|184|148", "camp": "2", "game_label": "119038", "game_time": "2018-11-28 19:51:55", "is_win": "1", "kill_cnt": "19", "pick_heros": "118|194|156|154|132", "team_id": "67", "team_name": "UP" },
    { "ban_heros": "125|189|162|129", "camp": "1", "game_label": "119038", "game_time": "2018-11-28 19:51:55", "is_win": "0", "kill_cnt": "5", "pick_heros": "140|141|199|120|168", "team_id": "68", "team_name": "VTG" },
    { "ban_heros": "509|141|162|154", "camp": "1", "game_label": "119038", "game_time": "2018-11-28 20:15:44", "is_win": "1", "kill_cnt": "10", "pick_heros": "502|140|176|126|168", "team_id": "67", "team_name": "UP" },
    { "ban_heros": "125|189|186|129", "camp": "2", "game_label": "119038", "game_time": "2018-11-28 20:15:44", "is_win": "0", "kill_cnt": "3", "pick_heros": "194|118|106|139|132", "team_id": "68", "team_name": "VTG" },
    { "ban_heros": "509|502|106|182", "camp": "2", "game_label": "119038", "game_time": "2018-11-28 20:45:10", "is_win": "1", "kill_cnt": "13", "pick_heros": "194|118|176|123|132", "team_id": "67", "team_name": "UP" },
    { "ban_heros": "140|125|154|129", "camp": "1", "game_label": "119038", "game_time": "2018-11-28 20:45:10", "is_win": "0", "kill_cnt": "4", "pick_heros": "126|191|139|141|199", "team_id": "68", "team_name": "VTG" }
]