[
    { "hero1_id": "154", "hero1_name": "花木兰", "hero2_id": "171", "hero2_name": "张飞", "played": "67", "win_rate": "0.5075" },
    { "hero1_id": "154", "hero1_name": "花木兰", "hero2_id": "502", "hero2_name": "裴擒虎", "played": "63", "win_rate": "0.5873" },
    { "hero1_id": "178", "hero1_name": "杨戬", "hero2_id": "186", "hero2_name": "太乙真人", "played": "62", "win_rate": "0.5484" },
    { "hero1_id": "154", "hero1_name": "花木兰", "hero2_id": "186", "hero2_name": "太乙真人", "played": "61", "win_rate": "0.4754" },
    { "hero1_id": "171", "hero1_name": "张飞", "hero2_id": "194", "hero2_name": "苏烈", "played": "60", "win_rate": "0.6333" },
    { "hero1_id": "178", "hero1_name": "杨戬", "hero2_id": "502", "hero2_name": "裴擒虎", "played": "60", "win_rate": "0.5000" },
    { "hero1_id": "132", "hero1_name": "马可波罗", "hero2_id": "186", "hero2_name": "太乙真人", "played": "59", "win_rate": "0.4915" },
    { "hero1_id": "171", "hero1_name": "张飞", "hero2_id": "199", "hero2_name": "公孙离", "played": "58", "win_rate": "0.4655" },
    { "hero1_id": "194", "hero1_name": "苏烈", "hero2_id": "502", "hero2_name": "裴擒虎", "played": "58", "win_rate": "0.6034" },
    { "hero1_id": "132", "hero1_name": "马可波罗", "hero2_id": "171", "hero2_name": "张飞", "played": "56", "win_rate": "0.4821" },
    { "hero1_id": "176", "hero1_name": "杨玉环", "hero2_id": "194", "hero2_name": "苏烈", "played": "55", "win_rate": "0.5818" },
    { "hero1_id": "139", "hero1_name": "老夫子", "hero2_id": "194", "hero2_name": "苏烈", "played": "55", "win_rate": "0.5455" },
    { "hero1_id": "139", "hero1_name": "老夫子", "hero2_id": "171", "hero2_name": "张飞", "played": "54", "win_rate": "0.6667" },
    { "hero1_id": "171", "hero1_name": "张飞", "hero2_id": "502", "hero2_name": "裴擒虎", "played": "53", "win_rate": "0.6792" },
    { "hero1_id": "154", "hero1_name": "花木兰", "hero2_id": "176", "hero2_name": "杨玉环", "played": "53", "win_rate": "0.5849" },
    { "hero1_id": "154", "hero1_name": "花木兰", "hero2_id": "194", "hero2_name": "苏烈", "played": "53", "win_rate": "0.4906" },
    { "hero1_id": "132", "hero1_name": "马可波罗", "hero2_id": "176", "hero2_name": "杨玉环", "played": "52", "win_rate": "0.5577" },
    { "hero1_id": "132", "hero1_name": "马可波罗", "hero2_id": "140", "hero2_name": "关羽", "played": "52", "win_rate": "0.4615" },
    { "hero1_id": "182", "hero1_name": "干将莫邪", "hero2_id": "194", "hero2_name": "苏烈", "played": "51", "win_rate": "0.4510" },
    { "hero1_id": "194", "hero1_name": "苏烈", "hero2_id": "199", "hero2_name": "公孙离", "played": "51", "win_rate": "0.4706" },
    { "hero1_id": "140", "hero1_name": "关羽", "hero2_id": "186", "hero2_name": "太乙真人", "played": "50", "win_rate": "0.4400" },
    { "hero1_id": "132", "hero1_name": "马可波罗", "hero2_id": "139", "hero2_name": "老夫子", "played": "50", "win_rate": "0.4400" },
    { "hero1_id": "154", "hero1_name": "花木兰", "hero2_id": "199", "hero2_name": "公孙离", "played": "49", "win_rate": "0.5714" },
    { "hero1_id": "132", "hero1_name": "马可波罗", "hero2_id": "194", "hero2_name": "苏烈", "played": "49", "win_rate": "0.5510" },
    { "hero1_id": "171", "hero1_name": "张飞", "hero2_id": "176", "hero2_name": "杨玉环", "played": "48", "win_rate": "0.5625" },
    { "hero1_id": "176", "hero1_name": "杨玉环", "hero2_id": "199", "hero2_name": "公孙离", "played": "48", "win_rate": "0.5625" },
    { "hero1_id": "110", "hero1_name": "嬴政", "hero2_id": "186", "hero2_name": "太乙真人", "played": "48", "win_rate": "0.5000" },
    { "hero1_id": "110", "hero1_name": "嬴政", "hero2_id": "171", "hero2_name": "张飞", "played": "47", "win_rate": "0.6170" },
    { "hero1_id": "139", "hero1_name": "老夫子", "hero2_id": "173", "hero2_name": "李元芳", "played": "46", "win_rate": "0.5870" },
    { "hero1_id": "132", "hero1_name": "马可波罗", "hero2_id": "154", "hero2_name": "花木兰", "played": "46", "win_rate": "0.4565" },
    { "hero1_id": "176", "hero1_name": "杨玉环", "hero2_id": "502", "hero2_name": "裴擒虎", "played": "46", "win_rate": "0.7174" },
    { "hero1_id": "139", "hero1_name": "老夫子", "hero2_id": "186", "hero2_name": "太乙真人", "played": "44", "win_rate": "0.4091" },
    { "hero1_id": "186", "hero1_name": "太乙真人", "hero2_id": "194", "hero2_name": "苏烈", "played": "43", "win_rate": "0.4884" },
    { "hero1_id": "140", "hero1_name": "关羽", "hero2_id": "171", "hero2_name": "张飞", "played": "43", "win_rate": "0.5581" },
    { "hero1_id": "140", "hero1_name": "关羽", "hero2_id": "176", "hero2_name": "杨玉环", "played": "41", "win_rate": "0.6585" },
    { "hero1_id": "186", "hero1_name": "太乙真人", "hero2_id": "195", "hero2_name": "百里玄策", "played": "41", "win_rate": "0.4390" },
    { "hero1_id": "110", "hero1_name": "嬴政", "hero2_id": "140", "hero2_name": "关羽", "played": "41", "win_rate": "0.5366" },
    { "hero1_id": "120", "hero1_name": "白起", "hero2_id": "176", "hero2_name": "杨玉环", "played": "41", "win_rate": "0.5854" },
    { "hero1_id": "126", "hero1_name": "夏侯惇", "hero2_id": "502", "hero2_name": "裴擒虎", "played": "40", "win_rate": "0.6500" },
    { "hero1_id": "186", "hero1_name": "太乙真人", "hero2_id": "502", "hero2_name": "裴擒虎", "played": "40", "win_rate": "0.4500" },
    { "hero1_id": "139", "hero1_name": "老夫子", "hero2_id": "176", "hero2_name": "杨玉环", "played": "40", "win_rate": "0.5750" },
    { "hero1_id": "173", "hero1_name": "李元芳", "hero2_id": "186", "hero2_name": "太乙真人", "played": "40", "win_rate": "0.3500" },
    { "hero1_id": "110", "hero1_name": "嬴政", "hero2_id": "139", "hero2_name": "老夫子", "played": "39", "win_rate": "0.5641" },
    { "hero1_id": "186", "hero1_name": "太乙真人", "hero2_id": "199", "hero2_name": "公孙离", "played": "39", "win_rate": "0.5897" },
    { "hero1_id": "139", "hero1_name": "老夫子", "hero2_id": "502", "hero2_name": "裴擒虎", "played": "39", "win_rate": "0.5385" },
    { "hero1_id": "140", "hero1_name": "关羽", "hero2_id": "199", "hero2_name": "公孙离", "played": "39", "win_rate": "0.5641" },
    { "hero1_id": "126", "hero1_name": "夏侯惇", "hero2_id": "132", "hero2_name": "马可波罗", "played": "38", "win_rate": "0.3684" },
    { "hero1_id": "120", "hero1_name": "白起", "hero2_id": "502", "hero2_name": "裴擒虎", "played": "38", "win_rate": "0.5526" },
    { "hero1_id": "139", "hero1_name": "老夫子", "hero2_id": "199", "hero2_name": "公孙离", "played": "38", "win_rate": "0.5263" },
    { "hero1_id": "173", "hero1_name": "李元芳", "hero2_id": "194", "hero2_name": "苏烈", "played": "38", "win_rate": "0.4474" },
    { "hero1_id": "120", "hero1_name": "白起", "hero2_id": "194", "hero2_name": "苏烈", "played": "38", "win_rate": "0.5000" },
    { "hero1_id": "176", "hero1_name": "杨玉环", "hero2_id": "186", "hero2_name": "太乙真人", "played": "37", "win_rate": "0.3784" },
    { "hero1_id": "154", "hero1_name": "花木兰", "hero2_id": "173", "hero2_name": "李元芳", "played": "37", "win_rate": "0.4865" },
    { "hero1_id": "126", "hero1_name": "夏侯惇", "hero2_id": "139", "hero2_name": "老夫子", "played": "37", "win_rate": "0.4865" },
    { "hero1_id": "176", "hero1_name": "杨玉环", "hero2_id": "178", "hero2_name": "杨戬", "played": "37", "win_rate": "0.6486" },
    { "hero1_id": "126", "hero1_name": "夏侯惇", "hero2_id": "176", "hero2_name": "杨玉环", "played": "37", "win_rate": "0.5405" },
    { "hero1_id": "120", "hero1_name": "白起", "hero2_id": "186", "hero2_name": "太乙真人", "played": "36", "win_rate": "0.6111" },
    { "hero1_id": "194", "hero1_name": "苏烈", "hero2_id": "195", "hero2_name": "百里玄策", "played": "36", "win_rate": "0.5000" },
    { "hero1_id": "120", "hero1_name": "白起", "hero2_id": "132", "hero2_name": "马可波罗", "played": "36", "win_rate": "0.5000" },
    { "hero1_id": "139", "hero1_name": "老夫子", "hero2_id": "182", "hero2_name": "干将莫邪", "played": "36", "win_rate": "0.4444" },
    { "hero1_id": "120", "hero1_name": "白起", "hero2_id": "199", "hero2_name": "公孙离", "played": "36", "win_rate": "0.6111" },
    { "hero1_id": "171", "hero1_name": "张飞", "hero2_id": "198", "hero2_name": "梦奇", "played": "36", "win_rate": "0.6389" },
    { "hero1_id": "154", "hero1_name": "花木兰", "hero2_id": "195", "hero2_name": "百里玄策", "played": "36", "win_rate": "0.3611" },
    { "hero1_id": "126", "hero1_name": "夏侯惇", "hero2_id": "154", "hero2_name": "花木兰", "played": "35", "win_rate": "0.4286" },
    { "hero1_id": "136", "hero1_name": "武则天", "hero2_id": "186", "hero2_name": "太乙真人", "played": "35", "win_rate": "0.6000" },
    { "hero1_id": "136", "hero1_name": "武则天", "hero2_id": "154", "hero2_name": "花木兰", "played": "35", "win_rate": "0.4000" },
    { "hero1_id": "140", "hero1_name": "关羽", "hero2_id": "178", "hero2_name": "杨戬", "played": "35", "win_rate": "0.4857" },
    { "hero1_id": "140", "hero1_name": "关羽", "hero2_id": "194", "hero2_name": "苏烈", "played": "35", "win_rate": "0.5714" },
    { "hero1_id": "139", "hero1_name": "老夫子", "hero2_id": "178", "hero2_name": "杨戬", "played": "34", "win_rate": "0.5882" },
    { "hero1_id": "132", "hero1_name": "马可波罗", "hero2_id": "178", "hero2_name": "杨戬", "played": "34", "win_rate": "0.5000" },
    { "hero1_id": "171", "hero1_name": "张飞", "hero2_id": "178", "hero2_name": "杨戬", "played": "34", "win_rate": "0.4706" },
    { "hero1_id": "178", "hero1_name": "杨戬", "hero2_id": "194", "hero2_name": "苏烈", "played": "34", "win_rate": "0.3824" },
    { "hero1_id": "148", "hero1_name": "姜子牙", "hero2_id": "154", "hero2_name": "花木兰", "played": "34", "win_rate": "0.5000" },
    { "hero1_id": "154", "hero1_name": "花木兰", "hero2_id": "187", "hero2_name": "东皇太一", "played": "33", "win_rate": "0.4848" },
    { "hero1_id": "187", "hero1_name": "东皇太一", "hero2_id": "502", "hero2_name": "裴擒虎", "played": "33", "win_rate": "0.6061" },
    { "hero1_id": "178", "hero1_name": "杨戬", "hero2_id": "199", "hero2_name": "公孙离", "played": "33", "win_rate": "0.6061" },
    { "hero1_id": "149", "hero1_name": "刘邦", "hero2_id": "186", "hero2_name": "太乙真人", "played": "33", "win_rate": "0.4242" },
    { "hero1_id": "126", "hero1_name": "夏侯惇", "hero2_id": "140", "hero2_name": "关羽", "played": "33", "win_rate": "0.3636" },
    { "hero1_id": "110", "hero1_name": "嬴政", "hero2_id": "154", "hero2_name": "花木兰", "played": "33", "win_rate": "0.5758" },
    { "hero1_id": "140", "hero1_name": "关羽", "hero2_id": "187", "hero2_name": "东皇太一", "played": "32", "win_rate": "0.5625" },
    { "hero1_id": "110", "hero1_name": "嬴政", "hero2_id": "502", "hero2_name": "裴擒虎", "played": "32", "win_rate": "0.3750" },
    { "hero1_id": "182", "hero1_name": "干将莫邪", "hero2_id": "187", "hero2_name": "东皇太一", "played": "32", "win_rate": "0.4688" },
    { "hero1_id": "140", "hero1_name": "关羽", "hero2_id": "173", "hero2_name": "李元芳", "played": "32", "win_rate": "0.6250" },
    { "hero1_id": "126", "hero1_name": "夏侯惇", "hero2_id": "199", "hero2_name": "公孙离", "played": "32", "win_rate": "0.3125" },
    { "hero1_id": "171", "hero1_name": "张飞", "hero2_id": "173", "hero2_name": "李元芳", "played": "32", "win_rate": "0.7813" },
    { "hero1_id": "140", "hero1_name": "关羽", "hero2_id": "502", "hero2_name": "裴擒虎", "played": "32", "win_rate": "0.5938" },
    { "hero1_id": "136", "hero1_name": "武则天", "hero2_id": "194", "hero2_name": "苏烈", "played": "32", "win_rate": "0.3438" },
    { "hero1_id": "149", "hero1_name": "刘邦", "hero2_id": "502", "hero2_name": "裴擒虎", "played": "32", "win_rate": "0.5938" },
    { "hero1_id": "173", "hero1_name": "李元芳", "hero2_id": "198", "hero2_name": "梦奇", "played": "32", "win_rate": "0.5000" },
    { "hero1_id": "149", "hero1_name": "刘邦", "hero2_id": "171", "hero2_name": "张飞", "played": "32", "win_rate": "0.5625" },
    { "hero1_id": "120", "hero1_name": "白起", "hero2_id": "140", "hero2_name": "关羽", "played": "31", "win_rate": "0.4516" },
    { "hero1_id": "154", "hero1_name": "花木兰", "hero2_id": "182", "hero2_name": "干将莫邪", "played": "31", "win_rate": "0.4516" },
    { "hero1_id": "126", "hero1_name": "夏侯惇", "hero2_id": "186", "hero2_name": "太乙真人", "played": "31", "win_rate": "0.3226" },
    { "hero1_id": "154", "hero1_name": "花木兰", "hero2_id": "178", "hero2_name": "杨戬", "played": "30", "win_rate": "0.6000" },
    { "hero1_id": "132", "hero1_name": "马可波罗", "hero2_id": "149", "hero2_name": "刘邦", "played": "30", "win_rate": "0.4333" },
    { "hero1_id": "148", "hero1_name": "姜子牙", "hero2_id": "178", "hero2_name": "杨戬", "played": "30", "win_rate": "0.6000" },
    { "hero1_id": "110", "hero1_name": "嬴政", "hero2_id": "132", "hero2_name": "马可波罗", "played": "30", "win_rate": "0.5333" },
    { "hero1_id": "173", "hero1_name": "李元芳", "hero2_id": "178", "hero2_name": "杨戬", "played": "29", "win_rate": "0.6552" },
    { "hero1_id": "182", "hero1_name": "干将莫邪", "hero2_id": "198", "hero2_name": "梦奇", "played": "29", "win_rate": "0.5172" },
    { "hero1_id": "182", "hero1_name": "干将莫邪", "hero2_id": "502", "hero2_name": "裴擒虎", "played": "29", "win_rate": "0.4828" },
    { "hero1_id": "140", "hero1_name": "关羽", "hero2_id": "195", "hero2_name": "百里玄策", "played": "29", "win_rate": "0.3448" },
    { "hero1_id": "194", "hero1_name": "苏烈", "hero2_id": "198", "hero2_name": "梦奇", "played": "29", "win_rate": "0.4483" },
    { "hero1_id": "139", "hero1_name": "老夫子", "hero2_id": "154", "hero2_name": "花木兰", "played": "28", "win_rate": "0.4643" },
    { "hero1_id": "171", "hero1_name": "张飞", "hero2_id": "182", "hero2_name": "干将莫邪", "played": "28", "win_rate": "0.5000" },
    { "hero1_id": "154", "hero1_name": "花木兰", "hero2_id": "168", "hero2_name": "牛魔", "played": "28", "win_rate": "0.4643" },
    { "hero1_id": "154", "hero1_name": "花木兰", "hero2_id": "198", "hero2_name": "梦奇", "played": "28", "win_rate": "0.5357" },
    { "hero1_id": "110", "hero1_name": "嬴政", "hero2_id": "194", "hero2_name": "苏烈", "played": "28", "win_rate": "0.5357" },
    { "hero1_id": "187", "hero1_name": "东皇太一", "hero2_id": "198", "hero2_name": "梦奇", "played": "27", "win_rate": "0.6296" },
    { "hero1_id": "187", "hero1_name": "东皇太一", "hero2_id": "194", "hero2_name": "苏烈", "played": "27", "win_rate": "0.6296" },
    { "hero1_id": "139", "hero1_name": "老夫子", "hero2_id": "140", "hero2_name": "关羽", "played": "27", "win_rate": "0.5556" },
    { "hero1_id": "126", "hero1_name": "夏侯惇", "hero2_id": "171", "hero2_name": "张飞", "played": "27", "win_rate": "0.2963" },
    { "hero1_id": "140", "hero1_name": "关羽", "hero2_id": "182", "hero2_name": "干将莫邪", "played": "27", "win_rate": "0.4074" },
    { "hero1_id": "140", "hero1_name": "关羽", "hero2_id": "168", "hero2_name": "牛魔", "played": "26", "win_rate": "0.5385" },
    { "hero1_id": "178", "hero1_name": "杨戬", "hero2_id": "182", "hero2_name": "干将莫邪", "played": "26", "win_rate": "0.3462" },
    { "hero1_id": "110", "hero1_name": "嬴政", "hero2_id": "178", "hero2_name": "杨戬", "played": "26", "win_rate": "0.4615" },
    { "hero1_id": "110", "hero1_name": "嬴政", "hero2_id": "199", "hero2_name": "公孙离", "played": "26", "win_rate": "0.6923" },
    { "hero1_id": "139", "hero1_name": "老夫子", "hero2_id": "195", "hero2_name": "百里玄策", "played": "25", "win_rate": "0.4000" },
    { "hero1_id": "149", "hero1_name": "刘邦", "hero2_id": "199", "hero2_name": "公孙离", "played": "25", "win_rate": "0.4000" },
    { "hero1_id": "149", "hero1_name": "刘邦", "hero2_id": "176", "hero2_name": "杨玉环", "played": "25", "win_rate": "0.4000" },
    { "hero1_id": "126", "hero1_name": "夏侯惇", "hero2_id": "194", "hero2_name": "苏烈", "played": "25", "win_rate": "0.5200" },
    { "hero1_id": "182", "hero1_name": "干将莫邪", "hero2_id": "186", "hero2_name": "太乙真人", "played": "25", "win_rate": "0.3600" },
    { "hero1_id": "134", "hero1_name": "达摩", "hero2_id": "186", "hero2_name": "太乙真人", "played": "25", "win_rate": "0.4800" },
    { "hero1_id": "132", "hero1_name": "马可波罗", "hero2_id": "182", "hero2_name": "干将莫邪", "played": "25", "win_rate": "0.4800" },
    { "hero1_id": "126", "hero1_name": "夏侯惇", "hero2_id": "178", "hero2_name": "杨戬", "played": "25", "win_rate": "0.4400" },
    { "hero1_id": "149", "hero1_name": "刘邦", "hero2_id": "154", "hero2_name": "花木兰", "played": "25", "win_rate": "0.5200" },
    { "hero1_id": "136", "hero1_name": "武则天", "hero2_id": "140", "hero2_name": "关羽", "played": "25", "win_rate": "0.4800" },
    { "hero1_id": "144", "hero1_name": "程咬金", "hero2_id": "171", "hero2_name": "张飞", "played": "25", "win_rate": "0.5600" },
    { "hero1_id": "119", "hero1_name": "扁鹊", "hero2_id": "194", "hero2_name": "苏烈", "played": "24", "win_rate": "0.5000" },
    { "hero1_id": "168", "hero1_name": "牛魔", "hero2_id": "176", "hero2_name": "杨玉环", "played": "24", "win_rate": "0.5833" },
    { "hero1_id": "195", "hero1_name": "百里玄策", "hero2_id": "198", "hero2_name": "梦奇", "played": "24", "win_rate": "0.5417" },
    { "hero1_id": "120", "hero1_name": "白起", "hero2_id": "171", "hero2_name": "张飞", "played": "24", "win_rate": "0.5417" },
    { "hero1_id": "189", "hero1_name": "鬼谷子", "hero2_id": "194", "hero2_name": "苏烈", "played": "24", "win_rate": "0.4167" },
    { "hero1_id": "136", "hero1_name": "武则天", "hero2_id": "173", "hero2_name": "李元芳", "played": "24", "win_rate": "0.4167" },
    { "hero1_id": "173", "hero1_name": "李元芳", "hero2_id": "187", "hero2_name": "东皇太一", "played": "24", "win_rate": "0.4583" },
    { "hero1_id": "186", "hero1_name": "太乙真人", "hero2_id": "198", "hero2_name": "梦奇", "played": "24", "win_rate": "0.5417" },
    { "hero1_id": "187", "hero1_name": "东皇太一", "hero2_id": "199", "hero2_name": "公孙离", "played": "24", "win_rate": "0.4583" },
    { "hero1_id": "178", "hero1_name": "杨戬", "hero2_id": "187", "hero2_name": "东皇太一", "played": "24", "win_rate": "0.6250" },
    { "hero1_id": "126", "hero1_name": "夏侯惇", "hero2_id": "148", "hero2_name": "姜子牙", "played": "24", "win_rate": "0.5417" },
    { "hero1_id": "136", "hero1_name": "武则天", "hero2_id": "171", "hero2_name": "张飞", "played": "24", "win_rate": "0.4583" },
    { "hero1_id": "182", "hero1_name": "干将莫邪", "hero2_id": "199", "hero2_name": "公孙离", "played": "24", "win_rate": "0.2917" },
    { "hero1_id": "168", "hero1_name": "牛魔", "hero2_id": "199", "hero2_name": "公孙离", "played": "24", "win_rate": "0.5833" },
    { "hero1_id": "189", "hero1_name": "鬼谷子", "hero2_id": "502", "hero2_name": "裴擒虎", "played": "23", "win_rate": "0.6522" },
    { "hero1_id": "119", "hero1_name": "扁鹊", "hero2_id": "186", "hero2_name": "太乙真人", "played": "23", "win_rate": "0.3478" },
    { "hero1_id": "139", "hero1_name": "老夫子", "hero2_id": "148", "hero2_name": "姜子牙", "played": "23", "win_rate": "0.6957" },
    { "hero1_id": "120", "hero1_name": "白起", "hero2_id": "187", "hero2_name": "东皇太一", "played": "23", "win_rate": "0.5652" },
    { "hero1_id": "132", "hero1_name": "马可波罗", "hero2_id": "148", "hero2_name": "姜子牙", "played": "23", "win_rate": "0.4783" },
    { "hero1_id": "144", "hero1_name": "程咬金", "hero2_id": "186", "hero2_name": "太乙真人", "played": "23", "win_rate": "0.5217" },
    { "hero1_id": "171", "hero1_name": "张飞", "hero2_id": "186", "hero2_name": "太乙真人", "played": "23", "win_rate": "0.4783" },
    { "hero1_id": "132", "hero1_name": "马可波罗", "hero2_id": "168", "hero2_name": "牛魔", "played": "22", "win_rate": "0.4091" },
    { "hero1_id": "176", "hero1_name": "杨玉环", "hero2_id": "198", "hero2_name": "梦奇", "played": "22", "win_rate": "0.5909" },
    { "hero1_id": "148", "hero1_name": "姜子牙", "hero2_id": "173", "hero2_name": "李元芳", "played": "22", "win_rate": "0.6818" },
    { "hero1_id": "148", "hero1_name": "姜子牙", "hero2_id": "171", "hero2_name": "张飞", "played": "22", "win_rate": "0.4545" },
    { "hero1_id": "168", "hero1_name": "牛魔", "hero2_id": "502", "hero2_name": "裴擒虎", "played": "22", "win_rate": "0.4091" },
    { "hero1_id": "110", "hero1_name": "嬴政", "hero2_id": "126", "hero2_name": "夏侯惇", "played": "22", "win_rate": "0.2727" },
    { "hero1_id": "139", "hero1_name": "老夫子", "hero2_id": "168", "hero2_name": "牛魔", "played": "22", "win_rate": "0.3636" },
    { "hero1_id": "134", "hero1_name": "达摩", "hero2_id": "194", "hero2_name": "苏烈", "played": "21", "win_rate": "0.5238" },
    { "hero1_id": "119", "hero1_name": "扁鹊", "hero2_id": "132", "hero2_name": "马可波罗", "played": "21", "win_rate": "0.4762" },
    { "hero1_id": "110", "hero1_name": "嬴政", "hero2_id": "120", "hero2_name": "白起", "played": "21", "win_rate": "0.4286" },
    { "hero1_id": "144", "hero1_name": "程咬金", "hero2_id": "194", "hero2_name": "苏烈", "played": "21", "win_rate": "0.2381" },
    { "hero1_id": "126", "hero1_name": "夏侯惇", "hero2_id": "173", "hero2_name": "李元芳", "played": "21", "win_rate": "0.3810" },
    { "hero1_id": "126", "hero1_name": "夏侯惇", "hero2_id": "173", "hero2_name": "李元芳", "played": "21", "win_rate": "0.3810" },
    { "hero1_id": "132", "hero1_name": "马可波罗", "hero2_id": "198", "hero2_name": "梦奇", "played": "21", "win_rate": "0.6667" },
    { "hero1_id": "154", "hero1_name": "花木兰", "hero2_id": "189", "hero2_name": "鬼谷子", "played": "21", "win_rate": "0.6190" },
    { "hero1_id": "139", "hero1_name": "老夫子", "hero2_id": "187", "hero2_name": "东皇太一", "played": "21", "win_rate": "0.3333" },
    { "hero1_id": "156", "hero1_name": "张良", "hero2_id": "178", "hero2_name": "杨戬", "played": "21", "win_rate": "0.7143" },
    { "hero1_id": "132", "hero1_name": "马可波罗", "hero2_id": "144", "hero2_name": "程咬金", "played": "20", "win_rate": "0.5500" },
    { "hero1_id": "119", "hero1_name": "扁鹊", "hero2_id": "140", "hero2_name": "关羽", "played": "20", "win_rate": "0.3500" },
    { "hero1_id": "176", "hero1_name": "杨玉环", "hero2_id": "187", "hero2_name": "东皇太一", "played": "20", "win_rate": "0.7000" },
    { "hero1_id": "198", "hero1_name": "梦奇", "hero2_id": "199", "hero2_name": "公孙离", "played": "20", "win_rate": "0.6500" },
    { "hero1_id": "126", "hero1_name": "夏侯惇", "hero2_id": "195", "hero2_name": "百里玄策", "played": "20", "win_rate": "0.3500" },
    { "hero1_id": "136", "hero1_name": "武则天", "hero2_id": "502", "hero2_name": "裴擒虎", "played": "20", "win_rate": "0.5000" },
    { "hero1_id": "134", "hero1_name": "达摩", "hero2_id": "171", "hero2_name": "张飞", "played": "20", "win_rate": "0.4500" },
    { "hero1_id": "178", "hero1_name": "杨戬", "hero2_id": "195", "hero2_name": "百里玄策", "played": "20", "win_rate": "0.6000" },
    { "hero1_id": "119", "hero1_name": "扁鹊", "hero2_id": "171", "hero2_name": "张飞", "played": "20", "win_rate": "0.6000" },
    { "hero1_id": "120", "hero1_name": "白起", "hero2_id": "178", "hero2_name": "杨戬", "played": "20", "win_rate": "0.8000" },
    { "hero1_id": "144", "hero1_name": "程咬金", "hero2_id": "502", "hero2_name": "裴擒虎", "played": "19", "win_rate": "0.6316" },
    { "hero1_id": "168", "hero1_name": "牛魔", "hero2_id": "194", "hero2_name": "苏烈", "played": "19", "win_rate": "0.4211" },
    { "hero1_id": "132", "hero1_name": "马可波罗", "hero2_id": "187", "hero2_name": "东皇太一", "played": "19", "win_rate": "0.5789" },
    { "hero1_id": "126", "hero1_name": "夏侯惇", "hero2_id": "182", "hero2_name": "干将莫邪", "played": "19", "win_rate": "0.4211" },
    { "hero1_id": "136", "hero1_name": "武则天", "hero2_id": "139", "hero2_name": "老夫子", "played": "19", "win_rate": "0.4737" },
    { "hero1_id": "190", "hero1_name": "诸葛亮", "hero2_id": "502", "hero2_name": "裴擒虎", "played": "19", "win_rate": "0.7368" },
    { "hero1_id": "139", "hero1_name": "老夫子", "hero2_id": "149", "hero2_name": "刘邦", "played": "19", "win_rate": "0.4211" },
    { "hero1_id": "134", "hero1_name": "达摩", "hero2_id": "502", "hero2_name": "裴擒虎", "played": "19", "win_rate": "0.4211" },
    { "hero1_id": "176", "hero1_name": "杨玉环", "hero2_id": "195", "hero2_name": "百里玄策", "played": "19", "win_rate": "0.3158" },
    { "hero1_id": "134", "hero1_name": "达摩", "hero2_id": "182", "hero2_name": "干将莫邪", "played": "19", "win_rate": "0.3684" },
    { "hero1_id": "190", "hero1_name": "诸葛亮", "hero2_id": "194", "hero2_name": "苏烈", "played": "19", "win_rate": "0.5263" },
    { "hero1_id": "144", "hero1_name": "程咬金", "hero2_id": "176", "hero2_name": "杨玉环", "played": "18", "win_rate": "0.6111" },
    { "hero1_id": "171", "hero1_name": "张飞", "hero2_id": "190", "hero2_name": "诸葛亮", "played": "18", "win_rate": "0.5556" },
    { "hero1_id": "144", "hero1_name": "程咬金", "hero2_id": "148", "hero2_name": "姜子牙", "played": "18", "win_rate": "0.4444" },
    { "hero1_id": "144", "hero1_name": "程咬金", "hero2_id": "195", "hero2_name": "百里玄策", "played": "18", "win_rate": "0.5556" },
    { "hero1_id": "110", "hero1_name": "嬴政", "hero2_id": "149", "hero2_name": "刘邦", "played": "18", "win_rate": "0.3889" },
    { "hero1_id": "173", "hero1_name": "李元芳", "hero2_id": "182", "hero2_name": "干将莫邪", "played": "18", "win_rate": "0.4444" },
    { "hero1_id": "136", "hero1_name": "武则天", "hero2_id": "195", "hero2_name": "百里玄策", "played": "18", "win_rate": "0.3333" },
    { "hero1_id": "173", "hero1_name": "李元芳", "hero2_id": "176", "hero2_name": "杨玉环", "played": "18", "win_rate": "0.6111" },
    { "hero1_id": "120", "hero1_name": "白起", "hero2_id": "154", "hero2_name": "花木兰", "played": "18", "win_rate": "0.3889" },
    { "hero1_id": "148", "hero1_name": "姜子牙", "hero2_id": "194", "hero2_name": "苏烈", "played": "18", "win_rate": "0.5556" },
    { "hero1_id": "139", "hero1_name": "老夫子", "hero2_id": "156", "hero2_name": "张良", "played": "18", "win_rate": "0.4444" },
    { "hero1_id": "182", "hero1_name": "干将莫邪", "hero2_id": "195", "hero2_name": "百里玄策", "played": "18", "win_rate": "0.3889" },
    { "hero1_id": "126", "hero1_name": "夏侯惇", "hero2_id": "168", "hero2_name": "牛魔", "played": "17", "win_rate": "0.2941" },
    { "hero1_id": "186", "hero1_name": "太乙真人", "hero2_id": "190", "hero2_name": "诸葛亮", "played": "17", "win_rate": "0.4706" },
    { "hero1_id": "126", "hero1_name": "夏侯惇", "hero2_id": "136", "hero2_name": "武则天", "played": "17", "win_rate": "0.2941" },
    { "hero1_id": "148", "hero1_name": "姜子牙", "hero2_id": "149", "hero2_name": "刘邦", "played": "17", "win_rate": "0.4118" },
    { "hero1_id": "171", "hero1_name": "张飞", "hero2_id": "195", "hero2_name": "百里玄策", "played": "17", "win_rate": "0.5294" },
    { "hero1_id": "154", "hero1_name": "花木兰", "hero2_id": "156", "hero2_name": "张良", "played": "17", "win_rate": "0.5882" },
    { "hero1_id": "120", "hero1_name": "白起", "hero2_id": "189", "hero2_name": "鬼谷子", "played": "17", "win_rate": "0.6471" },
    { "hero1_id": "132", "hero1_name": "马可波罗", "hero2_id": "134", "hero2_name": "达摩", "played": "17", "win_rate": "0.5294" },
    { "hero1_id": "136", "hero1_name": "武则天", "hero2_id": "198", "hero2_name": "梦奇", "played": "17", "win_rate": "0.5294" },
    { "hero1_id": "126", "hero1_name": "夏侯惇", "hero2_id": "144", "hero2_name": "程咬金", "played": "16", "win_rate": "0.4375" },
    { "hero1_id": "140", "hero1_name": "关羽", "hero2_id": "198", "hero2_name": "梦奇", "played": "16", "win_rate": "0.8125" },
    { "hero1_id": "194", "hero1_name": "苏烈", "hero2_id": "196", "hero2_name": "百里守约", "played": "16", "win_rate": "0.3125" },
    { "hero1_id": "132", "hero1_name": "马可波罗", "hero2_id": "136", "hero2_name": "武则天", "played": "16", "win_rate": "0.4375" },
    { "hero1_id": "189", "hero1_name": "鬼谷子", "hero2_id": "195", "hero2_name": "百里玄策", "played": "16", "win_rate": "0.3750" },
    { "hero1_id": "149", "hero1_name": "刘邦", "hero2_id": "194", "hero2_name": "苏烈", "played": "16", "win_rate": "0.3750" },
    { "hero1_id": "120", "hero1_name": "白起", "hero2_id": "195", "hero2_name": "百里玄策", "played": "16", "win_rate": "0.4375" },
    { "hero1_id": "136", "hero1_name": "武则天", "hero2_id": "199", "hero2_name": "公孙离", "played": "16", "win_rate": "0.5625" },
    { "hero1_id": "140", "hero1_name": "关羽", "hero2_id": "154", "hero2_name": "花木兰", "played": "16", "win_rate": "0.5000" },
    { "hero1_id": "119", "hero1_name": "扁鹊", "hero2_id": "502", "hero2_name": "裴擒虎", "played": "16", "win_rate": "0.5000" },
    { "hero1_id": "140", "hero1_name": "关羽", "hero2_id": "189", "hero2_name": "鬼谷子", "played": "16", "win_rate": "0.4375" },
    { "hero1_id": "120", "hero1_name": "白起", "hero2_id": "198", "hero2_name": "梦奇", "played": "16", "win_rate": "0.5000" },
    { "hero1_id": "110", "hero1_name": "嬴政", "hero2_id": "173", "hero2_name": "李元芳", "played": "16", "win_rate": "0.5000" },
    { "hero1_id": "148", "hero1_name": "姜子牙", "hero2_id": "186", "hero2_name": "太乙真人", "played": "16", "win_rate": "0.4375" },
    { "hero1_id": "156", "hero1_name": "张良", "hero2_id": "502", "hero2_name": "裴擒虎", "played": "16", "win_rate": "0.6250" },
    { "hero1_id": "186", "hero1_name": "太乙真人", "hero2_id": "196", "hero2_name": "百里守约", "played": "16", "win_rate": "0.5000" },
    { "hero1_id": "110", "hero1_name": "嬴政", "hero2_id": "198", "hero2_name": "梦奇", "played": "15", "win_rate": "0.8000" },
    { "hero1_id": "120", "hero1_name": "白起", "hero2_id": "173", "hero2_name": "李元芳", "played": "15", "win_rate": "0.4000" },
    { "hero1_id": "136", "hero1_name": "武则天", "hero2_id": "178", "hero2_name": "杨戬", "played": "15", "win_rate": "0.4000" },
    { "hero1_id": "120", "hero1_name": "白起", "hero2_id": "182", "hero2_name": "干将莫邪", "played": "15", "win_rate": "0.2667" },
    { "hero1_id": "144", "hero1_name": "程咬金", "hero2_id": "199", "hero2_name": "公孙离", "played": "15", "win_rate": "0.6000" },
    { "hero1_id": "156", "hero1_name": "张良", "hero2_id": "186", "hero2_name": "太乙真人", "played": "15", "win_rate": "0.6667" },
    { "hero1_id": "140", "hero1_name": "关羽", "hero2_id": "190", "hero2_name": "诸葛亮", "played": "15", "win_rate": "0.6000" },
    { "hero1_id": "126", "hero1_name": "夏侯惇", "hero2_id": "187", "hero2_name": "东皇太一", "played": "15", "win_rate": "0.4000" },
    { "hero1_id": "144", "hero1_name": "程咬金", "hero2_id": "187", "hero2_name": "东皇太一", "played": "15", "win_rate": "0.5333" },
    { "hero1_id": "120", "hero1_name": "白起", "hero2_id": "136", "hero2_name": "武则天", "played": "15", "win_rate": "0.6000" },
    { "hero1_id": "134", "hero1_name": "达摩", "hero2_id": "140", "hero2_name": "关羽", "played": "15", "win_rate": "0.6667" },
    { "hero1_id": "168", "hero1_name": "牛魔", "hero2_id": "178", "hero2_name": "杨戬", "played": "15", "win_rate": "0.4667" },
    { "hero1_id": "149", "hero1_name": "刘邦", "hero2_id": "178", "hero2_name": "杨戬", "played": "14", "win_rate": "0.5000" },
    { "hero1_id": "144", "hero1_name": "程咬金", "hero2_id": "182", "hero2_name": "干将莫邪", "played": "14", "win_rate": "0.4286" },
    { "hero1_id": "136", "hero1_name": "武则天", "hero2_id": "187", "hero2_name": "东皇太一", "played": "14", "win_rate": "0.5000" },
    { "hero1_id": "140", "hero1_name": "关羽", "hero2_id": "156", "hero2_name": "张良", "played": "14", "win_rate": "0.5714" },
    { "hero1_id": "119", "hero1_name": "扁鹊", "hero2_id": "139", "hero2_name": "老夫子", "played": "14", "win_rate": "0.2857" },
    { "hero1_id": "118", "hero1_name": "孙膑", "hero2_id": "154", "hero2_name": "花木兰", "played": "14", "win_rate": "0.4286" },
    { "hero1_id": "148", "hero1_name": "姜子牙", "hero2_id": "195", "hero2_name": "百里玄策", "played": "14", "win_rate": "0.7143" },
    { "hero1_id": "120", "hero1_name": "白起", "hero2_id": "139", "hero2_name": "老夫子", "played": "14", "win_rate": "0.5000" },
    { "hero1_id": "110", "hero1_name": "嬴政", "hero2_id": "195", "hero2_name": "百里玄策", "played": "14", "win_rate": "0.7143" },
    { "hero1_id": "139", "hero1_name": "老夫子", "hero2_id": "198", "hero2_name": "梦奇", "played": "14", "win_rate": "0.5714" },
    { "hero1_id": "148", "hero1_name": "姜子牙", "hero2_id": "199", "hero2_name": "公孙离", "played": "14", "win_rate": "0.5000" },
    { "hero1_id": "189", "hero1_name": "鬼谷子", "hero2_id": "198", "hero2_name": "梦奇", "played": "14", "win_rate": "0.3571" },
    { "hero1_id": "168", "hero1_name": "牛魔", "hero2_id": "182", "hero2_name": "干将莫邪", "played": "14", "win_rate": "0.1429" },
    { "hero1_id": "110", "hero1_name": "嬴政", "hero2_id": "187", "hero2_name": "东皇太一", "played": "14", "win_rate": "0.4286" },
    { "hero1_id": "176", "hero1_name": "杨玉环", "hero2_id": "189", "hero2_name": "鬼谷子", "played": "14", "win_rate": "0.7857" },
    { "hero1_id": "187", "hero1_name": "东皇太一", "hero2_id": "195", "hero2_name": "百里玄策", "played": "14", "win_rate": "0.5000" },
    { "hero1_id": "139", "hero1_name": "老夫子", "hero2_id": "196", "hero2_name": "百里守约", "played": "14", "win_rate": "0.6429" },
    { "hero1_id": "120", "hero1_name": "白起", "hero2_id": "148", "hero2_name": "姜子牙", "played": "13", "win_rate": "0.5385" },
    { "hero1_id": "134", "hero1_name": "达摩", "hero2_id": "139", "hero2_name": "老夫子", "played": "13", "win_rate": "0.2308" },
    { "hero1_id": "178", "hero1_name": "杨戬", "hero2_id": "190", "hero2_name": "诸葛亮", "played": "13", "win_rate": "0.6154" },
    { "hero1_id": "134", "hero1_name": "达摩", "hero2_id": "176", "hero2_name": "杨玉环", "played": "13", "win_rate": "0.5385" },
    { "hero1_id": "154", "hero1_name": "花木兰", "hero2_id": "196", "hero2_name": "百里守约", "played": "13", "win_rate": "0.4615" },
    { "hero1_id": "119", "hero1_name": "扁鹊", "hero2_id": "126", "hero2_name": "夏侯惇", "played": "13", "win_rate": "0.3846" },
    { "hero1_id": "156", "hero1_name": "张良", "hero2_id": "171", "hero2_name": "张飞", "played": "13", "win_rate": "0.7692" },
    { "hero1_id": "154", "hero1_name": "花木兰", "hero2_id": "190", "hero2_name": "诸葛亮", "played": "13", "win_rate": "0.4615" },
    { "hero1_id": "139", "hero1_name": "老夫子", "hero2_id": "189", "hero2_name": "鬼谷子", "played": "13", "win_rate": "0.3846" },
    { "hero1_id": "120", "hero1_name": "白起", "hero2_id": "168", "hero2_name": "牛魔", "played": "13", "win_rate": "0.4615" },
    { "hero1_id": "168", "hero1_name": "牛魔", "hero2_id": "195", "hero2_name": "百里玄策", "played": "13", "win_rate": "0.3077" },
    { "hero1_id": "132", "hero1_name": "马可波罗", "hero2_id": "189", "hero2_name": "鬼谷子", "played": "13", "win_rate": "0.7692" },
    { "hero1_id": "139", "hero1_name": "老夫子", "hero2_id": "144", "hero2_name": "程咬金", "played": "13", "win_rate": "0.5385" },
    { "hero1_id": "139", "hero1_name": "老夫子", "hero2_id": "191", "hero2_name": "大乔", "played": "13", "win_rate": "0.6154" },
    { "hero1_id": "196", "hero1_name": "百里守约", "hero2_id": "198", "hero2_name": "梦奇", "played": "12", "win_rate": "0.5000" },
    { "hero1_id": "156", "hero1_name": "张良", "hero2_id": "199", "hero2_name": "公孙离", "played": "12", "win_rate": "0.9167" },
    { "hero1_id": "120", "hero1_name": "白起", "hero2_id": "126", "hero2_name": "夏侯惇", "played": "12", "win_rate": "0.3333" },
    { "hero1_id": "156", "hero1_name": "张良", "hero2_id": "173", "hero2_name": "李元芳", "played": "12", "win_rate": "0.6667" },
    { "hero1_id": "134", "hero1_name": "达摩", "hero2_id": "198", "hero2_name": "梦奇", "played": "12", "win_rate": "0.4167" },
    { "hero1_id": "149", "hero1_name": "刘邦", "hero2_id": "187", "hero2_name": "东皇太一", "played": "12", "win_rate": "0.4167" },
    { "hero1_id": "198", "hero1_name": "梦奇", "hero2_id": "502", "hero2_name": "裴擒虎", "played": "12", "win_rate": "0.4167" },
    { "hero1_id": "119", "hero1_name": "扁鹊", "hero2_id": "178", "hero2_name": "杨戬", "played": "12", "win_rate": "0.4167" },
    { "hero1_id": "171", "hero1_name": "张飞", "hero2_id": "196", "hero2_name": "百里守约", "played": "12", "win_rate": "0.3333" },
    { "hero1_id": "134", "hero1_name": "达摩", "hero2_id": "173", "hero2_name": "李元芳", "played": "12", "win_rate": "0.4167" },
    { "hero1_id": "144", "hero1_name": "程咬金", "hero2_id": "190", "hero2_name": "诸葛亮", "played": "11", "win_rate": "0.3636" },
    { "hero1_id": "119", "hero1_name": "扁鹊", "hero2_id": "120", "hero2_name": "白起", "played": "11", "win_rate": "0.5455" },
    { "hero1_id": "168", "hero1_name": "牛魔", "hero2_id": "198", "hero2_name": "梦奇", "played": "11", "win_rate": "0.3636" },
    { "hero1_id": "148", "hero1_name": "姜子牙", "hero2_id": "189", "hero2_name": "鬼谷子", "played": "11", "win_rate": "0.8182" },
    { "hero1_id": "110", "hero1_name": "嬴政", "hero2_id": "196", "hero2_name": "百里守约", "played": "11", "win_rate": "0.5455" },
    { "hero1_id": "148", "hero1_name": "姜子牙", "hero2_id": "502", "hero2_name": "裴擒虎", "played": "11", "win_rate": "0.6364" },
    { "hero1_id": "140", "hero1_name": "关羽", "hero2_id": "196", "hero2_name": "百里守约", "played": "11", "win_rate": "0.6364" },
    { "hero1_id": "136", "hero1_name": "武则天", "hero2_id": "168", "hero2_name": "牛魔", "played": "11", "win_rate": "0.4545" },
    { "hero1_id": "178", "hero1_name": "杨戬", "hero2_id": "189", "hero2_name": "鬼谷子", "played": "11", "win_rate": "0.7273" },
    { "hero1_id": "149", "hero1_name": "刘邦", "hero2_id": "156", "hero2_name": "张良", "played": "11", "win_rate": "0.8182" },
    { "hero1_id": "136", "hero1_name": "武则天", "hero2_id": "144", "hero2_name": "程咬金", "played": "11", "win_rate": "0.6364" },
    { "hero1_id": "190", "hero1_name": "诸葛亮", "hero2_id": "199", "hero2_name": "公孙离", "played": "11", "win_rate": "0.3636" },
    { "hero1_id": "134", "hero1_name": "达摩", "hero2_id": "195", "hero2_name": "百里玄策", "played": "11", "win_rate": "0.4545" },
    { "hero1_id": "120", "hero1_name": "白起", "hero2_id": "149", "hero2_name": "刘邦", "played": "11", "win_rate": "0.5455" },
    { "hero1_id": "148", "hero1_name": "姜子牙", "hero2_id": "198", "hero2_name": "梦奇", "played": "11", "win_rate": "0.5455" },
    { "hero1_id": "149", "hero1_name": "刘邦", "hero2_id": "182", "hero2_name": "干将莫邪", "played": "11", "win_rate": "0.3636" },
    { "hero1_id": "134", "hero1_name": "达摩", "hero2_id": "154", "hero2_name": "花木兰", "played": "11", "win_rate": "0.3636" },
    { "hero1_id": "191", "hero1_name": "大乔", "hero2_id": "502", "hero2_name": "裴擒虎", "played": "10", "win_rate": "0.7000" },
    { "hero1_id": "118", "hero1_name": "孙膑", "hero2_id": "139", "hero2_name": "老夫子", "played": "10", "win_rate": "0.3000" },
    { "hero1_id": "119", "hero1_name": "扁鹊", "hero2_id": "173", "hero2_name": "李元芳", "played": "10", "win_rate": "0.4000" },
    { "hero1_id": "119", "hero1_name": "扁鹊", "hero2_id": "154", "hero2_name": "花木兰", "played": "10", "win_rate": "0.3000" },
    { "hero1_id": "139", "hero1_name": "老夫子", "hero2_id": "190", "hero2_name": "诸葛亮", "played": "10", "win_rate": "0.5000" },
    { "hero1_id": "120", "hero1_name": "白起", "hero2_id": "156", "hero2_name": "张良", "played": "10", "win_rate": "0.8000" },
    { "hero1_id": "126", "hero1_name": "夏侯惇", "hero2_id": "149", "hero2_name": "刘邦", "played": "10", "win_rate": "0.5000" },
    { "hero1_id": "120", "hero1_name": "白起", "hero2_id": "144", "hero2_name": "程咬金", "played": "10", "win_rate": "0.5000" },
    { "hero1_id": "168", "hero1_name": "牛魔", "hero2_id": "171", "hero2_name": "张飞", "played": "10", "win_rate": "0.5000" },
    { "hero1_id": "178", "hero1_name": "杨戬", "hero2_id": "198", "hero2_name": "梦奇", "played": "10", "win_rate": "0.4000" },
    { "hero1_id": "149", "hero1_name": "刘邦", "hero2_id": "195", "hero2_name": "百里玄策", "played": "10", "win_rate": "0.4000" },
    { "hero1_id": "136", "hero1_name": "武则天", "hero2_id": "189", "hero2_name": "鬼谷子", "played": "10", "win_rate": "0.1000" },
    { "hero1_id": "126", "hero1_name": "夏侯惇", "hero2_id": "190", "hero2_name": "诸葛亮", "played": "9", "win_rate": "0.2222" },
    { "hero1_id": "190", "hero1_name": "诸葛亮", "hero2_id": "198", "hero2_name": "梦奇", "played": "9", "win_rate": "0.5556" },
    { "hero1_id": "148", "hero1_name": "姜子牙", "hero2_id": "168", "hero2_name": "牛魔", "played": "9", "win_rate": "0.4444" },
    { "hero1_id": "156", "hero1_name": "张良", "hero2_id": "187", "hero2_name": "东皇太一", "played": "9", "win_rate": "0.5556" },
    { "hero1_id": "189", "hero1_name": "鬼谷子", "hero2_id": "199", "hero2_name": "公孙离", "played": "9", "win_rate": "0.7778" },
    { "hero1_id": "134", "hero1_name": "达摩", "hero2_id": "136", "hero2_name": "武则天", "played": "9", "win_rate": "0.5556" },
    { "hero1_id": "113", "hero1_name": "庄周", "hero2_id": "132", "hero2_name": "马可波罗", "played": "9", "win_rate": "0.5556" },
    { "hero1_id": "144", "hero1_name": "程咬金", "hero2_id": "173", "hero2_name": "李元芳", "played": "9", "win_rate": "0.4444" },
    { "hero1_id": "190", "hero1_name": "诸葛亮", "hero2_id": "195", "hero2_name": "百里玄策", "played": "9", "win_rate": "0.5556" },
    { "hero1_id": "123", "hero1_name": "吕布", "hero2_id": "502", "hero2_name": "裴擒虎", "played": "9", "win_rate": "0.4444" },
    { "hero1_id": "110", "hero1_name": "嬴政", "hero2_id": "168", "hero2_name": "牛魔", "played": "9", "win_rate": "0.6667" },
    { "hero1_id": "149", "hero1_name": "刘邦", "hero2_id": "173", "hero2_name": "李元芳", "played": "9", "win_rate": "0.3333" },
    { "hero1_id": "118", "hero1_name": "孙膑", "hero2_id": "176", "hero2_name": "杨玉环", "played": "9", "win_rate": "0.3333" },
    { "hero1_id": "156", "hero1_name": "张良", "hero2_id": "168", "hero2_name": "牛魔", "played": "9", "win_rate": "0.4444" },
    { "hero1_id": "178", "hero1_name": "杨戬", "hero2_id": "191", "hero2_name": "大乔", "played": "9", "win_rate": "0.6667" },
    { "hero1_id": "132", "hero1_name": "马可波罗", "hero2_id": "156", "hero2_name": "张良", "played": "9", "win_rate": "0.3333" },
    { "hero1_id": "134", "hero1_name": "达摩", "hero2_id": "199", "hero2_name": "公孙离", "played": "8", "win_rate": "0.3750" },
    { "hero1_id": "119", "hero1_name": "扁鹊", "hero2_id": "187", "hero2_name": "东皇太一", "played": "8", "win_rate": "0.3750" },
    { "hero1_id": "189", "hero1_name": "鬼谷子", "hero2_id": "190", "hero2_name": "诸葛亮", "played": "8", "win_rate": "0.7500" },
    { "hero1_id": "119", "hero1_name": "扁鹊", "hero2_id": "199", "hero2_name": "公孙离", "played": "8", "win_rate": "0.2500" },
    { "hero1_id": "178", "hero1_name": "杨戬", "hero2_id": "196", "hero2_name": "百里守约", "played": "8", "win_rate": "0.3750" },
    { "hero1_id": "140", "hero1_name": "关羽", "hero2_id": "149", "hero2_name": "刘邦", "played": "8", "win_rate": "0.3750" },
    { "hero1_id": "123", "hero1_name": "吕布", "hero2_id": "154", "hero2_name": "花木兰", "played": "8", "win_rate": "0.3750" },
    { "hero1_id": "120", "hero1_name": "白起", "hero2_id": "190", "hero2_name": "诸葛亮", "played": "8", "win_rate": "0.2500" },
    { "hero1_id": "136", "hero1_name": "武则天", "hero2_id": "149", "hero2_name": "刘邦", "played": "8", "win_rate": "0.6250" },
    { "hero1_id": "191", "hero1_name": "大乔", "hero2_id": "194", "hero2_name": "苏烈", "played": "8", "win_rate": "0.6250" },
    { "hero1_id": "144", "hero1_name": "程咬金", "hero2_id": "168", "hero2_name": "牛魔", "played": "8", "win_rate": "0.5000" },
    { "hero1_id": "187", "hero1_name": "东皇太一", "hero2_id": "191", "hero2_name": "大乔", "played": "8", "win_rate": "0.5000" },
    { "hero1_id": "123", "hero1_name": "吕布", "hero2_id": "194", "hero2_name": "苏烈", "played": "8", "win_rate": "0.5000" },
    { "hero1_id": "182", "hero1_name": "干将莫邪", "hero2_id": "196", "hero2_name": "百里守约", "played": "8", "win_rate": "0.3750" },
    { "hero1_id": "110", "hero1_name": "嬴政", "hero2_id": "144", "hero2_name": "程咬金", "played": "8", "win_rate": "0.7500" },
    { "hero1_id": "119", "hero1_name": "扁鹊", "hero2_id": "149", "hero2_name": "刘邦", "played": "8", "win_rate": "0.5000" },
    { "hero1_id": "126", "hero1_name": "夏侯惇", "hero2_id": "198", "hero2_name": "梦奇", "played": "8", "win_rate": "0.3750" },
    { "hero1_id": "144", "hero1_name": "程咬金", "hero2_id": "198", "hero2_name": "梦奇", "played": "8", "win_rate": "0.3750" },
    { "hero1_id": "110", "hero1_name": "嬴政", "hero2_id": "134", "hero2_name": "达摩", "played": "8", "win_rate": "0.8750" },
    { "hero1_id": "113", "hero1_name": "庄周", "hero2_id": "176", "hero2_name": "杨玉环", "played": "8", "win_rate": "0.8750" },
    { "hero1_id": "182", "hero1_name": "干将莫邪", "hero2_id": "189", "hero2_name": "鬼谷子", "played": "8", "win_rate": "0.3750" },
    { "hero1_id": "118", "hero1_name": "孙膑", "hero2_id": "502", "hero2_name": "裴擒虎", "played": "8", "win_rate": "0.5000" },
    { "hero1_id": "118", "hero1_name": "孙膑", "hero2_id": "132", "hero2_name": "马可波罗", "played": "8", "win_rate": "0.3750" },
    { "hero1_id": "119", "hero1_name": "扁鹊", "hero2_id": "134", "hero2_name": "达摩", "played": "8", "win_rate": "0.3750" },
    { "hero1_id": "118", "hero1_name": "孙膑", "hero2_id": "194", "hero2_name": "苏烈", "played": "7", "win_rate": "0.4286" },
    { "hero1_id": "173", "hero1_name": "李元芳", "hero2_id": "190", "hero2_name": "诸葛亮", "played": "7", "win_rate": "0.4286" },
    { "hero1_id": "154", "hero1_name": "花木兰", "hero2_id": "191", "hero2_name": "大乔", "played": "7", "win_rate": "0.4286" },
    { "hero1_id": "126", "hero1_name": "夏侯惇", "hero2_id": "189", "hero2_name": "鬼谷子", "played": "7", "win_rate": "0.7143" },
    { "hero1_id": "170", "hero1_name": "刘备", "hero2_id": "194", "hero2_name": "苏烈", "played": "7", "win_rate": "0.2857" },
    { "hero1_id": "113", "hero1_name": "庄周", "hero2_id": "139", "hero2_name": "老夫子", "played": "7", "win_rate": "0.8571" },
    { "hero1_id": "168", "hero1_name": "牛魔", "hero2_id": "173", "hero2_name": "李元芳", "played": "7", "win_rate": "0.1429" },
    { "hero1_id": "132", "hero1_name": "马可波罗", "hero2_id": "190", "hero2_name": "诸葛亮", "played": "7", "win_rate": "0.2857" },
    { "hero1_id": "119", "hero1_name": "扁鹊", "hero2_id": "168", "hero2_name": "牛魔", "played": "7", "win_rate": "0.2857" },
    { "hero1_id": "187", "hero1_name": "东皇太一", "hero2_id": "190", "hero2_name": "诸葛亮", "played": "7", "win_rate": "0.4286" },
    { "hero1_id": "126", "hero1_name": "夏侯惇", "hero2_id": "196", "hero2_name": "百里守约", "played": "7", "win_rate": "0.0000" },
    { "hero1_id": "126", "hero1_name": "夏侯惇", "hero2_id": "156", "hero2_name": "张良", "played": "7", "win_rate": "0.5714" },
    { "hero1_id": "156", "hero1_name": "张良", "hero2_id": "195", "hero2_name": "百里玄策", "played": "7", "win_rate": "0.2857" },
    { "hero1_id": "149", "hero1_name": "刘邦", "hero2_id": "189", "hero2_name": "鬼谷子", "played": "6", "win_rate": "0.8333" },
    { "hero1_id": "134", "hero1_name": "达摩", "hero2_id": "187", "hero2_name": "东皇太一", "played": "6", "win_rate": "0.6667" },
    { "hero1_id": "191", "hero1_name": "大乔", "hero2_id": "199", "hero2_name": "公孙离", "played": "6", "win_rate": "0.5000" },
    { "hero1_id": "168", "hero1_name": "牛魔", "hero2_id": "190", "hero2_name": "诸葛亮", "played": "6", "win_rate": "0.3333" },
    { "hero1_id": "157", "hero1_name": "不知火舞", "hero2_id": "195", "hero2_name": "百里玄策", "played": "6", "win_rate": "0.6667" },
    { "hero1_id": "173", "hero1_name": "李元芳", "hero2_id": "189", "hero2_name": "鬼谷子", "played": "6", "win_rate": "0.1667" },
    { "hero1_id": "156", "hero1_name": "张良", "hero2_id": "198", "hero2_name": "梦奇", "played": "6", "win_rate": "0.1667" },
    { "hero1_id": "170", "hero1_name": "刘备", "hero2_id": "182", "hero2_name": "干将莫邪", "played": "6", "win_rate": "0.5000" },
    { "hero1_id": "149", "hero1_name": "刘邦", "hero2_id": "191", "hero2_name": "大乔", "played": "6", "win_rate": "0.5000" },
    { "hero1_id": "148", "hero1_name": "姜子牙", "hero2_id": "187", "hero2_name": "东皇太一", "played": "6", "win_rate": "1.0000" },
    { "hero1_id": "187", "hero1_name": "东皇太一", "hero2_id": "196", "hero2_name": "百里守约", "played": "6", "win_rate": "0.5000" },
    { "hero1_id": "113", "hero1_name": "庄周", "hero2_id": "502", "hero2_name": "裴擒虎", "played": "6", "win_rate": "0.6667" },
    { "hero1_id": "157", "hero1_name": "不知火舞", "hero2_id": "194", "hero2_name": "苏烈", "played": "6", "win_rate": "0.6667" },
    { "hero1_id": "134", "hero1_name": "达摩", "hero2_id": "190", "hero2_name": "诸葛亮", "played": "6", "win_rate": "0.5000" },
    { "hero1_id": "144", "hero1_name": "程咬金", "hero2_id": "178", "hero2_name": "杨戬", "played": "6", "win_rate": "0.6667" },
    { "hero1_id": "134", "hero1_name": "达摩", "hero2_id": "148", "hero2_name": "姜子牙", "played": "6", "win_rate": "0.0000" },
    { "hero1_id": "134", "hero1_name": "达摩", "hero2_id": "168", "hero2_name": "牛魔", "played": "6", "win_rate": "0.6667" },
    { "hero1_id": "156", "hero1_name": "张良", "hero2_id": "189", "hero2_name": "鬼谷子", "played": "6", "win_rate": "0.6667" },
    { "hero1_id": "157", "hero1_name": "不知火舞", "hero2_id": "198", "hero2_name": "梦奇", "played": "6", "win_rate": "0.1667" },
    { "hero1_id": "144", "hero1_name": "程咬金", "hero2_id": "196", "hero2_name": "百里守约", "played": "6", "win_rate": "0.3333" },
    { "hero1_id": "144", "hero1_name": "程咬金", "hero2_id": "157", "hero2_name": "不知火舞", "played": "6", "win_rate": "0.6667" },
    { "hero1_id": "140", "hero1_name": "关羽", "hero2_id": "157", "hero2_name": "不知火舞", "played": "6", "win_rate": "0.3333" },
    { "hero1_id": "113", "hero1_name": "庄周", "hero2_id": "186", "hero2_name": "太乙真人", "played": "5", "win_rate": "0.4000" },
    { "hero1_id": "136", "hero1_name": "武则天", "hero2_id": "196", "hero2_name": "百里守约", "played": "5", "win_rate": "0.6000" },
    { "hero1_id": "113", "hero1_name": "庄周", "hero2_id": "140", "hero2_name": "关羽", "played": "5", "win_rate": "0.8000" },
    { "hero1_id": "191", "hero1_name": "大乔", "hero2_id": "195", "hero2_name": "百里玄策", "played": "5", "win_rate": "0.6000" },
    { "hero1_id": "141", "hero1_name": "貂蝉", "hero2_id": "154", "hero2_name": "花木兰", "played": "5", "win_rate": "0.2000" },
    { "hero1_id": "123", "hero1_name": "吕布", "hero2_id": "182", "hero2_name": "干将莫邪", "played": "5", "win_rate": "0.2000" },
    { "hero1_id": "157", "hero1_name": "不知火舞", "hero2_id": "502", "hero2_name": "裴擒虎", "played": "5", "win_rate": "0.4000" },
    { "hero1_id": "113", "hero1_name": "庄周", "hero2_id": "154", "hero2_name": "花木兰", "played": "5", "win_rate": "0.6000" },
    { "hero1_id": "149", "hero1_name": "刘邦", "hero2_id": "168", "hero2_name": "牛魔", "played": "5", "win_rate": "0.4000" },
    { "hero1_id": "186", "hero1_name": "太乙真人", "hero2_id": "187", "hero2_name": "东皇太一", "played": "5", "win_rate": "0.4000" },
    { "hero1_id": "139", "hero1_name": "老夫子", "hero2_id": "157", "hero2_name": "不知火舞", "played": "5", "win_rate": "0.8000" },
    { "hero1_id": "118", "hero1_name": "孙膑", "hero2_id": "126", "hero2_name": "夏侯惇", "played": "5", "win_rate": "0.2000" },
    { "hero1_id": "168", "hero1_name": "牛魔", "hero2_id": "196", "hero2_name": "百里守约", "played": "5", "win_rate": "0.8000" },
    { "hero1_id": "157", "hero1_name": "不知火舞", "hero2_id": "186", "hero2_name": "太乙真人", "played": "5", "win_rate": "0.6000" },
    { "hero1_id": "113", "hero1_name": "庄周", "hero2_id": "178", "hero2_name": "杨戬", "played": "5", "win_rate": "0.8000" },
    { "hero1_id": "119", "hero1_name": "扁鹊", "hero2_id": "196", "hero2_name": "百里守约", "played": "5", "win_rate": "0.4000" },
    { "hero1_id": "140", "hero1_name": "关羽", "hero2_id": "144", "hero2_name": "程咬金", "played": "5", "win_rate": "1.0000" },
    { "hero1_id": "126", "hero1_name": "夏侯惇", "hero2_id": "134", "hero2_name": "达摩", "played": "5", "win_rate": "0.2000" },
    { "hero1_id": "135", "hero1_name": "项羽", "hero2_id": "176", "hero2_name": "杨玉环", "played": "5", "win_rate": "0.6000" },
    { "hero1_id": "186", "hero1_name": "太乙真人", "hero2_id": "191", "hero2_name": "大乔", "played": "5", "win_rate": "0.4000" },
    { "hero1_id": "129", "hero1_name": "典韦", "hero2_id": "132", "hero2_name": "马可波罗", "played": "5", "win_rate": "0.8000" },
    { "hero1_id": "141", "hero1_name": "貂蝉", "hero2_id": "194", "hero2_name": "苏烈", "played": "5", "win_rate": "0.2000" },
    { "hero1_id": "119", "hero1_name": "扁鹊", "hero2_id": "195", "hero2_name": "百里玄策", "played": "5", "win_rate": "0.0000" },
    { "hero1_id": "123", "hero1_name": "吕布", "hero2_id": "186", "hero2_name": "太乙真人", "played": "5", "win_rate": "0.0000" },
    { "hero1_id": "180", "hero1_name": "哪吒", "hero2_id": "502", "hero2_name": "裴擒虎", "played": "5", "win_rate": "0.4000" },
    { "hero1_id": "123", "hero1_name": "吕布", "hero2_id": "199", "hero2_name": "公孙离", "played": "5", "win_rate": "0.4000" },
    { "hero1_id": "170", "hero1_name": "刘备", "hero2_id": "171", "hero2_name": "张飞", "played": "4", "win_rate": "0.2500" },
    { "hero1_id": "141", "hero1_name": "貂蝉", "hero2_id": "502", "hero2_name": "裴擒虎", "played": "4", "win_rate": "0.2500" },
    { "hero1_id": "120", "hero1_name": "白起", "hero2_id": "196", "hero2_name": "百里守约", "played": "4", "win_rate": "1.0000" },
    { "hero1_id": "113", "hero1_name": "庄周", "hero2_id": "126", "hero2_name": "夏侯惇", "played": "4", "win_rate": "0.7500" },
    { "hero1_id": "134", "hero1_name": "达摩", "hero2_id": "178", "hero2_name": "杨戬", "played": "4", "win_rate": "0.2500" },
    { "hero1_id": "148", "hero1_name": "姜子牙", "hero2_id": "196", "hero2_name": "百里守约", "played": "4", "win_rate": "0.2500" },
    { "hero1_id": "118", "hero1_name": "孙膑", "hero2_id": "199", "hero2_name": "公孙离", "played": "4", "win_rate": "0.5000" },
    { "hero1_id": "124", "hero1_name": "周瑜", "hero2_id": "140", "hero2_name": "关羽", "played": "4", "win_rate": "0.5000" },
    { "hero1_id": "156", "hero1_name": "张良", "hero2_id": "194", "hero2_name": "苏烈", "played": "4", "win_rate": "0.7500" },
    { "hero1_id": "190", "hero1_name": "诸葛亮", "hero2_id": "196", "hero2_name": "百里守约", "played": "4", "win_rate": "0.2500" },
    { "hero1_id": "113", "hero1_name": "庄周", "hero2_id": "182", "hero2_name": "干将莫邪", "played": "4", "win_rate": "0.5000" },
    { "hero1_id": "119", "hero1_name": "扁鹊", "hero2_id": "198", "hero2_name": "梦奇", "played": "4", "win_rate": "0.2500" },
    { "hero1_id": "129", "hero1_name": "典韦", "hero2_id": "176", "hero2_name": "杨玉环", "played": "4", "win_rate": "1.0000" },
    { "hero1_id": "126", "hero1_name": "夏侯惇", "hero2_id": "180", "hero2_name": "哪吒", "played": "4", "win_rate": "0.2500" },
    { "hero1_id": "129", "hero1_name": "典韦", "hero2_id": "156", "hero2_name": "张良", "played": "4", "win_rate": "0.7500" },
    { "hero1_id": "162", "hero1_name": "娜可露露", "hero2_id": "198", "hero2_name": "梦奇", "played": "4", "win_rate": "0.2500" },
    { "hero1_id": "176", "hero1_name": "杨玉环", "hero2_id": "191", "hero2_name": "大乔", "played": "4", "win_rate": "1.0000" },
    { "hero1_id": "126", "hero1_name": "夏侯惇", "hero2_id": "129", "hero2_name": "典韦", "played": "4", "win_rate": "0.7500" },
    { "hero1_id": "149", "hero1_name": "刘邦", "hero2_id": "198", "hero2_name": "梦奇", "played": "4", "win_rate": "0.0000" },
    { "hero1_id": "106", "hero1_name": "小乔", "hero2_id": "199", "hero2_name": "公孙离", "played": "4", "win_rate": "0.2500" },
    { "hero1_id": "139", "hero1_name": "老夫子", "hero2_id": "170", "hero2_name": "刘备", "played": "4", "win_rate": "0.2500" },
    { "hero1_id": "148", "hero1_name": "姜子牙", "hero2_id": "157", "hero2_name": "不知火舞", "played": "4", "win_rate": "0.5000" },
    { "hero1_id": "124", "hero1_name": "周瑜", "hero2_id": "154", "hero2_name": "花木兰", "played": "4", "win_rate": "0.0000" },
    { "hero1_id": "118", "hero1_name": "孙膑", "hero2_id": "149", "hero2_name": "刘邦", "played": "4", "win_rate": "0.2500" },
    { "hero1_id": "141", "hero1_name": "貂蝉", "hero2_id": "178", "hero2_name": "杨戬", "played": "4", "win_rate": "0.5000" },
    { "hero1_id": "113", "hero1_name": "庄周", "hero2_id": "194", "hero2_name": "苏烈", "played": "4", "win_rate": "0.0000" },
    { "hero1_id": "118", "hero1_name": "孙膑", "hero2_id": "195", "hero2_name": "百里玄策", "played": "4", "win_rate": "0.5000" },
    { "hero1_id": "171", "hero1_name": "张飞", "hero2_id": "191", "hero2_name": "大乔", "played": "4", "win_rate": "0.5000" },
    { "hero1_id": "144", "hero1_name": "程咬金", "hero2_id": "149", "hero2_name": "刘邦", "played": "4", "win_rate": "0.2500" },
    { "hero1_id": "140", "hero1_name": "关羽", "hero2_id": "170", "hero2_name": "刘备", "played": "4", "win_rate": "0.5000" },
    { "hero1_id": "120", "hero1_name": "白起", "hero2_id": "191", "hero2_name": "大乔", "played": "4", "win_rate": "1.0000" }
]