[
    { "avg_assist": "4.97", "avg_ban_seq": "3.0", "avg_bekill": "2.16", "avg_kill": "1.61", "avg_pick_seq": "0.0", "ban_cnt": "95", "gpm": "518", "hero_id": "194", "hero_name": "苏烈", "kda": "4.26", "pick_cnt": "262", "played": "262", "win_rate": "0.4962" },
    { "avg_assist": "3.87", "avg_ban_seq": "4.9", "avg_bekill": "2.34", "avg_kill": "2.55", "avg_pick_seq": "0.0", "ban_cnt": "135", "gpm": "616", "hero_id": "154", "hero_name": "花木兰", "kda": "3.76", "pick_cnt": "253", "played": "253", "win_rate": "0.4941" },
    { "avg_assist": "5.86", "avg_ban_seq": "2.9", "avg_bekill": "2.76", "avg_kill": "0.59", "avg_pick_seq": "0.0", "ban_cnt": "191", "gpm": "439", "hero_id": "186", "hero_name": "太乙真人", "kda": "3.53", "pick_cnt": "240", "played": "240", "win_rate": "0.4667" },
    { "avg_assist": "5.95", "avg_ban_seq": "5.7", "avg_bekill": "2.00", "avg_kill": "0.83", "avg_pick_seq": "0.0", "ban_cnt": "128", "gpm": "447", "hero_id": "171", "hero_name": "张飞", "kda": "4.84", "pick_cnt": "235", "played": "235", "win_rate": "0.5489" },
    { "avg_assist": "4.53", "avg_ban_seq": "4.1", "avg_bekill": "2.49", "avg_kill": "1.70", "avg_pick_seq": "0.0", "ban_cnt": "173", "gpm": "581", "hero_id": "139", "hero_name": "老夫子", "kda": "3.62", "pick_cnt": "220", "played": "220", "win_rate": "0.5091" },
    { "avg_assist": "4.43", "avg_ban_seq": "2.7", "avg_bekill": "1.79", "avg_kill": "3.51", "avg_pick_seq": "0.0", "ban_cnt": "223", "gpm": "629", "hero_id": "502", "hero_name": "裴擒虎", "kda": "5.68", "pick_cnt": "210", "played": "210", "win_rate": "0.5619" },
    { "avg_assist": "3.90", "avg_ban_seq": "2.7", "avg_bekill": "2.07", "avg_kill": "2.38", "avg_pick_seq": "0.0", "ban_cnt": "236", "gpm": "592", "hero_id": "140", "hero_name": "关羽", "kda": "4.02", "pick_cnt": "203", "played": "203", "win_rate": "0.5172" },
    { "avg_assist": "4.60", "avg_ban_seq": "5.6", "avg_bekill": "1.75", "avg_kill": "2.92", "avg_pick_seq": "0.0", "ban_cnt": "97", "gpm": "626", "hero_id": "132", "hero_name": "马可波罗", "kda": "5.56", "pick_cnt": "196", "played": "196", "win_rate": "0.4898" },
    { "avg_assist": "3.66", "avg_ban_seq": "6.8", "avg_bekill": "2.32", "avg_kill": "2.48", "avg_pick_seq": "0.0", "ban_cnt": "71", "gpm": "574", "hero_id": "178", "hero_name": "杨戬", "kda": "3.69", "pick_cnt": "191", "played": "191", "win_rate": "0.5393" },
    { "avg_assist": "5.89", "avg_ban_seq": "5.4", "avg_bekill": "1.43", "avg_kill": "2.65", "avg_pick_seq": "0.0", "ban_cnt": "120", "gpm": "574", "hero_id": "176", "hero_name": "杨玉环", "kda": "6.64", "pick_cnt": "188", "played": "188", "win_rate": "0.5798" },
    { "avg_assist": "4.56", "avg_ban_seq": "5.4", "avg_bekill": "2.10", "avg_kill": "3.71", "avg_pick_seq": "0.0", "ban_cnt": "98", "gpm": "630", "hero_id": "199", "hero_name": "公孙离", "kda": "5.42", "pick_cnt": "174", "played": "174", "win_rate": "0.5230" },
    { "avg_assist": "4.75", "avg_ban_seq": "6.9", "avg_bekill": "2.55", "avg_kill": "1.08", "avg_pick_seq": "0.0", "ban_cnt": "48", "gpm": "487", "hero_id": "126", "hero_name": "夏侯惇", "kda": "3.61", "pick_cnt": "161", "played": "161", "win_rate": "0.4099" },
    { "avg_assist": "5.51", "avg_ban_seq": "6.4", "avg_bekill": "1.88", "avg_kill": "1.82", "avg_pick_seq": "0.0", "ban_cnt": "155", "gpm": "545", "hero_id": "120", "hero_name": "白起", "kda": "5.45", "pick_cnt": "146", "played": "146", "win_rate": "0.5342" },
    { "avg_assist": "5.21", "avg_ban_seq": "6.3", "avg_bekill": "1.95", "avg_kill": "3.28", "avg_pick_seq": "0.0", "ban_cnt": "83", "gpm": "597", "hero_id": "173", "hero_name": "李元芳", "kda": "5.50", "pick_cnt": "135", "played": "135", "win_rate": "0.5037" },
    { "avg_assist": "4.33", "avg_ban_seq": "6.0", "avg_bekill": "1.59", "avg_kill": "2.50", "avg_pick_seq": "0.0", "ban_cnt": "124", "gpm": "571", "hero_id": "182", "hero_name": "干将莫邪", "kda": "5.19", "pick_cnt": "134", "played": "134", "win_rate": "0.4104" },
    { "avg_assist": "5.01", "avg_ban_seq": "7.0", "avg_bekill": "1.11", "avg_kill": "2.53", "avg_pick_seq": "0.0", "ban_cnt": "65", "gpm": "618", "hero_id": "110", "hero_name": "嬴政", "kda": "6.21", "pick_cnt": "131", "played": "131", "win_rate": "0.5344" },
    { "avg_assist": "4.22", "avg_ban_seq": "2.5", "avg_bekill": "1.96", "avg_kill": "1.84", "avg_pick_seq": "0.0", "ban_cnt": "206", "gpm": "597", "hero_id": "198", "hero_name": "梦奇", "kda": "4.18", "pick_cnt": "131", "played": "131", "win_rate": "0.5267" },
    { "avg_assist": "6.18", "avg_ban_seq": "5.5", "avg_bekill": "3.65", "avg_kill": "1.47", "avg_pick_seq": "0.0", "ban_cnt": "153", "gpm": "404", "hero_id": "187", "hero_name": "东皇太一", "kda": "3.39", "pick_cnt": "124", "played": "124", "win_rate": "0.5323" },
    { "avg_assist": "4.29", "avg_ban_seq": "5.0", "avg_bekill": "2.29", "avg_kill": "3.45", "avg_pick_seq": "0.0", "ban_cnt": "79", "gpm": "623", "hero_id": "195", "hero_name": "百里玄策", "kda": "4.86", "pick_cnt": "119", "played": "119", "win_rate": "0.4454" },
    { "avg_assist": "4.69", "avg_ban_seq": "6.9", "avg_bekill": "1.99", "avg_kill": "1.63", "avg_pick_seq": "0.0", "ban_cnt": "65", "gpm": "576", "hero_id": "149", "hero_name": "刘邦", "kda": "4.21", "pick_cnt": "108", "played": "108", "win_rate": "0.4537" },
    { "avg_assist": "6.79", "avg_ban_seq": "7.0", "avg_bekill": "1.36", "avg_kill": "2.27", "avg_pick_seq": "0.0", "ban_cnt": "139", "gpm": "565", "hero_id": "136", "hero_name": "武则天", "kda": "7.08", "pick_cnt": "102", "played": "102", "win_rate": "0.4608" },
    { "avg_assist": "6.29", "avg_ban_seq": "2.6", "avg_bekill": "1.55", "avg_kill": "2.04", "avg_pick_seq": "0.0", "ban_cnt": "348", "gpm": "510", "hero_id": "148", "hero_name": "姜子牙", "kda": "6.16", "pick_cnt": "97", "played": "97", "win_rate": "0.5361" },
    { "avg_assist": "5.80", "avg_ban_seq": "8.2", "avg_bekill": "2.59", "avg_kill": "0.69", "avg_pick_seq": "0.0", "ban_cnt": "29", "gpm": "398", "hero_id": "168", "hero_name": "牛魔", "kda": "3.70", "pick_cnt": "95", "played": "95", "win_rate": "0.4421" },
    { "avg_assist": "3.74", "avg_ban_seq": "5.0", "avg_bekill": "2.38", "avg_kill": "1.41", "avg_pick_seq": "0.0", "ban_cnt": "105", "gpm": "604", "hero_id": "144", "hero_name": "程咬金", "kda": "3.36", "pick_cnt": "94", "played": "94", "win_rate": "0.5213" },
    { "avg_assist": "3.55", "avg_ban_seq": "6.5", "avg_bekill": "2.34", "avg_kill": "2.20", "avg_pick_seq": "0.0", "ban_cnt": "63", "gpm": "556", "hero_id": "134", "hero_name": "达摩", "kda": "3.66", "pick_cnt": "76", "played": "76", "win_rate": "0.4474" },
    { "avg_assist": "7.76", "avg_ban_seq": "6.8", "avg_bekill": "2.37", "avg_kill": "0.90", "avg_pick_seq": "0.0", "ban_cnt": "69", "gpm": "403", "hero_id": "189", "hero_name": "鬼谷子", "kda": "5.73", "pick_cnt": "71", "played": "71", "win_rate": "0.5493" },
    { "avg_assist": "4.97", "avg_ban_seq": "6.6", "avg_bekill": "2.08", "avg_kill": "2.45", "avg_pick_seq": "0.0", "ban_cnt": "50", "gpm": "555", "hero_id": "119", "hero_name": "扁鹊", "kda": "4.79", "pick_cnt": "65", "played": "65", "win_rate": "0.4000" },
    { "avg_assist": "3.92", "avg_ban_seq": "6.8", "avg_bekill": "1.62", "avg_kill": "3.08", "avg_pick_seq": "0.0", "ban_cnt": "38", "gpm": "577", "hero_id": "190", "hero_name": "诸葛亮", "kda": "5.10", "pick_cnt": "60", "played": "60", "win_rate": "0.4833" },
    { "avg_assist": "6.79", "avg_ban_seq": "6.6", "avg_bekill": "1.88", "avg_kill": "2.38", "avg_pick_seq": "0.0", "ban_cnt": "61", "gpm": "576", "hero_id": "156", "hero_name": "张良", "kda": "6.38", "pick_cnt": "58", "played": "58", "win_rate": "0.6207" },
    { "avg_assist": "4.07", "avg_ban_seq": "7.0", "avg_bekill": "1.96", "avg_kill": "2.52", "avg_pick_seq": "0.0", "ban_cnt": "50", "gpm": "566", "hero_id": "196", "hero_name": "百里守约", "kda": "4.36", "pick_cnt": "46", "played": "46", "win_rate": "0.4565" },
    { "avg_assist": "8.66", "avg_ban_seq": "5.6", "avg_bekill": "2.07", "avg_kill": "1.17", "avg_pick_seq": "0.0", "ban_cnt": "60", "gpm": "506", "hero_id": "191", "hero_name": "大乔", "kda": "5.97", "pick_cnt": "29", "played": "29", "win_rate": "0.5862" },
    { "avg_assist": "6.64", "avg_ban_seq": "7.8", "avg_bekill": "1.29", "avg_kill": "0.86", "avg_pick_seq": "0.0", "ban_cnt": "11", "gpm": "438", "hero_id": "118", "hero_name": "孙膑", "kda": "6.23", "pick_cnt": "28", "played": "28", "win_rate": "0.4286" },
    { "avg_assist": "6.77", "avg_ban_seq": "7.7", "avg_bekill": "1.27", "avg_kill": "0.59", "avg_pick_seq": "0.0", "ban_cnt": "11", "gpm": "474", "hero_id": "113", "hero_name": "庄周", "kda": "6.18", "pick_cnt": "22", "played": "22", "win_rate": "0.6364" },
    { "avg_assist": "4.55", "avg_ban_seq": "8.3", "avg_bekill": "3.25", "avg_kill": "2.55", "avg_pick_seq": "0.0", "ban_cnt": "8", "gpm": "473", "hero_id": "157", "hero_name": "不知火舞", "kda": "2.95", "pick_cnt": "20", "played": "20", "win_rate": "0.5000" },
    { "avg_assist": "3.70", "avg_ban_seq": "7.8", "avg_bekill": "1.90", "avg_kill": "2.60", "avg_pick_seq": "0.0", "ban_cnt": "13", "gpm": "569", "hero_id": "123", "hero_name": "吕布", "kda": "4.90", "pick_cnt": "20", "played": "20", "win_rate": "0.4000" },
    { "avg_assist": "4.85", "avg_ban_seq": "7.9", "avg_bekill": "2.08", "avg_kill": "2.15", "avg_pick_seq": "0.0", "ban_cnt": "9", "gpm": "541", "hero_id": "141", "hero_name": "貂蝉", "kda": "4.62", "pick_cnt": "13", "played": "13", "win_rate": "0.3077" },
    { "avg_assist": "3.54", "avg_ban_seq": "8.0", "avg_bekill": "3.23", "avg_kill": "3.00", "avg_pick_seq": "0.0", "ban_cnt": "9", "gpm": "558", "hero_id": "170", "hero_name": "刘备", "kda": "2.36", "pick_cnt": "13", "played": "13", "win_rate": "0.3846" },
    { "avg_assist": "4.00", "avg_ban_seq": "7.1", "avg_bekill": "2.00", "avg_kill": "2.33", "avg_pick_seq": "0.0", "ban_cnt": "11", "gpm": "593", "hero_id": "129", "hero_name": "典韦", "kda": "3.74", "pick_cnt": "12", "played": "12", "win_rate": "0.6667" },
    { "avg_assist": "4.30", "avg_ban_seq": "8.4", "avg_bekill": "2.70", "avg_kill": "1.40", "avg_pick_seq": "0.0", "ban_cnt": "2", "gpm": "522", "hero_id": "180", "hero_name": "哪吒", "kda": "2.45", "pick_cnt": "10", "played": "10", "win_rate": "0.3000" },
    { "avg_assist": "9.00", "avg_ban_seq": "7.9", "avg_bekill": "2.50", "avg_kill": "0.88", "avg_pick_seq": "0.0", "ban_cnt": "4", "gpm": "469", "hero_id": "135", "hero_name": "项羽", "kda": "4.52", "pick_cnt": "8", "played": "8", "win_rate": "0.6250" },
    { "avg_assist": "3.00", "avg_ban_seq": "8.9", "avg_bekill": "3.14", "avg_kill": "5.71", "avg_pick_seq": "0.0", "ban_cnt": "1", "gpm": "589", "hero_id": "162", "hero_name": "娜可露露", "kda": "2.70", "pick_cnt": "7", "played": "7", "win_rate": "0.1429" },
    { "avg_assist": "4.57", "avg_ban_seq": "8.6", "avg_bekill": "1.00", "avg_kill": "1.57", "avg_pick_seq": "0.0", "ban_cnt": "1", "gpm": "544", "hero_id": "124", "hero_name": "周瑜", "kda": "4.29", "pick_cnt": "7", "played": "7", "win_rate": "0.2857" },
    { "avg_assist": "2.33", "avg_ban_seq": "9.3", "avg_bekill": "1.67", "avg_kill": "1.67", "avg_pick_seq": "0.0", "ban_cnt": "1", "gpm": "548", "hero_id": "106", "hero_name": "小乔", "kda": "3.29", "pick_cnt": "6", "played": "6", "win_rate": "0.1667" },
    { "avg_assist": "3.67", "avg_ban_seq": "8.5", "avg_bekill": "4.00", "avg_kill": "2.00", "avg_pick_seq": "0.0", "ban_cnt": "0", "gpm": "559", "hero_id": "128", "hero_name": "曹操", "kda": "1.62", "pick_cnt": "6", "played": "6", "win_rate": "0.5000" },
    { "avg_assist": "3.50", "avg_ban_seq": "8.5", "avg_bekill": "4.50", "avg_kill": "2.00", "avg_pick_seq": "0.0", "ban_cnt": "0", "gpm": "494", "hero_id": "107", "hero_name": "赵云", "kda": "1.35", "pick_cnt": "4", "played": "4", "win_rate": "0.2500" },
    { "avg_assist": "3.25", "avg_ban_seq": "7.4", "avg_bekill": "1.75", "avg_kill": "0.25", "avg_pick_seq": "0.0", "ban_cnt": "3", "gpm": "412", "hero_id": "501", "hero_name": "明世隐", "kda": "2.42", "pick_cnt": "4", "played": "4", "win_rate": "0.0000" },
    { "avg_assist": "2.00", "avg_ban_seq": "9.3", "avg_bekill": "1.33", "avg_kill": "1.67", "avg_pick_seq": "0.0", "ban_cnt": "0", "gpm": "509", "hero_id": "108", "hero_name": "墨子", "kda": "3.33", "pick_cnt": "3", "played": "3", "win_rate": "0.3333" },
    { "avg_assist": "6.00", "avg_ban_seq": "8.8", "avg_bekill": "2.33", "avg_kill": "1.00", "avg_pick_seq": "0.0", "ban_cnt": "1", "gpm": "619", "hero_id": "146", "hero_name": "露娜", "kda": "4.56", "pick_cnt": "3", "played": "3", "win_rate": "0.3333" },
    { "avg_assist": "5.33", "avg_ban_seq": "6.2", "avg_bekill": "2.33", "avg_kill": "1.00", "avg_pick_seq": "0.0", "ban_cnt": "1", "gpm": "494", "hero_id": "174", "hero_name": "虞姬", "kda": "2.42", "pick_cnt": "3", "played": "3", "win_rate": "0.3333" },
    { "avg_assist": "6.00", "avg_ban_seq": "9.3", "avg_bekill": "5.50", "avg_kill": "0.50", "avg_pick_seq": "0.0", "ban_cnt": "1", "gpm": "553", "hero_id": "131", "hero_name": "李白", "kda": "1.09", "pick_cnt": "2", "played": "2", "win_rate": "0.0000" },
    { "avg_assist": "8.50", "avg_ban_seq": "9.0", "avg_bekill": "4.00", "avg_kill": "2.50", "avg_pick_seq": "0.0", "ban_cnt": "0", "gpm": "534", "hero_id": "115", "hero_name": "高渐离", "kda": "3.47", "pick_cnt": "2", "played": "2", "win_rate": "0.5000" },
    { "avg_assist": "9.50", "avg_ban_seq": "7.5", "avg_bekill": "2.00", "avg_kill": "2.00", "avg_pick_seq": "0.0", "ban_cnt": "2", "gpm": "636", "hero_id": "150", "hero_name": "韩信", "kda": "5.75", "pick_cnt": "2", "played": "2", "win_rate": "0.5000" },
    { "avg_assist": "2.50", "avg_ban_seq": "8.5", "avg_bekill": "5.00", "avg_kill": "1.50", "avg_pick_seq": "0.0", "ban_cnt": "0", "gpm": "490", "hero_id": "503", "hero_name": "狂铁", "kda": "0.75", "pick_cnt": "2", "played": "2", "win_rate": "0.0000" },
    { "avg_assist": "2.00", "avg_ban_seq": "9.0", "avg_bekill": "3.50", "avg_kill": "1.00", "avg_pick_seq": "0.0", "ban_cnt": "0", "gpm": "484", "hero_id": "193", "hero_name": "铠", "kda": "1.05", "pick_cnt": "2", "played": "2", "win_rate": "0.0000" },
    { "avg_assist": "9.00", "avg_ban_seq": "10.0", "avg_bekill": "2.00", "avg_kill": "3.00", "avg_pick_seq": "0.0", "ban_cnt": "0", "gpm": "607", "hero_id": "179", "hero_name": "女娲", "kda": "6.00", "pick_cnt": "1", "played": "1", "win_rate": "1.0000" },
    { "avg_assist": "9.00", "avg_ban_seq": "8.0", "avg_bekill": "0.00", "avg_kill": "2.00", "avg_pick_seq": "0.0", "ban_cnt": "0", "gpm": "567", "hero_id": "197", "hero_name": "弈星", "kda": "11.00", "pick_cnt": "1", "played": "1", "win_rate": "1.0000" },
    { "avg_assist": "6.00", "avg_ban_seq": "10.0", "avg_bekill": "2.00", "avg_kill": "2.00", "avg_pick_seq": "0.0", "ban_cnt": "0", "gpm": "565", "hero_id": "166", "hero_name": "亚瑟", "kda": "4.00", "pick_cnt": "1", "played": "1", "win_rate": "0.0000" },
    { "avg_assist": "1.00", "avg_ban_seq": "8.0", "avg_bekill": "2.00", "avg_kill": "0.00", "avg_pick_seq": "0.0", "ban_cnt": "0", "gpm": "339", "hero_id": "184", "hero_name": "蔡文姬", "kda": "0.50", "pick_cnt": "1", "played": "1", "win_rate": "0.0000" },
    { "avg_assist": "0.00", "avg_ban_seq": "7.0", "avg_bekill": "3.00", "avg_kill": "2.00", "avg_pick_seq": "0.0", "ban_cnt": "0", "gpm": "561", "hero_id": "111", "hero_name": "孙尚香", "kda": "0.67", "pick_cnt": "1", "played": "1", "win_rate": "0.0000" },
    { "avg_assist": "1.00", "avg_ban_seq": "8.0", "avg_bekill": "2.00", "avg_kill": "1.00", "avg_pick_seq": "0.0", "ban_cnt": "0", "gpm": "566", "hero_id": "112", "hero_name": "鲁班七号", "kda": "1.00", "pick_cnt": "1", "played": "1", "win_rate": "0.0000" },
    { "avg_assist": "2.00", "avg_ban_seq": "8.0", "avg_bekill": "4.00", "avg_kill": "1.00", "avg_pick_seq": "0.0", "ban_cnt": "1", "gpm": "547", "hero_id": "130", "hero_name": "宫本武藏", "kda": "0.75", "pick_cnt": "1", "played": "1", "win_rate": "0.0000" },
    { "avg_assist": "0.00", "avg_ban_seq": "5.0", "avg_bekill": "0.00", "avg_kill": "0.00", "avg_pick_seq": "0.0", "ban_cnt": "1", "gpm": "0", "hero_id": "163", "hero_name": "橘右京", "kda": "0.00", "pick_cnt": "0", "played": "0", "win_rate": "0.0000" }
]