[
    { "avg_assist": "4.93", "avg_bekill": "1.22", "avg_kill": "3.76", "gpm": "652", "kda": "7.28", "name": "EDGM.初晨", "openid": "65907C634614595853DF76D9708F0E04", "played": "88", "rating": "5.60", "total_kill": "331", "win_rate": "0.6136", "xpm": "943" },
    { "avg_assist": "6.23", "avg_bekill": "1.47", "avg_kill": "2.43", "gpm": "569", "kda": "6.45", "name": "EDGM.浪浪", "openid": "B58E5BEB1CAC18ADF1300F9877348CA4", "played": "88", "rating": "5.60", "total_kill": "214", "win_rate": "0.6136", "xpm": "889" },
    { "avg_assist": "4.82", "avg_bekill": "1.95", "avg_kill": "2.58", "gpm": "574", "kda": "4.84", "name": "YTG丶橙汁", "openid": "92BAD4D1F8FF42AC86E91BA64A2BECCE", "played": "84", "rating": "5.60", "total_kill": "217", "win_rate": "0.3810", "xpm": "790" },
    { "avg_assist": "6.17", "avg_bekill": "3.39", "avg_kill": "0.73", "gpm": "420", "kda": "2.98", "name": "YTG丶落幕", "openid": "9EABDFC2F259BCDBADECD4D3AFBAAB65", "played": "84", "rating": "5.60", "total_kill": "61", "win_rate": "0.3810", "xpm": "724" },
    { "avg_assist": "4.54", "avg_bekill": "2.47", "avg_kill": "2.75", "gpm": "592", "kda": "4.27", "name": "YTG丶夏天", "openid": "7F7B2244B823795821247DD45B7572FD", "played": "83", "rating": "5.60", "total_kill": "228", "win_rate": "0.3855", "xpm": "810" },
    { "avg_assist": "4.01", "avg_bekill": "2.17", "avg_kill": "2.10", "gpm": "603", "kda": "3.89", "name": "Hero.兮兮", "openid": "68346659D82EE54099EA1A1FAD4F6B9A", "played": "82", "rating": "5.60", "total_kill": "172", "win_rate": "0.5976", "xpm": "815" },
    { "avg_assist": "4.00", "avg_bekill": "1.80", "avg_kill": "2.23", "gpm": "609", "kda": "4.77", "name": "Hero.柠栀", "openid": "A7AAD11E26643813D72EFEBD3B0EBD28", "played": "82", "rating": "5.60", "total_kill": "183", "win_rate": "0.5976", "xpm": "818" },
    { "avg_assist": "5.46", "avg_bekill": "1.59", "avg_kill": "2.65", "gpm": "600", "kda": "5.97", "name": "Hero.久诚", "openid": "919D5E5E2A9039A5E7393859C9B4E012", "played": "82", "rating": "5.60", "total_kill": "217", "win_rate": "0.5976", "xpm": "820" },
    { "avg_assist": "3.89", "avg_bekill": "2.67", "avg_kill": "2.25", "gpm": "545", "kda": "3.68", "name": "YTG丶小壳", "openid": "DC038568C171B98D6EC9EE60B2F0F657", "played": "81", "rating": "5.60", "total_kill": "182", "win_rate": "0.3827", "xpm": "787" },
    { "avg_assist": "3.67", "avg_bekill": "1.95", "avg_kill": "2.47", "gpm": "595", "kda": "4.06", "name": "GK.迷神", "openid": "5023AD9F6841811669BD74413DDD8A60", "played": "81", "rating": "5.60", "total_kill": "200", "win_rate": "0.4321", "xpm": "798" },
    { "avg_assist": "5.94", "avg_bekill": "2.54", "avg_kill": "0.72", "gpm": "414", "kda": "4.29", "name": "GK.胖墩", "openid": "D524EC63CD87275ED44EFB2C898E0360", "played": "81", "rating": "5.60", "total_kill": "58", "win_rate": "0.4321", "xpm": "725" },
    { "avg_assist": "4.68", "avg_bekill": "1.95", "avg_kill": "1.78", "gpm": "584", "kda": "4.46", "name": "EDGM.无痕", "openid": "48042210647B57C4BC3D6867F1934705", "played": "81", "rating": "5.60", "total_kill": "144", "win_rate": "0.6543", "xpm": "892" },
    { "avg_assist": "5.24", "avg_bekill": "1.65", "avg_kill": "2.29", "gpm": "553", "kda": "5.50", "name": "GK.青枫", "openid": "5E31B5644BB92B93CAE202FDBF8CCD5B", "played": "80", "rating": "5.60", "total_kill": "183", "win_rate": "0.4250", "xpm": "789" },
    { "avg_assist": "4.79", "avg_bekill": "1.91", "avg_kill": "2.59", "gpm": "616", "kda": "4.80", "name": "EDGM.阿澈", "openid": "BDA5D3D8B600DC8ACD800F77FFE41BE0", "played": "80", "rating": "5.60", "total_kill": "207", "win_rate": "0.6500", "xpm": "900" },
    { "avg_assist": "5.76", "avg_bekill": "3.43", "avg_kill": "0.87", "gpm": "405", "kda": "3.08", "name": "Hero.最初", "openid": "75A0E028EC2BF9D41710669411CD19F8", "played": "79", "rating": "5.60", "total_kill": "69", "win_rate": "0.5949", "xpm": "739" },
    { "avg_assist": "7.19", "avg_bekill": "2.04", "avg_kill": "0.92", "gpm": "427", "kda": "5.54", "name": "EDGM.koko", "openid": "91C65C11C1BA16F63A59C4E571394E18", "played": "79", "rating": "5.60", "total_kill": "73", "win_rate": "0.6582", "xpm": "817" },
    { "avg_assist": "4.81", "avg_bekill": "2.22", "avg_kill": "2.90", "gpm": "589", "kda": "4.62", "name": "Hero.尘夏", "openid": "DBB1AA4588256E9DF8DEA01D8286A0CE", "played": "77", "rating": "5.60", "total_kill": "223", "win_rate": "0.5974", "xpm": "830" },
    { "avg_assist": "4.40", "avg_bekill": "1.93", "avg_kill": "1.80", "gpm": "558", "kda": "4.00", "name": "XQ丶Knight", "openid": "F1879E53B94BDF4D6FBD03A70DA53E53", "played": "75", "rating": "5.60", "total_kill": "135", "win_rate": "0.4533", "xpm": "814" },
    { "avg_assist": "6.41", "avg_bekill": "2.39", "avg_kill": "0.76", "gpm": "411", "kda": "4.41", "name": "XQ丶随风", "openid": "01EA6EBFA6DA9AC7B8F43892C670038A", "played": "75", "rating": "5.60", "total_kill": "57", "win_rate": "0.4533", "xpm": "750" },
    { "avg_assist": "4.51", "avg_bekill": "2.29", "avg_kill": "3.23", "gpm": "636", "kda": "4.83", "name": "XQ丶AT", "openid": "A552A28278B83C89BC2AB49D287CCF74", "played": "75", "rating": "5.60", "total_kill": "242", "win_rate": "0.4533", "xpm": "868" },
    { "avg_assist": "3.27", "avg_bekill": "2.41", "avg_kill": "2.50", "gpm": "596", "kda": "3.30", "name": "DVG.Evildoer", "openid": "372D6C9C98009EDA40C3965ED57B369E", "played": "74", "rating": "5.60", "total_kill": "185", "win_rate": "0.3784", "xpm": "811" },
    { "avg_assist": "5.43", "avg_bekill": "2.49", "avg_kill": "0.78", "gpm": "419", "kda": "3.47", "name": "Jc丶老王", "openid": "1C794E7920EBA8B92C81BC5FA9E4C864", "played": "74", "rating": "5.60", "total_kill": "58", "win_rate": "0.3919", "xpm": "707" },
    { "avg_assist": "2.95", "avg_bekill": "2.18", "avg_kill": "2.35", "gpm": "578", "kda": "3.13", "name": "Jc丶倾城", "openid": "C9370DD54FF93F6FC7FFB078FDC7CD17", "played": "74", "rating": "5.60", "total_kill": "174", "win_rate": "0.3919", "xpm": "771" },
    { "avg_assist": "6.18", "avg_bekill": "1.59", "avg_kill": "2.32", "gpm": "573", "kda": "6.22", "name": "QGhappy.Cat", "openid": "A25A35A18EE5DC93117789871D929E83", "played": "73", "rating": "5.60", "total_kill": "169", "win_rate": "0.6027", "xpm": "867" },
    { "avg_assist": "5.89", "avg_bekill": "1.81", "avg_kill": "2.78", "gpm": "570", "kda": "6.10", "name": "eStarPro.伪装", "openid": "1C7EBF05DC5EA980A259A34290DE7430", "played": "73", "rating": "5.60", "total_kill": "203", "win_rate": "0.6164", "xpm": "827" },
    { "avg_assist": "4.62", "avg_bekill": "1.73", "avg_kill": "1.97", "gpm": "590", "kda": "4.95", "name": "QGhappy.Fly", "openid": "81AEA3A32BA205D61F400FA612808490", "played": "73", "rating": "5.60", "total_kill": "144", "win_rate": "0.6027", "xpm": "870" },
    { "avg_assist": "4.97", "avg_bekill": "1.59", "avg_kill": "3.99", "gpm": "629", "kda": "7.27", "name": "QGhappy.Hurt", "openid": "B8982198AC67B048D317C07DE73F4962", "played": "73", "rating": "5.60", "total_kill": "291", "win_rate": "0.6027", "xpm": "901" },
    { "avg_assist": "5.03", "avg_bekill": "1.86", "avg_kill": "2.11", "gpm": "585", "kda": "5.23", "name": "eStarPro.橘子", "openid": "0821DA9D795FCD36B7EDA6E78EAAC2B0", "played": "73", "rating": "5.60", "total_kill": "154", "win_rate": "0.6164", "xpm": "811" },
    { "avg_assist": "4.06", "avg_bekill": "2.00", "avg_kill": "2.51", "gpm": "605", "kda": "4.66", "name": "XQ丶7Kill", "openid": "7FE605FBDCC926A0693240C7F397E6EA", "played": "72", "rating": "5.60", "total_kill": "181", "win_rate": "0.4722", "xpm": "826" },
    { "avg_assist": "4.73", "avg_bekill": "2.54", "avg_kill": "2.52", "gpm": "601", "kda": "3.85", "name": "eStarPro.诺言", "openid": "CFD5FB9589587760CD3C44425C336E21", "played": "71", "rating": "5.60", "total_kill": "179", "win_rate": "0.6197", "xpm": "819" },
    { "avg_assist": "4.76", "avg_bekill": "1.80", "avg_kill": "4.03", "gpm": "659", "kda": "6.02", "name": "RNGM.虔诚", "openid": "F1BCCA006C3701F765FD5D8AE9DC349F", "played": "71", "rating": "5.60", "total_kill": "286", "win_rate": "0.6338", "xpm": "856" },
    { "avg_assist": "5.20", "avg_bekill": "2.10", "avg_kill": "2.06", "gpm": "589", "kda": "4.61", "name": "RNGM.凉晨", "openid": "5BD6D8E9DEB9362CC60A568244A18625", "played": "71", "rating": "5.60", "total_kill": "146", "win_rate": "0.6338", "xpm": "819" },
    { "avg_assist": "6.63", "avg_bekill": "0.90", "avg_kill": "2.90", "gpm": "611", "kda": "8.32", "name": "RNGM.暴风锐", "openid": "C33F4D32C03321DF09F884E61C01394E", "played": "71", "rating": "5.60", "total_kill": "206", "win_rate": "0.6338", "xpm": "835" },
    { "avg_assist": "4.44", "avg_bekill": "2.25", "avg_kill": "3.20", "gpm": "591", "kda": "4.62", "name": "GK.黄大仙", "openid": "AAF56DF8B57DDF439561DE5FA824035C", "played": "71", "rating": "5.60", "total_kill": "227", "win_rate": "0.4648", "xpm": "821" },
    { "avg_assist": "3.89", "avg_bekill": "2.01", "avg_kill": "2.77", "gpm": "603", "kda": "4.57", "name": "Jc丶纵情", "openid": "253E4A1FC4BABC9E6563A23D93070F4C", "played": "71", "rating": "5.60", "total_kill": "197", "win_rate": "0.3944", "xpm": "811" },
    { "avg_assist": "4.67", "avg_bekill": "1.46", "avg_kill": "2.10", "gpm": "536", "kda": "4.99", "name": "DVG.兰博", "openid": "0F2A0F2AA49BB736011577700791E3BA", "played": "69", "rating": "5.60", "total_kill": "145", "win_rate": "0.4058", "xpm": "787" },
    { "avg_assist": "3.16", "avg_bekill": "2.62", "avg_kill": "1.76", "gpm": "570", "kda": "2.26", "name": "AG超玩会.Vv", "openid": "30936661D0227A5A83DC27246BAE9AD6", "played": "68", "rating": "5.60", "total_kill": "120", "win_rate": "0.2206", "xpm": "802" },
    { "avg_assist": "4.36", "avg_bekill": "1.53", "avg_kill": "2.26", "gpm": "591", "kda": "4.91", "name": "BA黑凤梨.小剑", "openid": "AE1143A24050713B348441573E740EC8", "played": "66", "rating": "5.60", "total_kill": "149", "win_rate": "0.6970", "xpm": "859" },
    { "avg_assist": "5.95", "avg_bekill": "1.71", "avg_kill": "1.77", "gpm": "575", "kda": "5.72", "name": "BA黑凤梨.六点六", "openid": "38A1A5401569451A53BCA340154E5B3B", "played": "66", "rating": "5.60", "total_kill": "117", "win_rate": "0.6970", "xpm": "852" },
    { "avg_assist": "4.61", "avg_bekill": "2.33", "avg_kill": "1.35", "gpm": "547", "kda": "3.67", "name": "Jc丶怼怼", "openid": "09059D196CF06A3C755C2E0393E899B6", "played": "66", "rating": "5.60", "total_kill": "89", "win_rate": "0.3939", "xpm": "762" },
    { "avg_assist": "5.23", "avg_bekill": "1.44", "avg_kill": "4.29", "gpm": "651", "kda": "7.14", "name": "BA黑凤梨.小兽", "openid": "F3E08E1AC058EC52B27CFD04D7FD24A1", "played": "66", "rating": "5.60", "total_kill": "283", "win_rate": "0.6970", "xpm": "893" },
    { "avg_assist": "7.72", "avg_bekill": "1.88", "avg_kill": "0.80", "gpm": "454", "kda": "5.96", "name": "BA黑凤梨.770", "openid": "646CAD1B629DD3DE2569986E43CA132E", "played": "65", "rating": "5.60", "total_kill": "52", "win_rate": "0.7077", "xpm": "804" },
    { "avg_assist": "6.18", "avg_bekill": "1.26", "avg_kill": "2.62", "gpm": "587", "kda": "7.60", "name": "BA黑凤梨.居居", "openid": "9EF5FFA1B24C530E143325B3058D16C1", "played": "65", "rating": "5.60", "total_kill": "170", "win_rate": "0.7077", "xpm": "854" },
    { "avg_assist": "6.14", "avg_bekill": "2.31", "avg_kill": "0.88", "gpm": "431", "kda": "4.84", "name": "QGhappy.YANG", "openid": "CC431042192DC2081E567A27B8FB5890", "played": "64", "rating": "5.60", "total_kill": "56", "win_rate": "0.5781", "xpm": "785" },
    { "avg_assist": "4.11", "avg_bekill": "3.60", "avg_kill": "1.87", "gpm": "569", "kda": "2.82", "name": "YTG丶路西法", "openid": "B0CDF2F5F1199932608F6B65DC23DE54", "played": "62", "rating": "5.60", "total_kill": "116", "win_rate": "0.4355", "xpm": "798" },
    { "avg_assist": "4.87", "avg_bekill": "2.18", "avg_kill": "1.97", "gpm": "557", "kda": "4.60", "name": "RNGM.阿杰", "openid": "BBB9B79E349F28B481CB9C9D2583CE91", "played": "62", "rating": "5.60", "total_kill": "122", "win_rate": "0.6774", "xpm": "808" },
    { "avg_assist": "3.51", "avg_bekill": "2.05", "avg_kill": "1.59", "gpm": "584", "kda": "3.18", "name": "DVG.笑煮", "openid": "BF9DFCA9A5F4DECD44E62AF037E1E527", "played": "61", "rating": "5.60", "total_kill": "97", "win_rate": "0.3607", "xpm": "794" },
    { "avg_assist": "3.58", "avg_bekill": "2.73", "avg_kill": "2.69", "gpm": "607", "kda": "3.19", "name": "AG超玩会.梦泪", "openid": "43062C3D029AD48A789256BE11349345", "played": "59", "rating": "5.60", "total_kill": "159", "win_rate": "0.2373", "xpm": "829" },
    { "avg_assist": "4.74", "avg_bekill": "2.16", "avg_kill": "1.60", "gpm": "560", "kda": "4.24", "name": "GK.老帅", "openid": "B3291E44A69302A28C6D9343BDE8181A", "played": "58", "rating": "5.60", "total_kill": "93", "win_rate": "0.3793", "xpm": "776" },
    { "avg_assist": "4.18", "avg_bekill": "2.51", "avg_kill": "2.49", "gpm": "582", "kda": "3.68", "name": "DVG.几迟", "openid": "0F6759BF34B0FD288069B7C4E3AA7966", "played": "57", "rating": "5.60", "total_kill": "142", "win_rate": "0.3333", "xpm": "814" },
    { "avg_assist": "6.24", "avg_bekill": "2.91", "avg_kill": "0.71", "gpm": "400", "kda": "3.70", "name": "RNGM.一笑", "openid": "994A5DE11D0CE4FA9E698DECE3DC22D2", "played": "55", "rating": "5.60", "total_kill": "39", "win_rate": "0.6727", "xpm": "750" },
    { "avg_assist": "7.16", "avg_bekill": "2.29", "avg_kill": "0.93", "gpm": "428", "kda": "5.17", "name": "eStar.TiGer", "openid": "44519BEABF41B3C9C5BAB0AC33E3F6B7", "played": "55", "rating": "5.60", "total_kill": "51", "win_rate": "0.6727", "xpm": "751" },
    { "avg_assist": "5.35", "avg_bekill": "3.62", "avg_kill": "0.71", "gpm": "423", "kda": "2.36", "name": "DVG.Tattoo", "openid": "83B60300EB3FC2C163EA3A29611C139C", "played": "52", "rating": "5.60", "total_kill": "37", "win_rate": "0.3846", "xpm": "727" },
    { "avg_assist": "5.63", "avg_bekill": "1.76", "avg_kill": "2.37", "gpm": "550", "kda": "5.99", "name": "XQ丶放纵", "openid": "1C57C0E4D7C8E2731335B8CAF5B6890F", "played": "49", "rating": "5.60", "total_kill": "116", "win_rate": "0.4490", "xpm": "812" },
    { "avg_assist": "5.17", "avg_bekill": "1.70", "avg_kill": "3.76", "gpm": "597", "kda": "6.35", "name": "eStar.星辰", "openid": "32DA367C8FB2A46F7E532BCF690AA352", "played": "46", "rating": "5.60", "total_kill": "173", "win_rate": "0.5652", "xpm": "837" },
    { "avg_assist": "4.56", "avg_bekill": "1.93", "avg_kill": "1.80", "gpm": "577", "kda": "4.63", "name": "QGhappy.Alan", "openid": "E5D1C89DE8A875B1187141E8BF55764B", "played": "45", "rating": "5.60", "total_kill": "81", "win_rate": "0.5111", "xpm": "862" },
    { "avg_assist": "4.84", "avg_bekill": "1.68", "avg_kill": "1.93", "gpm": "543", "kda": "4.69", "name": "AG超玩会.染安", "openid": "F98F4B4CA263C53471F43D5A2C50A48F", "played": "44", "rating": "5.60", "total_kill": "85", "win_rate": "0.1818", "xpm": "775" },
    { "avg_assist": "4.65", "avg_bekill": "1.05", "avg_kill": "2.07", "gpm": "553", "kda": "5.59", "name": "Jc丶青浪", "openid": "6EF57E102F9A23CC825DDC1ED5D55F3B", "played": "43", "rating": "5.60", "total_kill": "89", "win_rate": "0.3488", "xpm": "773" },
    { "avg_assist": "3.75", "avg_bekill": "2.40", "avg_kill": "1.23", "gpm": "487", "kda": "3.12", "name": "AG超玩会.屿秋", "openid": "6F61420EE48340F676FBC782FA5B1C5F", "played": "40", "rating": "5.60", "total_kill": "49", "win_rate": "0.1750", "xpm": "750" },
    { "avg_assist": "5.89", "avg_bekill": "2.92", "avg_kill": "0.82", "gpm": "417", "kda": "3.75", "name": "AG超玩会.兰息", "openid": "81E664DB03C0BABE43713DF96CC8E490", "played": "38", "rating": "5.60", "total_kill": "31", "win_rate": "0.2105", "xpm": "704" },
    { "avg_assist": "5.45", "avg_bekill": "1.61", "avg_kill": "2.32", "gpm": "564", "kda": "5.84", "name": "JC丶初拥", "openid": "FD603420270748C50D2E046F9F976549", "played": "31", "rating": "5.60", "total_kill": "72", "win_rate": "0.4516", "xpm": "766" },
    { "avg_assist": "3.23", "avg_bekill": "2.37", "avg_kill": "1.50", "gpm": "592", "kda": "3.02", "name": "DVG.七罪", "openid": "C8E16253F577E213B1FB389FF96E2402", "played": "30", "rating": "5.60", "total_kill": "45", "win_rate": "0.5000", "xpm": "836" },
    { "avg_assist": "3.03", "avg_bekill": "2.00", "avg_kill": "2.38", "gpm": "528", "kda": "3.41", "name": "AG超玩会.小飞", "openid": "B96CFF6A2F97AC052EF0AED4BC7355A7", "played": "29", "rating": "5.60", "total_kill": "69", "win_rate": "0.2414", "xpm": "824" },
    { "avg_assist": "5.68", "avg_bekill": "1.50", "avg_kill": "2.68", "gpm": "620", "kda": "6.24", "name": "QGhappy.Song", "openid": "72AC547EDBDD6A0E0D6FE07DBB816D59", "played": "28", "rating": "5.60", "total_kill": "75", "win_rate": "0.7500", "xpm": "883" },
    { "avg_assist": "5.30", "avg_bekill": "2.15", "avg_kill": "3.26", "gpm": "637", "kda": "5.16", "name": "eStarPro.酷酷", "openid": "139912C9D006D280322C3F5115E72581", "played": "27", "rating": "5.60", "total_kill": "88", "win_rate": "0.7037", "xpm": "911" },
    { "avg_assist": "4.23", "avg_bekill": "2.54", "avg_kill": "0.65", "gpm": "414", "kda": "2.49", "name": "AG超玩会.月痕", "openid": "128CE25D8E57F245975656BC5218F16A", "played": "26", "rating": "5.60", "total_kill": "17", "win_rate": "0.2692", "xpm": "726" },
    { "avg_assist": "5.69", "avg_bekill": "1.62", "avg_kill": "2.92", "gpm": "544", "kda": "6.18", "name": "XQ丶情浪", "openid": "377C1E9811441F58A97515258E041572", "played": "26", "rating": "5.60", "total_kill": "76", "win_rate": "0.4615", "xpm": "825" },
    { "avg_assist": "2.85", "avg_bekill": "3.15", "avg_kill": "1.62", "gpm": "515", "kda": "2.06", "name": "YTG丶小智", "openid": "F6F7F6E86FF0DF5B9B880A65672E2EC5", "played": "26", "rating": "5.60", "total_kill": "42", "win_rate": "0.2308", "xpm": "765" },
    { "avg_assist": "4.32", "avg_bekill": "2.40", "avg_kill": "1.00", "gpm": "542", "kda": "3.43", "name": "AG超玩会.晴天", "openid": "01383CA89C3564E5FB06213933D90A4B", "played": "25", "rating": "5.60", "total_kill": "25", "win_rate": "0.3200", "xpm": "805" },
    { "avg_assist": "5.71", "avg_bekill": "2.24", "avg_kill": "1.29", "gpm": "548", "kda": "3.90", "name": "GK.梦客", "openid": "8760EAB0DEA16584E45793BD4E4D601C", "played": "21", "rating": "5.60", "total_kill": "27", "win_rate": "0.6190", "xpm": "830" },
    { "avg_assist": "5.11", "avg_bekill": "3.16", "avg_kill": "1.05", "gpm": "390", "kda": "3.04", "name": "DVG.Monkey", "openid": "1E9FF5EBFEE6447134269B4CC282A9A8", "played": "19", "rating": "5.60", "total_kill": "20", "win_rate": "0.4211", "xpm": "739" },
    { "avg_assist": "6.00", "avg_bekill": "2.44", "avg_kill": "0.94", "gpm": "414", "kda": "3.84", "name": "eStar.火火火", "openid": "FC77CF248F34D310BB413002A620A5F1", "played": "18", "rating": "5.60", "total_kill": "17", "win_rate": "0.4444", "xpm": "749" },
    { "avg_assist": "2.87", "avg_bekill": "2.27", "avg_kill": "1.20", "gpm": "512", "kda": "2.32", "name": "EDGM.阿楚", "openid": "B24AE898D77397EFB00E1CA9BC8C9E61", "played": "15", "rating": "5.60", "total_kill": "18", "win_rate": "0.2000", "xpm": "808" },
    { "avg_assist": "3.15", "avg_bekill": "1.23", "avg_kill": "2.08", "gpm": "587", "kda": "4.26", "name": "GK.峰峰", "openid": "4F4A1730423FA5FBF7F5BF4AD5029153", "played": "13", "rating": "5.60", "total_kill": "27", "win_rate": "0.2308", "xpm": "879" },
    { "avg_assist": "3.82", "avg_bekill": "3.09", "avg_kill": "2.27", "gpm": "564", "kda": "2.12", "name": "JC丶66", "openid": "104A87D59DEDFACC4EC7DABD5529FF73", "played": "11", "rating": "5.60", "total_kill": "25", "win_rate": "0.3636", "xpm": "746" },
    { "avg_assist": "4.91", "avg_bekill": "2.55", "avg_kill": "1.09", "gpm": "405", "kda": "3.67", "name": "RNGM.Summer", "openid": "1401F3A9B627220039141B6588C8DFE1", "played": "11", "rating": "5.60", "total_kill": "12", "win_rate": "0.5455", "xpm": "754" },
    { "avg_assist": "2.56", "avg_bekill": "2.22", "avg_kill": "0.89", "gpm": "412", "kda": "1.79", "name": "EDGM.PJJ", "openid": "C01ECCCEA8C5A9BFFC3A3347F143CCF8", "played": "9", "rating": "5.60", "total_kill": "8", "win_rate": "0.2222", "xpm": "742" },
    { "avg_assist": "10.56", "avg_bekill": "0.78", "avg_kill": "1.56", "gpm": "479", "kda": "10.81", "name": "QGhappy.Snow", "openid": "9C0EBC8C5FDAB2B947FE66D477F1F683", "played": "9", "rating": "5.60", "total_kill": "14", "win_rate": "0.7778", "xpm": "902" },
    { "avg_assist": "4.00", "avg_bekill": "2.22", "avg_kill": "1.22", "gpm": "555", "kda": "3.52", "name": "RNGM.Zero", "openid": "558B8536033B16FEC1FF02F3E02FC1D1", "played": "9", "rating": "5.60", "total_kill": "11", "win_rate": "0.3333", "xpm": "847" },
    { "avg_assist": "3.75", "avg_bekill": "2.12", "avg_kill": "1.12", "gpm": "537", "kda": "2.99", "name": "AG超玩会.流苏", "openid": "3FFE05BEA4AD9D60F6FADB671B7C805F", "played": "8", "rating": "5.60", "total_kill": "9", "win_rate": "0.1250", "xpm": "791" },
    { "avg_assist": "7.40", "avg_bekill": "3.00", "avg_kill": "0.60", "gpm": "384", "kda": "5.23", "name": "RNGM.伊恩", "openid": "1ADE7C65DFA7373C8DEC4B7477E636A1", "played": "5", "rating": "5.60", "total_kill": "3", "win_rate": "0.4000", "xpm": "754" },
    { "avg_assist": "4.80", "avg_bekill": "2.80", "avg_kill": "2.60", "gpm": "634", "kda": "2.98", "name": "Hero.轻雨", "openid": "5FF0416C4E631BD443397D6E4D6B6F0C", "played": "5", "rating": "5.60", "total_kill": "13", "win_rate": "0.6000", "xpm": "904" },
    { "avg_assist": "2.60", "avg_bekill": "2.40", "avg_kill": "1.40", "gpm": "506", "kda": "1.75", "name": "DVG.天明", "openid": "058506C735A0DBD8A03F11380393C811", "played": "5", "rating": "5.60", "total_kill": "7", "win_rate": "0.0000", "xpm": "808" },
    { "avg_assist": "5.50", "avg_bekill": "3.00", "avg_kill": "1.00", "gpm": "426", "kda": "3.56", "name": "BA黑凤梨.初冬", "openid": "52DF02A577817ED601EF3229118935FA", "played": "4", "rating": "5.60", "total_kill": "4", "win_rate": "0.0000", "xpm": "734" },
    { "avg_assist": "4.50", "avg_bekill": "1.50", "avg_kill": "0.75", "gpm": "514", "kda": "3.12", "name": "BA黑凤梨.果果", "openid": "F451A96D3F578DE58D2B997A02DCAF34", "played": "4", "rating": "5.60", "total_kill": "3", "win_rate": "0.0000", "xpm": "797" },
    { "avg_assist": "3.33", "avg_bekill": "2.67", "avg_kill": "2.33", "gpm": "622", "kda": "2.50", "name": "BA黑凤梨.一诺", "openid": "924F7C93F262FC99443B7C27E9A3D6AA", "played": "3", "rating": "5.60", "total_kill": "7", "win_rate": "0.0000", "xpm": "794" },
    { "avg_assist": "7.67", "avg_bekill": "3.00", "avg_kill": "0.33", "gpm": "405", "kda": "4.40", "name": "Hero.阿可", "openid": "BDDDBE08D2905BFAE431913BE2BBCB1D", "played": "3", "rating": "5.60", "total_kill": "1", "win_rate": "0.6667", "xpm": "796" },
    { "avg_assist": "2.67", "avg_bekill": "3.67", "avg_kill": "0.33", "gpm": "327", "kda": "0.73", "name": "DVG.余生", "openid": "EA554825F3FA2A7D6D89AC91A3FCEA31", "played": "3", "rating": "5.60", "total_kill": "1", "win_rate": "0.0000", "xpm": "667" },
    { "avg_assist": "3.00", "avg_bekill": "3.00", "avg_kill": "4.33", "gpm": "581", "kda": "2.44", "name": "BA黑凤梨.风风", "openid": "9F5F22A0D3101ED7B3AA6D637D5B4348", "played": "3", "rating": "5.60", "total_kill": "13", "win_rate": "0.0000", "xpm": "826" },
    { "avg_assist": "0.67", "avg_bekill": "2.00", "avg_kill": "0.00", "gpm": "470", "kda": "0.28", "name": "AG超玩会.Mc", "openid": "09532532EF6D94EC800C92CE68540CC5", "played": "3", "rating": "5.60", "total_kill": "0", "win_rate": "0.0000", "xpm": "779" },
    { "avg_assist": "4.67", "avg_bekill": "3.67", "avg_kill": "1.00", "gpm": "508", "kda": "1.97", "name": "BA黑凤梨.九月", "openid": "55833AAED46B1045AFE756BA8C0B4F07", "played": "3", "rating": "5.60", "total_kill": "3", "win_rate": "0.0000", "xpm": "741" },
    { "avg_assist": "3.50", "avg_bekill": "2.00", "avg_kill": "0.50", "gpm": "427", "kda": "2.00", "name": "XQ丶浅笑", "openid": "0C0BFEAA9F2C0075E2262D492BD4C212", "played": "2", "rating": "5.60", "total_kill": "1", "win_rate": "0.0000", "xpm": "750" },
    { "avg_assist": "6.50", "avg_bekill": "3.00", "avg_kill": "1.50", "gpm": "565", "kda": "2.50", "name": "eStarPro.OoZ", "openid": "80C8A576D7AF6A697FD29087E60398F1", "played": "2", "rating": "5.60", "total_kill": "3", "win_rate": "0.5000", "xpm": "879" },
    { "avg_assist": "0.00", "avg_bekill": "3.00", "avg_kill": "0.00", "gpm": "406", "kda": "0.00", "name": "XQ丶Ku", "openid": "6690B40363495C6F757FF7B87B2E8631", "played": "1", "rating": "5.60", "total_kill": "0", "win_rate": "0.0000", "xpm": "732" }
]