[
    { "hero1_id": "157", "hero1_name": "不知火舞", "hero2_id": "178", "hero2_name": "杨戬", "played": "48", "win_rate": "0.5625" },
    { "hero1_id": "154", "hero1_name": "花木兰", "hero2_id": "171", "hero2_name": "张飞", "played": "46", "win_rate": "0.5000" },
    { "hero1_id": "157", "hero1_name": "不知火舞", "hero2_id": "171", "hero2_name": "张飞", "played": "46", "win_rate": "0.5870" },
    { "hero1_id": "178", "hero1_name": "杨戬", "hero2_id": "190", "hero2_name": "诸葛亮", "played": "45", "win_rate": "0.4000" },
    { "hero1_id": "154", "hero1_name": "花木兰", "hero2_id": "157", "hero2_name": "不知火舞", "played": "41", "win_rate": "0.6829" },
    { "hero1_id": "128", "hero1_name": "曹操", "hero2_id": "171", "hero2_name": "张飞", "played": "41", "win_rate": "0.5610" },
    { "hero1_id": "118", "hero1_name": "孙膑", "hero2_id": "178", "hero2_name": "杨戬", "played": "40", "win_rate": "0.4500" },
    { "hero1_id": "128", "hero1_name": "曹操", "hero2_id": "157", "hero2_name": "不知火舞", "played": "39", "win_rate": "0.6154" },
    { "hero1_id": "171", "hero1_name": "张飞", "hero2_id": "178", "hero2_name": "杨戬", "played": "39", "win_rate": "0.5897" },
    { "hero1_id": "154", "hero1_name": "花木兰", "hero2_id": "190", "hero2_name": "诸葛亮", "played": "39", "win_rate": "0.5385" },
    { "hero1_id": "134", "hero1_name": "达摩", "hero2_id": "171", "hero2_name": "张飞", "played": "39", "win_rate": "0.5641" },
    { "hero1_id": "128", "hero1_name": "曹操", "hero2_id": "190", "hero2_name": "诸葛亮", "played": "39", "win_rate": "0.4872" },
    { "hero1_id": "134", "hero1_name": "达摩", "hero2_id": "157", "hero2_name": "不知火舞", "played": "38", "win_rate": "0.6579" },
    { "hero1_id": "171", "hero1_name": "张飞", "hero2_id": "190", "hero2_name": "诸葛亮", "played": "38", "win_rate": "0.5526" },
    { "hero1_id": "132", "hero1_name": "马可波罗", "hero2_id": "178", "hero2_name": "杨戬", "played": "37", "win_rate": "0.5405" },
    { "hero1_id": "132", "hero1_name": "马可波罗", "hero2_id": "171", "hero2_name": "张飞", "played": "37", "win_rate": "0.5135" },
    { "hero1_id": "154", "hero1_name": "花木兰", "hero2_id": "178", "hero2_name": "杨戬", "played": "37", "win_rate": "0.4595" },
    { "hero1_id": "132", "hero1_name": "马可波罗", "hero2_id": "190", "hero2_name": "诸葛亮", "played": "35", "win_rate": "0.4571" },
    { "hero1_id": "118", "hero1_name": "孙膑", "hero2_id": "128", "hero2_name": "曹操", "played": "34", "win_rate": "0.3824" },
    { "hero1_id": "134", "hero1_name": "达摩", "hero2_id": "190", "hero2_name": "诸葛亮", "played": "34", "win_rate": "0.5882" },
    { "hero1_id": "128", "hero1_name": "曹操", "hero2_id": "178", "hero2_name": "杨戬", "played": "34", "win_rate": "0.4706" },
    { "hero1_id": "113", "hero1_name": "庄周", "hero2_id": "178", "hero2_name": "杨戬", "played": "33", "win_rate": "0.5758" },
    { "hero1_id": "134", "hero1_name": "达摩", "hero2_id": "154", "hero2_name": "花木兰", "played": "33", "win_rate": "0.5152" },
    { "hero1_id": "113", "hero1_name": "庄周", "hero2_id": "128", "hero2_name": "曹操", "played": "33", "win_rate": "0.5758" },
    { "hero1_id": "132", "hero1_name": "马可波罗", "hero2_id": "154", "hero2_name": "花木兰", "played": "33", "win_rate": "0.5455" },
    { "hero1_id": "132", "hero1_name": "马可波罗", "hero2_id": "134", "hero2_name": "达摩", "played": "32", "win_rate": "0.5625" },
    { "hero1_id": "113", "hero1_name": "庄周", "hero2_id": "157", "hero2_name": "不知火舞", "played": "30", "win_rate": "0.7333" },
    { "hero1_id": "128", "hero1_name": "曹操", "hero2_id": "132", "hero2_name": "马可波罗", "played": "29", "win_rate": "0.5862" },
    { "hero1_id": "118", "hero1_name": "孙膑", "hero2_id": "154", "hero2_name": "花木兰", "played": "29", "win_rate": "0.5172" },
    { "hero1_id": "113", "hero1_name": "庄周", "hero2_id": "154", "hero2_name": "花木兰", "played": "28", "win_rate": "0.6786" },
    { "hero1_id": "113", "hero1_name": "庄周", "hero2_id": "190", "hero2_name": "诸葛亮", "played": "27", "win_rate": "0.4444" },
    { "hero1_id": "128", "hero1_name": "曹操", "hero2_id": "154", "hero2_name": "花木兰", "played": "26", "win_rate": "0.5000" },
    { "hero1_id": "132", "hero1_name": "马可波罗", "hero2_id": "157", "hero2_name": "不知火舞", "played": "26", "win_rate": "0.6923" },
    { "hero1_id": "134", "hero1_name": "达摩", "hero2_id": "178", "hero2_name": "杨戬", "played": "25", "win_rate": "0.6000" },
    { "hero1_id": "139", "hero1_name": "老夫子", "hero2_id": "171", "hero2_name": "张飞", "played": "23", "win_rate": "0.3913" },
    { "hero1_id": "118", "hero1_name": "孙膑", "hero2_id": "190", "hero2_name": "诸葛亮", "played": "23", "win_rate": "0.4348" },
    { "hero1_id": "173", "hero1_name": "李元芳", "hero2_id": "178", "hero2_name": "杨戬", "played": "22", "win_rate": "0.5909" },
    { "hero1_id": "128", "hero1_name": "曹操", "hero2_id": "174", "hero2_name": "虞姬", "played": "22", "win_rate": "0.5000" },
    { "hero1_id": "139", "hero1_name": "老夫子", "hero2_id": "178", "hero2_name": "杨戬", "played": "22", "win_rate": "0.4545" },
    { "hero1_id": "128", "hero1_name": "曹操", "hero2_id": "131", "hero2_name": "李白", "played": "22", "win_rate": "0.4545" },
    { "hero1_id": "113", "hero1_name": "庄周", "hero2_id": "134", "hero2_name": "达摩", "played": "22", "win_rate": "0.5455" },
    { "hero1_id": "171", "hero1_name": "张飞", "hero2_id": "174", "hero2_name": "虞姬", "played": "22", "win_rate": "0.5455" },
    { "hero1_id": "113", "hero1_name": "庄周", "hero2_id": "132", "hero2_name": "马可波罗", "played": "21", "win_rate": "0.4286" },
    { "hero1_id": "139", "hero1_name": "老夫子", "hero2_id": "190", "hero2_name": "诸葛亮", "played": "21", "win_rate": "0.4762" },
    { "hero1_id": "128", "hero1_name": "曹操", "hero2_id": "134", "hero2_name": "达摩", "played": "21", "win_rate": "0.5238" },
    { "hero1_id": "118", "hero1_name": "孙膑", "hero2_id": "134", "hero2_name": "达摩", "played": "20", "win_rate": "0.4500" },
    { "hero1_id": "139", "hero1_name": "老夫子", "hero2_id": "157", "hero2_name": "不知火舞", "played": "20", "win_rate": "0.5500" },
    { "hero1_id": "171", "hero1_name": "张飞", "hero2_id": "173", "hero2_name": "李元芳", "played": "20", "win_rate": "0.4500" },
    { "hero1_id": "118", "hero1_name": "孙膑", "hero2_id": "157", "hero2_name": "不知火舞", "played": "19", "win_rate": "0.5789" },
    { "hero1_id": "115", "hero1_name": "高渐离", "hero2_id": "154", "hero2_name": "花木兰", "played": "19", "win_rate": "0.2105" },
    { "hero1_id": "154", "hero1_name": "花木兰", "hero2_id": "187", "hero2_name": "东皇太一", "played": "19", "win_rate": "0.4211" },
    { "hero1_id": "133", "hero1_name": "狄仁杰", "hero2_id": "134", "hero2_name": "达摩", "played": "19", "win_rate": "0.6316" },
    { "hero1_id": "187", "hero1_name": "东皇太一", "hero2_id": "190", "hero2_name": "诸葛亮", "played": "18", "win_rate": "0.1667" },
    { "hero1_id": "174", "hero1_name": "虞姬", "hero2_id": "178", "hero2_name": "杨戬", "played": "18", "win_rate": "0.3333" },
    { "hero1_id": "157", "hero1_name": "不知火舞", "hero2_id": "173", "hero2_name": "李元芳", "played": "18", "win_rate": "0.5556" },
    { "hero1_id": "116", "hero1_name": "阿轲", "hero2_id": "128", "hero2_name": "曹操", "played": "18", "win_rate": "0.6667" },
    { "hero1_id": "174", "hero1_name": "虞姬", "hero2_id": "190", "hero2_name": "诸葛亮", "played": "17", "win_rate": "0.2353" },
    { "hero1_id": "116", "hero1_name": "阿轲", "hero2_id": "154", "hero2_name": "花木兰", "played": "17", "win_rate": "0.8235" },
    { "hero1_id": "115", "hero1_name": "高渐离", "hero2_id": "128", "hero2_name": "曹操", "played": "17", "win_rate": "0.2941" },
    { "hero1_id": "115", "hero1_name": "高渐离", "hero2_id": "171", "hero2_name": "张飞", "played": "16", "win_rate": "0.3125" },
    { "hero1_id": "178", "hero1_name": "杨戬", "hero2_id": "187", "hero2_name": "东皇太一", "played": "16", "win_rate": "0.1875" },
    { "hero1_id": "154", "hero1_name": "花木兰", "hero2_id": "174", "hero2_name": "虞姬", "played": "16", "win_rate": "0.3125" },
    { "hero1_id": "113", "hero1_name": "庄周", "hero2_id": "116", "hero2_name": "阿轲", "played": "16", "win_rate": "0.6250" },
    { "hero1_id": "157", "hero1_name": "不知火舞", "hero2_id": "174", "hero2_name": "虞姬", "played": "15", "win_rate": "0.5333" },
    { "hero1_id": "154", "hero1_name": "花木兰", "hero2_id": "173", "hero2_name": "李元芳", "played": "15", "win_rate": "0.5333" },
    { "hero1_id": "168", "hero1_name": "牛魔", "hero2_id": "178", "hero2_name": "杨戬", "played": "15", "win_rate": "0.3333" },
    { "hero1_id": "128", "hero1_name": "曹操", "hero2_id": "139", "hero2_name": "老夫子", "played": "15", "win_rate": "0.4667" },
    { "hero1_id": "115", "hero1_name": "高渐离", "hero2_id": "118", "hero2_name": "孙膑", "played": "15", "win_rate": "0.1333" },
    { "hero1_id": "116", "hero1_name": "阿轲", "hero2_id": "171", "hero2_name": "张飞", "played": "15", "win_rate": "0.5333" },
    { "hero1_id": "115", "hero1_name": "高渐离", "hero2_id": "134", "hero2_name": "达摩", "played": "15", "win_rate": "0.0667" },
    { "hero1_id": "173", "hero1_name": "李元芳", "hero2_id": "190", "hero2_name": "诸葛亮", "played": "15", "win_rate": "0.4667" },
    { "hero1_id": "131", "hero1_name": "李白", "hero2_id": "157", "hero2_name": "不知火舞", "played": "14", "win_rate": "0.4286" },
    { "hero1_id": "146", "hero1_name": "露娜", "hero2_id": "154", "hero2_name": "花木兰", "played": "14", "win_rate": "0.7857" },
    { "hero1_id": "128", "hero1_name": "曹操", "hero2_id": "182", "hero2_name": "干将莫邪", "played": "14", "win_rate": "0.5000" },
    { "hero1_id": "113", "hero1_name": "庄周", "hero2_id": "174", "hero2_name": "虞姬", "played": "14", "win_rate": "0.5000" },
    { "hero1_id": "115", "hero1_name": "高渐离", "hero2_id": "178", "hero2_name": "杨戬", "played": "14", "win_rate": "0.3571" },
    { "hero1_id": "116", "hero1_name": "阿轲", "hero2_id": "190", "hero2_name": "诸葛亮", "played": "14", "win_rate": "0.5000" },
    { "hero1_id": "118", "hero1_name": "孙膑", "hero2_id": "139", "hero2_name": "老夫子", "played": "14", "win_rate": "0.2857" },
    { "hero1_id": "133", "hero1_name": "狄仁杰", "hero2_id": "157", "hero2_name": "不知火舞", "played": "14", "win_rate": "0.7143" },
    { "hero1_id": "116", "hero1_name": "阿轲", "hero2_id": "178", "hero2_name": "杨戬", "played": "14", "win_rate": "0.5714" },
    { "hero1_id": "113", "hero1_name": "庄周", "hero2_id": "139", "hero2_name": "老夫子", "played": "13", "win_rate": "0.8462" },
    { "hero1_id": "116", "hero1_name": "阿轲", "hero2_id": "174", "hero2_name": "虞姬", "played": "13", "win_rate": "0.4615" },
    { "hero1_id": "133", "hero1_name": "狄仁杰", "hero2_id": "190", "hero2_name": "诸葛亮", "played": "13", "win_rate": "0.6923" },
    { "hero1_id": "139", "hero1_name": "老夫子", "hero2_id": "154", "hero2_name": "花木兰", "played": "13", "win_rate": "0.6154" },
    { "hero1_id": "131", "hero1_name": "李白", "hero2_id": "190", "hero2_name": "诸葛亮", "played": "13", "win_rate": "0.4615" },
    { "hero1_id": "113", "hero1_name": "庄周", "hero2_id": "173", "hero2_name": "李元芳", "played": "13", "win_rate": "0.6154" },
    { "hero1_id": "133", "hero1_name": "狄仁杰", "hero2_id": "171", "hero2_name": "张飞", "played": "13", "win_rate": "0.5385" },
    { "hero1_id": "113", "hero1_name": "庄周", "hero2_id": "140", "hero2_name": "关羽", "played": "13", "win_rate": "0.5385" },
    { "hero1_id": "128", "hero1_name": "曹操", "hero2_id": "133", "hero2_name": "狄仁杰", "played": "13", "win_rate": "0.3077" },
    { "hero1_id": "132", "hero1_name": "马可波罗", "hero2_id": "139", "hero2_name": "老夫子", "played": "12", "win_rate": "0.3333" },
    { "hero1_id": "133", "hero1_name": "狄仁杰", "hero2_id": "154", "hero2_name": "花木兰", "played": "12", "win_rate": "0.6667" },
    { "hero1_id": "128", "hero1_name": "曹操", "hero2_id": "168", "hero2_name": "牛魔", "played": "12", "win_rate": "0.5000" },
    { "hero1_id": "131", "hero1_name": "李白", "hero2_id": "171", "hero2_name": "张飞", "played": "12", "win_rate": "0.6667" },
    { "hero1_id": "133", "hero1_name": "狄仁杰", "hero2_id": "178", "hero2_name": "杨戬", "played": "12", "win_rate": "0.5000" },
    { "hero1_id": "111", "hero1_name": "孙尚香", "hero2_id": "154", "hero2_name": "花木兰", "played": "12", "win_rate": "0.4167" },
    { "hero1_id": "118", "hero1_name": "孙膑", "hero2_id": "132", "hero2_name": "马可波罗", "played": "12", "win_rate": "0.6667" },
    { "hero1_id": "157", "hero1_name": "不知火舞", "hero2_id": "187", "hero2_name": "东皇太一", "played": "11", "win_rate": "0.3636" },
    { "hero1_id": "140", "hero1_name": "关羽", "hero2_id": "157", "hero2_name": "不知火舞", "played": "11", "win_rate": "0.4545" },
    { "hero1_id": "132", "hero1_name": "马可波罗", "hero2_id": "187", "hero2_name": "东皇太一", "played": "11", "win_rate": "0.3636" },
    { "hero1_id": "146", "hero1_name": "露娜", "hero2_id": "171", "hero2_name": "张飞", "played": "11", "win_rate": "0.6364" },
    { "hero1_id": "115", "hero1_name": "高渐离", "hero2_id": "139", "hero2_name": "老夫子", "played": "11", "win_rate": "0.1818" },
    { "hero1_id": "131", "hero1_name": "李白", "hero2_id": "154", "hero2_name": "花木兰", "played": "11", "win_rate": "0.6364" },
    { "hero1_id": "141", "hero1_name": "貂蝉", "hero2_id": "154", "hero2_name": "花木兰", "played": "11", "win_rate": "0.6364" },
    { "hero1_id": "131", "hero1_name": "李白", "hero2_id": "178", "hero2_name": "杨戬", "played": "11", "win_rate": "0.3636" },
    { "hero1_id": "146", "hero1_name": "露娜", "hero2_id": "174", "hero2_name": "虞姬", "played": "11", "win_rate": "0.8182" },
    { "hero1_id": "118", "hero1_name": "孙膑", "hero2_id": "131", "hero2_name": "李白", "played": "10", "win_rate": "0.5000" },
    { "hero1_id": "128", "hero1_name": "曹操", "hero2_id": "187", "hero2_name": "东皇太一", "played": "10", "win_rate": "0.3000" },
    { "hero1_id": "134", "hero1_name": "达摩", "hero2_id": "174", "hero2_name": "虞姬", "played": "10", "win_rate": "0.3000" },
    { "hero1_id": "113", "hero1_name": "庄周", "hero2_id": "123", "hero2_name": "吕布", "played": "10", "win_rate": "0.7000" },
    { "hero1_id": "115", "hero1_name": "高渐离", "hero2_id": "116", "hero2_name": "阿轲", "played": "10", "win_rate": "0.5000" },
    { "hero1_id": "173", "hero1_name": "李元芳", "hero2_id": "187", "hero2_name": "东皇太一", "played": "10", "win_rate": "0.3000" },
    { "hero1_id": "140", "hero1_name": "关羽", "hero2_id": "171", "hero2_name": "张飞", "played": "10", "win_rate": "0.6000" },
    { "hero1_id": "116", "hero1_name": "阿轲", "hero2_id": "157", "hero2_name": "不知火舞", "played": "10", "win_rate": "0.7000" },
    { "hero1_id": "115", "hero1_name": "高渐离", "hero2_id": "132", "hero2_name": "马可波罗", "played": "10", "win_rate": "0.1000" },
    { "hero1_id": "128", "hero1_name": "曹操", "hero2_id": "173", "hero2_name": "李元芳", "played": "10", "win_rate": "0.4000" },
    { "hero1_id": "113", "hero1_name": "庄周", "hero2_id": "118", "hero2_name": "孙膑", "played": "10", "win_rate": "0.2000" },
    { "hero1_id": "168", "hero1_name": "牛魔", "hero2_id": "190", "hero2_name": "诸葛亮", "played": "10", "win_rate": "0.4000" },
    { "hero1_id": "123", "hero1_name": "吕布", "hero2_id": "173", "hero2_name": "李元芳", "played": "10", "win_rate": "0.4000" },
    { "hero1_id": "128", "hero1_name": "曹操", "hero2_id": "141", "hero2_name": "貂蝉", "played": "10", "win_rate": "0.4000" },
    { "hero1_id": "146", "hero1_name": "露娜", "hero2_id": "157", "hero2_name": "不知火舞", "played": "10", "win_rate": "0.8000" },
    { "hero1_id": "141", "hero1_name": "貂蝉", "hero2_id": "178", "hero2_name": "杨戬", "played": "9", "win_rate": "0.4444" },
    { "hero1_id": "123", "hero1_name": "吕布", "hero2_id": "157", "hero2_name": "不知火舞", "played": "9", "win_rate": "0.4444" },
    { "hero1_id": "111", "hero1_name": "孙尚香", "hero2_id": "190", "hero2_name": "诸葛亮", "played": "9", "win_rate": "0.5556" },
    { "hero1_id": "123", "hero1_name": "吕布", "hero2_id": "190", "hero2_name": "诸葛亮", "played": "9", "win_rate": "0.3333" },
    { "hero1_id": "111", "hero1_name": "孙尚香", "hero2_id": "171", "hero2_name": "张飞", "played": "9", "win_rate": "0.5556" },
    { "hero1_id": "116", "hero1_name": "阿轲", "hero2_id": "118", "hero2_name": "孙膑", "played": "9", "win_rate": "0.5556" },
    { "hero1_id": "134", "hero1_name": "达摩", "hero2_id": "139", "hero2_name": "老夫子", "played": "9", "win_rate": "0.5556" },
    { "hero1_id": "140", "hero1_name": "关羽", "hero2_id": "173", "hero2_name": "李元芳", "played": "8", "win_rate": "0.6250" },
    { "hero1_id": "118", "hero1_name": "孙膑", "hero2_id": "174", "hero2_name": "虞姬", "played": "8", "win_rate": "0.3750" },
    { "hero1_id": "111", "hero1_name": "孙尚香", "hero2_id": "178", "hero2_name": "杨戬", "played": "8", "win_rate": "0.1250" },
    { "hero1_id": "118", "hero1_name": "孙膑", "hero2_id": "141", "hero2_name": "貂蝉", "played": "8", "win_rate": "0.6250" },
    { "hero1_id": "118", "hero1_name": "孙膑", "hero2_id": "133", "hero2_name": "狄仁杰", "played": "8", "win_rate": "0.6250" },
    { "hero1_id": "140", "hero1_name": "关羽", "hero2_id": "178", "hero2_name": "杨戬", "played": "8", "win_rate": "0.3750" },
    { "hero1_id": "132", "hero1_name": "马可波罗", "hero2_id": "141", "hero2_name": "貂蝉", "played": "8", "win_rate": "0.5000" },
    { "hero1_id": "113", "hero1_name": "庄周", "hero2_id": "131", "hero2_name": "李白", "played": "8", "win_rate": "0.5000" },
    { "hero1_id": "113", "hero1_name": "庄周", "hero2_id": "141", "hero2_name": "貂蝉", "played": "8", "win_rate": "0.2500" },
    { "hero1_id": "123", "hero1_name": "吕布", "hero2_id": "154", "hero2_name": "花木兰", "played": "8", "win_rate": "0.5000" },
    { "hero1_id": "113", "hero1_name": "庄周", "hero2_id": "182", "hero2_name": "干将莫邪", "played": "8", "win_rate": "0.6250" },
    { "hero1_id": "140", "hero1_name": "关羽", "hero2_id": "190", "hero2_name": "诸葛亮", "played": "8", "win_rate": "0.5000" },
    { "hero1_id": "132", "hero1_name": "马可波罗", "hero2_id": "168", "hero2_name": "牛魔", "played": "8", "win_rate": "0.7500" },
    { "hero1_id": "139", "hero1_name": "老夫子", "hero2_id": "187", "hero2_name": "东皇太一", "played": "8", "win_rate": "0.3750" },
    { "hero1_id": "115", "hero1_name": "高渐离", "hero2_id": "174", "hero2_name": "虞姬", "played": "8", "win_rate": "0.5000" },
    { "hero1_id": "123", "hero1_name": "吕布", "hero2_id": "171", "hero2_name": "张飞", "played": "8", "win_rate": "0.1250" },
    { "hero1_id": "128", "hero1_name": "曹操", "hero2_id": "140", "hero2_name": "关羽", "played": "7", "win_rate": "0.5714" },
    { "hero1_id": "113", "hero1_name": "庄周", "hero2_id": "115", "hero2_name": "高渐离", "played": "7", "win_rate": "0.5714" },
    { "hero1_id": "111", "hero1_name": "孙尚香", "hero2_id": "128", "hero2_name": "曹操", "played": "7", "win_rate": "0.7143" },
    { "hero1_id": "157", "hero1_name": "不知火舞", "hero2_id": "168", "hero2_name": "牛魔", "played": "7", "win_rate": "0.7143" },
    { "hero1_id": "111", "hero1_name": "孙尚香", "hero2_id": "157", "hero2_name": "不知火舞", "played": "7", "win_rate": "0.5714" },
    { "hero1_id": "134", "hero1_name": "达摩", "hero2_id": "173", "hero2_name": "李元芳", "played": "7", "win_rate": "0.7143" },
    { "hero1_id": "131", "hero1_name": "李白", "hero2_id": "139", "hero2_name": "老夫子", "played": "7", "win_rate": "0.5714" },
    { "hero1_id": "118", "hero1_name": "孙膑", "hero2_id": "173", "hero2_name": "李元芳", "played": "7", "win_rate": "0.2857" },
    { "hero1_id": "168", "hero1_name": "牛魔", "hero2_id": "174", "hero2_name": "虞姬", "played": "7", "win_rate": "0.4286" },
    { "hero1_id": "139", "hero1_name": "老夫子", "hero2_id": "174", "hero2_name": "虞姬", "played": "7", "win_rate": "0.2857" },
    { "hero1_id": "111", "hero1_name": "孙尚香", "hero2_id": "134", "hero2_name": "达摩", "played": "7", "win_rate": "0.5714" },
    { "hero1_id": "154", "hero1_name": "花木兰", "hero2_id": "168", "hero2_name": "牛魔", "played": "7", "win_rate": "0.7143" },
    { "hero1_id": "132", "hero1_name": "马可波罗", "hero2_id": "140", "hero2_name": "关羽", "played": "7", "win_rate": "0.1429" },
    { "hero1_id": "171", "hero1_name": "张飞", "hero2_id": "182", "hero2_name": "干将莫邪", "played": "7", "win_rate": "0.2857" },
    { "hero1_id": "134", "hero1_name": "达摩", "hero2_id": "187", "hero2_name": "东皇太一", "played": "7", "win_rate": "0.2857" },
    { "hero1_id": "113", "hero1_name": "庄周", "hero2_id": "133", "hero2_name": "狄仁杰", "played": "7", "win_rate": "0.5714" },
    { "hero1_id": "139", "hero1_name": "老夫子", "hero2_id": "173", "hero2_name": "李元芳", "played": "7", "win_rate": "0.4286" },
    { "hero1_id": "134", "hero1_name": "达摩", "hero2_id": "168", "hero2_name": "牛魔", "played": "6", "win_rate": "0.3333" },
    { "hero1_id": "123", "hero1_name": "吕布", "hero2_id": "134", "hero2_name": "达摩", "played": "6", "win_rate": "0.5000" },
    { "hero1_id": "113", "hero1_name": "庄周", "hero2_id": "146", "hero2_name": "露娜", "played": "6", "win_rate": "0.8333" },
    { "hero1_id": "178", "hero1_name": "杨戬", "hero2_id": "182", "hero2_name": "干将莫邪", "played": "6", "win_rate": "0.5000" },
    { "hero1_id": "128", "hero1_name": "曹操", "hero2_id": "146", "hero2_name": "露娜", "played": "6", "win_rate": "0.8333" },
    { "hero1_id": "134", "hero1_name": "达摩", "hero2_id": "140", "hero2_name": "关羽", "played": "6", "win_rate": "0.0000" },
    { "hero1_id": "118", "hero1_name": "孙膑", "hero2_id": "140", "hero2_name": "关羽", "played": "6", "win_rate": "0.5000" },
    { "hero1_id": "174", "hero1_name": "虞姬", "hero2_id": "182", "hero2_name": "干将莫邪", "played": "6", "win_rate": "0.3333" },
    { "hero1_id": "150", "hero1_name": "韩信", "hero2_id": "154", "hero2_name": "花木兰", "played": "6", "win_rate": "0.5000" },
    { "hero1_id": "107", "hero1_name": "赵云", "hero2_id": "132", "hero2_name": "马可波罗", "played": "6", "win_rate": "0.3333" },
    { "hero1_id": "111", "hero1_name": "孙尚香", "hero2_id": "118", "hero2_name": "孙膑", "played": "6", "win_rate": "0.6667" },
    { "hero1_id": "131", "hero1_name": "李白", "hero2_id": "140", "hero2_name": "关羽", "played": "5", "win_rate": "0.6000" },
    { "hero1_id": "132", "hero1_name": "马可波罗", "hero2_id": "163", "hero2_name": "橘右京", "played": "5", "win_rate": "0.4000" },
    { "hero1_id": "111", "hero1_name": "孙尚香", "hero2_id": "116", "hero2_name": "阿轲", "played": "5", "win_rate": "1.0000" },
    { "hero1_id": "131", "hero1_name": "李白", "hero2_id": "174", "hero2_name": "虞姬", "played": "5", "win_rate": "0.6000" },
    { "hero1_id": "146", "hero1_name": "露娜", "hero2_id": "173", "hero2_name": "李元芳", "played": "5", "win_rate": "0.2000" },
    { "hero1_id": "163", "hero1_name": "橘右京", "hero2_id": "190", "hero2_name": "诸葛亮", "played": "5", "win_rate": "0.6000" },
    { "hero1_id": "123", "hero1_name": "吕布", "hero2_id": "178", "hero2_name": "杨戬", "played": "5", "win_rate": "0.6000" },
    { "hero1_id": "115", "hero1_name": "高渐离", "hero2_id": "140", "hero2_name": "关羽", "played": "5", "win_rate": "0.4000" },
    { "hero1_id": "131", "hero1_name": "李白", "hero2_id": "182", "hero2_name": "干将莫邪", "played": "5", "win_rate": "0.6000" },
    { "hero1_id": "133", "hero1_name": "狄仁杰", "hero2_id": "139", "hero2_name": "老夫子", "played": "5", "win_rate": "0.8000" },
    { "hero1_id": "171", "hero1_name": "张飞", "hero2_id": "192", "hero2_name": "黄忠", "played": "5", "win_rate": "0.6000" },
    { "hero1_id": "113", "hero1_name": "庄周", "hero2_id": "187", "hero2_name": "东皇太一", "played": "5", "win_rate": "0.2000" },
    { "hero1_id": "154", "hero1_name": "花木兰", "hero2_id": "182", "hero2_name": "干将莫邪", "played": "5", "win_rate": "0.4000" },
    { "hero1_id": "134", "hero1_name": "达摩", "hero2_id": "192", "hero2_name": "黄忠", "played": "5", "win_rate": "0.6000" },
    { "hero1_id": "174", "hero1_name": "虞姬", "hero2_id": "187", "hero2_name": "东皇太一", "played": "5", "win_rate": "0.0000" },
    { "hero1_id": "113", "hero1_name": "庄周", "hero2_id": "150", "hero2_name": "韩信", "played": "5", "win_rate": "0.6000" },
    { "hero1_id": "116", "hero1_name": "阿轲", "hero2_id": "140", "hero2_name": "关羽", "played": "5", "win_rate": "0.6000" },
    { "hero1_id": "107", "hero1_name": "赵云", "hero2_id": "190", "hero2_name": "诸葛亮", "played": "5", "win_rate": "0.2000" },
    { "hero1_id": "146", "hero1_name": "露娜", "hero2_id": "178", "hero2_name": "杨戬", "played": "5", "win_rate": "0.6000" },
    { "hero1_id": "121", "hero1_name": "芈月", "hero2_id": "128", "hero2_name": "曹操", "played": "5", "win_rate": "0.8000" },
    { "hero1_id": "173", "hero1_name": "李元芳", "hero2_id": "182", "hero2_name": "干将莫邪", "played": "5", "win_rate": "0.4000" },
    { "hero1_id": "121", "hero1_name": "芈月", "hero2_id": "178", "hero2_name": "杨戬", "played": "5", "win_rate": "0.8000" },
    { "hero1_id": "111", "hero1_name": "孙尚香", "hero2_id": "113", "hero2_name": "庄周", "played": "5", "win_rate": "0.8000" },
    { "hero1_id": "140", "hero1_name": "关羽", "hero2_id": "174", "hero2_name": "虞姬", "played": "5", "win_rate": "0.6000" },
    { "hero1_id": "116", "hero1_name": "阿轲", "hero2_id": "139", "hero2_name": "老夫子", "played": "5", "win_rate": "0.4000" },
    { "hero1_id": "173", "hero1_name": "李元芳", "hero2_id": "180", "hero2_name": "哪吒", "played": "5", "win_rate": "0.4000" },
    { "hero1_id": "140", "hero1_name": "关羽", "hero2_id": "187", "hero2_name": "东皇太一", "played": "5", "win_rate": "0.2000" },
    { "hero1_id": "116", "hero1_name": "阿轲", "hero2_id": "146", "hero2_name": "露娜", "played": "5", "win_rate": "1.0000" },
    { "hero1_id": "148", "hero1_name": "姜子牙", "hero2_id": "150", "hero2_name": "韩信", "played": "4", "win_rate": "0.7500" },
    { "hero1_id": "118", "hero1_name": "孙膑", "hero2_id": "146", "hero2_name": "露娜", "played": "4", "win_rate": "0.7500" },
    { "hero1_id": "116", "hero1_name": "阿轲", "hero2_id": "168", "hero2_name": "牛魔", "played": "4", "win_rate": "0.5000" },
    { "hero1_id": "123", "hero1_name": "吕布", "hero2_id": "128", "hero2_name": "曹操", "played": "4", "win_rate": "0.2500" },
    { "hero1_id": "139", "hero1_name": "老夫子", "hero2_id": "182", "hero2_name": "干将莫邪", "played": "4", "win_rate": "0.7500" },
    { "hero1_id": "115", "hero1_name": "高渐离", "hero2_id": "133", "hero2_name": "狄仁杰", "played": "4", "win_rate": "0.0000" },
    { "hero1_id": "123", "hero1_name": "吕布", "hero2_id": "149", "hero2_name": "刘邦", "played": "4", "win_rate": "0.0000" },
    { "hero1_id": "171", "hero1_name": "张飞", "hero2_id": "180", "hero2_name": "哪吒", "played": "4", "win_rate": "0.7500" },
    { "hero1_id": "140", "hero1_name": "关羽", "hero2_id": "182", "hero2_name": "干将莫邪", "played": "4", "win_rate": "0.2500" },
    { "hero1_id": "116", "hero1_name": "阿轲", "hero2_id": "141", "hero2_name": "貂蝉", "played": "4", "win_rate": "0.7500" },
    { "hero1_id": "134", "hero1_name": "达摩", "hero2_id": "182", "hero2_name": "干将莫邪", "played": "4", "win_rate": "0.5000" },
    { "hero1_id": "115", "hero1_name": "高渐离", "hero2_id": "173", "hero2_name": "李元芳", "played": "4", "win_rate": "0.5000" },
    { "hero1_id": "113", "hero1_name": "庄周", "hero2_id": "121", "hero2_name": "芈月", "played": "4", "win_rate": "0.7500" },
    { "hero1_id": "115", "hero1_name": "高渐离", "hero2_id": "187", "hero2_name": "东皇太一", "played": "4", "win_rate": "0.5000" },
    { "hero1_id": "108", "hero1_name": "墨子", "hero2_id": "178", "hero2_name": "杨戬", "played": "4", "win_rate": "0.5000" },
    { "hero1_id": "121", "hero1_name": "芈月", "hero2_id": "171", "hero2_name": "张飞", "played": "4", "win_rate": "0.5000" },
    { "hero1_id": "113", "hero1_name": "庄周", "hero2_id": "163", "hero2_name": "橘右京", "played": "4", "win_rate": "0.5000" },
    { "hero1_id": "128", "hero1_name": "曹操", "hero2_id": "163", "hero2_name": "橘右京", "played": "4", "win_rate": "0.7500" },
    { "hero1_id": "157", "hero1_name": "不知火舞", "hero2_id": "180", "hero2_name": "哪吒", "played": "4", "win_rate": "0.5000" },
    { "hero1_id": "108", "hero1_name": "墨子", "hero2_id": "154", "hero2_name": "花木兰", "played": "4", "win_rate": "0.5000" },
    { "hero1_id": "123", "hero1_name": "吕布", "hero2_id": "187", "hero2_name": "东皇太一", "played": "4", "win_rate": "0.5000" },
    { "hero1_id": "116", "hero1_name": "阿轲", "hero2_id": "132", "hero2_name": "马可波罗", "played": "4", "win_rate": "0.2500" },
    { "hero1_id": "133", "hero1_name": "狄仁杰", "hero2_id": "187", "hero2_name": "东皇太一", "played": "4", "win_rate": "0.5000" },
    { "hero1_id": "178", "hero1_name": "杨戬", "hero2_id": "180", "hero2_name": "哪吒", "played": "4", "win_rate": "0.5000" },
    { "hero1_id": "146", "hero1_name": "露娜", "hero2_id": "187", "hero2_name": "东皇太一", "played": "4", "win_rate": "0.2500" },
    { "hero1_id": "141", "hero1_name": "貂蝉", "hero2_id": "187", "hero2_name": "东皇太一", "played": "4", "win_rate": "0.5000" },
    { "hero1_id": "108", "hero1_name": "墨子", "hero2_id": "174", "hero2_name": "虞姬", "played": "4", "win_rate": "0.5000" },
    { "hero1_id": "182", "hero1_name": "干将莫邪", "hero2_id": "187", "hero2_name": "东皇太一", "played": "4", "win_rate": "0.5000" },
    { "hero1_id": "121", "hero1_name": "芈月", "hero2_id": "174", "hero2_name": "虞姬", "played": "4", "win_rate": "0.5000" },
    { "hero1_id": "131", "hero1_name": "李白", "hero2_id": "168", "hero2_name": "牛魔", "played": "4", "win_rate": "0.2500" },
    { "hero1_id": "121", "hero1_name": "芈月", "hero2_id": "157", "hero2_name": "不知火舞", "played": "3", "win_rate": "0.6667" },
    { "hero1_id": "116", "hero1_name": "阿轲", "hero2_id": "134", "hero2_name": "达摩", "played": "3", "win_rate": "0.3333" },
    { "hero1_id": "110", "hero1_name": "嬴政", "hero2_id": "171", "hero2_name": "张飞", "played": "3", "win_rate": "0.6667" },
    { "hero1_id": "116", "hero1_name": "阿轲", "hero2_id": "187", "hero2_name": "东皇太一", "played": "3", "win_rate": "1.0000" },
    { "hero1_id": "115", "hero1_name": "高渐离", "hero2_id": "123", "hero2_name": "吕布", "played": "3", "win_rate": "0.3333" },
    { "hero1_id": "154", "hero1_name": "花木兰", "hero2_id": "162", "hero2_name": "娜可露露", "played": "3", "win_rate": "0.3333" },
    { "hero1_id": "140", "hero1_name": "关羽", "hero2_id": "146", "hero2_name": "露娜", "played": "3", "win_rate": "0.6667" },
    { "hero1_id": "108", "hero1_name": "墨子", "hero2_id": "171", "hero2_name": "张飞", "played": "3", "win_rate": "0.3333" },
    { "hero1_id": "121", "hero1_name": "芈月", "hero2_id": "154", "hero2_name": "花木兰", "played": "3", "win_rate": "0.3333" },
    { "hero1_id": "116", "hero1_name": "阿轲", "hero2_id": "133", "hero2_name": "狄仁杰", "played": "3", "win_rate": "0.6667" },
    { "hero1_id": "107", "hero1_name": "赵云", "hero2_id": "154", "hero2_name": "花木兰", "played": "3", "win_rate": "0.6667" },
    { "hero1_id": "146", "hero1_name": "露娜", "hero2_id": "190", "hero2_name": "诸葛亮", "played": "3", "win_rate": "0.3333" },
    { "hero1_id": "150", "hero1_name": "韩信", "hero2_id": "157", "hero2_name": "不知火舞", "played": "3", "win_rate": "0.3333" },
    { "hero1_id": "140", "hero1_name": "关羽", "hero2_id": "154", "hero2_name": "花木兰", "played": "3", "win_rate": "1.0000" },
    { "hero1_id": "134", "hero1_name": "达摩", "hero2_id": "180", "hero2_name": "哪吒", "played": "3", "win_rate": "0.6667" },
    { "hero1_id": "140", "hero1_name": "关羽", "hero2_id": "141", "hero2_name": "貂蝉", "played": "3", "win_rate": "0.6667" },
    { "hero1_id": "141", "hero1_name": "貂蝉", "hero2_id": "173", "hero2_name": "李元芳", "played": "3", "win_rate": "0.3333" },
    { "hero1_id": "118", "hero1_name": "孙膑", "hero2_id": "123", "hero2_name": "吕布", "played": "3", "win_rate": "0.0000" },
    { "hero1_id": "111", "hero1_name": "孙尚香", "hero2_id": "187", "hero2_name": "东皇太一", "played": "3", "win_rate": "0.0000" },
    { "hero1_id": "150", "hero1_name": "韩信", "hero2_id": "178", "hero2_name": "杨戬", "played": "3", "win_rate": "0.3333" },
    { "hero1_id": "149", "hero1_name": "刘邦", "hero2_id": "154", "hero2_name": "花木兰", "played": "3", "win_rate": "0.3333" },
    { "hero1_id": "157", "hero1_name": "不知火舞", "hero2_id": "192", "hero2_name": "黄忠", "played": "3", "win_rate": "0.6667" },
    { "hero1_id": "148", "hero1_name": "姜子牙", "hero2_id": "154", "hero2_name": "花木兰", "played": "3", "win_rate": "0.6667" },
    { "hero1_id": "139", "hero1_name": "老夫子", "hero2_id": "140", "hero2_name": "关羽", "played": "3", "win_rate": "0.3333" },
    { "hero1_id": "180", "hero1_name": "哪吒", "hero2_id": "190", "hero2_name": "诸葛亮", "played": "3", "win_rate": "0.6667" },
    { "hero1_id": "131", "hero1_name": "李白", "hero2_id": "141", "hero2_name": "貂蝉", "played": "3", "win_rate": "0.6667" },
    { "hero1_id": "168", "hero1_name": "牛魔", "hero2_id": "173", "hero2_name": "李元芳", "played": "3", "win_rate": "0.6667" },
    { "hero1_id": "107", "hero1_name": "赵云", "hero2_id": "187", "hero2_name": "东皇太一", "played": "3", "win_rate": "0.3333" },
    { "hero1_id": "111", "hero1_name": "孙尚香", "hero2_id": "146", "hero2_name": "露娜", "played": "3", "win_rate": "1.0000" },
    { "hero1_id": "141", "hero1_name": "貂蝉", "hero2_id": "171", "hero2_name": "张飞", "played": "3", "win_rate": "0.6667" },
    { "hero1_id": "118", "hero1_name": "孙膑", "hero2_id": "121", "hero2_name": "芈月", "played": "3", "win_rate": "0.6667" },
    { "hero1_id": "123", "hero1_name": "吕布", "hero2_id": "182", "hero2_name": "干将莫邪", "played": "3", "win_rate": "0.3333" },
    { "hero1_id": "132", "hero1_name": "马可波罗", "hero2_id": "182", "hero2_name": "干将莫邪", "played": "3", "win_rate": "0.6667" },
    { "hero1_id": "168", "hero1_name": "牛魔", "hero2_id": "182", "hero2_name": "干将莫邪", "played": "3", "win_rate": "0.3333" },
    { "hero1_id": "113", "hero1_name": "庄周", "hero2_id": "148", "hero2_name": "姜子牙", "played": "3", "win_rate": "0.6667" },
    { "hero1_id": "128", "hero1_name": "曹操", "hero2_id": "149", "hero2_name": "刘邦", "played": "3", "win_rate": "0.3333" },
    { "hero1_id": "131", "hero1_name": "李白", "hero2_id": "187", "hero2_name": "东皇太一", "played": "3", "win_rate": "0.0000" },
    { "hero1_id": "121", "hero1_name": "芈月", "hero2_id": "132", "hero2_name": "马可波罗", "played": "3", "win_rate": "1.0000" },
    { "hero1_id": "113", "hero1_name": "庄周", "hero2_id": "171", "hero2_name": "张飞", "played": "3", "win_rate": "0.3333" }
]