[
    { "avg_assist": "4.36", "avg_ban_seq": "4.7", "avg_bekill": "3.12", "avg_kill": "2.71", "avg_pick_seq": "0.0", "ban_cnt": "11", "gpm": "529", "hero_id": "178", "hero_name": "杨戬", "kda": "3.20", "pick_cnt": "138", "played": "138", "win_rate": "0.4783" },
    { "avg_assist": "3.95", "avg_ban_seq": "3.2", "avg_bekill": "2.40", "avg_kill": "2.76", "avg_pick_seq": "0.0", "ban_cnt": "38", "gpm": "589", "hero_id": "154", "hero_name": "花木兰", "kda": "3.83", "pick_cnt": "131", "played": "131", "win_rate": "0.5420" },
    { "avg_assist": "4.25", "avg_ban_seq": "3.2", "avg_bekill": "2.45", "avg_kill": "1.86", "avg_pick_seq": "0.0", "ban_cnt": "42", "gpm": "567", "hero_id": "128", "hero_name": "曹操", "kda": "3.52", "pick_cnt": "127", "played": "127", "win_rate": "0.5039" },
    { "avg_assist": "6.37", "avg_ban_seq": "6.1", "avg_bekill": "2.67", "avg_kill": "0.74", "avg_pick_seq": "0.0", "ban_cnt": "4", "gpm": "340", "hero_id": "171", "hero_name": "张飞", "kda": "3.82", "pick_cnt": "123", "played": "123", "win_rate": "0.5203" },
    { "avg_assist": "4.95", "avg_ban_seq": "5.3", "avg_bekill": "2.05", "avg_kill": "3.28", "avg_pick_seq": "0.0", "ban_cnt": "30", "gpm": "537", "hero_id": "157", "hero_name": "不知火舞", "kda": "5.05", "pick_cnt": "114", "played": "114", "win_rate": "0.6053" },
    { "avg_assist": "4.05", "avg_ban_seq": "5.2", "avg_bekill": "1.88", "avg_kill": "4.59", "avg_pick_seq": "0.0", "ban_cnt": "31", "gpm": "574", "hero_id": "190", "hero_name": "诸葛亮", "kda": "5.73", "pick_cnt": "112", "played": "112", "win_rate": "0.4643" },
    { "avg_assist": "5.08", "avg_ban_seq": "5.2", "avg_bekill": "2.76", "avg_kill": "2.44", "avg_pick_seq": "0.0", "ban_cnt": "29", "gpm": "477", "hero_id": "134", "hero_name": "达摩", "kda": "3.79", "pick_cnt": "96", "played": "96", "win_rate": "0.5208" },
    { "avg_assist": "6.51", "avg_ban_seq": "4.9", "avg_bekill": "2.33", "avg_kill": "1.63", "avg_pick_seq": "0.0", "ban_cnt": "26", "gpm": "414", "hero_id": "113", "hero_name": "庄周", "kda": "5.00", "pick_cnt": "91", "played": "91", "win_rate": "0.5714" },
    { "avg_assist": "4.93", "avg_ban_seq": "4.4", "avg_bekill": "2.17", "avg_kill": "2.75", "avg_pick_seq": "0.0", "ban_cnt": "51", "gpm": "633", "hero_id": "132", "hero_name": "马可波罗", "kda": "4.63", "pick_cnt": "87", "played": "87", "win_rate": "0.5057" },
    { "avg_assist": "6.61", "avg_ban_seq": "7.2", "avg_bekill": "2.30", "avg_kill": "1.00", "avg_pick_seq": "0.0", "ban_cnt": "3", "gpm": "341", "hero_id": "118", "hero_name": "孙膑", "kda": "4.58", "pick_cnt": "74", "played": "74", "win_rate": "0.4459" },
    { "avg_assist": "4.27", "avg_ban_seq": "3.6", "avg_bekill": "3.47", "avg_kill": "1.78", "avg_pick_seq": "0.0", "ban_cnt": "72", "gpm": "576", "hero_id": "139", "hero_name": "老夫子", "kda": "2.35", "pick_cnt": "60", "played": "60", "win_rate": "0.4667" },
    { "avg_assist": "4.68", "avg_ban_seq": "7.1", "avg_bekill": "1.79", "avg_kill": "2.58", "avg_pick_seq": "0.0", "ban_cnt": "15", "gpm": "560", "hero_id": "174", "hero_name": "虞姬", "kda": "4.91", "pick_cnt": "57", "played": "57", "win_rate": "0.4386" },
    { "avg_assist": "6.14", "avg_ban_seq": "3.5", "avg_bekill": "2.43", "avg_kill": "3.22", "avg_pick_seq": "0.0", "ban_cnt": "94", "gpm": "584", "hero_id": "173", "hero_name": "李元芳", "kda": "5.31", "pick_cnt": "49", "played": "49", "win_rate": "0.4898" },
    { "avg_assist": "4.35", "avg_ban_seq": "3.3", "avg_bekill": "2.37", "avg_kill": "4.57", "avg_pick_seq": "0.0", "ban_cnt": "116", "gpm": "567", "hero_id": "116", "hero_name": "阿轲", "kda": "5.58", "pick_cnt": "46", "played": "46", "win_rate": "0.6087" },
    { "avg_assist": "4.84", "avg_ban_seq": "7.1", "avg_bekill": "2.98", "avg_kill": "2.84", "avg_pick_seq": "0.0", "ban_cnt": "8", "gpm": "529", "hero_id": "115", "hero_name": "高渐离", "kda": "3.38", "pick_cnt": "43", "played": "43", "win_rate": "0.2791" },
    { "avg_assist": "5.62", "avg_ban_seq": "4.5", "avg_bekill": "4.50", "avg_kill": "1.57", "avg_pick_seq": "0.0", "ban_cnt": "54", "gpm": "332", "hero_id": "187", "hero_name": "东皇太一", "kda": "1.88", "pick_cnt": "42", "played": "42", "win_rate": "0.3095" },
    { "avg_assist": "4.53", "avg_ban_seq": "6.9", "avg_bekill": "2.53", "avg_kill": "2.92", "avg_pick_seq": "0.0", "ban_cnt": "19", "gpm": "520", "hero_id": "131", "hero_name": "李白", "kda": "3.99", "pick_cnt": "36", "played": "36", "win_rate": "0.5000" },
    { "avg_assist": "5.69", "avg_ban_seq": "7.5", "avg_bekill": "2.54", "avg_kill": "2.66", "avg_pick_seq": "0.0", "ban_cnt": "8", "gpm": "618", "hero_id": "133", "hero_name": "狄仁杰", "kda": "4.68", "pick_cnt": "35", "played": "35", "win_rate": "0.5429" },
    { "avg_assist": "4.71", "avg_ban_seq": "3.5", "avg_bekill": "2.65", "avg_kill": "2.65", "avg_pick_seq": "0.0", "ban_cnt": "109", "gpm": "578", "hero_id": "140", "hero_name": "关羽", "kda": "3.76", "pick_cnt": "34", "played": "34", "win_rate": "0.5000" },
    { "avg_assist": "5.11", "avg_ban_seq": "4.2", "avg_bekill": "2.33", "avg_kill": "3.67", "avg_pick_seq": "0.0", "ban_cnt": "42", "gpm": "643", "hero_id": "146", "hero_name": "露娜", "kda": "5.57", "pick_cnt": "27", "played": "27", "win_rate": "0.6667" },
    { "avg_assist": "6.19", "avg_ban_seq": "7.0", "avg_bekill": "3.15", "avg_kill": "0.62", "avg_pick_seq": "0.0", "ban_cnt": "0", "gpm": "340", "hero_id": "168", "hero_name": "牛魔", "kda": "3.16", "pick_cnt": "26", "played": "26", "win_rate": "0.4615" },
    { "avg_assist": "3.16", "avg_ban_seq": "8.1", "avg_bekill": "2.24", "avg_kill": "2.32", "avg_pick_seq": "0.0", "ban_cnt": "2", "gpm": "553", "hero_id": "123", "hero_name": "吕布", "kda": "3.16", "pick_cnt": "25", "played": "25", "win_rate": "0.4000" },
    { "avg_assist": "4.29", "avg_ban_seq": "8.4", "avg_bekill": "1.58", "avg_kill": "3.12", "avg_pick_seq": "0.0", "ban_cnt": "2", "gpm": "630", "hero_id": "111", "hero_name": "孙尚香", "kda": "4.70", "pick_cnt": "24", "played": "24", "win_rate": "0.5417" },
    { "avg_assist": "3.88", "avg_ban_seq": "3.8", "avg_bekill": "1.38", "avg_kill": "3.75", "avg_pick_seq": "0.0", "ban_cnt": "141", "gpm": "552", "hero_id": "182", "hero_name": "干将莫邪", "kda": "5.87", "pick_cnt": "24", "played": "24", "win_rate": "0.4167" },
    { "avg_assist": "5.91", "avg_ban_seq": "5.9", "avg_bekill": "2.23", "avg_kill": "3.45", "avg_pick_seq": "0.0", "ban_cnt": "22", "gpm": "565", "hero_id": "141", "hero_name": "貂蝉", "kda": "5.56", "pick_cnt": "22", "played": "22", "win_rate": "0.5000" },
    { "avg_assist": "3.31", "avg_ban_seq": "3.3", "avg_bekill": "2.85", "avg_kill": "2.85", "avg_pick_seq": "0.0", "ban_cnt": "63", "gpm": "612", "hero_id": "121", "hero_name": "芈月", "kda": "2.95", "pick_cnt": "13", "played": "13", "win_rate": "0.6923" },
    { "avg_assist": "5.80", "avg_ban_seq": "9.2", "avg_bekill": "2.90", "avg_kill": "2.70", "avg_pick_seq": "0.0", "ban_cnt": "0", "gpm": "485", "hero_id": "107", "hero_name": "赵云", "kda": "3.38", "pick_cnt": "10", "played": "10", "win_rate": "0.4000" },
    { "avg_assist": "4.00", "avg_ban_seq": "7.4", "avg_bekill": "3.11", "avg_kill": "3.11", "avg_pick_seq": "0.0", "ban_cnt": "0", "gpm": "645", "hero_id": "150", "hero_name": "韩信", "kda": "6.08", "pick_cnt": "9", "played": "9", "win_rate": "0.4444" },
    { "avg_assist": "5.00", "avg_ban_seq": "8.3", "avg_bekill": "2.78", "avg_kill": "1.89", "avg_pick_seq": "0.0", "ban_cnt": "0", "gpm": "520", "hero_id": "180", "hero_name": "哪吒", "kda": "2.65", "pick_cnt": "9", "played": "9", "win_rate": "0.4444" },
    { "avg_assist": "6.78", "avg_ban_seq": "9.0", "avg_bekill": "3.67", "avg_kill": "1.67", "avg_pick_seq": "0.0", "ban_cnt": "0", "gpm": "479", "hero_id": "163", "hero_name": "橘右京", "kda": "3.62", "pick_cnt": "9", "played": "9", "win_rate": "0.5556" },
    { "avg_assist": "3.83", "avg_ban_seq": "7.5", "avg_bekill": "3.33", "avg_kill": "0.83", "avg_pick_seq": "0.0", "ban_cnt": "0", "gpm": "381", "hero_id": "149", "hero_name": "刘邦", "kda": "1.78", "pick_cnt": "6", "played": "6", "win_rate": "0.1667" },
    { "avg_assist": "5.17", "avg_ban_seq": "8.2", "avg_bekill": "1.50", "avg_kill": "1.17", "avg_pick_seq": "0.0", "ban_cnt": "0", "gpm": "519", "hero_id": "108", "hero_name": "墨子", "kda": "6.00", "pick_cnt": "6", "played": "6", "win_rate": "0.5000" },
    { "avg_assist": "2.60", "avg_ban_seq": "7.0", "avg_bekill": "0.80", "avg_kill": "3.00", "avg_pick_seq": "0.0", "ban_cnt": "3", "gpm": "661", "hero_id": "192", "hero_name": "黄忠", "kda": "5.60", "pick_cnt": "5", "played": "5", "win_rate": "0.6000" },
    { "avg_assist": "9.00", "avg_ban_seq": "8.6", "avg_bekill": "3.00", "avg_kill": "1.75", "avg_pick_seq": "0.0", "ban_cnt": "1", "gpm": "469", "hero_id": "148", "hero_name": "姜子牙", "kda": "5.81", "pick_cnt": "4", "played": "4", "win_rate": "0.7500" },
    { "avg_assist": "3.75", "avg_ban_seq": "9.5", "avg_bekill": "5.00", "avg_kill": "4.00", "avg_pick_seq": "0.0", "ban_cnt": "0", "gpm": "516", "hero_id": "162", "hero_name": "娜可露露", "kda": "1.54", "pick_cnt": "4", "played": "4", "win_rate": "0.2500" },
    { "avg_assist": "2.67", "avg_ban_seq": "7.3", "avg_bekill": "1.67", "avg_kill": "2.00", "avg_pick_seq": "0.0", "ban_cnt": "0", "gpm": "574", "hero_id": "110", "hero_name": "嬴政", "kda": "3.56", "pick_cnt": "3", "played": "3", "win_rate": "0.6667" },
    { "avg_assist": "2.33", "avg_ban_seq": "10.0", "avg_bekill": "3.67", "avg_kill": "3.00", "avg_pick_seq": "0.0", "ban_cnt": "0", "gpm": "577", "hero_id": "169", "hero_name": "后羿", "kda": "1.72", "pick_cnt": "3", "played": "3", "win_rate": "0.3333" },
    { "avg_assist": "6.00", "avg_ban_seq": "8.0", "avg_bekill": "1.00", "avg_kill": "1.00", "avg_pick_seq": "0.0", "ban_cnt": "0", "gpm": "512", "hero_id": "106", "hero_name": "小乔", "kda": "7.00", "pick_cnt": "1", "played": "1", "win_rate": "1.0000" },
    { "avg_assist": "2.00", "avg_ban_seq": "8.0", "avg_bekill": "3.00", "avg_kill": "0.00", "avg_pick_seq": "0.0", "ban_cnt": "0", "gpm": "318", "hero_id": "186", "hero_name": "太乙真人", "kda": "0.67", "pick_cnt": "1", "played": "1", "win_rate": "0.0000" },
    { "avg_assist": "9.00", "avg_ban_seq": "8.0", "avg_bekill": "5.00", "avg_kill": "1.00", "avg_pick_seq": "0.0", "ban_cnt": "0", "gpm": "393", "hero_id": "114", "hero_name": "刘禅", "kda": "2.00", "pick_cnt": "1", "played": "1", "win_rate": "1.0000" },
    { "avg_assist": "7.00", "avg_ban_seq": "10.0", "avg_bekill": "3.00", "avg_kill": "1.00", "avg_pick_seq": "0.0", "ban_cnt": "0", "gpm": "558", "hero_id": "136", "hero_name": "武则天", "kda": "2.67", "pick_cnt": "1", "played": "1", "win_rate": "0.0000" }
]