[
    { "avg_assist": "4.89", "avg_bekill": "2.58", "avg_kill": "2.53", "gpm": "486", "kda": "3.84", "name": "GK.黄大仙", "openid": "AAF56DF8B57DDF439561DE5FA824035C", "played": "36", "rating": "5.60", "total_kill": "91", "win_rate": "0.6667", "xpm": "721" },
    { "avg_assist": "5.25", "avg_bekill": "2.28", "avg_kill": "2.86", "gpm": "558", "kda": "4.67", "name": "GK.未央", "openid": "FF015A729A354D88C932FB379A94F347", "played": "36", "rating": "5.60", "total_kill": "103", "win_rate": "0.6667", "xpm": "747" },
    { "avg_assist": "4.86", "avg_bekill": "2.00", "avg_kill": "2.81", "gpm": "554", "kda": "4.63", "name": "GK.迷神", "openid": "5023AD9F6841811669BD74413DDD8A60", "played": "36", "rating": "5.60", "total_kill": "101", "win_rate": "0.6667", "xpm": "735" },
    { "avg_assist": "5.33", "avg_bekill": "2.53", "avg_kill": "3.67", "gpm": "523", "kda": "4.37", "name": "GK.淤青", "openid": "F74B10E1D290EF2213BFA2979238B3B2", "played": "36", "rating": "5.60", "total_kill": "132", "win_rate": "0.6667", "xpm": "723" },
    { "avg_assist": "6.94", "avg_bekill": "2.86", "avg_kill": "1.22", "gpm": "354", "kda": "4.32", "name": "GK.胖墩", "openid": "D524EC63CD87275ED44EFB2C898E0360", "played": "36", "rating": "5.60", "total_kill": "44", "win_rate": "0.6667", "xpm": "675" },
    { "avg_assist": "6.31", "avg_bekill": "2.31", "avg_kill": "0.91", "gpm": "319", "kda": "4.39", "name": "BA黑凤梨.初冬", "openid": "52DF02A577817ED601EF3229118935FA", "played": "35", "rating": "5.60", "total_kill": "32", "win_rate": "0.5143", "xpm": "717" },
    { "avg_assist": "4.31", "avg_bekill": "2.51", "avg_kill": "2.54", "gpm": "602", "kda": "3.94", "name": "BA黑凤梨.六点六", "openid": "38A1A5401569451A53BCA340154E5B3B", "played": "35", "rating": "5.60", "total_kill": "89", "win_rate": "0.5143", "xpm": "792" },
    { "avg_assist": "3.91", "avg_bekill": "2.00", "avg_kill": "4.06", "gpm": "601", "kda": "5.15", "name": "BA黑凤梨.居居", "openid": "9EF5FFA1B24C530E143325B3058D16C1", "played": "35", "rating": "5.60", "total_kill": "142", "win_rate": "0.5143", "xpm": "794" },
    { "avg_assist": "7.35", "avg_bekill": "2.21", "avg_kill": "1.00", "gpm": "352", "kda": "5.36", "name": "EP.苏帝", "openid": "7F290E0A9187060C544DB344FF7A2167", "played": "34", "rating": "5.60", "total_kill": "34", "win_rate": "0.5882", "xpm": "727" },
    { "avg_assist": "7.47", "avg_bekill": "2.91", "avg_kill": "0.79", "gpm": "337", "kda": "4.22", "name": "RNGM.一笑", "openid": "994A5DE11D0CE4FA9E698DECE3DC22D2", "played": "34", "rating": "5.60", "total_kill": "27", "win_rate": "0.6471", "xpm": "718" },
    { "avg_assist": "6.09", "avg_bekill": "2.47", "avg_kill": "3.76", "gpm": "621", "kda": "5.50", "name": "RNGM.虔诚", "openid": "F1BCCA006C3701F765FD5D8AE9DC349F", "played": "34", "rating": "5.60", "total_kill": "128", "win_rate": "0.6471", "xpm": "813" },
    { "avg_assist": "5.71", "avg_bekill": "2.53", "avg_kill": "2.82", "gpm": "550", "kda": "4.32", "name": "EP.有梦", "openid": "961A6863B8E594DD4FC7E120890BF0BE", "played": "34", "rating": "5.60", "total_kill": "96", "win_rate": "0.5882", "xpm": "790" },
    { "avg_assist": "5.56", "avg_bekill": "1.74", "avg_kill": "3.62", "gpm": "576", "kda": "6.16", "name": "RNGM.暴风锐", "openid": "C33F4D32C03321DF09F884E61C01394E", "played": "34", "rating": "5.60", "total_kill": "123", "win_rate": "0.6471", "xpm": "789" },
    { "avg_assist": "5.18", "avg_bekill": "2.33", "avg_kill": "2.64", "gpm": "606", "kda": "4.59", "name": "EP.芜神", "openid": "9A78D9FF463E97C8E5DB93864F1D1F7A", "played": "33", "rating": "5.60", "total_kill": "87", "win_rate": "0.6061", "xpm": "800" },
    { "avg_assist": "5.70", "avg_bekill": "1.39", "avg_kill": "3.64", "gpm": "578", "kda": "7.46", "name": "EP.阿楠", "openid": "F20A79CABDFBFD552C72E1E72379A885", "played": "33", "rating": "5.60", "total_kill": "120", "win_rate": "0.6061", "xpm": "786" },
    { "avg_assist": "4.00", "avg_bekill": "2.69", "avg_kill": "4.00", "gpm": "625", "kda": "4.22", "name": "RNGM.阿杰", "openid": "BBB9B79E349F28B481CB9C9D2583CE91", "played": "32", "rating": "5.60", "total_kill": "128", "win_rate": "0.6563", "xpm": "800" },
    { "avg_assist": "3.90", "avg_bekill": "2.26", "avg_kill": "2.58", "gpm": "574", "kda": "3.62", "name": "EP.浩然", "openid": "80A489A92A48E4A560E240EB6926360D", "played": "31", "rating": "5.60", "total_kill": "80", "win_rate": "0.5806", "xpm": "779" },
    { "avg_assist": "6.85", "avg_bekill": "1.89", "avg_kill": "2.85", "gpm": "524", "kda": "6.34", "name": "EDGM.浪浪", "openid": "B58E5BEB1CAC18ADF1300F9877348CA4", "played": "27", "rating": "5.60", "total_kill": "77", "win_rate": "0.6667", "xpm": "826" },
    { "avg_assist": "5.44", "avg_bekill": "1.81", "avg_kill": "2.19", "gpm": "566", "kda": "5.02", "name": "EDGM.阿楚", "openid": "B24AE898D77397EFB00E1CA9BC8C9E61", "played": "27", "rating": "5.60", "total_kill": "59", "win_rate": "0.6667", "xpm": "841" },
    { "avg_assist": "7.63", "avg_bekill": "1.74", "avg_kill": "1.48", "gpm": "375", "kda": "6.59", "name": "EDGM.PJJ", "openid": "C01ECCCEA8C5A9BFFC3A3347F143CCF8", "played": "27", "rating": "5.60", "total_kill": "40", "win_rate": "0.6667", "xpm": "781" },
    { "avg_assist": "5.59", "avg_bekill": "1.56", "avg_kill": "4.93", "gpm": "657", "kda": "8.66", "name": "EDGM.初晨", "openid": "65907C634614595853DF76D9708F0E04", "played": "27", "rating": "5.60", "total_kill": "133", "win_rate": "0.6667", "xpm": "881" },
    { "avg_assist": "5.33", "avg_bekill": "1.78", "avg_kill": "3.00", "gpm": "582", "kda": "5.76", "name": "EDGM.阿澈", "openid": "BDA5D3D8B600DC8ACD800F77FFE41BE0", "played": "27", "rating": "5.60", "total_kill": "81", "win_rate": "0.6667", "xpm": "835" },
    { "avg_assist": "3.92", "avg_bekill": "3.62", "avg_kill": "2.85", "gpm": "567", "kda": "2.35", "name": "DL丶彬哥", "openid": "308E9C4E73D5E73DB68FA4E0A352A92C", "played": "26", "rating": "5.60", "total_kill": "74", "win_rate": "0.3077", "xpm": "815" },
    { "avg_assist": "5.58", "avg_bekill": "2.65", "avg_kill": "3.04", "gpm": "529", "kda": "4.50", "name": "DL丶江晓熊", "openid": "E5135D180A7849DB7A6685CDCD55718B", "played": "26", "rating": "5.60", "total_kill": "79", "win_rate": "0.3077", "xpm": "811" },
    { "avg_assist": "4.65", "avg_bekill": "2.69", "avg_kill": "2.77", "gpm": "593", "kda": "3.90", "name": "SC丶王子", "openid": "92CD9B43700546FF91CCE9B6F94519BC", "played": "26", "rating": "5.60", "total_kill": "72", "win_rate": "0.3462", "xpm": "845" },
    { "avg_assist": "3.31", "avg_bekill": "3.46", "avg_kill": "2.62", "gpm": "589", "kda": "2.50", "name": "DR、阿纯", "openid": "A422EEA48A910BCEE3158EC2CB2C2253", "played": "26", "rating": "5.60", "total_kill": "68", "win_rate": "0.3846", "xpm": "762" },
    { "avg_assist": "3.50", "avg_bekill": "2.65", "avg_kill": "2.92", "gpm": "616", "kda": "3.47", "name": "RNG丶139", "openid": "53DCEEA9E4B19A63BF21DD335CDDA488", "played": "26", "rating": "5.60", "total_kill": "76", "win_rate": "0.3846", "xpm": "833" },
    { "avg_assist": "4.35", "avg_bekill": "3.50", "avg_kill": "2.69", "gpm": "504", "kda": "2.79", "name": "SC丶凌斗", "openid": "BB703C83D02811F952CEDA140D17582F", "played": "26", "rating": "5.60", "total_kill": "70", "win_rate": "0.3462", "xpm": "816" },
    { "avg_assist": "3.04", "avg_bekill": "3.00", "avg_kill": "1.96", "gpm": "579", "kda": "2.39", "name": "RNG丶play", "openid": "E86B8AFB124F4B05A76E8C7D3E74D732", "played": "26", "rating": "5.60", "total_kill": "51", "win_rate": "0.3846", "xpm": "817" },
    { "avg_assist": "4.92", "avg_bekill": "1.88", "avg_kill": "0.92", "gpm": "345", "kda": "3.74", "name": "SV.迷风花", "openid": "EB4703520854F95B4D3049DFCCDDFB3B", "played": "26", "rating": "5.60", "total_kill": "24", "win_rate": "0.3846", "xpm": "660" },
    { "avg_assist": "6.08", "avg_bekill": "3.38", "avg_kill": "1.23", "gpm": "378", "kda": "2.58", "name": "DL丶悍匪", "openid": "97C9B63B7AEF7B49E377B245E9051A92", "played": "26", "rating": "5.60", "total_kill": "32", "win_rate": "0.3077", "xpm": "744" },
    { "avg_assist": "4.58", "avg_bekill": "2.19", "avg_kill": "2.50", "gpm": "569", "kda": "4.31", "name": "SC丶空山", "openid": "5FC09D335EEA9270BAE822AE149DFDCA", "played": "26", "rating": "5.60", "total_kill": "65", "win_rate": "0.3462", "xpm": "825" },
    { "avg_assist": "5.08", "avg_bekill": "3.42", "avg_kill": "0.81", "gpm": "327", "kda": "2.23", "name": "RNG丶Heart", "openid": "1D10A5F269A378DBB15AFA4CA4B2BFD7", "played": "26", "rating": "5.60", "total_kill": "21", "win_rate": "0.3846", "xpm": "718" },
    { "avg_assist": "4.58", "avg_bekill": "2.85", "avg_kill": "3.65", "gpm": "560", "kda": "4.32", "name": "SC丶安然", "openid": "B1510934B4CEB391610D9B817C6C369C", "played": "26", "rating": "5.60", "total_kill": "95", "win_rate": "0.3462", "xpm": "819" },
    { "avg_assist": "4.23", "avg_bekill": "2.92", "avg_kill": "2.12", "gpm": "474", "kda": "3.62", "name": "RNG丶轩神", "openid": "B5A48A123D486FC0FEB8CA27D959C931", "played": "26", "rating": "5.60", "total_kill": "55", "win_rate": "0.3846", "xpm": "801" },
    { "avg_assist": "3.85", "avg_bekill": "2.88", "avg_kill": "2.08", "gpm": "475", "kda": "2.61", "name": "SV.小怪兽", "openid": "07B4EDF3EDFFE6EAA8EE349D3BADB4CF", "played": "26", "rating": "5.60", "total_kill": "54", "win_rate": "0.3846", "xpm": "726" },
    { "avg_assist": "2.23", "avg_bekill": "2.04", "avg_kill": "1.38", "gpm": "531", "kda": "2.41", "name": "SV.阿威", "openid": "D61F54B45A940B186EEB5EF16ACE9DB2", "played": "26", "rating": "5.60", "total_kill": "36", "win_rate": "0.3846", "xpm": "732" },
    { "avg_assist": "3.88", "avg_bekill": "2.38", "avg_kill": "3.46", "gpm": "537", "kda": "4.11", "name": "DL丶拖米", "openid": "95134D2101C0671BA9331B2491409E44", "played": "26", "rating": "5.60", "total_kill": "90", "win_rate": "0.3077", "xpm": "800" },
    { "avg_assist": "4.35", "avg_bekill": "2.54", "avg_kill": "2.00", "gpm": "573", "kda": "3.11", "name": "DL丶余生", "openid": "EA554825F3FA2A7D6D89AC91A3FCEA31", "played": "26", "rating": "5.60", "total_kill": "52", "win_rate": "0.3077", "xpm": "821" },
    { "avg_assist": "6.46", "avg_bekill": "3.65", "avg_kill": "0.96", "gpm": "331", "kda": "2.76", "name": "SC丶多情", "openid": "A14825E492492CBCED5892B5406EE7E5", "played": "26", "rating": "5.60", "total_kill": "25", "win_rate": "0.3462", "xpm": "710" },
    { "avg_assist": "3.73", "avg_bekill": "2.04", "avg_kill": "3.58", "gpm": "531", "kda": "4.19", "name": "DR丶将军", "openid": "B49C35C2113076CF778A1A17118893C6", "played": "26", "rating": "5.60", "total_kill": "93", "win_rate": "0.3846", "xpm": "745" },
    { "avg_assist": "3.85", "avg_bekill": "2.12", "avg_kill": "3.15", "gpm": "561", "kda": "4.53", "name": "RNG丶晨风", "openid": "9CFC3F68C2133C1BAC41EE83F174A9A2", "played": "26", "rating": "5.60", "total_kill": "82", "win_rate": "0.3846", "xpm": "808" },
    { "avg_assist": "5.52", "avg_bekill": "2.40", "avg_kill": "2.72", "gpm": "612", "kda": "4.60", "name": "LGD.boy", "openid": "249FA039D369E57B01FFAD2D57C4C78D", "played": "25", "rating": "5.60", "total_kill": "68", "win_rate": "0.5200", "xpm": "839" },
    { "avg_assist": "7.40", "avg_bekill": "2.48", "avg_kill": "1.00", "gpm": "375", "kda": "4.73", "name": "LGD.SR", "openid": "62654C39422F53DEEDC0B065CEB0DE29", "played": "25", "rating": "5.60", "total_kill": "25", "win_rate": "0.5200", "xpm": "746" },
    { "avg_assist": "4.92", "avg_bekill": "2.32", "avg_kill": "4.48", "gpm": "554", "kda": "5.51", "name": "LGD.离落", "openid": "00F74B787710C97916B3A322EE977B49", "played": "25", "rating": "5.60", "total_kill": "112", "win_rate": "0.5200", "xpm": "807" },
    { "avg_assist": "5.40", "avg_bekill": "2.76", "avg_kill": "3.44", "gpm": "523", "kda": "5.08", "name": "LGD.迪", "openid": "4BEF16C4B4073EE9190B707946F7DE52", "played": "25", "rating": "5.60", "total_kill": "86", "win_rate": "0.5200", "xpm": "828" },
    { "avg_assist": "4.36", "avg_bekill": "3.76", "avg_kill": "3.00", "gpm": "567", "kda": "3.18", "name": "Hero.Jet", "openid": "6032526B0E40970311FC5BA4BC1CC987", "played": "25", "rating": "5.60", "total_kill": "75", "win_rate": "0.4400", "xpm": "798" },
    { "avg_assist": "3.88", "avg_bekill": "2.04", "avg_kill": "4.56", "gpm": "552", "kda": "5.05", "name": "Hero.Fog", "openid": "F04819E3843F16925F94B5916495E918", "played": "25", "rating": "5.60", "total_kill": "114", "win_rate": "0.4400", "xpm": "775" },
    { "avg_assist": "3.64", "avg_bekill": "3.36", "avg_kill": "2.04", "gpm": "583", "kda": "2.82", "name": "Hero.ACE", "openid": "3E039FE313A926B9CF203DE8C32C77B1", "played": "25", "rating": "5.60", "total_kill": "51", "win_rate": "0.4400", "xpm": "787" },
    { "avg_assist": "3.32", "avg_bekill": "2.04", "avg_kill": "2.96", "gpm": "530", "kda": "4.09", "name": "SV.心醉", "openid": "03C692C2132AAF22135204F4A4F5B87F", "played": "25", "rating": "5.60", "total_kill": "74", "win_rate": "0.4000", "xpm": "777" },
    { "avg_assist": "4.60", "avg_bekill": "3.16", "avg_kill": "1.36", "gpm": "473", "kda": "2.86", "name": "Hero.Pluto", "openid": "A5037810055921E68026F691CE063847", "played": "25", "rating": "5.60", "total_kill": "34", "win_rate": "0.4400", "xpm": "755" },
    { "avg_assist": "3.96", "avg_bekill": "2.58", "avg_kill": "2.54", "gpm": "585", "kda": "3.33", "name": "DR丶酒苼", "openid": "0EEB6135E494AF4D329AB8DE810B5A5E", "played": "24", "rating": "5.60", "total_kill": "61", "win_rate": "0.4167", "xpm": "759" },
    { "avg_assist": "4.52", "avg_bekill": "2.13", "avg_kill": "2.87", "gpm": "600", "kda": "4.37", "name": "RNGM.凉晨", "openid": "5BD6D8E9DEB9362CC60A568244A18625", "played": "23", "rating": "5.60", "total_kill": "66", "win_rate": "0.5652", "xpm": "789" },
    { "avg_assist": "5.00", "avg_bekill": "3.27", "avg_kill": "0.86", "gpm": "343", "kda": "2.29", "name": "DR丶笑笑", "openid": "FFBA6083A5EC6F8D4A00A15A88A242AB", "played": "22", "rating": "5.60", "total_kill": "19", "win_rate": "0.4091", "xpm": "695" },
    { "avg_assist": "4.09", "avg_bekill": "3.91", "avg_kill": "1.95", "gpm": "519", "kda": "1.71", "name": "DR丶咩咩", "openid": "61FB4978731530DB27226AB575EA1129", "played": "22", "rating": "5.60", "total_kill": "43", "win_rate": "0.4091", "xpm": "751" },
    { "avg_assist": "4.63", "avg_bekill": "3.21", "avg_kill": "2.79", "gpm": "545", "kda": "3.00", "name": "BA黑凤梨.九月", "openid": "55833AAED46B1045AFE756BA8C0B4F07", "played": "19", "rating": "5.60", "total_kill": "53", "win_rate": "0.4737", "xpm": "820" },
    { "avg_assist": "6.06", "avg_bekill": "2.00", "avg_kill": "1.94", "gpm": "597", "kda": "4.98", "name": "BA黑凤梨.小兽", "openid": "F3E08E1AC058EC52B27CFD04D7FD24A1", "played": "18", "rating": "5.60", "total_kill": "35", "win_rate": "0.5000", "xpm": "827" },
    { "avg_assist": "6.00", "avg_bekill": "1.41", "avg_kill": "2.71", "gpm": "567", "kda": "6.29", "name": "BA黑凤梨.小剑", "openid": "AE1143A24050713B348441573E740EC8", "played": "17", "rating": "5.60", "total_kill": "46", "win_rate": "0.5294", "xpm": "805" },
    { "avg_assist": "4.31", "avg_bekill": "2.38", "avg_kill": "2.44", "gpm": "517", "kda": "3.62", "name": "BA.FeiFei", "openid": "F3C21AE3A9B7371902FC174BBA369DE1", "played": "16", "rating": "5.60", "total_kill": "39", "win_rate": "0.5625", "xpm": "759" },
    { "avg_assist": "7.00", "avg_bekill": "3.19", "avg_kill": "0.81", "gpm": "333", "kda": "3.91", "name": "Hero.八千", "openid": "2C72B7E7D935B32D4CE40C98DAE62937", "played": "16", "rating": "5.60", "total_kill": "13", "win_rate": "0.5625", "xpm": "710" },
    { "avg_assist": "3.00", "avg_bekill": "1.56", "avg_kill": "1.12", "gpm": "588", "kda": "2.86", "name": "SV.夏天", "openid": "3E98E4F4AF88D2A4E228A06B7B4FFECE", "played": "16", "rating": "5.60", "total_kill": "18", "win_rate": "0.4375", "xpm": "844" },
    { "avg_assist": "3.94", "avg_bekill": "2.88", "avg_kill": "1.75", "gpm": "555", "kda": "3.19", "name": "LGD.DJ", "openid": "C76A8D20E92720A3143B03320FA3990A", "played": "16", "rating": "5.60", "total_kill": "28", "win_rate": "0.5625", "xpm": "784" },
    { "avg_assist": "6.08", "avg_bekill": "2.92", "avg_kill": "3.38", "gpm": "507", "kda": "4.36", "name": "RNGM.伊恩", "openid": "1ADE7C65DFA7373C8DEC4B7477E636A1", "played": "13", "rating": "5.60", "total_kill": "44", "win_rate": "0.7692", "xpm": "729" },
    { "avg_assist": "3.44", "avg_bekill": "2.78", "avg_kill": "2.56", "gpm": "586", "kda": "2.26", "name": "Hero.Tiger", "openid": "8DB48AACA82F90CAE252E6AEC1BADC6D", "played": "9", "rating": "5.60", "total_kill": "23", "win_rate": "0.2222", "xpm": "787" },
    { "avg_assist": "3.00", "avg_bekill": "2.44", "avg_kill": "1.33", "gpm": "561", "kda": "1.83", "name": "LGD.无情", "openid": "38897206E9F4A074579DDDB1E67AB619", "played": "9", "rating": "5.60", "total_kill": "12", "win_rate": "0.4444", "xpm": "864" },
    { "avg_assist": "4.22", "avg_bekill": "1.89", "avg_kill": "2.78", "gpm": "595", "kda": "4.93", "name": "SV.清歌", "openid": "D08776732C25A2DEF7D8532AD86A0BE3", "played": "9", "rating": "5.60", "total_kill": "25", "win_rate": "0.3333", "xpm": "777" },
    { "avg_assist": "2.67", "avg_bekill": "3.17", "avg_kill": "2.00", "gpm": "534", "kda": "2.57", "name": "DR丶梦蕊", "openid": "75F0BB3AF32A68FF3D80DB70027868A8", "played": "6", "rating": "5.60", "total_kill": "12", "win_rate": "0.1667", "xpm": "784" },
    { "avg_assist": "4.75", "avg_bekill": "4.00", "avg_kill": "2.25", "gpm": "308", "kda": "2.67", "name": "DR丶超神", "openid": "39ADAEFFADC1ABCDE0CC7E506B59B8C9", "played": "4", "rating": "5.60", "total_kill": "9", "win_rate": "0.2500", "xpm": "698" },
    { "avg_assist": "2.75", "avg_bekill": "1.75", "avg_kill": "0.75", "gpm": "553", "kda": "3.00", "name": "EP.KK", "openid": "0D11412F42A3BEC478F9F467F389C74C", "played": "4", "rating": "5.60", "total_kill": "3", "win_rate": "0.5000", "xpm": "850" },
    { "avg_assist": "0.00", "avg_bekill": "3.00", "avg_kill": "0.00", "gpm": "387", "kda": "0.00", "name": "EP.司音", "openid": "39B0801F999FB8F41F99B37815BDD8B8", "played": "1", "rating": "5.60", "total_kill": "0", "win_rate": "0.0000", "xpm": "684" }
]