[
    { "ban_heros": "139|173|132", "camp": "2", "game_label": "217301", "game_time": "2017-06-19 14:06:09", "is_win": "0", "kill_cnt": "2", "pick_heros": "178|128|118|157|133", "team_id": "36", "team_name": "RNG" },
    { "ban_heros": "146|131|182", "camp": "1", "game_label": "217301", "game_time": "2017-06-19 14:06:09", "is_win": "1", "kill_cnt": "11", "pick_heros": "154|134|190|171|111", "team_id": "37", "team_name": "SV" },
    { "ban_heros": "134|173|190", "camp": "1", "game_label": "217301", "game_time": "2017-06-19 14:31:27", "is_win": "0", "kill_cnt": "9", "pick_heros": "139|171|178|108|174", "team_id": "36", "team_name": "RNG" },
    { "ban_heros": "131|146|182", "camp": "2", "game_label": "217301", "game_time": "2017-06-19 14:31:27", "is_win": "1", "kill_cnt": "11", "pick_heros": "157|132|128|168|163", "team_id": "37", "team_name": "SV" },
    { "ban_heros": "187|128|154", "camp": "1", "game_label": "217302", "game_time": "2017-06-19 15:31:52", "is_win": "0", "kill_cnt": "15", "pick_heros": "140|178|168|174|157", "team_id": "14", "team_name": "DL" },
    { "ban_heros": "116|139|182", "camp": "2", "game_label": "217302", "game_time": "2017-06-19 15:31:52", "is_win": "1", "kill_cnt": "17", "pick_heros": "190|173|180|171|134", "team_id": "38", "team_name": "RNG.M" },
    { "ban_heros": "182|140|187", "camp": "2", "game_label": "217302", "game_time": "2017-06-19 16:05:12", "is_win": "1", "kill_cnt": "10", "pick_heros": "190|128|171|131|174", "team_id": "14", "team_name": "DL" },
    { "ban_heros": "116|139|173", "camp": "1", "game_label": "217302", "game_time": "2017-06-19 16:05:12", "is_win": "0", "kill_cnt": "2", "pick_heros": "154|132|178|186|157", "team_id": "38", "team_name": "RNG.M" },
    { "ban_heros": "173|128|154", "camp": "1", "game_label": "217302", "game_time": "2017-06-19 16:28:11", "is_win": "0", "kill_cnt": "10", "pick_heros": "140|187|174|182|134", "team_id": "14", "team_name": "DL" },
    { "ban_heros": "116|139|190", "camp": "2", "game_label": "217302", "game_time": "2017-06-19 16:28:11", "is_win": "1", "kill_cnt": "14", "pick_heros": "178|157|131|171|180", "team_id": "38", "team_name": "RNG.M" },
    { "ban_heros": "187|116|140", "camp": "2", "game_label": "117303", "game_time": "2017-06-19 16:22:33", "is_win": "0", "kill_cnt": "10", "pick_heros": "134|171|113|133|136", "team_id": "20", "team_name": "SC" },
    { "ban_heros": "173|157|182", "camp": "1", "game_label": "117303", "game_time": "2017-06-19 16:22:33", "is_win": "1", "kill_cnt": "14", "pick_heros": "132|154|128|168|190", "team_id": "30", "team_name": "EP" },
    { "ban_heros": "187|116|140", "camp": "1", "game_label": "117303", "game_time": "2017-06-19 17:04:28", "is_win": "1", "kill_cnt": "13", "pick_heros": "178|171|139|115|174", "team_id": "20", "team_name": "SC" },
    { "ban_heros": "157|132|182", "camp": "2", "game_label": "117303", "game_time": "2017-06-19 17:04:28", "is_win": "0", "kill_cnt": "13", "pick_heros": "154|128|149|133|141", "team_id": "30", "team_name": "EP" },
    { "ban_heros": "140|128|146", "camp": "1", "game_label": "217304", "game_time": "2017-06-19 17:30:18", "is_win": "1", "kill_cnt": "20", "pick_heros": "173|139|157|113|171", "team_id": "32", "team_name": "BA黑凤梨" },
    { "ban_heros": "182|132|174", "camp": "2", "game_label": "217304", "game_time": "2017-06-19 17:30:18", "is_win": "0", "kill_cnt": "9", "pick_heros": "187|154|190|178|111", "team_id": "34", "team_name": "hero" },
    { "ban_heros": "187|116|132", "camp": "2", "game_label": "117303", "game_time": "2017-06-19 17:33:44", "is_win": "1", "kill_cnt": "18", "pick_heros": "140|139|113|190|154", "team_id": "20", "team_name": "SC" },
    { "ban_heros": "157|182|173", "camp": "1", "game_label": "117303", "game_time": "2017-06-19 17:33:44", "is_win": "0", "kill_cnt": "13", "pick_heros": "128|168|134|115|133", "team_id": "30", "team_name": "EP" },
    { "ban_heros": "140|128|182", "camp": "2", "game_label": "217304", "game_time": "2017-06-19 18:01:44", "is_win": "1", "kill_cnt": "20", "pick_heros": "157|154|134|178|118", "team_id": "32", "team_name": "BA黑凤梨" },
    { "ban_heros": "132|173|116", "camp": "1", "game_label": "217304", "game_time": "2017-06-19 18:01:44", "is_win": "0", "kill_cnt": "6", "pick_heros": "139|187|190|174|150", "team_id": "34", "team_name": "hero" },
    { "ban_heros": "128|182|154", "camp": "1", "game_label": "117305", "game_time": "2017-06-19 18:25:15", "is_win": "0", "kill_cnt": "3", "pick_heros": "132|178|134|168|115", "team_id": "35", "team_name": "LGD" },
    { "ban_heros": "171|139|190", "camp": "2", "game_label": "117305", "game_time": "2017-06-19 18:25:15", "is_win": "1", "kill_cnt": "14", "pick_heros": "140|157|173|187|123", "team_id": "38", "team_name": "RNG.M" },
    { "ban_heros": "173|187|182", "camp": "1", "game_label": "217306", "game_time": "2017-06-19 18:54:43", "is_win": "1", "kill_cnt": "16", "pick_heros": "128|157|113|134|133", "team_id": "27", "team_name": "GK" },
    { "ban_heros": "140|132|154", "camp": "2", "game_label": "217306", "game_time": "2017-06-19 18:54:43", "is_win": "0", "kill_cnt": "0", "pick_heros": "139|171|174|190|116", "team_id": "33", "team_name": "DR" },
    { "ban_heros": "173|182|128", "camp": "2", "game_label": "117305", "game_time": "2017-06-19 18:50:10", "is_win": "1", "kill_cnt": "19", "pick_heros": "140|171|141|174|131", "team_id": "35", "team_name": "LGD" },
    { "ban_heros": "139|134|157", "camp": "1", "game_label": "117305", "game_time": "2017-06-19 18:50:10", "is_win": "0", "kill_cnt": "13", "pick_heros": "190|154|178|132|187", "team_id": "38", "team_name": "RNG.M" },
    { "ban_heros": "173|182|113", "camp": "1", "game_label": "117305", "game_time": "2017-06-19 19:16:43", "is_win": "1", "kill_cnt": "18", "pick_heros": "128|154|187|141|116", "team_id": "35", "team_name": "LGD" },
    { "ban_heros": "171|139|140", "camp": "2", "game_label": "117305", "game_time": "2017-06-19 19:16:43", "is_win": "0", "kill_cnt": "4", "pick_heros": "190|134|174|178|168", "team_id": "38", "team_name": "RNG.M" },
    { "ban_heros": "173|187|182", "camp": "2", "game_label": "217306", "game_time": "2017-06-19 19:14:42", "is_win": "1", "kill_cnt": "10", "pick_heros": "128|171|116|111|190", "team_id": "27", "team_name": "GK" },
    { "ban_heros": "140|132|113", "camp": "1", "game_label": "217306", "game_time": "2017-06-19 19:14:42", "is_win": "0", "kill_cnt": "7", "pick_heros": "154|157|134|174|178", "team_id": "33", "team_name": "DR" },
    { "ban_heros": "173|128|182", "camp": "1", "game_label": "117307", "game_time": "2017-06-19 20:00:43", "is_win": "0", "kill_cnt": "4", "pick_heros": "154|190|171|123|131", "team_id": "14", "team_name": "DL" },
    { "ban_heros": "132|140|139", "camp": "2", "game_label": "117307", "game_time": "2017-06-19 20:00:43", "is_win": "1", "kill_cnt": "19", "pick_heros": "116|178|115|113|174", "team_id": "26", "team_name": "EDG.M" },
    { "ban_heros": "140|182|116", "camp": "2", "game_label": "117307", "game_time": "2017-06-19 20:24:32", "is_win": "0", "kill_cnt": "15", "pick_heros": "190|154|174|187|131", "team_id": "14", "team_name": "DL" },
    { "ban_heros": "139|132|111", "camp": "1", "game_label": "117307", "game_time": "2017-06-19 20:24:32", "is_win": "1", "kill_cnt": "19", "pick_heros": "173|113|178|157|128", "team_id": "26", "team_name": "EDG.M" },
    { "ban_heros": "140|173|182", "camp": "2", "game_label": "217308", "game_time": "2017-06-20 14:11:44", "is_win": "0", "kill_cnt": "19", "pick_heros": "132|128|168|116|190", "team_id": "36", "team_name": "RNG" },
    { "ban_heros": "139|187|178", "camp": "1", "game_label": "217308", "game_time": "2017-06-20 14:11:44", "is_win": "1", "kill_cnt": "29", "pick_heros": "154|134|171|111|157", "team_id": "38", "team_name": "RNG.M" },
    { "ban_heros": "187|178|141", "camp": "1", "game_label": "217308", "game_time": "2017-06-20 14:37:46", "is_win": "0", "kill_cnt": "27", "pick_heros": "139|171|134|115|133", "team_id": "36", "team_name": "RNG" },
    { "ban_heros": "140|173|182", "camp": "2", "game_label": "217308", "game_time": "2017-06-20 14:37:46", "is_win": "1", "kill_cnt": "42", "pick_heros": "190|154|132|168|107", "team_id": "38", "team_name": "RNG.M" },
    { "ban_heros": "139|132|140", "camp": "1", "game_label": "217309", "game_time": "2017-06-20 15:24:25", "is_win": "1", "kill_cnt": "13", "pick_heros": "116|178|113|187|115", "team_id": "26", "team_name": "EDG.M" },
    { "ban_heros": "146|182|173", "camp": "2", "game_label": "217309", "game_time": "2017-06-20 15:24:25", "is_win": "0", "kill_cnt": "13", "pick_heros": "128|154|190|174|118", "team_id": "33", "team_name": "DR" },
    { "ban_heros": "139|132|140", "camp": "2", "game_label": "217309", "game_time": "2017-06-20 15:50:56", "is_win": "1", "kill_cnt": "17", "pick_heros": "154|178|150|171|148", "team_id": "26", "team_name": "EDG.M" },
    { "ban_heros": "146|116|113", "camp": "1", "game_label": "217309", "game_time": "2017-06-20 15:50:56", "is_win": "0", "kill_cnt": "6", "pick_heros": "182|173|128|149|123", "team_id": "33", "team_name": "DR" },
    { "ban_heros": "140|128|134", "camp": "1", "game_label": "117310", "game_time": "2017-06-20 16:11:43", "is_win": "1", "kill_cnt": "11", "pick_heros": "132|154|113|157|118", "team_id": "32", "team_name": "BA黑凤梨" },
    { "ban_heros": "182|146|139", "camp": "2", "game_label": "117310", "game_time": "2017-06-20 16:11:43", "is_win": "0", "kill_cnt": "2", "pick_heros": "190|178|171|173|180", "team_id": "37", "team_name": "SV" },
    { "ban_heros": "140|132|128", "camp": "2", "game_label": "117310", "game_time": "2017-06-20 16:41:23", "is_win": "1", "kill_cnt": "13", "pick_heros": "173|190|116|171|154", "team_id": "32", "team_name": "BA黑凤梨" },
    { "ban_heros": "146|182|134", "camp": "1", "game_label": "117310", "game_time": "2017-06-20 16:41:23", "is_win": "0", "kill_cnt": "9", "pick_heros": "139|178|118|174|115", "team_id": "37", "team_name": "SV" },
    { "ban_heros": "187|116|154", "camp": "1", "game_label": "217311", "game_time": "2017-06-20 16:59:51", "is_win": "0", "kill_cnt": "6", "pick_heros": "132|190|171|134|123", "team_id": "20", "team_name": "SC" },
    { "ban_heros": "113|140|182", "camp": "2", "game_label": "217311", "game_time": "2017-06-20 16:59:51", "is_win": "1", "kill_cnt": "17", "pick_heros": "128|139|157|178|118", "team_id": "34", "team_name": "hero" },
    { "ban_heros": "187|182|116", "camp": "2", "game_label": "217311", "game_time": "2017-06-20 17:26:43", "is_win": "0", "kill_cnt": "14", "pick_heros": "140|139|118|178|115", "team_id": "20", "team_name": "SC" },
    { "ban_heros": "113|174|173", "camp": "1", "game_label": "217311", "game_time": "2017-06-20 17:26:43", "is_win": "1", "kill_cnt": "18", "pick_heros": "128|154|157|171|131", "team_id": "34", "team_name": "hero" },
    { "ban_heros": "182|154|132", "camp": "1", "game_label": "117312", "game_time": "2017-06-20 17:23:38", "is_win": "1", "kill_cnt": "22", "pick_heros": "128|139|171|121|116", "team_id": "35", "team_name": "LGD" },
    { "ban_heros": "173|141|190", "camp": "2", "game_label": "117312", "game_time": "2017-06-20 17:23:38", "is_win": "0", "kill_cnt": "18", "pick_heros": "134|157|187|140|123", "team_id": "36", "team_name": "RNG" },
    { "ban_heros": "182|173|139", "camp": "2", "game_label": "117312", "game_time": "2017-06-20 17:56:29", "is_win": "0", "kill_cnt": "7", "pick_heros": "128|171|157|131|169", "team_id": "35", "team_name": "LGD" },
    { "ban_heros": "116|141|154", "camp": "1", "game_label": "117312", "game_time": "2017-06-20 17:56:29", "is_win": "1", "kill_cnt": "12", "pick_heros": "190|134|132|178|187", "team_id": "36", "team_name": "RNG" },
    { "ban_heros": "187|128|140", "camp": "1", "game_label": "217313", "game_time": "2017-06-20 18:00:15", "is_win": "0", "kill_cnt": "13", "pick_heros": "173|113|115|149|123", "team_id": "14", "team_name": "DL" },
    { "ban_heros": "182|116|139", "camp": "2", "game_label": "217313", "game_time": "2017-06-20 18:00:15", "is_win": "1", "kill_cnt": "16", "pick_heros": "178|154|171|190|132", "team_id": "33", "team_name": "DR" },
    { "ban_heros": "187|182|173", "camp": "1", "game_label": "117312", "game_time": "2017-06-20 18:19:10", "is_win": "0", "kill_cnt": "4", "pick_heros": "190|132|140|113|128", "team_id": "35", "team_name": "LGD" },
    { "ban_heros": "141|116|139", "camp": "2", "game_label": "117312", "game_time": "2017-06-20 18:19:10", "is_win": "1", "kill_cnt": "7", "pick_heros": "154|171|134|157|192", "team_id": "36", "team_name": "RNG" },
    { "ban_heros": "182|173|178", "camp": "2", "game_label": "217313", "game_time": "2017-06-20 18:29:45", "is_win": "0", "kill_cnt": "12", "pick_heros": "187|154|132|190|163", "team_id": "14", "team_name": "DL" },
    { "ban_heros": "116|128|140", "camp": "1", "game_label": "217313", "game_time": "2017-06-20 18:29:45", "is_win": "1", "kill_cnt": "15", "pick_heros": "139|157|134|171|133", "team_id": "33", "team_name": "DR" },
    { "ban_heros": "187|173|182", "camp": "1", "game_label": "117314", "game_time": "2017-06-20 18:50:28", "is_win": "0", "kill_cnt": "2", "pick_heros": "132|171|128|157|178", "team_id": "27", "team_name": "GK" },
    { "ban_heros": "140|113|139", "camp": "2", "game_label": "117314", "game_time": "2017-06-20 18:50:28", "is_win": "1", "kill_cnt": "13", "pick_heros": "154|116|134|190|133", "team_id": "30", "team_name": "EP" },
    { "ban_heros": "173|190|187", "camp": "2", "game_label": "117314", "game_time": "2017-06-20 19:11:52", "is_win": "0", "kill_cnt": "7", "pick_heros": "154|132|134|171|115", "team_id": "27", "team_name": "GK" },
    { "ban_heros": "140|113|182", "camp": "1", "game_label": "117314", "game_time": "2017-06-20 19:11:52", "is_win": "1", "kill_cnt": "13", "pick_heros": "157|116|128|174|168", "team_id": "30", "team_name": "EP" },
    { "ban_heros": "116|173|131", "camp": "2", "game_label": "217315", "game_time": "2017-06-21 14:08:07", "is_win": "1", "kill_cnt": "25", "pick_heros": "187|157|133|134|107", "team_id": "27", "team_name": "GK" },
    { "ban_heros": "113|128|140", "camp": "1", "game_label": "217315", "game_time": "2017-06-21 14:08:07", "is_win": "0", "kill_cnt": "24", "pick_heros": "154|139|178|182|171", "team_id": "34", "team_name": "hero" },
    { "ban_heros": "116|182|187", "camp": "1", "game_label": "217315", "game_time": "2017-06-21 14:44:50", "is_win": "0", "kill_cnt": "17", "pick_heros": "154|173|157|134|171", "team_id": "27", "team_name": "GK" },
    { "ban_heros": "140|133|113", "camp": "2", "game_label": "217315", "game_time": "2017-06-21 14:44:50", "is_win": "1", "kill_cnt": "18", "pick_heros": "178|128|190|118|131", "team_id": "34", "team_name": "hero" },
    { "ban_heros": "190|187|154", "camp": "2", "game_label": "217315", "game_time": "2017-06-21 15:18:27", "is_win": "0", "kill_cnt": "11", "pick_heros": "116|178|141|113|133", "team_id": "27", "team_name": "GK" },
    { "ban_heros": "128|173|140", "camp": "1", "game_label": "217315", "game_time": "2017-06-21 15:18:27", "is_win": "1", "kill_cnt": "13", "pick_heros": "157|171|139|131|132", "team_id": "34", "team_name": "hero" },
    { "ban_heros": "116|141|154", "camp": "1", "game_label": "217316", "game_time": "2017-06-21 15:58:25", "is_win": "0", "kill_cnt": "7", "pick_heros": "132|171|134|115|140", "team_id": "32", "team_name": "BA黑凤梨" },
    { "ban_heros": "113|182|190", "camp": "2", "game_label": "217316", "game_time": "2017-06-21 15:58:25", "is_win": "1", "kill_cnt": "15", "pick_heros": "139|157|178|128|118", "team_id": "35", "team_name": "LGD" },
    { "ban_heros": "116|140|132", "camp": "2", "game_label": "217316", "game_time": "2017-06-21 16:21:32", "is_win": "0", "kill_cnt": "5", "pick_heros": "139|178|157|173|187", "team_id": "32", "team_name": "BA黑凤梨" },
    { "ban_heros": "113|128|182", "camp": "1", "game_label": "217316", "game_time": "2017-06-21 16:21:32", "is_win": "1", "kill_cnt": "9", "pick_heros": "154|134|171|190|133", "team_id": "35", "team_name": "LGD" },
    { "ban_heros": "132|140|187", "camp": "2", "game_label": "117317", "game_time": "2017-06-21 16:12:09", "is_win": "1", "kill_cnt": "12", "pick_heros": "113|154|146|150|148", "team_id": "26", "team_name": "EDG.M" },
    { "ban_heros": "116|178|173", "camp": "1", "game_label": "117317", "game_time": "2017-06-21 16:12:09", "is_win": "0", "kill_cnt": "18", "pick_heros": "182|128|171|111|131", "team_id": "34", "team_name": "hero" },
    { "ban_heros": "187|132|140", "camp": "1", "game_label": "117317", "game_time": "2017-06-21 16:44:43", "is_win": "0", "kill_cnt": "9", "pick_heros": "113|178|174|190|150", "team_id": "26", "team_name": "EDG.M" },
    { "ban_heros": "116|173|182", "camp": "2", "game_label": "117317", "game_time": "2017-06-21 16:44:43", "is_win": "1", "kill_cnt": "16", "pick_heros": "157|154|149|146|128", "team_id": "34", "team_name": "hero" },
    { "ban_heros": "173|139|140", "camp": "1", "game_label": "217318", "game_time": "2017-06-21 16:51:54", "is_win": "1", "kill_cnt": "18", "pick_heros": "154|132|134|171|157", "team_id": "30", "team_name": "EP" },
    { "ban_heros": "116|182|128", "camp": "2", "game_label": "217318", "game_time": "2017-06-21 16:51:54", "is_win": "0", "kill_cnt": "14", "pick_heros": "178|187|190|174|113", "team_id": "33", "team_name": "DR" },
    { "ban_heros": "132|140|146", "camp": "2", "game_label": "117317", "game_time": "2017-06-21 17:14:36", "is_win": "1", "kill_cnt": "19", "pick_heros": "182|128|174|113|134", "team_id": "26", "team_name": "EDG.M" },
    { "ban_heros": "116|178|173", "camp": "1", "game_label": "117317", "game_time": "2017-06-21 17:14:36", "is_win": "0", "kill_cnt": "1", "pick_heros": "154|157|150|149|123", "team_id": "34", "team_name": "hero" },
    { "ban_heros": "173|140|182", "camp": "2", "game_label": "217318", "game_time": "2017-06-21 17:22:29", "is_win": "0", "kill_cnt": "19", "pick_heros": "154|132|113|134|146", "team_id": "30", "team_name": "EP" },
    { "ban_heros": "116|128|190", "camp": "1", "game_label": "217318", "game_time": "2017-06-21 17:22:29", "is_win": "1", "kill_cnt": "9", "pick_heros": "139|171|157|133|178", "team_id": "33", "team_name": "DR" },
    { "ban_heros": "140|132|173", "camp": "2", "game_label": "117319", "game_time": "2017-06-21 17:52:25", "is_win": "0", "kill_cnt": "8", "pick_heros": "134|128|157|113|118", "team_id": "32", "team_name": "BA黑凤梨" },
    { "ban_heros": "139|182|116", "camp": "1", "game_label": "117319", "game_time": "2017-06-21 17:52:25", "is_win": "1", "kill_cnt": "18", "pick_heros": "154|187|178|190|133", "team_id": "38", "team_name": "RNG.M" },
    { "ban_heros": "139|140|182", "camp": "1", "game_label": "217318", "game_time": "2017-06-21 17:58:53", "is_win": "0", "kill_cnt": "8", "pick_heros": "132|113|190|187|107", "team_id": "30", "team_name": "EP" },
    { "ban_heros": "116|128|154", "camp": "2", "game_label": "217318", "game_time": "2017-06-21 17:58:53", "is_win": "1", "kill_cnt": "14", "pick_heros": "134|171|133|178|157", "team_id": "33", "team_name": "DR" },
    { "ban_heros": "140|128|116", "camp": "1", "game_label": "117319", "game_time": "2017-06-21 18:21:19", "is_win": "1", "kill_cnt": "13", "pick_heros": "154|190|134|118|133", "team_id": "32", "team_name": "BA黑凤梨" },
    { "ban_heros": "182|139|132", "camp": "2", "game_label": "117319", "game_time": "2017-06-21 18:21:19", "is_win": "0", "kill_cnt": "6", "pick_heros": "173|187|157|178|180", "team_id": "38", "team_name": "RNG.M" },
    { "ban_heros": "140|132|154", "camp": "2", "game_label": "117319", "game_time": "2017-06-21 18:52:48", "is_win": "0", "kill_cnt": "8", "pick_heros": "190|134|133|168|178", "team_id": "32", "team_name": "BA黑凤梨" },
    { "ban_heros": "139|116|182", "camp": "1", "game_label": "117319", "game_time": "2017-06-21 18:52:48", "is_win": "1", "kill_cnt": "19", "pick_heros": "128|163|171|115|111", "team_id": "38", "team_name": "RNG.M" },
    { "ban_heros": "187|173|139", "camp": "1", "game_label": "217320", "game_time": "2017-06-21 19:12:02", "is_win": "0", "kill_cnt": "12", "pick_heros": "140|128|157|131|118", "team_id": "14", "team_name": "DL" },
    { "ban_heros": "116|190|154", "camp": "2", "game_label": "217320", "game_time": "2017-06-21 19:12:02", "is_win": "1", "kill_cnt": "18", "pick_heros": "134|171|178|132|115", "team_id": "36", "team_name": "RNG" },
    { "ban_heros": "182|140|187", "camp": "2", "game_label": "217320", "game_time": "2017-06-21 19:39:53", "is_win": "0", "kill_cnt": "7", "pick_heros": "154|128|132|113|141", "team_id": "14", "team_name": "DL" },
    { "ban_heros": "116|139|173", "camp": "1", "game_label": "217320", "game_time": "2017-06-21 19:39:53", "is_win": "1", "kill_cnt": "16", "pick_heros": "190|171|134|178|133", "team_id": "36", "team_name": "RNG" },
    { "ban_heros": "134|173|128", "camp": "1", "game_label": "117321", "game_time": "2017-06-21 20:14:09", "is_win": "1", "kill_cnt": "13", "pick_heros": "178|116|174|115|118", "team_id": "20", "team_name": "SC" },
    { "ban_heros": "113|157|182", "camp": "2", "game_label": "117321", "game_time": "2017-06-21 20:14:09", "is_win": "0", "kill_cnt": "6", "pick_heros": "190|154|132|171|162", "team_id": "37", "team_name": "SV" },
    { "ban_heros": "132|140|139", "camp": "2", "game_label": "217322", "game_time": "2017-06-21 20:15:28", "is_win": "0", "kill_cnt": "13", "pick_heros": "154|178|134|115|118", "team_id": "26", "team_name": "EDG.M" },
    { "ban_heros": "173|113|182", "camp": "1", "game_label": "217322", "game_time": "2017-06-21 20:15:28", "is_win": "1", "kill_cnt": "13", "pick_heros": "116|171|128|157|133", "team_id": "30", "team_name": "EP" },
    { "ban_heros": "173|134|132", "camp": "2", "game_label": "117321", "game_time": "2017-06-21 20:42:07", "is_win": "1", "kill_cnt": "12", "pick_heros": "139|128|116|115|113", "team_id": "20", "team_name": "SC" },
    { "ban_heros": "157|182|174", "camp": "1", "game_label": "117321", "game_time": "2017-06-21 20:42:07", "is_win": "0", "kill_cnt": "4", "pick_heros": "178|118|154|108|111", "team_id": "37", "team_name": "SV" },
    { "ban_heros": "132|139|140", "camp": "1", "game_label": "217322", "game_time": "2017-06-21 20:45:50", "is_win": "1", "kill_cnt": "17", "pick_heros": "113|146|178|174|108", "team_id": "26", "team_name": "EDG.M" },
    { "ban_heros": "173|116|182", "camp": "2", "game_label": "217322", "game_time": "2017-06-21 20:45:50", "is_win": "0", "kill_cnt": "7", "pick_heros": "128|154|190|187|133", "team_id": "30", "team_name": "EP" },
    { "ban_heros": "116|139|132", "camp": "2", "game_label": "217322", "game_time": "2017-06-21 21:19:04", "is_win": "1", "kill_cnt": "10", "pick_heros": "182|128|131|171|174", "team_id": "26", "team_name": "EDG.M" },
    { "ban_heros": "173|146|140", "camp": "1", "game_label": "217322", "game_time": "2017-06-21 21:19:04", "is_win": "0", "kill_cnt": "1", "pick_heros": "113|134|157|133|180", "team_id": "30", "team_name": "EP" },
    { "ban_heros": "173|139|187", "camp": "1", "game_label": "217323", "game_time": "2017-06-22 14:13:10", "is_win": "1", "kill_cnt": "4", "pick_heros": "154|190|134|118|131", "team_id": "27", "team_name": "GK" },
    { "ban_heros": "140|116|157", "camp": "2", "game_label": "217323", "game_time": "2017-06-22 14:13:10", "is_win": "0", "kill_cnt": "2", "pick_heros": "128|178|171", "team_id": "37", "team_name": "SV" },
    { "ban_heros": "173|139|187", "camp": "1", "game_label": "217323", "game_time": "2017-06-22 15:09:51", "is_win": "0", "kill_cnt": "3", "pick_heros": "154|190|131|134|118", "team_id": "27", "team_name": "GK" },
    { "ban_heros": "140|116|157", "camp": "2", "game_label": "217323", "game_time": "2017-06-22 15:09:51", "is_win": "1", "kill_cnt": "15", "pick_heros": "182|128|171|132|178", "team_id": "37", "team_name": "SV" },
    { "ban_heros": "173|182|139", "camp": "2", "game_label": "217323", "game_time": "2017-06-22 15:30:17", "is_win": "0", "kill_cnt": "4", "pick_heros": "128|154|115|187|174", "team_id": "27", "team_name": "GK" },
    { "ban_heros": "140|116|157", "camp": "1", "game_label": "217323", "game_time": "2017-06-22 15:30:17", "is_win": "1", "kill_cnt": "10", "pick_heros": "190|132|178|118|134", "team_id": "37", "team_name": "SV" },
    { "ban_heros": "173|116|139", "camp": "1", "game_label": "217324", "game_time": "2017-06-22 16:03:04", "is_win": "0", "kill_cnt": "5", "pick_heros": "128|178|171|190|174", "team_id": "20", "team_name": "SC" },
    { "ban_heros": "140|115|182", "camp": "2", "game_label": "217324", "game_time": "2017-06-22 16:03:04", "is_win": "1", "kill_cnt": "21", "pick_heros": "154|157|118|134|133", "team_id": "35", "team_name": "LGD" },
    { "ban_heros": "116|157|182", "camp": "2", "game_label": "117325", "game_time": "2017-06-22 16:15:37", "is_win": "0", "kill_cnt": "12", "pick_heros": "139|190|132|178|171", "team_id": "33", "team_name": "DR" },
    { "ban_heros": "128|133|174", "camp": "1", "game_label": "117325", "game_time": "2017-06-22 16:15:37", "is_win": "1", "kill_cnt": "18", "pick_heros": "154|187|173|123|115", "team_id": "34", "team_name": "hero" },
    { "ban_heros": "0|140|139", "camp": "2", "game_label": "217324", "game_time": "2017-06-22 16:29:58", "is_win": "0", "kill_cnt": "4", "pick_heros": "157|178|174|116|113", "team_id": "20", "team_name": "SC" },
    { "ban_heros": "115|128|182", "camp": "1", "game_label": "217324", "game_time": "2017-06-22 16:29:58", "is_win": "1", "kill_cnt": "16", "pick_heros": "154|171|190|132|134", "team_id": "35", "team_name": "LGD" },
    { "ban_heros": "116|154|187", "camp": "1", "game_label": "117325", "game_time": "2017-06-22 16:45:40", "is_win": "0", "kill_cnt": "3", "pick_heros": "139|171|173|190|123", "team_id": "33", "team_name": "DR" },
    { "ban_heros": "133|182|132", "camp": "2", "game_label": "117325", "game_time": "2017-06-22 16:45:40", "is_win": "1", "kill_cnt": "12", "pick_heros": "157|128|178|118|131", "team_id": "34", "team_name": "hero" },
    { "ban_heros": "132|134|139", "camp": "2", "game_label": "217326", "game_time": "2017-06-22 17:12:37", "is_win": "0", "kill_cnt": "0", "pick_heros": "182|128|113|140|131", "team_id": "26", "team_name": "EDG.M" },
    { "ban_heros": "146|116|174", "camp": "1", "game_label": "217326", "game_time": "2017-06-22 17:12:37", "is_win": "1", "kill_cnt": "0", "pick_heros": "173|154|171|123|157", "team_id": "37", "team_name": "SV" },
    { "ban_heros": "173|139|187", "camp": "1", "game_label": "117327", "game_time": "2017-06-22 17:17:44", "is_win": "0", "kill_cnt": "10", "pick_heros": "128|178|118|157|134", "team_id": "20", "team_name": "SC" },
    { "ban_heros": "182|174|116", "camp": "2", "game_label": "117327", "game_time": "2017-06-22 17:17:44", "is_win": "1", "kill_cnt": "20", "pick_heros": "154|115|140|171|131", "team_id": "38", "team_name": "RNG.M" },
    { "ban_heros": "132|134|139", "camp": "2", "game_label": "217326", "game_time": "2017-06-22 17:20:42", "is_win": "1", "kill_cnt": "15", "pick_heros": "182|140|128|113|131", "team_id": "26", "team_name": "EDG.M" },
    { "ban_heros": "146|116|174", "camp": "1", "game_label": "217326", "game_time": "2017-06-22 17:20:42", "is_win": "0", "kill_cnt": "3", "pick_heros": "154|157|123|173|171", "team_id": "37", "team_name": "SV" },
    { "ban_heros": "132|134|139", "camp": "1", "game_label": "217326", "game_time": "2017-06-22 17:54:11", "is_win": "1", "kill_cnt": "9", "pick_heros": "173|171|128|140|115", "team_id": "26", "team_name": "EDG.M" },
    { "ban_heros": "146|116|182", "camp": "2", "game_label": "217326", "game_time": "2017-06-22 17:54:11", "is_win": "0", "kill_cnt": "2", "pick_heros": "178|190|174|154|118", "team_id": "37", "team_name": "SV" },
    { "ban_heros": "140|131|116", "camp": "2", "game_label": "117327", "game_time": "2017-06-22 17:57:21", "is_win": "0", "kill_cnt": "9", "pick_heros": "128|115|139|132|113", "team_id": "20", "team_name": "SC" },
    { "ban_heros": "182|174|157", "camp": "1", "game_label": "117327", "game_time": "2017-06-22 17:57:21", "is_win": "1", "kill_cnt": "12", "pick_heros": "154|134|118|190|133", "team_id": "38", "team_name": "RNG.M" },
    { "ban_heros": "140|182|187", "camp": "2", "game_label": "117329", "game_time": "2017-06-22 18:31:03", "is_win": "0", "kill_cnt": "7", "pick_heros": "178|154|168|190|111", "team_id": "14", "team_name": "DL" },
    { "ban_heros": "173|139|113", "camp": "1", "game_label": "117329", "game_time": "2017-06-22 18:31:03", "is_win": "1", "kill_cnt": "8", "pick_heros": "116|128|171|174|157", "team_id": "30", "team_name": "EP" },
    { "ban_heros": "140|187|116", "camp": "1", "game_label": "217328", "game_time": "2017-06-22 18:29:59", "is_win": "0", "kill_cnt": "10", "pick_heros": "132|128|154|115|118", "team_id": "32", "team_name": "BA黑凤梨" },
    { "ban_heros": "182|113|173", "camp": "2", "game_label": "217328", "game_time": "2017-06-22 18:29:59", "is_win": "1", "kill_cnt": "9", "pick_heros": "171|190|178|134|192", "team_id": "36", "team_name": "RNG" },
    { "ban_heros": "187|154|140", "camp": "1", "game_label": "117329", "game_time": "2017-06-22 18:58:34", "is_win": "0", "kill_cnt": "6", "pick_heros": "116|178|190|168|174", "team_id": "14", "team_name": "DL" },
    { "ban_heros": "173|182|139", "camp": "2", "game_label": "117329", "game_time": "2017-06-22 18:58:34", "is_win": "1", "kill_cnt": "14", "pick_heros": "132|128|157|171|134", "team_id": "30", "team_name": "EP" },
    { "ban_heros": "140|187|190", "camp": "2", "game_label": "217328", "game_time": "2017-06-22 19:06:55", "is_win": "1", "kill_cnt": "15", "pick_heros": "157|132|134|178|118", "team_id": "32", "team_name": "BA黑凤梨" },
    { "ban_heros": "113|182|139", "camp": "1", "game_label": "217328", "game_time": "2017-06-22 19:06:55", "is_win": "0", "kill_cnt": "6", "pick_heros": "154|128|171|173|115", "team_id": "36", "team_name": "RNG" },
    { "ban_heros": "140|192|187", "camp": "1", "game_label": "217328", "game_time": "2017-06-22 19:38:29", "is_win": "0", "kill_cnt": "7", "pick_heros": "154|116|171|174|108", "team_id": "32", "team_name": "BA黑凤梨" },
    { "ban_heros": "132|182|190", "camp": "2", "game_label": "217328", "game_time": "2017-06-22 19:38:29", "is_win": "1", "kill_cnt": "14", "pick_heros": "157|139|134|113|169", "team_id": "36", "team_name": "RNG" },
    { "ban_heros": "182|190|187", "camp": "2", "game_label": "217330", "game_time": "2017-06-23 14:13:08", "is_win": "1", "kill_cnt": "16", "pick_heros": "140|173|157|178|118", "team_id": "27", "team_name": "GK" },
    { "ban_heros": "128|116|113", "camp": "1", "game_label": "217330", "game_time": "2017-06-23 14:13:08", "is_win": "0", "kill_cnt": "3", "pick_heros": "154|171|134|115|132", "team_id": "38", "team_name": "RNG.M" },
    { "ban_heros": "182|190|187", "camp": "1", "game_label": "217330", "game_time": "2017-06-23 14:35:38", "is_win": "1", "kill_cnt": "18", "pick_heros": "154|168|116|174|146", "team_id": "27", "team_name": "GK" },
    { "ban_heros": "140|173|157", "camp": "2", "game_label": "217330", "game_time": "2017-06-23 14:35:38", "is_win": "0", "kill_cnt": "17", "pick_heros": "128|178|141|113|118", "team_id": "38", "team_name": "RNG.M" },
    { "ban_heros": "132|116|139", "camp": "2", "game_label": "217331", "game_time": "2017-06-23 15:24:01", "is_win": "0", "kill_cnt": "13", "pick_heros": "173|146|190|178|187", "team_id": "26", "team_name": "EDG.M" },
    { "ban_heros": "115|134|182", "camp": "1", "game_label": "217331", "game_time": "2017-06-23 15:24:01", "is_win": "1", "kill_cnt": "16", "pick_heros": "154|128|118|141|131", "team_id": "35", "team_name": "LGD" },
    { "ban_heros": "132|139|140", "camp": "1", "game_label": "217331", "game_time": "2017-06-23 15:46:10", "is_win": "0", "kill_cnt": "19", "pick_heros": "116|173|178|171|157", "team_id": "26", "team_name": "EDG.M" },
    { "ban_heros": "115|182|134", "camp": "2", "game_label": "217331", "game_time": "2017-06-23 15:46:10", "is_win": "1", "kill_cnt": "16", "pick_heros": "154|128|118|141|162", "team_id": "35", "team_name": "LGD" },
    { "ban_heros": "140|116|187", "camp": "1", "game_label": "117332", "game_time": "2017-06-23 16:11:59", "is_win": "0", "kill_cnt": "10", "pick_heros": "182|171|154|174|134", "team_id": "33", "team_name": "DR" },
    { "ban_heros": "173|157|133", "camp": "2", "game_label": "117332", "game_time": "2017-06-23 16:11:59", "is_win": "1", "kill_cnt": "17", "pick_heros": "139|128|132|190|113", "team_id": "37", "team_name": "SV" },
    { "ban_heros": "140|173|182", "camp": "1", "game_label": "217333", "game_time": "2017-06-23 16:36:08", "is_win": "1", "kill_cnt": "12", "pick_heros": "154|171|146|174|108", "team_id": "30", "team_name": "EP" },
    { "ban_heros": "133|116|132", "camp": "2", "game_label": "217333", "game_time": "2017-06-23 16:36:08", "is_win": "0", "kill_cnt": "7", "pick_heros": "157|128|187|139|131", "team_id": "34", "team_name": "hero" },
    { "ban_heros": "182|140|116", "camp": "2", "game_label": "117332", "game_time": "2017-06-23 16:54:22", "is_win": "0", "kill_cnt": "0", "pick_heros": "128|154|171|133|115", "team_id": "33", "team_name": "DR" },
    { "ban_heros": "157|173|139", "camp": "1", "game_label": "117332", "game_time": "2017-06-23 16:54:22", "is_win": "1", "kill_cnt": "13", "pick_heros": "190|134|178|132|118", "team_id": "37", "team_name": "SV" },
    { "ban_heros": "140|173|182", "camp": "2", "game_label": "217333", "game_time": "2017-06-23 17:00:56", "is_win": "1", "kill_cnt": "22", "pick_heros": "146|128|171|178|190", "team_id": "30", "team_name": "EP" },
    { "ban_heros": "133|174|116", "camp": "1", "game_label": "217333", "game_time": "2017-06-23 17:00:56", "is_win": "0", "kill_cnt": "13", "pick_heros": "154|118|157|139|162", "team_id": "34", "team_name": "hero" },
    { "ban_heros": "140|182|173", "camp": "2", "game_label": "117334", "game_time": "2017-06-23 17:30:16", "is_win": "0", "kill_cnt": "15", "pick_heros": "171|139|157|134|111", "team_id": "14", "team_name": "DL" },
    { "ban_heros": "116|115|174", "camp": "1", "game_label": "117334", "game_time": "2017-06-23 17:30:16", "is_win": "1", "kill_cnt": "19", "pick_heros": "190|154|132|128|187", "team_id": "32", "team_name": "BA黑凤梨" },
    { "ban_heros": "134|187|118", "camp": "2", "game_label": "217335", "game_time": "2017-06-23 17:49:37", "is_win": "0", "kill_cnt": "6", "pick_heros": "154|128|116|171|115", "team_id": "20", "team_name": "SC" },
    { "ban_heros": "174|182|139", "camp": "1", "game_label": "217335", "game_time": "2017-06-23 17:49:37", "is_win": "1", "kill_cnt": "10", "pick_heros": "190|113|178|123|173", "team_id": "36", "team_name": "RNG" },
    { "ban_heros": "187|154|173", "camp": "1", "game_label": "117334", "game_time": "2017-06-23 18:05:05", "is_win": "0", "kill_cnt": "12", "pick_heros": "128|182|180|174|107", "team_id": "14", "team_name": "DL" },
    { "ban_heros": "116|139|140", "camp": "2", "game_label": "117334", "game_time": "2017-06-23 18:05:05", "is_win": "1", "kill_cnt": "10", "pick_heros": "178|134|132|157|171", "team_id": "32", "team_name": "BA黑凤梨" },
    { "ban_heros": "134|187|128", "camp": "1", "game_label": "217335", "game_time": "2017-06-23 18:14:24", "is_win": "0", "kill_cnt": "5", "pick_heros": "139|116|115|118|140", "team_id": "20", "team_name": "SC" },
    { "ban_heros": "174|182|190", "camp": "2", "game_label": "217335", "game_time": "2017-06-23 18:14:24", "is_win": "1", "kill_cnt": "13", "pick_heros": "113|178|108|173|154", "team_id": "36", "team_name": "RNG" },
    { "ban_heros": "141|116|131", "camp": "1", "game_label": "117336", "game_time": "2017-06-23 18:44:09", "is_win": "1", "kill_cnt": "22", "pick_heros": "154|157|134|113|132", "team_id": "27", "team_name": "GK" },
    { "ban_heros": "140|173|182", "camp": "2", "game_label": "117336", "game_time": "2017-06-23 18:44:09", "is_win": "0", "kill_cnt": "11", "pick_heros": "128|139|118|178|190", "team_id": "35", "team_name": "LGD" },
    { "ban_heros": "141|116|131", "camp": "2", "game_label": "117336", "game_time": "2017-06-23 19:23:36", "is_win": "1", "kill_cnt": "23", "pick_heros": "173|154|178|157|168", "team_id": "27", "team_name": "GK" },
    { "ban_heros": "132|139|140", "camp": "1", "game_label": "117336", "game_time": "2017-06-23 19:23:36", "is_win": "0", "kill_cnt": "10", "pick_heros": "182|171|128|133|162", "team_id": "35", "team_name": "LGD" },
    { "ban_heros": "128|116|182", "camp": "1", "game_label": "217337", "game_time": "2017-06-26 14:33:25", "is_win": "1", "kill_cnt": "17", "pick_heros": "154|178|157|171|139", "team_id": "34", "team_name": "hero" },
    { "ban_heros": "146|131|173", "camp": "2", "game_label": "217337", "game_time": "2017-06-26 14:33:25", "is_win": "0", "kill_cnt": "5", "pick_heros": "134|132|113|140|190", "team_id": "37", "team_name": "SV" },
    { "ban_heros": "182|113|116", "camp": "2", "game_label": "217337", "game_time": "2017-06-26 15:03:16", "is_win": "1", "kill_cnt": "14", "pick_heros": "173|154|110|171|178", "team_id": "34", "team_name": "hero" },
    { "ban_heros": "146|131|157", "camp": "1", "game_label": "217337", "game_time": "2017-06-26 15:03:16", "is_win": "0", "kill_cnt": "20", "pick_heros": "190|128|134|174|118", "team_id": "37", "team_name": "SV" },
    { "ban_heros": "140|182|128", "camp": "2", "game_label": "217338", "game_time": "2017-06-26 15:49:58", "is_win": "0", "kill_cnt": "15", "pick_heros": "187|154|190|107|132", "team_id": "14", "team_name": "DL" },
    { "ban_heros": "173|116|139", "camp": "1", "game_label": "217338", "game_time": "2017-06-26 15:49:58", "is_win": "1", "kill_cnt": "24", "pick_heros": "121|174|178|113|123", "team_id": "20", "team_name": "SC" },
    { "ban_heros": "118|182|139", "camp": "2", "game_label": "117339", "game_time": "2017-06-26 16:09:47", "is_win": "1", "kill_cnt": "14", "pick_heros": "128|173|178|190|113", "team_id": "30", "team_name": "EP" },
    { "ban_heros": "146|174|132", "camp": "1", "game_label": "117339", "game_time": "2017-06-26 16:09:47", "is_win": "0", "kill_cnt": "3", "pick_heros": "116|154|171|134|115", "team_id": "37", "team_name": "SV" },
    { "ban_heros": "121|187|116", "camp": "1", "game_label": "217338", "game_time": "2017-06-26 16:19:22", "is_win": "1", "kill_cnt": "12", "pick_heros": "128|132|190|134|171", "team_id": "14", "team_name": "DL" },
    { "ban_heros": "182|173|139", "camp": "2", "game_label": "217338", "game_time": "2017-06-26 16:19:22", "is_win": "0", "kill_cnt": "11", "pick_heros": "113|178|115|174|154", "team_id": "20", "team_name": "SC" },
    { "ban_heros": "118|182|173", "camp": "1", "game_label": "117339", "game_time": "2017-06-26 16:35:12", "is_win": "1", "kill_cnt": "12", "pick_heros": "139|132|178|190|171", "team_id": "30", "team_name": "EP" },
    { "ban_heros": "146|116|128", "camp": "2", "game_label": "117339", "game_time": "2017-06-26 16:35:12", "is_win": "0", "kill_cnt": "2", "pick_heros": "134|113|157|154|174", "team_id": "37", "team_name": "SV" },
    { "ban_heros": "182|187|121", "camp": "2", "game_label": "217338", "game_time": "2017-06-26 16:41:53", "is_win": "0", "kill_cnt": "9", "pick_heros": "139|171|132|190|107", "team_id": "14", "team_name": "DL" },
    { "ban_heros": "173|116|134", "camp": "1", "game_label": "217338", "game_time": "2017-06-26 16:41:53", "is_win": "1", "kill_cnt": "17", "pick_heros": "128|178|113|174|118", "team_id": "20", "team_name": "SC" },
    { "ban_heros": "121|139|182", "camp": "2", "game_label": "217340", "game_time": "2017-06-26 17:16:38", "is_win": "1", "kill_cnt": "10", "pick_heros": "154|116|111|118|146", "team_id": "27", "team_name": "GK" },
    { "ban_heros": "173|140|157", "camp": "1", "game_label": "217340", "game_time": "2017-06-26 17:16:38", "is_win": "0", "kill_cnt": "6", "pick_heros": "132|113|190|134|178", "team_id": "36", "team_name": "RNG" },
    { "ban_heros": "134|173|139", "camp": "1", "game_label": "117341", "game_time": "2017-06-26 17:20:33", "is_win": "0", "kill_cnt": "15", "pick_heros": "128|113|116|190|118", "team_id": "20", "team_name": "SC" },
    { "ban_heros": "121|174|182", "camp": "2", "game_label": "117341", "game_time": "2017-06-26 17:20:33", "is_win": "1", "kill_cnt": "13", "pick_heros": "157|178|132|171|154", "team_id": "32", "team_name": "BA黑凤梨" },
    { "ban_heros": "139|182|121", "camp": "1", "game_label": "217340", "game_time": "2017-06-26 17:41:49", "is_win": "1", "kill_cnt": "13", "pick_heros": "154|116|118|146|111", "team_id": "27", "team_name": "GK" },
    { "ban_heros": "140|173|132", "camp": "2", "game_label": "217340", "game_time": "2017-06-26 17:41:49", "is_win": "0", "kill_cnt": "7", "pick_heros": "157|128|134|171|192", "team_id": "36", "team_name": "RNG" },
    { "ban_heros": "173|134|182", "camp": "2", "game_label": "117341", "game_time": "2017-06-26 17:52:57", "is_win": "0", "kill_cnt": "8", "pick_heros": "139|178|171|157|111", "team_id": "20", "team_name": "SC" },
    { "ban_heros": "121|174|116", "camp": "1", "game_label": "117341", "game_time": "2017-06-26 17:52:57", "is_win": "1", "kill_cnt": "16", "pick_heros": "128|132|154|118|190", "team_id": "32", "team_name": "BA黑凤梨" },
    { "ban_heros": "116|121|173", "camp": "2", "game_label": "217342", "game_time": "2017-06-26 18:24:24", "is_win": "1", "kill_cnt": "14", "pick_heros": "128|178|190|132|118", "team_id": "33", "team_name": "DR" },
    { "ban_heros": "134|182|140", "camp": "1", "game_label": "217342", "game_time": "2017-06-26 18:24:24", "is_win": "0", "kill_cnt": "8", "pick_heros": "154|171|157|174|131", "team_id": "35", "team_name": "LGD" },
    { "ban_heros": "140|173|178", "camp": "2", "game_label": "117343", "game_time": "2017-06-26 18:35:31", "is_win": "1", "kill_cnt": "12", "pick_heros": "139|154|157|113|150", "team_id": "14", "team_name": "DL" },
    { "ban_heros": "121|116|128", "camp": "1", "game_label": "117343", "game_time": "2017-06-26 18:35:31", "is_win": "0", "kill_cnt": "10", "pick_heros": "182|146|171|123|149", "team_id": "34", "team_name": "hero" },
    { "ban_heros": "116|173|134", "camp": "1", "game_label": "217342", "game_time": "2017-06-26 18:54:24", "is_win": "1", "kill_cnt": "12", "pick_heros": "128|157|178|118|133", "team_id": "33", "team_name": "DR" },
    { "ban_heros": "182|121|154", "camp": "2", "game_label": "217342", "game_time": "2017-06-26 18:54:24", "is_win": "0", "kill_cnt": "10", "pick_heros": "139|132|171|190|107", "team_id": "35", "team_name": "LGD" },
    { "ban_heros": "187|154|140", "camp": "1", "game_label": "117343", "game_time": "2017-06-26 19:05:38", "is_win": "1", "kill_cnt": "15", "pick_heros": "173|171|139|134|190", "team_id": "14", "team_name": "DL" },
    { "ban_heros": "121|182|116", "camp": "2", "game_label": "117343", "game_time": "2017-06-26 19:05:38", "is_win": "0", "kill_cnt": "12", "pick_heros": "178|128|157|118|131", "team_id": "34", "team_name": "hero" },
    { "ban_heros": "132|141|133", "camp": "2", "game_label": "217344", "game_time": "2017-06-26 20:03:47", "is_win": "1", "kill_cnt": "10", "pick_heros": "154|113|157|174|146", "team_id": "26", "team_name": "EDG.M" },
    { "ban_heros": "182|140|178", "camp": "1", "game_label": "217344", "game_time": "2017-06-26 20:03:47", "is_win": "0", "kill_cnt": "6", "pick_heros": "173|123|128|171|190", "team_id": "38", "team_name": "RNG.M" },
    { "ban_heros": "132|141|140", "camp": "1", "game_label": "217344", "game_time": "2017-06-26 20:26:31", "is_win": "1", "kill_cnt": "12", "pick_heros": "154|116|128|171|190", "team_id": "26", "team_name": "EDG.M" },
    { "ban_heros": "173|182|146", "camp": "2", "game_label": "217344", "game_time": "2017-06-26 20:26:31", "is_win": "0", "kill_cnt": "12", "pick_heros": "113|178|157|123|118", "team_id": "38", "team_name": "RNG.M" },
    { "ban_heros": "116|141|121", "camp": "2", "game_label": "217345", "game_time": "2017-06-27 14:15:11", "is_win": "1", "kill_cnt": "17", "pick_heros": "178|139|190|173|113", "team_id": "30", "team_name": "EP" },
    { "ban_heros": "146|128|182", "camp": "1", "game_label": "217345", "game_time": "2017-06-27 14:15:11", "is_win": "0", "kill_cnt": "7", "pick_heros": "154|134|118|115|123", "team_id": "35", "team_name": "LGD" },
    { "ban_heros": "141|139|128", "camp": "1", "game_label": "217345", "game_time": "2017-06-27 14:39:57", "is_win": "1", "kill_cnt": "15", "pick_heros": "116|171|190|180|174", "team_id": "30", "team_name": "EP" },
    { "ban_heros": "121|182|154", "camp": "2", "game_label": "217345", "game_time": "2017-06-27 14:39:57", "is_win": "0", "kill_cnt": "12", "pick_heros": "178|173|187|140|157", "team_id": "35", "team_name": "LGD" },
    { "ban_heros": "121|113|190", "camp": "1", "game_label": "217346", "game_time": "2017-06-27 15:22:56", "is_win": "1", "kill_cnt": "21", "pick_heros": "154|118|132|141|107", "team_id": "27", "team_name": "GK" },
    { "ban_heros": "146|140|116", "camp": "2", "game_label": "217346", "game_time": "2017-06-27 15:22:56", "is_win": "0", "kill_cnt": "23", "pick_heros": "128|157|174|134|171", "team_id": "32", "team_name": "BA黑凤梨" },
    { "ban_heros": "132|190|121", "camp": "2", "game_label": "217346", "game_time": "2017-06-27 16:07:37", "is_win": "1", "kill_cnt": "11", "pick_heros": "154|173|178|113|182", "team_id": "27", "team_name": "GK" },
    { "ban_heros": "140|146|116", "camp": "1", "game_label": "217346", "game_time": "2017-06-27 16:07:37", "is_win": "0", "kill_cnt": "4", "pick_heros": "157|118|128|133|134", "team_id": "32", "team_name": "BA黑凤梨" },
    { "ban_heros": "190|140|115", "camp": "2", "game_label": "117347", "game_time": "2017-06-27 16:13:08", "is_win": "1", "kill_cnt": "16", "pick_heros": "121|128|157|131|118", "team_id": "33", "team_name": "DR" },
    { "ban_heros": "178|171|154", "camp": "1", "game_label": "117347", "game_time": "2017-06-27 16:13:08", "is_win": "0", "kill_cnt": "11", "pick_heros": "182|173|187|180|146", "team_id": "38", "team_name": "RNG.M" },
    { "ban_heros": "187|173|140", "camp": "2", "game_label": "217348", "game_time": "2017-06-27 16:42:47", "is_win": "0", "kill_cnt": "7", "pick_heros": "121|154|150|171|157", "team_id": "14", "team_name": "DL" },
    { "ban_heros": "139|116|131", "camp": "1", "game_label": "217348", "game_time": "2017-06-27 16:42:47", "is_win": "1", "kill_cnt": "19", "pick_heros": "182|178|128|168|132", "team_id": "37", "team_name": "SV" },
    { "ban_heros": "140|190|115", "camp": "1", "game_label": "117347", "game_time": "2017-06-27 16:43:43", "is_win": "0", "kill_cnt": "12", "pick_heros": "128|118|113|187|173", "team_id": "33", "team_name": "DR" },
    { "ban_heros": "182|121|157", "camp": "2", "game_label": "117347", "game_time": "2017-06-27 16:43:43", "is_win": "1", "kill_cnt": "23", "pick_heros": "178|154|116|141|171", "team_id": "38", "team_name": "RNG.M" },
    { "ban_heros": "187|154|128", "camp": "1", "game_label": "217348", "game_time": "2017-06-27 17:11:03", "is_win": "1", "kill_cnt": "14", "pick_heros": "173|140|190|171|174", "team_id": "14", "team_name": "DL" },
    { "ban_heros": "139|116|182", "camp": "2", "game_label": "217348", "game_time": "2017-06-27 17:11:03", "is_win": "0", "kill_cnt": "3", "pick_heros": "121|178|115|134|118", "team_id": "37", "team_name": "SV" },
    { "ban_heros": "140|115|116", "camp": "2", "game_label": "117347", "game_time": "2017-06-27 17:24:28", "is_win": "0", "kill_cnt": "14", "pick_heros": "178|190|118|139|132", "team_id": "33", "team_name": "DR" },
    { "ban_heros": "121|128|182", "camp": "1", "game_label": "117347", "game_time": "2017-06-27 17:24:28", "is_win": "1", "kill_cnt": "21", "pick_heros": "154|113|131|123|157", "team_id": "38", "team_name": "RNG.M" },
    { "ban_heros": "182|173|178", "camp": "2", "game_label": "217348", "game_time": "2017-06-27 17:35:16", "is_win": "0", "kill_cnt": "19", "pick_heros": "187|154|115|134|111", "team_id": "14", "team_name": "DL" },
    { "ban_heros": "139|116|131", "camp": "1", "game_label": "217348", "game_time": "2017-06-27 17:35:16", "is_win": "1", "kill_cnt": "19", "pick_heros": "128|190|132|171|163", "team_id": "37", "team_name": "SV" },
    { "ban_heros": "134|139|187", "camp": "1", "game_label": "117349", "game_time": "2017-06-27 18:12:27", "is_win": "1", "kill_cnt": "21", "pick_heros": "113|116|154|157|140", "team_id": "26", "team_name": "EDG.M" },
    { "ban_heros": "182|173|146", "camp": "2", "game_label": "117349", "game_time": "2017-06-27 18:12:27", "is_win": "0", "kill_cnt": "4", "pick_heros": "128|178|118|190|123", "team_id": "36", "team_name": "RNG" },
    { "ban_heros": "116|141|190", "camp": "2", "game_label": "217350", "game_time": "2017-06-27 18:13:19", "is_win": "0", "kill_cnt": "9", "pick_heros": "157|154|173|139|171", "team_id": "34", "team_name": "hero" },
    { "ban_heros": "146|182|128", "camp": "1", "game_label": "217350", "game_time": "2017-06-27 18:13:19", "is_win": "1", "kill_cnt": "22", "pick_heros": "121|178|118|168|132", "team_id": "35", "team_name": "LGD" },
    { "ban_heros": "134|139|187", "camp": "2", "game_label": "117349", "game_time": "2017-06-27 18:40:05", "is_win": "1", "kill_cnt": "19", "pick_heros": "113|128|140|116|157", "team_id": "26", "team_name": "EDG.M" },
    { "ban_heros": "146|182|173", "camp": "1", "game_label": "117349", "game_time": "2017-06-27 18:40:05", "is_win": "0", "kill_cnt": "2", "pick_heros": "154|190|178|171|133", "team_id": "36", "team_name": "RNG" },
    { "ban_heros": "141|128|154", "camp": "1", "game_label": "217350", "game_time": "2017-06-27 18:39:48", "is_win": "0", "kill_cnt": "7", "pick_heros": "116|171|132|157|123", "team_id": "34", "team_name": "hero" },
    { "ban_heros": "121|182|146", "camp": "2", "game_label": "217350", "game_time": "2017-06-27 18:39:48", "is_win": "1", "kill_cnt": "16", "pick_heros": "139|178|168|190|131", "team_id": "35", "team_name": "LGD" },
    { "ban_heros": "173|140|132", "camp": "2", "game_label": "117351", "game_time": "2017-06-27 19:12:17", "is_win": "0", "kill_cnt": "8", "pick_heros": "128|182|168|174|163", "team_id": "20", "team_name": "SC" },
    { "ban_heros": "121|113|116", "camp": "1", "game_label": "117351", "game_time": "2017-06-27 19:12:17", "is_win": "1", "kill_cnt": "9", "pick_heros": "154|134|118|111|157", "team_id": "27", "team_name": "GK" },
    { "ban_heros": "134|157|173", "camp": "1", "game_label": "117351", "game_time": "2017-06-27 19:37:44", "is_win": "0", "kill_cnt": "10", "pick_heros": "128|139|132|171|115", "team_id": "20", "team_name": "SC" },
    { "ban_heros": "121|113|182", "camp": "2", "game_label": "117351", "game_time": "2017-06-27 19:37:44", "is_win": "1", "kill_cnt": "22", "pick_heros": "140|116|118|111|146", "team_id": "27", "team_name": "GK" },
    { "ban_heros": "139|182|121", "camp": "2", "game_label": "217352", "game_time": "2017-06-28 14:13:10", "is_win": "1", "kill_cnt": "14", "pick_heros": "154|178|171|132|157", "team_id": "30", "team_name": "EP" },
    { "ban_heros": "116|134|128", "camp": "1", "game_label": "217352", "game_time": "2017-06-28 14:13:10", "is_win": "0", "kill_cnt": "6", "pick_heros": "190|187|113|123|173", "team_id": "36", "team_name": "RNG" },
    { "ban_heros": "139|182|154", "camp": "1", "game_label": "217352", "game_time": "2017-06-28 14:41:31", "is_win": "0", "kill_cnt": "9", "pick_heros": "121|128|113|174|141", "team_id": "30", "team_name": "EP" },
    { "ban_heros": "116|190|132", "camp": "2", "game_label": "217352", "game_time": "2017-06-28 14:41:31", "is_win": "1", "kill_cnt": "11", "pick_heros": "134|157|178|171|192", "team_id": "36", "team_name": "RNG" },
    { "ban_heros": "139|182|121", "camp": "2", "game_label": "217352", "game_time": "2017-06-28 15:07:39", "is_win": "1", "kill_cnt": "14", "pick_heros": "128|171|146|174|157", "team_id": "30", "team_name": "EP" },
    { "ban_heros": "116|154|134", "camp": "1", "game_label": "217352", "game_time": "2017-06-28 15:07:39", "is_win": "0", "kill_cnt": "4", "pick_heros": "190|132|178|140|187", "team_id": "36", "team_name": "RNG" },
    { "ban_heros": "187|140|154", "camp": "2", "game_label": "217353", "game_time": "2017-06-28 15:42:15", "is_win": "1", "kill_cnt": "17", "pick_heros": "173|178|168|134|157", "team_id": "14", "team_name": "DL" },
    { "ban_heros": "128|182|121", "camp": "1", "game_label": "217353", "game_time": "2017-06-28 15:42:15", "is_win": "0", "kill_cnt": "14", "pick_heros": "139|116|190|171|174", "team_id": "35", "team_name": "LGD" },
    { "ban_heros": "187|154|140", "camp": "1", "game_label": "217353", "game_time": "2017-06-28 16:06:30", "is_win": "1", "kill_cnt": "18", "pick_heros": "173|134|178|113|157", "team_id": "14", "team_name": "DL" },
    { "ban_heros": "121|182|116", "camp": "2", "game_label": "217353", "game_time": "2017-06-28 16:06:30", "is_win": "0", "kill_cnt": "13", "pick_heros": "139|128|168|131|141", "team_id": "35", "team_name": "LGD" },
    { "ban_heros": "121|182|157", "camp": "2", "game_label": "117354", "game_time": "2017-06-28 16:12:28", "is_win": "1", "kill_cnt": "14", "pick_heros": "132|154|139|187|141", "team_id": "32", "team_name": "BA黑凤梨" },
    { "ban_heros": "134|190|140", "camp": "1", "game_label": "117354", "game_time": "2017-06-28 16:12:28", "is_win": "0", "kill_cnt": "7", "pick_heros": "116|128|178|118|115", "team_id": "33", "team_name": "DR" },
    { "ban_heros": "182|157|121", "camp": "1", "game_label": "117354", "game_time": "2017-06-28 16:44:52", "is_win": "1", "kill_cnt": "17", "pick_heros": "154|178|116|146|113", "team_id": "32", "team_name": "BA黑凤梨" },
    { "ban_heros": "190|171|132", "camp": "2", "game_label": "117354", "game_time": "2017-06-28 16:44:52", "is_win": "0", "kill_cnt": "7", "pick_heros": "133|128|118|134|115", "team_id": "33", "team_name": "DR" },
    { "ban_heros": "140|146|173", "camp": "2", "game_label": "217355", "game_time": "2017-06-28 16:41:25", "is_win": "0", "kill_cnt": "4", "pick_heros": "139|132|118|128|115", "team_id": "37", "team_name": "SV" },
    { "ban_heros": "121|182|157", "camp": "1", "game_label": "217355", "game_time": "2017-06-28 16:41:25", "is_win": "1", "kill_cnt": "15", "pick_heros": "190|116|154|113|178", "team_id": "38", "team_name": "RNG.M" },
    { "ban_heros": "141|140|173", "camp": "1", "game_label": "117356", "game_time": "2017-06-28 17:21:45", "is_win": "1", "kill_cnt": "12", "pick_heros": "146|157|128|171|174", "team_id": "26", "team_name": "EDG.M" },
    { "ban_heros": "116|131|182", "camp": "2", "game_label": "117356", "game_time": "2017-06-28 17:21:45", "is_win": "0", "kill_cnt": "2", "pick_heros": "154|113|111|134|190", "team_id": "27", "team_name": "GK" },
    { "ban_heros": "140|146|173", "camp": "1", "game_label": "217355", "game_time": "2017-06-28 17:11:48", "is_win": "0", "kill_cnt": "12", "pick_heros": "157|139|132|178|171", "team_id": "37", "team_name": "SV" },
    { "ban_heros": "121|182|190", "camp": "2", "game_label": "217355", "game_time": "2017-06-28 17:11:48", "is_win": "1", "kill_cnt": "13", "pick_heros": "154|128|113|116|115", "team_id": "38", "team_name": "RNG.M" },
    { "ban_heros": "140|141|157", "camp": "2", "game_label": "117356", "game_time": "2017-06-28 17:43:45", "is_win": "0", "kill_cnt": "24", "pick_heros": "113|154|150|178|148", "team_id": "26", "team_name": "EDG.M" },
    { "ban_heros": "116|146|131", "camp": "1", "game_label": "117356", "game_time": "2017-06-28 17:43:45", "is_win": "1", "kill_cnt": "19", "pick_heros": "173|128|182|187|121", "team_id": "27", "team_name": "GK" },
    { "ban_heros": "116|121|154", "camp": "2", "game_label": "117354", "game_time": "2017-06-28 17:58:06", "is_win": "1", "kill_cnt": "16", "pick_heros": "140|178|118|173|141", "team_id": "32", "team_name": "BA黑凤梨" },
    { "ban_heros": "141|121|154", "camp": "1", "game_label": "117356", "game_time": "2017-06-28 18:17:53", "is_win": "1", "kill_cnt": "19", "pick_heros": "140|113|128|148|150", "team_id": "26", "team_name": "EDG.M" },
    { "ban_heros": "116|146|131", "camp": "2", "game_label": "117356", "game_time": "2017-06-28 18:17:53", "is_win": "0", "kill_cnt": "4", "pick_heros": "182|173|168|178|107", "team_id": "27", "team_name": "GK" },
    { "ban_heros": "132|154|121", "camp": "2", "game_label": "217357", "game_time": "2017-06-28 18:25:46", "is_win": "1", "kill_cnt": "18", "pick_heros": "178|139|118|190|133", "team_id": "30", "team_name": "EP" },
    { "ban_heros": "116|128|0", "camp": "1", "game_label": "217357", "game_time": "2017-06-28 18:25:46", "is_win": "0", "kill_cnt": "20", "pick_heros": "140|113|173|171|141", "team_id": "32", "team_name": "BA黑凤梨" },
    { "ban_heros": "192|187|123", "camp": "1", "game_label": "117358", "game_time": "2017-06-28 18:56:32", "is_win": "1", "kill_cnt": "16", "pick_heros": "139|128|178|190|118", "team_id": "34", "team_name": "hero" },
    { "ban_heros": "146|173|154", "camp": "2", "game_label": "117358", "game_time": "2017-06-28 18:56:32", "is_win": "0", "kill_cnt": "18", "pick_heros": "157|134|113|140|132", "team_id": "36", "team_name": "RNG" },
    { "ban_heros": "132|140|139", "camp": "1", "game_label": "217357", "game_time": "2017-06-28 19:04:29", "is_win": "1", "kill_cnt": "7", "pick_heros": "154|146|173|171|157", "team_id": "30", "team_name": "EP" },
    { "ban_heros": "116|121|128", "camp": "2", "game_label": "217357", "game_time": "2017-06-28 19:04:29", "is_win": "0", "kill_cnt": "11", "pick_heros": "178|113|190|118|131", "team_id": "32", "team_name": "BA黑凤梨" },
    { "ban_heros": "192|187|123", "camp": "2", "game_label": "117358", "game_time": "2017-06-28 19:34:20", "is_win": "1", "kill_cnt": "16", "pick_heros": "154|128|190|171|131", "team_id": "34", "team_name": "hero" },
    { "ban_heros": "146|173|157", "camp": "1", "game_label": "117358", "game_time": "2017-06-28 19:34:20", "is_win": "0", "kill_cnt": "14", "pick_heros": "182|178|116|140|113", "team_id": "36", "team_name": "RNG" },
    { "ban_heros": "116|173|132", "camp": "1", "game_label": "217359", "game_time": "2017-06-28 19:52:16", "is_win": "1", "kill_cnt": "23", "pick_heros": "121|154|139|187|182", "team_id": "20", "team_name": "SC" },
    { "ban_heros": "140|113|190", "camp": "2", "game_label": "217359", "game_time": "2017-06-28 19:52:16", "is_win": "0", "kill_cnt": "11", "pick_heros": "157|128|168|178|131", "team_id": "33", "team_name": "DR" },
    { "ban_heros": "173|116|121", "camp": "2", "game_label": "217359", "game_time": "2017-06-28 20:15:09", "is_win": "0", "kill_cnt": "23", "pick_heros": "139|187|134|190|146", "team_id": "20", "team_name": "SC" },
    { "ban_heros": "140|182|128", "camp": "1", "game_label": "217359", "game_time": "2017-06-28 20:15:09", "is_win": "1", "kill_cnt": "29", "pick_heros": "154|178|132|157|171", "team_id": "33", "team_name": "DR" },
    { "ban_heros": "173|116|132", "camp": "1", "game_label": "217359", "game_time": "2017-06-28 20:45:07", "is_win": "1", "kill_cnt": "28", "pick_heros": "154|139|157|187|146", "team_id": "20", "team_name": "SC" },
    { "ban_heros": "121|140|182", "camp": "2", "game_label": "217359", "game_time": "2017-06-28 20:45:07", "is_win": "0", "kill_cnt": "18", "pick_heros": "128|178|171|133|190", "team_id": "33", "team_name": "DR" },
    { "ban_heros": "116|173|148", "camp": "1", "game_label": "217360", "game_time": "2017-06-29 10:20:30", "is_win": "0", "kill_cnt": "5", "pick_heros": "113|128|154|118|190", "team_id": "20", "team_name": "SC" },
    { "ban_heros": "121|139|182", "camp": "2", "game_label": "217360", "game_time": "2017-06-29 10:20:30", "is_win": "1", "kill_cnt": "22", "pick_heros": "146|140|171|157|174", "team_id": "26", "team_name": "EDG.M" },
    { "ban_heros": "116|173|140", "camp": "2", "game_label": "217360", "game_time": "2017-06-29 10:41:37", "is_win": "0", "kill_cnt": "7", "pick_heros": "178|128|132|187|141", "team_id": "20", "team_name": "SC" },
    { "ban_heros": "121|139|182", "camp": "1", "game_label": "217360", "game_time": "2017-06-29 10:41:37", "is_win": "1", "kill_cnt": "25", "pick_heros": "146|157|113|154|174", "team_id": "26", "team_name": "EDG.M" },
    { "ban_heros": "187|173|140", "camp": "1", "game_label": "217361", "game_time": "2017-06-29 11:26:42", "is_win": "0", "kill_cnt": "8", "pick_heros": "154|146|171|121|174", "team_id": "34", "team_name": "hero" },
    { "ban_heros": "131|182|190", "camp": "2", "game_label": "217361", "game_time": "2017-06-29 11:26:42", "is_win": "1", "kill_cnt": "17", "pick_heros": "157|128|113|116|178", "team_id": "38", "team_name": "RNG.M" },
    { "ban_heros": "116|173|140", "camp": "2", "game_label": "217361", "game_time": "2017-06-29 11:56:29", "is_win": "0", "kill_cnt": "2", "pick_heros": "139|154|118|178|115", "team_id": "34", "team_name": "hero" },
    { "ban_heros": "131|182|157", "camp": "1", "game_label": "217361", "game_time": "2017-06-29 11:56:29", "is_win": "1", "kill_cnt": "20", "pick_heros": "190|113|128|134|123", "team_id": "38", "team_name": "RNG.M" },
    { "ban_heros": "132|134|140", "camp": "1", "game_label": "117362", "game_time": "2017-06-29 12:34:48", "is_win": "0", "kill_cnt": "9", "pick_heros": "113|128|157|139|131", "team_id": "26", "team_name": "EDG.M" },
    { "ban_heros": "146|121|182", "camp": "2", "game_label": "117362", "game_time": "2017-06-29 12:34:48", "is_win": "1", "kill_cnt": "13", "pick_heros": "116|154|178|118|141", "team_id": "32", "team_name": "BA黑凤梨" },
    { "ban_heros": "132|141|121", "camp": "2", "game_label": "117362", "game_time": "2017-06-29 13:04:40", "is_win": "0", "kill_cnt": "10", "pick_heros": "146|140|157|173|171", "team_id": "26", "team_name": "EDG.M" },
    { "ban_heros": "116|182|134", "camp": "1", "game_label": "117362", "game_time": "2017-06-29 13:04:40", "is_win": "1", "kill_cnt": "16", "pick_heros": "154|139|113|190|131", "team_id": "32", "team_name": "BA黑凤梨" },
    { "ban_heros": "173|182|140", "camp": "2", "game_label": "217363", "game_time": "2017-06-29 13:49:56", "is_win": "1", "kill_cnt": "21", "pick_heros": "132|121|113|178|141", "team_id": "30", "team_name": "EP" },
    { "ban_heros": "146|116|157", "camp": "1", "game_label": "217363", "game_time": "2017-06-29 13:49:56", "is_win": "0", "kill_cnt": "13", "pick_heros": "190|134|128|187|154", "team_id": "38", "team_name": "RNG.M" },
    { "ban_heros": "173|140|182", "camp": "1", "game_label": "217363", "game_time": "2017-06-29 14:17:38", "is_win": "1", "kill_cnt": "24", "pick_heros": "116|132|154|187|157", "team_id": "30", "team_name": "EP" },
    { "ban_heros": "121|146|141", "camp": "2", "game_label": "217363", "game_time": "2017-06-29 14:17:38", "is_win": "0", "kill_cnt": "15", "pick_heros": "113|190|128|178|131", "team_id": "38", "team_name": "RNG.M" },
    { "ban_heros": "187|121|140", "camp": "1", "game_label": "217364", "game_time": "2017-06-29 14:57:47", "is_win": "1", "kill_cnt": "33", "pick_heros": "173|178|134|157|180", "team_id": "14", "team_name": "DL" },
    { "ban_heros": "131|116|139", "camp": "2", "game_label": "217364", "game_time": "2017-06-29 14:57:47", "is_win": "0", "kill_cnt": "23", "pick_heros": "154|128|113|182|132", "team_id": "27", "team_name": "GK" },
    { "ban_heros": "140|187|154", "camp": "2", "game_label": "217364", "game_time": "2017-06-29 15:25:57", "is_win": "0", "kill_cnt": "12", "pick_heros": "173|128|134|171|190", "team_id": "14", "team_name": "DL" },
    { "ban_heros": "116|131|182", "camp": "1", "game_label": "217364", "game_time": "2017-06-29 15:25:57", "is_win": "1", "kill_cnt": "14", "pick_heros": "121|157|132|178|113", "team_id": "27", "team_name": "GK" },
    { "ban_heros": "187|140|121", "camp": "1", "game_label": "217364", "game_time": "2017-06-29 15:57:48", "is_win": "0", "kill_cnt": "6", "pick_heros": "173|128|139|190|118", "team_id": "14", "team_name": "DL" },
    { "ban_heros": "116|131|182", "camp": "2", "game_label": "217364", "game_time": "2017-06-29 15:57:48", "is_win": "1", "kill_cnt": "13", "pick_heros": "154|157|113|134|132", "team_id": "27", "team_name": "GK" },
    { "ban_heros": "128|121|139", "camp": "1", "game_label": "117365", "game_time": "2017-06-29 16:10:17", "is_win": "1", "kill_cnt": "23", "pick_heros": "154|190|171|133|134", "team_id": "35", "team_name": "LGD" },
    { "ban_heros": "116|182|141", "camp": "2", "game_label": "117365", "game_time": "2017-06-29 16:10:17", "is_win": "0", "kill_cnt": "14", "pick_heros": "178|132|157|113|163", "team_id": "37", "team_name": "SV" },
    { "ban_heros": "121|182|190", "camp": "2", "game_label": "117365", "game_time": "2017-06-29 16:46:51", "is_win": "0", "kill_cnt": "3", "pick_heros": "154|118|178|168|111", "team_id": "35", "team_name": "LGD" },
    { "ban_heros": "116|141|157", "camp": "1", "game_label": "117365", "game_time": "2017-06-29 16:46:51", "is_win": "1", "kill_cnt": "10", "pick_heros": "128|134|171|110|132", "team_id": "37", "team_name": "SV" },
    { "ban_heros": "128|132|182", "camp": "1", "game_label": "117365", "game_time": "2017-06-29 17:08:25", "is_win": "1", "kill_cnt": "16", "pick_heros": "190|134|139|114|174", "team_id": "35", "team_name": "LGD" },
    { "ban_heros": "116|141|121", "camp": "2", "game_label": "117365", "game_time": "2017-06-29 17:08:25", "is_win": "0", "kill_cnt": "15", "pick_heros": "178|154|171|111|157", "team_id": "37", "team_name": "SV" },
    { "ban_heros": "140|116|173", "camp": "1", "game_label": "117366", "game_time": "2017-06-29 17:43:14", "is_win": "1", "kill_cnt": "15", "pick_heros": "190|128|154|132|168", "team_id": "33", "team_name": "DR" },
    { "ban_heros": "182|121|157", "camp": "2", "game_label": "117366", "game_time": "2017-06-29 17:43:14", "is_win": "0", "kill_cnt": "7", "pick_heros": "134|139|115|118|169", "team_id": "36", "team_name": "RNG" },
    { "ban_heros": "140|116|173", "camp": "2", "game_label": "117366", "game_time": "2017-06-29 18:09:31", "is_win": "0", "kill_cnt": "22", "pick_heros": "178|128|168|131|190", "team_id": "33", "team_name": "DR" },
    { "ban_heros": "121|157|154", "camp": "1", "game_label": "117366", "game_time": "2017-06-29 18:09:31", "is_win": "1", "kill_cnt": "18", "pick_heros": "182|134|139|113|123", "team_id": "36", "team_name": "RNG" },
    { "ban_heros": "140|116|139", "camp": "1", "game_label": "117366", "game_time": "2017-06-29 18:43:20", "is_win": "1", "kill_cnt": "9", "pick_heros": "157|128|132|113|178", "team_id": "33", "team_name": "DR" },
    { "ban_heros": "121|182|190", "camp": "2", "game_label": "117366", "game_time": "2017-06-29 18:43:20", "is_win": "0", "kill_cnt": "8", "pick_heros": "154|134|115|171|192", "team_id": "36", "team_name": "RNG" },
    { "ban_heros": "173|178|187", "camp": "1", "game_label": "117371", "game_time": "2017-06-30 16:13:49", "is_win": "0", "kill_cnt": "4", "pick_heros": "154|132|190|171|134", "team_id": "30", "team_name": "EP" },
    { "ban_heros": "116|121|146", "camp": "2", "game_label": "117371", "game_time": "2017-06-30 16:13:49", "is_win": "1", "kill_cnt": "14", "pick_heros": "139|128|131|113|182", "team_id": "32", "team_name": "BA黑凤梨" },
    { "ban_heros": "182|173|132", "camp": "2", "game_label": "117371", "game_time": "2017-06-30 16:36:18", "is_win": "0", "kill_cnt": "14", "pick_heros": "128|178|190|187|111", "team_id": "30", "team_name": "EP" },
    { "ban_heros": "116|121|146", "camp": "1", "game_label": "117371", "game_time": "2017-06-30 16:36:18", "is_win": "1", "kill_cnt": "13", "pick_heros": "154|113|139|157|133", "team_id": "32", "team_name": "BA黑凤梨" },
    { "ban_heros": "173|182|139", "camp": "1", "game_label": "117371", "game_time": "2017-06-30 17:04:47", "is_win": "1", "kill_cnt": "13", "pick_heros": "154|132|113|134|157", "team_id": "30", "team_name": "EP" },
    { "ban_heros": "116|146|121", "camp": "2", "game_label": "117371", "game_time": "2017-06-30 17:04:47", "is_win": "0", "kill_cnt": "5", "pick_heros": "128|178|131|190|118", "team_id": "32", "team_name": "BA黑凤梨" },
    { "ban_heros": "173|182|140", "camp": "2", "game_label": "117371", "game_time": "2017-06-30 17:27:17", "is_win": "0", "kill_cnt": "2", "pick_heros": "113|132|178|190|163", "team_id": "30", "team_name": "EP" },
    { "ban_heros": "116|134|154", "camp": "1", "game_label": "117371", "game_time": "2017-06-30 17:27:17", "is_win": "1", "kill_cnt": "14", "pick_heros": "121|128|146|174|171", "team_id": "32", "team_name": "BA黑凤梨" },
    { "ban_heros": "190|116|131", "camp": "1", "game_label": "117372", "game_time": "2017-06-30 18:02:19", "is_win": "0", "kill_cnt": "8", "pick_heros": "154|173|178|146|118", "team_id": "27", "team_name": "GK" },
    { "ban_heros": "121|140|182", "camp": "2", "game_label": "117372", "game_time": "2017-06-30 18:02:19", "is_win": "1", "kill_cnt": "18", "pick_heros": "128|157|134|113|133", "team_id": "38", "team_name": "RNG.M" },
    { "ban_heros": "190|116|128", "camp": "2", "game_label": "117372", "game_time": "2017-06-30 18:34:58", "is_win": "0", "kill_cnt": "7", "pick_heros": "154|113|141|118|173", "team_id": "27", "team_name": "GK" },
    { "ban_heros": "121|157|182", "camp": "1", "game_label": "117372", "game_time": "2017-06-30 18:34:58", "is_win": "1", "kill_cnt": "15", "pick_heros": "140|178|132|106|171", "team_id": "38", "team_name": "RNG.M" },
    { "ban_heros": "190|116|154", "camp": "1", "game_label": "117372", "game_time": "2017-06-30 19:02:47", "is_win": "1", "kill_cnt": "14", "pick_heros": "128|113|132|141|134", "team_id": "27", "team_name": "GK" },
    { "ban_heros": "121|182|140", "camp": "2", "game_label": "117372", "game_time": "2017-06-30 19:02:47", "is_win": "0", "kill_cnt": "10", "pick_heros": "157|178|131|187|133", "team_id": "38", "team_name": "RNG.M" },
    { "ban_heros": "190|116|140", "camp": "2", "game_label": "117372", "game_time": "2017-06-30 19:27:00", "is_win": "0", "kill_cnt": "15", "pick_heros": "154|132|171|178|115", "team_id": "27", "team_name": "GK" },
    { "ban_heros": "121|113|182", "camp": "1", "game_label": "117372", "game_time": "2017-06-30 19:27:00", "is_win": "1", "kill_cnt": "16", "pick_heros": "157|128|134|168|174", "team_id": "38", "team_name": "RNG.M" },
    { "ban_heros": "134|116|133", "camp": "2", "game_label": "117373", "game_time": "2017-07-01 16:11:58", "is_win": "0", "kill_cnt": "12", "pick_heros": "154|132|187|178|141", "team_id": "32", "team_name": "BA黑凤梨" },
    { "ban_heros": "121|128|182", "camp": "1", "game_label": "117373", "game_time": "2017-07-01 16:11:58", "is_win": "1", "kill_cnt": "21", "pick_heros": "140|113|190|111|163", "team_id": "38", "team_name": "RNG.M" },
    { "ban_heros": "140|116|187", "camp": "1", "game_label": "117373", "game_time": "2017-07-01 16:47:31", "is_win": "0", "kill_cnt": "5", "pick_heros": "128|178|132|110|171", "team_id": "32", "team_name": "BA黑凤梨" },
    { "ban_heros": "182|154|121", "camp": "2", "game_label": "117373", "game_time": "2017-07-01 16:47:31", "is_win": "1", "kill_cnt": "11", "pick_heros": "190|113|134|123|111", "team_id": "38", "team_name": "RNG.M" },
    { "ban_heros": "134|178|111", "camp": "2", "game_label": "117373", "game_time": "2017-07-01 17:14:14", "is_win": "0", "kill_cnt": "13", "pick_heros": "154|128|132|171|157", "team_id": "32", "team_name": "BA黑凤梨" },
    { "ban_heros": "121|182|116", "camp": "1", "game_label": "117373", "game_time": "2017-07-01 17:14:14", "is_win": "1", "kill_cnt": "13", "pick_heros": "140|113|190|133|163", "team_id": "38", "team_name": "RNG.M" },
    { "ban_heros": "116|121|146", "camp": "2", "game_label": "117374", "game_time": "2017-07-01 17:44:58", "is_win": "1", "kill_cnt": "17", "pick_heros": "128|132|171|134|157", "team_id": "27", "team_name": "GK" },
    { "ban_heros": "182|140|113", "camp": "1", "game_label": "117374", "game_time": "2017-07-01 17:44:58", "is_win": "0", "kill_cnt": "22", "pick_heros": "154|190|178|118|173", "team_id": "30", "team_name": "EP" },
    { "ban_heros": "116|146|154", "camp": "1", "game_label": "117374", "game_time": "2017-07-01 18:19:17", "is_win": "1", "kill_cnt": "6", "pick_heros": "128|157|113|107|111", "team_id": "27", "team_name": "GK" },
    { "ban_heros": "182|140|121", "camp": "2", "game_label": "117374", "game_time": "2017-07-01 18:19:17", "is_win": "0", "kill_cnt": "1", "pick_heros": "178|132|134|118|141", "team_id": "30", "team_name": "EP" },
    { "ban_heros": "116|121|146", "camp": "2", "game_label": "117374", "game_time": "2017-07-01 18:42:11", "is_win": "1", "kill_cnt": "14", "pick_heros": "128|132|134|171|190", "team_id": "27", "team_name": "GK" },
    { "ban_heros": "182|113|140", "camp": "1", "game_label": "117374", "game_time": "2017-07-01 18:42:11", "is_win": "0", "kill_cnt": "6", "pick_heros": "154|157|178|139|187", "team_id": "30", "team_name": "EP" },
    { "ban_heros": "182|139|154", "camp": "1", "game_label": "117375", "game_time": "2017-07-02 16:10:40", "is_win": "1", "kill_cnt": "25", "pick_heros": "128|157|178|171|111", "team_id": "27", "team_name": "GK" },
    { "ban_heros": "140|146|121", "camp": "2", "game_label": "117375", "game_time": "2017-07-02 16:10:40", "is_win": "0", "kill_cnt": "21", "pick_heros": "116|113|132|190|134", "team_id": "32", "team_name": "BA黑凤梨" },
    { "ban_heros": "182|139|121", "camp": "2", "game_label": "117375", "game_time": "2017-07-02 16:45:38", "is_win": "1", "kill_cnt": "13", "pick_heros": "132|178|134|157|171", "team_id": "27", "team_name": "GK" },
    { "ban_heros": "140|146|154", "camp": "1", "game_label": "117375", "game_time": "2017-07-02 16:45:38", "is_win": "0", "kill_cnt": "6", "pick_heros": "128|116|113|190|174", "team_id": "32", "team_name": "BA黑凤梨" },
    { "ban_heros": "182|139|154", "camp": "1", "game_label": "117375", "game_time": "2017-07-02 17:10:00", "is_win": "1", "kill_cnt": "13", "pick_heros": "128|116|113|111|190", "team_id": "27", "team_name": "GK" },
    { "ban_heros": "140|121|146", "camp": "2", "game_label": "117375", "game_time": "2017-07-02 17:10:00", "is_win": "0", "kill_cnt": "4", "pick_heros": "178|157|132|134|171", "team_id": "32", "team_name": "BA黑凤梨" }
]