[
    { "hero1_id": "132", "hero1_name": "马可波罗", "hero2_id": "149", "hero2_name": "刘邦", "played": "52", "win_rate": "0.6538" },
    { "hero1_id": "132", "hero1_name": "马可波罗", "hero2_id": "186", "hero2_name": "太乙真人", "played": "52", "win_rate": "0.7308" },
    { "hero1_id": "154", "hero1_name": "花木兰", "hero2_id": "186", "hero2_name": "太乙真人", "played": "51", "win_rate": "0.4510" },
    { "hero1_id": "132", "hero1_name": "马可波罗", "hero2_id": "134", "hero2_name": "达摩", "played": "45", "win_rate": "0.7333" },
    { "hero1_id": "173", "hero1_name": "李元芳", "hero2_id": "186", "hero2_name": "太乙真人", "played": "45", "win_rate": "0.4222" },
    { "hero1_id": "110", "hero1_name": "嬴政", "hero2_id": "154", "hero2_name": "花木兰", "played": "42", "win_rate": "0.3810" },
    { "hero1_id": "110", "hero1_name": "嬴政", "hero2_id": "132", "hero2_name": "马可波罗", "played": "41", "win_rate": "0.4390" },
    { "hero1_id": "132", "hero1_name": "马可波罗", "hero2_id": "154", "hero2_name": "花木兰", "played": "40", "win_rate": "0.5500" },
    { "hero1_id": "154", "hero1_name": "花木兰", "hero2_id": "173", "hero2_name": "李元芳", "played": "37", "win_rate": "0.3514" },
    { "hero1_id": "119", "hero1_name": "扁鹊", "hero2_id": "186", "hero2_name": "太乙真人", "played": "36", "win_rate": "0.5278" },
    { "hero1_id": "110", "hero1_name": "嬴政", "hero2_id": "186", "hero2_name": "太乙真人", "played": "36", "win_rate": "0.4444" },
    { "hero1_id": "132", "hero1_name": "马可波罗", "hero2_id": "194", "hero2_name": "苏烈", "played": "35", "win_rate": "0.5714" },
    { "hero1_id": "119", "hero1_name": "扁鹊", "hero2_id": "132", "hero2_name": "马可波罗", "played": "34", "win_rate": "0.7647" },
    { "hero1_id": "134", "hero1_name": "达摩", "hero2_id": "186", "hero2_name": "太乙真人", "played": "33", "win_rate": "0.6061" },
    { "hero1_id": "186", "hero1_name": "太乙真人", "hero2_id": "194", "hero2_name": "苏烈", "played": "33", "win_rate": "0.6667" },
    { "hero1_id": "120", "hero1_name": "白起", "hero2_id": "186", "hero2_name": "太乙真人", "played": "33", "win_rate": "0.3939" },
    { "hero1_id": "173", "hero1_name": "李元芳", "hero2_id": "194", "hero2_name": "苏烈", "played": "32", "win_rate": "0.6875" },
    { "hero1_id": "120", "hero1_name": "白起", "hero2_id": "132", "hero2_name": "马可波罗", "played": "31", "win_rate": "0.6452" },
    { "hero1_id": "149", "hero1_name": "刘邦", "hero2_id": "186", "hero2_name": "太乙真人", "played": "31", "win_rate": "0.5161" },
    { "hero1_id": "189", "hero1_name": "鬼谷子", "hero2_id": "194", "hero2_name": "苏烈", "played": "30", "win_rate": "0.4667" },
    { "hero1_id": "119", "hero1_name": "扁鹊", "hero2_id": "194", "hero2_name": "苏烈", "played": "29", "win_rate": "0.6552" },
    { "hero1_id": "139", "hero1_name": "老夫子", "hero2_id": "173", "hero2_name": "李元芳", "played": "29", "win_rate": "0.4828" },
    { "hero1_id": "110", "hero1_name": "嬴政", "hero2_id": "149", "hero2_name": "刘邦", "played": "29", "win_rate": "0.3103" },
    { "hero1_id": "132", "hero1_name": "马可波罗", "hero2_id": "171", "hero2_name": "张飞", "played": "29", "win_rate": "0.5517" },
    { "hero1_id": "132", "hero1_name": "马可波罗", "hero2_id": "189", "hero2_name": "鬼谷子", "played": "29", "win_rate": "0.6207" },
    { "hero1_id": "149", "hero1_name": "刘邦", "hero2_id": "189", "hero2_name": "鬼谷子", "played": "28", "win_rate": "0.5000" },
    { "hero1_id": "149", "hero1_name": "刘邦", "hero2_id": "194", "hero2_name": "苏烈", "played": "28", "win_rate": "0.5000" },
    { "hero1_id": "119", "hero1_name": "扁鹊", "hero2_id": "149", "hero2_name": "刘邦", "played": "28", "win_rate": "0.8214" },
    { "hero1_id": "132", "hero1_name": "马可波罗", "hero2_id": "182", "hero2_name": "干将莫邪", "played": "27", "win_rate": "0.8519" },
    { "hero1_id": "110", "hero1_name": "嬴政", "hero2_id": "173", "hero2_name": "李元芳", "played": "27", "win_rate": "0.4815" },
    { "hero1_id": "139", "hero1_name": "老夫子", "hero2_id": "186", "hero2_name": "太乙真人", "played": "26", "win_rate": "0.6154" },
    { "hero1_id": "149", "hero1_name": "刘邦", "hero2_id": "154", "hero2_name": "花木兰", "played": "26", "win_rate": "0.3077" },
    { "hero1_id": "182", "hero1_name": "干将莫邪", "hero2_id": "194", "hero2_name": "苏烈", "played": "26", "win_rate": "0.6538" },
    { "hero1_id": "110", "hero1_name": "嬴政", "hero2_id": "139", "hero2_name": "老夫子", "played": "26", "win_rate": "0.5385" },
    { "hero1_id": "110", "hero1_name": "嬴政", "hero2_id": "194", "hero2_name": "苏烈", "played": "26", "win_rate": "0.4231" },
    { "hero1_id": "149", "hero1_name": "刘邦", "hero2_id": "173", "hero2_name": "李元芳", "played": "26", "win_rate": "0.4231" },
    { "hero1_id": "139", "hero1_name": "老夫子", "hero2_id": "154", "hero2_name": "花木兰", "played": "25", "win_rate": "0.4800" },
    { "hero1_id": "132", "hero1_name": "马可波罗", "hero2_id": "178", "hero2_name": "杨戬", "played": "25", "win_rate": "0.5600" },
    { "hero1_id": "154", "hero1_name": "花木兰", "hero2_id": "194", "hero2_name": "苏烈", "played": "24", "win_rate": "0.5833" },
    { "hero1_id": "134", "hero1_name": "达摩", "hero2_id": "189", "hero2_name": "鬼谷子", "played": "24", "win_rate": "0.5000" },
    { "hero1_id": "139", "hero1_name": "老夫子", "hero2_id": "189", "hero2_name": "鬼谷子", "played": "24", "win_rate": "0.5000" },
    { "hero1_id": "119", "hero1_name": "扁鹊", "hero2_id": "154", "hero2_name": "花木兰", "played": "24", "win_rate": "0.3750" },
    { "hero1_id": "154", "hero1_name": "花木兰", "hero2_id": "198", "hero2_name": "梦奇", "played": "23", "win_rate": "0.4783" },
    { "hero1_id": "136", "hero1_name": "武则天", "hero2_id": "189", "hero2_name": "鬼谷子", "played": "22", "win_rate": "0.4545" },
    { "hero1_id": "139", "hero1_name": "老夫子", "hero2_id": "194", "hero2_name": "苏烈", "played": "22", "win_rate": "0.6364" },
    { "hero1_id": "110", "hero1_name": "嬴政", "hero2_id": "120", "hero2_name": "白起", "played": "22", "win_rate": "0.2727" },
    { "hero1_id": "173", "hero1_name": "李元芳", "hero2_id": "189", "hero2_name": "鬼谷子", "played": "21", "win_rate": "0.2857" },
    { "hero1_id": "182", "hero1_name": "干将莫邪", "hero2_id": "186", "hero2_name": "太乙真人", "played": "21", "win_rate": "0.5714" },
    { "hero1_id": "110", "hero1_name": "嬴政", "hero2_id": "189", "hero2_name": "鬼谷子", "played": "21", "win_rate": "0.4762" },
    { "hero1_id": "178", "hero1_name": "杨戬", "hero2_id": "186", "hero2_name": "太乙真人", "played": "21", "win_rate": "0.6190" },
    { "hero1_id": "132", "hero1_name": "马可波罗", "hero2_id": "139", "hero2_name": "老夫子", "played": "21", "win_rate": "0.6190" },
    { "hero1_id": "120", "hero1_name": "白起", "hero2_id": "173", "hero2_name": "李元芳", "played": "21", "win_rate": "0.1905" },
    { "hero1_id": "134", "hero1_name": "达摩", "hero2_id": "173", "hero2_name": "李元芳", "played": "21", "win_rate": "0.3810" },
    { "hero1_id": "132", "hero1_name": "马可波罗", "hero2_id": "136", "hero2_name": "武则天", "played": "21", "win_rate": "0.5238" },
    { "hero1_id": "110", "hero1_name": "嬴政", "hero2_id": "198", "hero2_name": "梦奇", "played": "21", "win_rate": "0.6190" },
    { "hero1_id": "110", "hero1_name": "嬴政", "hero2_id": "134", "hero2_name": "达摩", "played": "21", "win_rate": "0.6190" },
    { "hero1_id": "154", "hero1_name": "花木兰", "hero2_id": "187", "hero2_name": "东皇太一", "played": "20", "win_rate": "0.5500" },
    { "hero1_id": "173", "hero1_name": "李元芳", "hero2_id": "182", "hero2_name": "干将莫邪", "played": "20", "win_rate": "0.5500" },
    { "hero1_id": "119", "hero1_name": "扁鹊", "hero2_id": "173", "hero2_name": "李元芳", "played": "20", "win_rate": "0.4000" },
    { "hero1_id": "149", "hero1_name": "刘邦", "hero2_id": "187", "hero2_name": "东皇太一", "played": "20", "win_rate": "0.5500" },
    { "hero1_id": "154", "hero1_name": "花木兰", "hero2_id": "182", "hero2_name": "干将莫邪", "played": "19", "win_rate": "0.5263" },
    { "hero1_id": "132", "hero1_name": "马可波罗", "hero2_id": "198", "hero2_name": "梦奇", "played": "19", "win_rate": "0.8421" },
    { "hero1_id": "186", "hero1_name": "太乙真人", "hero2_id": "198", "hero2_name": "梦奇", "played": "19", "win_rate": "0.4737" },
    { "hero1_id": "136", "hero1_name": "武则天", "hero2_id": "154", "hero2_name": "花木兰", "played": "19", "win_rate": "0.5263" },
    { "hero1_id": "139", "hero1_name": "老夫子", "hero2_id": "162", "hero2_name": "娜可露露", "played": "19", "win_rate": "0.5789" },
    { "hero1_id": "173", "hero1_name": "李元芳", "hero2_id": "198", "hero2_name": "梦奇", "played": "19", "win_rate": "0.4737" },
    { "hero1_id": "119", "hero1_name": "扁鹊", "hero2_id": "178", "hero2_name": "杨戬", "played": "18", "win_rate": "0.6111" },
    { "hero1_id": "119", "hero1_name": "扁鹊", "hero2_id": "198", "hero2_name": "梦奇", "played": "18", "win_rate": "0.4444" },
    { "hero1_id": "162", "hero1_name": "娜可露露", "hero2_id": "186", "hero2_name": "太乙真人", "played": "18", "win_rate": "0.5000" },
    { "hero1_id": "173", "hero1_name": "李元芳", "hero2_id": "187", "hero2_name": "东皇太一", "played": "18", "win_rate": "0.6111" },
    { "hero1_id": "110", "hero1_name": "嬴政", "hero2_id": "187", "hero2_name": "东皇太一", "played": "18", "win_rate": "0.5556" },
    { "hero1_id": "134", "hero1_name": "达摩", "hero2_id": "149", "hero2_name": "刘邦", "played": "18", "win_rate": "0.7222" },
    { "hero1_id": "132", "hero1_name": "马可波罗", "hero2_id": "187", "hero2_name": "东皇太一", "played": "18", "win_rate": "0.6111" },
    { "hero1_id": "162", "hero1_name": "娜可露露", "hero2_id": "194", "hero2_name": "苏烈", "played": "18", "win_rate": "0.6111" },
    { "hero1_id": "149", "hero1_name": "刘邦", "hero2_id": "182", "hero2_name": "干将莫邪", "played": "18", "win_rate": "0.5000" },
    { "hero1_id": "149", "hero1_name": "刘邦", "hero2_id": "171", "hero2_name": "张飞", "played": "17", "win_rate": "0.5882" },
    { "hero1_id": "194", "hero1_name": "苏烈", "hero2_id": "198", "hero2_name": "梦奇", "played": "17", "win_rate": "0.6471" },
    { "hero1_id": "182", "hero1_name": "干将莫邪", "hero2_id": "189", "hero2_name": "鬼谷子", "played": "17", "win_rate": "0.7647" },
    { "hero1_id": "110", "hero1_name": "嬴政", "hero2_id": "178", "hero2_name": "杨戬", "played": "17", "win_rate": "0.6471" },
    { "hero1_id": "119", "hero1_name": "扁鹊", "hero2_id": "139", "hero2_name": "老夫子", "played": "16", "win_rate": "0.5625" },
    { "hero1_id": "149", "hero1_name": "刘邦", "hero2_id": "178", "hero2_name": "杨戬", "played": "16", "win_rate": "0.5625" },
    { "hero1_id": "154", "hero1_name": "花木兰", "hero2_id": "162", "hero2_name": "娜可露露", "played": "16", "win_rate": "0.6250" },
    { "hero1_id": "119", "hero1_name": "扁鹊", "hero2_id": "134", "hero2_name": "达摩", "played": "16", "win_rate": "0.4375" },
    { "hero1_id": "139", "hero1_name": "老夫子", "hero2_id": "182", "hero2_name": "干将莫邪", "played": "16", "win_rate": "0.5625" },
    { "hero1_id": "120", "hero1_name": "白起", "hero2_id": "154", "hero2_name": "花木兰", "played": "16", "win_rate": "0.4375" },
    { "hero1_id": "162", "hero1_name": "娜可露露", "hero2_id": "189", "hero2_name": "鬼谷子", "played": "16", "win_rate": "0.5000" },
    { "hero1_id": "154", "hero1_name": "花木兰", "hero2_id": "189", "hero2_name": "鬼谷子", "played": "16", "win_rate": "0.4375" },
    { "hero1_id": "171", "hero1_name": "张飞", "hero2_id": "182", "hero2_name": "干将莫邪", "played": "15", "win_rate": "0.5333" },
    { "hero1_id": "120", "hero1_name": "白起", "hero2_id": "189", "hero2_name": "鬼谷子", "played": "15", "win_rate": "0.4667" },
    { "hero1_id": "187", "hero1_name": "东皇太一", "hero2_id": "198", "hero2_name": "梦奇", "played": "15", "win_rate": "0.7333" },
    { "hero1_id": "136", "hero1_name": "武则天", "hero2_id": "139", "hero2_name": "老夫子", "played": "14", "win_rate": "0.6429" },
    { "hero1_id": "110", "hero1_name": "嬴政", "hero2_id": "162", "hero2_name": "娜可露露", "played": "14", "win_rate": "0.5714" },
    { "hero1_id": "134", "hero1_name": "达摩", "hero2_id": "182", "hero2_name": "干将莫邪", "played": "14", "win_rate": "0.7857" },
    { "hero1_id": "186", "hero1_name": "太乙真人", "hero2_id": "196", "hero2_name": "百里守约", "played": "14", "win_rate": "0.2857" },
    { "hero1_id": "136", "hero1_name": "武则天", "hero2_id": "186", "hero2_name": "太乙真人", "played": "14", "win_rate": "0.6429" },
    { "hero1_id": "119", "hero1_name": "扁鹊", "hero2_id": "187", "hero2_name": "东皇太一", "played": "14", "win_rate": "0.6429" },
    { "hero1_id": "110", "hero1_name": "嬴政", "hero2_id": "171", "hero2_name": "张飞", "played": "13", "win_rate": "0.1538" },
    { "hero1_id": "134", "hero1_name": "达摩", "hero2_id": "139", "hero2_name": "老夫子", "played": "13", "win_rate": "0.4615" },
    { "hero1_id": "139", "hero1_name": "老夫子", "hero2_id": "171", "hero2_name": "张飞", "played": "13", "win_rate": "0.3846" },
    { "hero1_id": "154", "hero1_name": "花木兰", "hero2_id": "196", "hero2_name": "百里守约", "played": "13", "win_rate": "0.1538" },
    { "hero1_id": "136", "hero1_name": "武则天", "hero2_id": "149", "hero2_name": "刘邦", "played": "13", "win_rate": "0.3846" },
    { "hero1_id": "120", "hero1_name": "白起", "hero2_id": "149", "hero2_name": "刘邦", "played": "13", "win_rate": "0.4615" },
    { "hero1_id": "149", "hero1_name": "刘邦", "hero2_id": "190", "hero2_name": "诸葛亮", "played": "13", "win_rate": "0.4615" },
    { "hero1_id": "187", "hero1_name": "东皇太一", "hero2_id": "194", "hero2_name": "苏烈", "played": "13", "win_rate": "0.7692" },
    { "hero1_id": "120", "hero1_name": "白起", "hero2_id": "182", "hero2_name": "干将莫邪", "played": "13", "win_rate": "0.5385" },
    { "hero1_id": "119", "hero1_name": "扁鹊", "hero2_id": "120", "hero2_name": "白起", "played": "12", "win_rate": "0.7500" },
    { "hero1_id": "120", "hero1_name": "白起", "hero2_id": "136", "hero2_name": "武则天", "played": "12", "win_rate": "0.4167" },
    { "hero1_id": "149", "hero1_name": "刘邦", "hero2_id": "162", "hero2_name": "娜可露露", "played": "12", "win_rate": "0.4167" },
    { "hero1_id": "119", "hero1_name": "扁鹊", "hero2_id": "162", "hero2_name": "娜可露露", "played": "12", "win_rate": "0.5833" },
    { "hero1_id": "119", "hero1_name": "扁鹊", "hero2_id": "171", "hero2_name": "张飞", "played": "12", "win_rate": "0.7500" },
    { "hero1_id": "186", "hero1_name": "太乙真人", "hero2_id": "190", "hero2_name": "诸葛亮", "played": "12", "win_rate": "0.6667" },
    { "hero1_id": "120", "hero1_name": "白起", "hero2_id": "134", "hero2_name": "达摩", "played": "12", "win_rate": "0.4167" },
    { "hero1_id": "173", "hero1_name": "李元芳", "hero2_id": "178", "hero2_name": "杨戬", "played": "12", "win_rate": "0.7500" },
    { "hero1_id": "173", "hero1_name": "李元芳", "hero2_id": "190", "hero2_name": "诸葛亮", "played": "12", "win_rate": "0.4167" },
    { "hero1_id": "141", "hero1_name": "貂蝉", "hero2_id": "173", "hero2_name": "李元芳", "played": "11", "win_rate": "0.2727" },
    { "hero1_id": "154", "hero1_name": "花木兰", "hero2_id": "171", "hero2_name": "张飞", "played": "11", "win_rate": "0.2727" },
    { "hero1_id": "120", "hero1_name": "白起", "hero2_id": "139", "hero2_name": "老夫子", "played": "11", "win_rate": "0.3636" },
    { "hero1_id": "132", "hero1_name": "马可波罗", "hero2_id": "157", "hero2_name": "不知火舞", "played": "11", "win_rate": "0.5455" },
    { "hero1_id": "182", "hero1_name": "干将莫邪", "hero2_id": "198", "hero2_name": "梦奇", "played": "11", "win_rate": "0.6364" },
    { "hero1_id": "162", "hero1_name": "娜可露露", "hero2_id": "198", "hero2_name": "梦奇", "played": "11", "win_rate": "0.6364" },
    { "hero1_id": "119", "hero1_name": "扁鹊", "hero2_id": "189", "hero2_name": "鬼谷子", "played": "11", "win_rate": "0.5455" },
    { "hero1_id": "139", "hero1_name": "老夫子", "hero2_id": "148", "hero2_name": "姜子牙", "played": "11", "win_rate": "0.3636" },
    { "hero1_id": "134", "hero1_name": "达摩", "hero2_id": "171", "hero2_name": "张飞", "played": "11", "win_rate": "0.4545" },
    { "hero1_id": "134", "hero1_name": "达摩", "hero2_id": "178", "hero2_name": "杨戬", "played": "10", "win_rate": "0.7000" },
    { "hero1_id": "189", "hero1_name": "鬼谷子", "hero2_id": "198", "hero2_name": "梦奇", "played": "10", "win_rate": "0.5000" },
    { "hero1_id": "146", "hero1_name": "露娜", "hero2_id": "149", "hero2_name": "刘邦", "played": "10", "win_rate": "0.6000" },
    { "hero1_id": "132", "hero1_name": "马可波罗", "hero2_id": "140", "hero2_name": "关羽", "played": "10", "win_rate": "0.5000" },
    { "hero1_id": "171", "hero1_name": "张飞", "hero2_id": "194", "hero2_name": "苏烈", "played": "10", "win_rate": "0.4000" },
    { "hero1_id": "134", "hero1_name": "达摩", "hero2_id": "154", "hero2_name": "花木兰", "played": "10", "win_rate": "0.5000" },
    { "hero1_id": "136", "hero1_name": "武则天", "hero2_id": "173", "hero2_name": "李元芳", "played": "10", "win_rate": "0.2000" },
    { "hero1_id": "134", "hero1_name": "达摩", "hero2_id": "136", "hero2_name": "武则天", "played": "10", "win_rate": "0.5000" },
    { "hero1_id": "149", "hero1_name": "刘邦", "hero2_id": "196", "hero2_name": "百里守约", "played": "10", "win_rate": "0.2000" },
    { "hero1_id": "190", "hero1_name": "诸葛亮", "hero2_id": "194", "hero2_name": "苏烈", "played": "10", "win_rate": "0.6000" },
    { "hero1_id": "132", "hero1_name": "马可波罗", "hero2_id": "190", "hero2_name": "诸葛亮", "played": "9", "win_rate": "0.5556" },
    { "hero1_id": "148", "hero1_name": "姜子牙", "hero2_id": "154", "hero2_name": "花木兰", "played": "9", "win_rate": "0.2222" },
    { "hero1_id": "178", "hero1_name": "杨戬", "hero2_id": "182", "hero2_name": "干将莫邪", "played": "9", "win_rate": "0.6667" },
    { "hero1_id": "154", "hero1_name": "花木兰", "hero2_id": "157", "hero2_name": "不知火舞", "played": "9", "win_rate": "0.5556" },
    { "hero1_id": "154", "hero1_name": "花木兰", "hero2_id": "190", "hero2_name": "诸葛亮", "played": "9", "win_rate": "0.5556" },
    { "hero1_id": "194", "hero1_name": "苏烈", "hero2_id": "196", "hero2_name": "百里守约", "played": "9", "win_rate": "0.3333" },
    { "hero1_id": "139", "hero1_name": "老夫子", "hero2_id": "187", "hero2_name": "东皇太一", "played": "9", "win_rate": "0.6667" },
    { "hero1_id": "154", "hero1_name": "花木兰", "hero2_id": "195", "hero2_name": "百里玄策", "played": "9", "win_rate": "0.4444" },
    { "hero1_id": "128", "hero1_name": "曹操", "hero2_id": "132", "hero2_name": "马可波罗", "played": "9", "win_rate": "0.5556" },
    { "hero1_id": "178", "hero1_name": "杨戬", "hero2_id": "187", "hero2_name": "东皇太一", "played": "9", "win_rate": "0.6667" },
    { "hero1_id": "120", "hero1_name": "白起", "hero2_id": "194", "hero2_name": "苏烈", "played": "9", "win_rate": "0.6667" },
    { "hero1_id": "190", "hero1_name": "诸葛亮", "hero2_id": "198", "hero2_name": "梦奇", "played": "8", "win_rate": "0.2500" },
    { "hero1_id": "110", "hero1_name": "嬴政", "hero2_id": "196", "hero2_name": "百里守约", "played": "8", "win_rate": "0.2500" },
    { "hero1_id": "171", "hero1_name": "张飞", "hero2_id": "173", "hero2_name": "李元芳", "played": "8", "win_rate": "0.1250" },
    { "hero1_id": "171", "hero1_name": "张飞", "hero2_id": "198", "hero2_name": "梦奇", "played": "8", "win_rate": "0.5000" },
    { "hero1_id": "139", "hero1_name": "老夫子", "hero2_id": "149", "hero2_name": "刘邦", "played": "8", "win_rate": "0.5000" },
    { "hero1_id": "141", "hero1_name": "貂蝉", "hero2_id": "149", "hero2_name": "刘邦", "played": "8", "win_rate": "0.2500" },
    { "hero1_id": "162", "hero1_name": "娜可露露", "hero2_id": "182", "hero2_name": "干将莫邪", "played": "8", "win_rate": "0.3750" },
    { "hero1_id": "157", "hero1_name": "不知火舞", "hero2_id": "194", "hero2_name": "苏烈", "played": "8", "win_rate": "0.3750" },
    { "hero1_id": "136", "hero1_name": "武则天", "hero2_id": "194", "hero2_name": "苏烈", "played": "8", "win_rate": "0.6250" },
    { "hero1_id": "140", "hero1_name": "关羽", "hero2_id": "182", "hero2_name": "干将莫邪", "played": "8", "win_rate": "0.7500" },
    { "hero1_id": "134", "hero1_name": "达摩", "hero2_id": "157", "hero2_name": "不知火舞", "played": "7", "win_rate": "0.2857" },
    { "hero1_id": "120", "hero1_name": "白起", "hero2_id": "187", "hero2_name": "东皇太一", "played": "7", "win_rate": "0.4286" },
    { "hero1_id": "136", "hero1_name": "武则天", "hero2_id": "162", "hero2_name": "娜可露露", "played": "7", "win_rate": "0.8571" },
    { "hero1_id": "120", "hero1_name": "白起", "hero2_id": "198", "hero2_name": "梦奇", "played": "7", "win_rate": "0.7143" },
    { "hero1_id": "134", "hero1_name": "达摩", "hero2_id": "190", "hero2_name": "诸葛亮", "played": "7", "win_rate": "0.4286" },
    { "hero1_id": "141", "hero1_name": "貂蝉", "hero2_id": "186", "hero2_name": "太乙真人", "played": "7", "win_rate": "0.2857" },
    { "hero1_id": "110", "hero1_name": "嬴政", "hero2_id": "128", "hero2_name": "曹操", "played": "7", "win_rate": "0.4286" },
    { "hero1_id": "186", "hero1_name": "太乙真人", "hero2_id": "193", "hero2_name": "铠", "played": "7", "win_rate": "0.4286" },
    { "hero1_id": "120", "hero1_name": "白起", "hero2_id": "196", "hero2_name": "百里守约", "played": "7", "win_rate": "0.2857" },
    { "hero1_id": "157", "hero1_name": "不知火舞", "hero2_id": "186", "hero2_name": "太乙真人", "played": "7", "win_rate": "0.7143" },
    { "hero1_id": "148", "hero1_name": "姜子牙", "hero2_id": "149", "hero2_name": "刘邦", "played": "7", "win_rate": "0.4286" },
    { "hero1_id": "189", "hero1_name": "鬼谷子", "hero2_id": "196", "hero2_name": "百里守约", "played": "7", "win_rate": "0.5714" },
    { "hero1_id": "187", "hero1_name": "东皇太一", "hero2_id": "195", "hero2_name": "百里玄策", "played": "7", "win_rate": "0.7143" },
    { "hero1_id": "178", "hero1_name": "杨戬", "hero2_id": "189", "hero2_name": "鬼谷子", "played": "7", "win_rate": "0.5714" },
    { "hero1_id": "134", "hero1_name": "达摩", "hero2_id": "141", "hero2_name": "貂蝉", "played": "7", "win_rate": "0.4286" },
    { "hero1_id": "120", "hero1_name": "白起", "hero2_id": "171", "hero2_name": "张飞", "played": "7", "win_rate": "0.1429" },
    { "hero1_id": "119", "hero1_name": "扁鹊", "hero2_id": "195", "hero2_name": "百里玄策", "played": "7", "win_rate": "0.5714" },
    { "hero1_id": "134", "hero1_name": "达摩", "hero2_id": "194", "hero2_name": "苏烈", "played": "7", "win_rate": "0.4286" },
    { "hero1_id": "128", "hero1_name": "曹操", "hero2_id": "149", "hero2_name": "刘邦", "played": "7", "win_rate": "0.5714" },
    { "hero1_id": "182", "hero1_name": "干将莫邪", "hero2_id": "187", "hero2_name": "东皇太一", "played": "7", "win_rate": "0.8571" },
    { "hero1_id": "120", "hero1_name": "白起", "hero2_id": "162", "hero2_name": "娜可露露", "played": "7", "win_rate": "0.2857" },
    { "hero1_id": "149", "hero1_name": "刘邦", "hero2_id": "195", "hero2_name": "百里玄策", "played": "7", "win_rate": "0.5714" },
    { "hero1_id": "148", "hero1_name": "姜子牙", "hero2_id": "173", "hero2_name": "李元芳", "played": "6", "win_rate": "0.5000" },
    { "hero1_id": "134", "hero1_name": "达摩", "hero2_id": "198", "hero2_name": "梦奇", "played": "6", "win_rate": "0.3333" },
    { "hero1_id": "149", "hero1_name": "刘邦", "hero2_id": "163", "hero2_name": "橘右京", "played": "6", "win_rate": "0.3333" },
    { "hero1_id": "128", "hero1_name": "曹操", "hero2_id": "182", "hero2_name": "干将莫邪", "played": "6", "win_rate": "0.8333" },
    { "hero1_id": "139", "hero1_name": "老夫子", "hero2_id": "196", "hero2_name": "百里守约", "played": "6", "win_rate": "0.1667" },
    { "hero1_id": "132", "hero1_name": "马可波罗", "hero2_id": "146", "hero2_name": "露娜", "played": "6", "win_rate": "0.5000" },
    { "hero1_id": "146", "hero1_name": "露娜", "hero2_id": "194", "hero2_name": "苏烈", "played": "6", "win_rate": "0.3333" },
    { "hero1_id": "128", "hero1_name": "曹操", "hero2_id": "189", "hero2_name": "鬼谷子", "played": "6", "win_rate": "0.8333" },
    { "hero1_id": "149", "hero1_name": "刘邦", "hero2_id": "198", "hero2_name": "梦奇", "played": "6", "win_rate": "0.5000" },
    { "hero1_id": "140", "hero1_name": "关羽", "hero2_id": "186", "hero2_name": "太乙真人", "played": "6", "win_rate": "0.6667" },
    { "hero1_id": "139", "hero1_name": "老夫子", "hero2_id": "141", "hero2_name": "貂蝉", "played": "6", "win_rate": "0.3333" },
    { "hero1_id": "120", "hero1_name": "白起", "hero2_id": "190", "hero2_name": "诸葛亮", "played": "6", "win_rate": "0.5000" },
    { "hero1_id": "189", "hero1_name": "鬼谷子", "hero2_id": "190", "hero2_name": "诸葛亮", "played": "6", "win_rate": "0.1667" },
    { "hero1_id": "148", "hero1_name": "姜子牙", "hero2_id": "162", "hero2_name": "娜可露露", "played": "6", "win_rate": "0.5000" },
    { "hero1_id": "163", "hero1_name": "橘右京", "hero2_id": "189", "hero2_name": "鬼谷子", "played": "6", "win_rate": "0.1667" },
    { "hero1_id": "157", "hero1_name": "不知火舞", "hero2_id": "198", "hero2_name": "梦奇", "played": "6", "win_rate": "0.8333" },
    { "hero1_id": "195", "hero1_name": "百里玄策", "hero2_id": "198", "hero2_name": "梦奇", "played": "6", "win_rate": "0.3333" },
    { "hero1_id": "128", "hero1_name": "曹操", "hero2_id": "173", "hero2_name": "李元芳", "played": "6", "win_rate": "0.5000" },
    { "hero1_id": "139", "hero1_name": "老夫子", "hero2_id": "157", "hero2_name": "不知火舞", "played": "6", "win_rate": "0.3333" },
    { "hero1_id": "140", "hero1_name": "关羽", "hero2_id": "189", "hero2_name": "鬼谷子", "played": "6", "win_rate": "0.5000" },
    { "hero1_id": "171", "hero1_name": "张飞", "hero2_id": "178", "hero2_name": "杨戬", "played": "6", "win_rate": "0.6667" },
    { "hero1_id": "139", "hero1_name": "老夫子", "hero2_id": "198", "hero2_name": "梦奇", "played": "5", "win_rate": "0.4000" },
    { "hero1_id": "146", "hero1_name": "露娜", "hero2_id": "196", "hero2_name": "百里守约", "played": "5", "win_rate": "0.0000" },
    { "hero1_id": "140", "hero1_name": "关羽", "hero2_id": "148", "hero2_name": "姜子牙", "played": "5", "win_rate": "0.6000" },
    { "hero1_id": "157", "hero1_name": "不知火舞", "hero2_id": "187", "hero2_name": "东皇太一", "played": "5", "win_rate": "0.4000" },
    { "hero1_id": "119", "hero1_name": "扁鹊", "hero2_id": "144", "hero2_name": "程咬金", "played": "5", "win_rate": "0.6000" },
    { "hero1_id": "139", "hero1_name": "老夫子", "hero2_id": "190", "hero2_name": "诸葛亮", "played": "5", "win_rate": "0.4000" },
    { "hero1_id": "141", "hero1_name": "貂蝉", "hero2_id": "154", "hero2_name": "花木兰", "played": "5", "win_rate": "0.2000" },
    { "hero1_id": "110", "hero1_name": "嬴政", "hero2_id": "140", "hero2_name": "关羽", "played": "5", "win_rate": "0.2000" },
    { "hero1_id": "140", "hero1_name": "关羽", "hero2_id": "194", "hero2_name": "苏烈", "played": "5", "win_rate": "0.4000" },
    { "hero1_id": "107", "hero1_name": "赵云", "hero2_id": "139", "hero2_name": "老夫子", "played": "5", "win_rate": "0.2000" },
    { "hero1_id": "134", "hero1_name": "达摩", "hero2_id": "196", "hero2_name": "百里守约", "played": "5", "win_rate": "0.4000" },
    { "hero1_id": "113", "hero1_name": "庄周", "hero2_id": "139", "hero2_name": "老夫子", "played": "5", "win_rate": "0.6000" },
    { "hero1_id": "182", "hero1_name": "干将莫邪", "hero2_id": "196", "hero2_name": "百里守约", "played": "5", "win_rate": "0.6000" },
    { "hero1_id": "113", "hero1_name": "庄周", "hero2_id": "182", "hero2_name": "干将莫邪", "played": "5", "win_rate": "0.8000" },
    { "hero1_id": "132", "hero1_name": "马可波罗", "hero2_id": "180", "hero2_name": "哪吒", "played": "5", "win_rate": "0.6000" },
    { "hero1_id": "119", "hero1_name": "扁鹊", "hero2_id": "196", "hero2_name": "百里守约", "played": "5", "win_rate": "0.4000" },
    { "hero1_id": "136", "hero1_name": "武则天", "hero2_id": "198", "hero2_name": "梦奇", "played": "5", "win_rate": "0.2000" },
    { "hero1_id": "149", "hero1_name": "刘邦", "hero2_id": "157", "hero2_name": "不知火舞", "played": "5", "win_rate": "0.6000" },
    { "hero1_id": "128", "hero1_name": "曹操", "hero2_id": "194", "hero2_name": "苏烈", "played": "5", "win_rate": "1.0000" },
    { "hero1_id": "178", "hero1_name": "杨戬", "hero2_id": "194", "hero2_name": "苏烈", "played": "5", "win_rate": "0.6000" },
    { "hero1_id": "140", "hero1_name": "关羽", "hero2_id": "149", "hero2_name": "刘邦", "played": "5", "win_rate": "0.2000" },
    { "hero1_id": "186", "hero1_name": "太乙真人", "hero2_id": "195", "hero2_name": "百里玄策", "played": "5", "win_rate": "0.4000" },
    { "hero1_id": "148", "hero1_name": "姜子牙", "hero2_id": "157", "hero2_name": "不知火舞", "played": "5", "win_rate": "0.4000" },
    { "hero1_id": "139", "hero1_name": "老夫子", "hero2_id": "178", "hero2_name": "杨戬", "played": "5", "win_rate": "1.0000" },
    { "hero1_id": "141", "hero1_name": "貂蝉", "hero2_id": "196", "hero2_name": "百里守约", "played": "5", "win_rate": "0.0000" },
    { "hero1_id": "146", "hero1_name": "露娜", "hero2_id": "154", "hero2_name": "花木兰", "played": "5", "win_rate": "0.4000" },
    { "hero1_id": "113", "hero1_name": "庄周", "hero2_id": "132", "hero2_name": "马可波罗", "played": "5", "win_rate": "0.8000" },
    { "hero1_id": "128", "hero1_name": "曹操", "hero2_id": "186", "hero2_name": "太乙真人", "played": "5", "win_rate": "0.4000" },
    { "hero1_id": "194", "hero1_name": "苏烈", "hero2_id": "195", "hero2_name": "百里玄策", "played": "5", "win_rate": "0.4000" },
    { "hero1_id": "163", "hero1_name": "橘右京", "hero2_id": "186", "hero2_name": "太乙真人", "played": "5", "win_rate": "0.4000" },
    { "hero1_id": "110", "hero1_name": "嬴政", "hero2_id": "163", "hero2_name": "橘右京", "played": "4", "win_rate": "0.0000" },
    { "hero1_id": "146", "hero1_name": "露娜", "hero2_id": "163", "hero2_name": "橘右京", "played": "4", "win_rate": "0.5000" },
    { "hero1_id": "148", "hero1_name": "姜子牙", "hero2_id": "194", "hero2_name": "苏烈", "played": "4", "win_rate": "0.5000" },
    { "hero1_id": "128", "hero1_name": "曹操", "hero2_id": "171", "hero2_name": "张飞", "played": "4", "win_rate": "0.5000" },
    { "hero1_id": "132", "hero1_name": "马可波罗", "hero2_id": "148", "hero2_name": "姜子牙", "played": "4", "win_rate": "0.2500" },
    { "hero1_id": "107", "hero1_name": "赵云", "hero2_id": "182", "hero2_name": "干将莫邪", "played": "4", "win_rate": "0.2500" },
    { "hero1_id": "121", "hero1_name": "芈月", "hero2_id": "163", "hero2_name": "橘右京", "played": "4", "win_rate": "0.2500" },
    { "hero1_id": "119", "hero1_name": "扁鹊", "hero2_id": "163", "hero2_name": "橘右京", "played": "4", "win_rate": "0.2500" },
    { "hero1_id": "146", "hero1_name": "露娜", "hero2_id": "186", "hero2_name": "太乙真人", "played": "4", "win_rate": "0.2500" },
    { "hero1_id": "139", "hero1_name": "老夫子", "hero2_id": "163", "hero2_name": "橘右京", "played": "4", "win_rate": "0.2500" },
    { "hero1_id": "163", "hero1_name": "橘右京", "hero2_id": "198", "hero2_name": "梦奇", "played": "4", "win_rate": "0.0000" },
    { "hero1_id": "140", "hero1_name": "关羽", "hero2_id": "154", "hero2_name": "花木兰", "played": "4", "win_rate": "0.5000" },
    { "hero1_id": "121", "hero1_name": "芈月", "hero2_id": "186", "hero2_name": "太乙真人", "played": "4", "win_rate": "0.2500" },
    { "hero1_id": "148", "hero1_name": "姜子牙", "hero2_id": "190", "hero2_name": "诸葛亮", "played": "4", "win_rate": "0.2500" },
    { "hero1_id": "118", "hero1_name": "孙膑", "hero2_id": "198", "hero2_name": "梦奇", "played": "4", "win_rate": "0.0000" },
    { "hero1_id": "110", "hero1_name": "嬴政", "hero2_id": "148", "hero2_name": "姜子牙", "played": "4", "win_rate": "0.2500" },
    { "hero1_id": "107", "hero1_name": "赵云", "hero2_id": "149", "hero2_name": "刘邦", "played": "4", "win_rate": "0.2500" },
    { "hero1_id": "134", "hero1_name": "达摩", "hero2_id": "163", "hero2_name": "橘右京", "played": "4", "win_rate": "0.0000" },
    { "hero1_id": "110", "hero1_name": "嬴政", "hero2_id": "501", "hero2_name": "明世隐", "played": "4", "win_rate": "1.0000" },
    { "hero1_id": "140", "hero1_name": "关羽", "hero2_id": "173", "hero2_name": "李元芳", "played": "4", "win_rate": "0.2500" },
    { "hero1_id": "154", "hero1_name": "花木兰", "hero2_id": "178", "hero2_name": "杨戬", "played": "4", "win_rate": "0.5000" },
    { "hero1_id": "128", "hero1_name": "曹操", "hero2_id": "187", "hero2_name": "东皇太一", "played": "4", "win_rate": "0.2500" },
    { "hero1_id": "134", "hero1_name": "达摩", "hero2_id": "187", "hero2_name": "东皇太一", "played": "4", "win_rate": "0.7500" },
    { "hero1_id": "196", "hero1_name": "百里守约", "hero2_id": "198", "hero2_name": "梦奇", "played": "4", "win_rate": "0.2500" },
    { "hero1_id": "141", "hero1_name": "貂蝉", "hero2_id": "148", "hero2_name": "姜子牙", "played": "4", "win_rate": "0.2500" },
    { "hero1_id": "162", "hero1_name": "娜可露露", "hero2_id": "178", "hero2_name": "杨戬", "played": "4", "win_rate": "0.5000" },
    { "hero1_id": "119", "hero1_name": "扁鹊", "hero2_id": "128", "hero2_name": "曹操", "played": "4", "win_rate": "0.5000" },
    { "hero1_id": "132", "hero1_name": "马可波罗", "hero2_id": "193", "hero2_name": "铠", "played": "4", "win_rate": "0.5000" },
    { "hero1_id": "157", "hero1_name": "不知火舞", "hero2_id": "189", "hero2_name": "鬼谷子", "played": "4", "win_rate": "0.2500" },
    { "hero1_id": "121", "hero1_name": "芈月", "hero2_id": "173", "hero2_name": "李元芳", "played": "4", "win_rate": "0.2500" },
    { "hero1_id": "113", "hero1_name": "庄周", "hero2_id": "154", "hero2_name": "花木兰", "played": "4", "win_rate": "0.5000" },
    { "hero1_id": "180", "hero1_name": "哪吒", "hero2_id": "186", "hero2_name": "太乙真人", "played": "4", "win_rate": "0.7500" },
    { "hero1_id": "136", "hero1_name": "武则天", "hero2_id": "140", "hero2_name": "关羽", "played": "4", "win_rate": "0.2500" },
    { "hero1_id": "139", "hero1_name": "老夫子", "hero2_id": "146", "hero2_name": "露娜", "played": "4", "win_rate": "0.5000" },
    { "hero1_id": "157", "hero1_name": "不知火舞", "hero2_id": "173", "hero2_name": "李元芳", "played": "4", "win_rate": "0.7500" },
    { "hero1_id": "140", "hero1_name": "关羽", "hero2_id": "157", "hero2_name": "不知火舞", "played": "4", "win_rate": "0.7500" },
    { "hero1_id": "107", "hero1_name": "赵云", "hero2_id": "110", "hero2_name": "嬴政", "played": "3", "win_rate": "0.0000" },
    { "hero1_id": "116", "hero1_name": "阿轲", "hero2_id": "189", "hero2_name": "鬼谷子", "played": "3", "win_rate": "0.6667" },
    { "hero1_id": "187", "hero1_name": "东皇太一", "hero2_id": "190", "hero2_name": "诸葛亮", "played": "3", "win_rate": "0.6667" },
    { "hero1_id": "162", "hero1_name": "娜可露露", "hero2_id": "171", "hero2_name": "张飞", "played": "3", "win_rate": "1.0000" },
    { "hero1_id": "120", "hero1_name": "白起", "hero2_id": "157", "hero2_name": "不知火舞", "played": "3", "win_rate": "0.3333" },
    { "hero1_id": "120", "hero1_name": "白起", "hero2_id": "178", "hero2_name": "杨戬", "played": "3", "win_rate": "0.6667" },
    { "hero1_id": "163", "hero1_name": "橘右京", "hero2_id": "173", "hero2_name": "李元芳", "played": "3", "win_rate": "0.3333" },
    { "hero1_id": "134", "hero1_name": "达摩", "hero2_id": "168", "hero2_name": "牛魔", "played": "3", "win_rate": "1.0000" },
    { "hero1_id": "144", "hero1_name": "程咬金", "hero2_id": "198", "hero2_name": "梦奇", "played": "3", "win_rate": "0.6667" },
    { "hero1_id": "187", "hero1_name": "东皇太一", "hero2_id": "196", "hero2_name": "百里守约", "played": "3", "win_rate": "0.0000" },
    { "hero1_id": "120", "hero1_name": "白起", "hero2_id": "128", "hero2_name": "曹操", "played": "3", "win_rate": "0.0000" },
    { "hero1_id": "157", "hero1_name": "不知火舞", "hero2_id": "195", "hero2_name": "百里玄策", "played": "3", "win_rate": "0.6667" },
    { "hero1_id": "111", "hero1_name": "孙尚香", "hero2_id": "501", "hero2_name": "明世隐", "played": "3", "win_rate": "1.0000" },
    { "hero1_id": "148", "hero1_name": "姜子牙", "hero2_id": "163", "hero2_name": "橘右京", "played": "3", "win_rate": "0.3333" },
    { "hero1_id": "120", "hero1_name": "白起", "hero2_id": "146", "hero2_name": "露娜", "played": "3", "win_rate": "0.6667" },
    { "hero1_id": "110", "hero1_name": "嬴政", "hero2_id": "180", "hero2_name": "哪吒", "played": "3", "win_rate": "0.3333" },
    { "hero1_id": "119", "hero1_name": "扁鹊", "hero2_id": "193", "hero2_name": "铠", "played": "3", "win_rate": "0.6667" },
    { "hero1_id": "178", "hero1_name": "杨戬", "hero2_id": "190", "hero2_name": "诸葛亮", "played": "3", "win_rate": "0.3333" },
    { "hero1_id": "141", "hero1_name": "貂蝉", "hero2_id": "171", "hero2_name": "张飞", "played": "3", "win_rate": "0.0000" },
    { "hero1_id": "136", "hero1_name": "武则天", "hero2_id": "187", "hero2_name": "东皇太一", "played": "3", "win_rate": "0.6667" },
    { "hero1_id": "146", "hero1_name": "露娜", "hero2_id": "148", "hero2_name": "姜子牙", "played": "3", "win_rate": "0.3333" },
    { "hero1_id": "113", "hero1_name": "庄周", "hero2_id": "119", "hero2_name": "扁鹊", "played": "3", "win_rate": "0.3333" },
    { "hero1_id": "140", "hero1_name": "关羽", "hero2_id": "198", "hero2_name": "梦奇", "played": "3", "win_rate": "0.6667" },
    { "hero1_id": "173", "hero1_name": "李元芳", "hero2_id": "180", "hero2_name": "哪吒", "played": "3", "win_rate": "0.0000" },
    { "hero1_id": "148", "hero1_name": "姜子牙", "hero2_id": "198", "hero2_name": "梦奇", "played": "3", "win_rate": "0.3333" },
    { "hero1_id": "128", "hero1_name": "曹操", "hero2_id": "196", "hero2_name": "百里守约", "played": "3", "win_rate": "0.0000" },
    { "hero1_id": "120", "hero1_name": "白起", "hero2_id": "121", "hero2_name": "芈月", "played": "3", "win_rate": "0.0000" },
    { "hero1_id": "139", "hero1_name": "老夫子", "hero2_id": "180", "hero2_name": "哪吒", "played": "3", "win_rate": "0.0000" },
    { "hero1_id": "120", "hero1_name": "白起", "hero2_id": "141", "hero2_name": "貂蝉", "played": "3", "win_rate": "0.0000" },
    { "hero1_id": "132", "hero1_name": "马可波罗", "hero2_id": "144", "hero2_name": "程咬金", "played": "3", "win_rate": "0.6667" },
    { "hero1_id": "193", "hero1_name": "铠", "hero2_id": "198", "hero2_name": "梦奇", "played": "3", "win_rate": "0.0000" },
    { "hero1_id": "171", "hero1_name": "张飞", "hero2_id": "180", "hero2_name": "哪吒", "played": "3", "win_rate": "0.0000" },
    { "hero1_id": "107", "hero1_name": "赵云", "hero2_id": "171", "hero2_name": "张飞", "played": "3", "win_rate": "0.0000" },
    { "hero1_id": "120", "hero1_name": "白起", "hero2_id": "163", "hero2_name": "橘右京", "played": "3", "win_rate": "0.0000" },
    { "hero1_id": "146", "hero1_name": "露娜", "hero2_id": "189", "hero2_name": "鬼谷子", "played": "3", "win_rate": "0.3333" },
    { "hero1_id": "190", "hero1_name": "诸葛亮", "hero2_id": "195", "hero2_name": "百里玄策", "played": "3", "win_rate": "0.3333" },
    { "hero1_id": "140", "hero1_name": "关羽", "hero2_id": "141", "hero2_name": "貂蝉", "played": "3", "win_rate": "0.3333" },
    { "hero1_id": "120", "hero1_name": "白起", "hero2_id": "195", "hero2_name": "百里玄策", "played": "3", "win_rate": "0.6667" },
    { "hero1_id": "141", "hero1_name": "貂蝉", "hero2_id": "189", "hero2_name": "鬼谷子", "played": "3", "win_rate": "0.3333" },
    { "hero1_id": "110", "hero1_name": "嬴政", "hero2_id": "146", "hero2_name": "露娜", "played": "3", "win_rate": "0.6667" },
    { "hero1_id": "116", "hero1_name": "阿轲", "hero2_id": "194", "hero2_name": "苏烈", "played": "3", "win_rate": "0.3333" },
    { "hero1_id": "140", "hero1_name": "关羽", "hero2_id": "196", "hero2_name": "百里守约", "played": "3", "win_rate": "1.0000" },
    { "hero1_id": "110", "hero1_name": "嬴政", "hero2_id": "168", "hero2_name": "牛魔", "played": "3", "win_rate": "0.3333" },
    { "hero1_id": "148", "hero1_name": "姜子牙", "hero2_id": "196", "hero2_name": "百里守约", "played": "3", "win_rate": "0.3333" },
    { "hero1_id": "139", "hero1_name": "老夫子", "hero2_id": "501", "hero2_name": "明世隐", "played": "3", "win_rate": "1.0000" },
    { "hero1_id": "119", "hero1_name": "扁鹊", "hero2_id": "180", "hero2_name": "哪吒", "played": "3", "win_rate": "0.3333" },
    { "hero1_id": "107", "hero1_name": "赵云", "hero2_id": "189", "hero2_name": "鬼谷子", "played": "3", "win_rate": "0.0000" },
    { "hero1_id": "118", "hero1_name": "孙膑", "hero2_id": "154", "hero2_name": "花木兰", "played": "3", "win_rate": "0.0000" },
    { "hero1_id": "134", "hero1_name": "达摩", "hero2_id": "162", "hero2_name": "娜可露露", "played": "3", "win_rate": "0.3333" },
    { "hero1_id": "110", "hero1_name": "嬴政", "hero2_id": "113", "hero2_name": "庄周", "played": "3", "win_rate": "0.6667" },
    { "hero1_id": "144", "hero1_name": "程咬金", "hero2_id": "187", "hero2_name": "东皇太一", "played": "3", "win_rate": "0.3333" },
    { "hero1_id": "136", "hero1_name": "武则天", "hero2_id": "171", "hero2_name": "张飞", "played": "3", "win_rate": "0.0000" },
    { "hero1_id": "163", "hero1_name": "橘右京", "hero2_id": "194", "hero2_name": "苏烈", "played": "3", "win_rate": "0.3333" },
    { "hero1_id": "140", "hero1_name": "关羽", "hero2_id": "171", "hero2_name": "张飞", "played": "3", "win_rate": "0.3333" },
    { "hero1_id": "134", "hero1_name": "达摩", "hero2_id": "180", "hero2_name": "哪吒", "played": "3", "win_rate": "0.6667" },
    { "hero1_id": "120", "hero1_name": "白起", "hero2_id": "501", "hero2_name": "明世隐", "played": "3", "win_rate": "0.6667" },
    { "hero1_id": "116", "hero1_name": "阿轲", "hero2_id": "154", "hero2_name": "花木兰", "played": "3", "win_rate": "0.3333" },
    { "hero1_id": "120", "hero1_name": "白起", "hero2_id": "140", "hero2_name": "关羽", "played": "3", "win_rate": "0.6667" },
    { "hero1_id": "119", "hero1_name": "扁鹊", "hero2_id": "168", "hero2_name": "牛魔", "played": "3", "win_rate": "0.6667" },
    { "hero1_id": "154", "hero1_name": "花木兰", "hero2_id": "501", "hero2_name": "明世隐", "played": "3", "win_rate": "0.6667" },
    { "hero1_id": "118", "hero1_name": "孙膑", "hero2_id": "119", "hero2_name": "扁鹊", "played": "3", "win_rate": "0.0000" },
    { "hero1_id": "134", "hero1_name": "达摩", "hero2_id": "148", "hero2_name": "姜子牙", "played": "3", "win_rate": "0.0000" },
    { "hero1_id": "107", "hero1_name": "赵云", "hero2_id": "194", "hero2_name": "苏烈", "played": "3", "win_rate": "0.3333" },
    { "hero1_id": "162", "hero1_name": "娜可露露", "hero2_id": "187", "hero2_name": "东皇太一", "played": "3", "win_rate": "1.0000" }
]