[
    { "avg_assist": "5.81", "avg_ban_seq": "4.8", "avg_bekill": "2.08", "avg_kill": "3.44", "avg_pick_seq": "0.0", "ban_cnt": "27", "gpm": "627", "hero_id": "132", "hero_name": "马可波罗", "kda": "5.59", "pick_cnt": "149", "played": "149", "win_rate": "0.6309" },
    { "avg_assist": "6.06", "avg_ban_seq": "3.8", "avg_bekill": "3.02", "avg_kill": "0.73", "avg_pick_seq": "0.0", "ban_cnt": "45", "gpm": "461", "hero_id": "186", "hero_name": "太乙真人", "kda": "3.24", "pick_cnt": "140", "played": "140", "win_rate": "0.5286" },
    { "avg_assist": "3.50", "avg_ban_seq": "5.2", "avg_bekill": "2.51", "avg_kill": "2.36", "avg_pick_seq": "0.0", "ban_cnt": "13", "gpm": "601", "hero_id": "154", "hero_name": "花木兰", "kda": "3.26", "pick_cnt": "129", "played": "129", "win_rate": "0.4341" },
    { "avg_assist": "5.49", "avg_ban_seq": "2.9", "avg_bekill": "1.98", "avg_kill": "1.72", "avg_pick_seq": "0.0", "ban_cnt": "76", "gpm": "566", "hero_id": "149", "hero_name": "刘邦", "kda": "5.02", "pick_cnt": "123", "played": "123", "win_rate": "0.5041" },
    { "avg_assist": "5.16", "avg_ban_seq": "4.8", "avg_bekill": "2.05", "avg_kill": "1.73", "avg_pick_seq": "0.0", "ban_cnt": "33", "gpm": "536", "hero_id": "194", "hero_name": "苏烈", "kda": "4.38", "pick_cnt": "112", "played": "112", "win_rate": "0.5714" },
    { "avg_assist": "4.97", "avg_ban_seq": "5.7", "avg_bekill": "1.24", "avg_kill": "3.08", "avg_pick_seq": "0.0", "ban_cnt": "9", "gpm": "604", "hero_id": "110", "hero_name": "嬴政", "kda": "6.34", "pick_cnt": "109", "played": "109", "win_rate": "0.4404" },
    { "avg_assist": "5.68", "avg_ban_seq": "5.3", "avg_bekill": "2.08", "avg_kill": "3.29", "avg_pick_seq": "0.0", "ban_cnt": "39", "gpm": "589", "hero_id": "173", "hero_name": "李元芳", "kda": "5.48", "pick_cnt": "107", "played": "107", "win_rate": "0.4299" },
    { "avg_assist": "4.76", "avg_ban_seq": "3.2", "avg_bekill": "2.68", "avg_kill": "1.74", "avg_pick_seq": "0.0", "ban_cnt": "109", "gpm": "583", "hero_id": "139", "hero_name": "老夫子", "kda": "3.73", "pick_cnt": "94", "played": "94", "win_rate": "0.5213" },
    { "avg_assist": "5.92", "avg_ban_seq": "3.6", "avg_bekill": "1.90", "avg_kill": "3.31", "avg_pick_seq": "0.0", "ban_cnt": "49", "gpm": "573", "hero_id": "119", "hero_name": "扁鹊", "kda": "6.14", "pick_cnt": "89", "played": "89", "win_rate": "0.5730" },
    { "avg_assist": "8.25", "avg_ban_seq": "4.5", "avg_bekill": "3.11", "avg_kill": "0.94", "avg_pick_seq": "0.0", "ban_cnt": "58", "gpm": "410", "hero_id": "189", "hero_name": "鬼谷子", "kda": "4.30", "pick_cnt": "88", "played": "88", "win_rate": "0.4886" },
    { "avg_assist": "3.93", "avg_ban_seq": "6.3", "avg_bekill": "2.37", "avg_kill": "2.75", "avg_pick_seq": "0.0", "ban_cnt": "8", "gpm": "574", "hero_id": "134", "hero_name": "达摩", "kda": "3.84", "pick_cnt": "84", "played": "84", "win_rate": "0.5476" },
    { "avg_assist": "5.20", "avg_ban_seq": "6.4", "avg_bekill": "2.17", "avg_kill": "1.83", "avg_pick_seq": "0.0", "ban_cnt": "7", "gpm": "526", "hero_id": "120", "hero_name": "白起", "kda": "4.31", "pick_cnt": "75", "played": "75", "win_rate": "0.4267" },
    { "avg_assist": "4.93", "avg_ban_seq": "4.8", "avg_bekill": "1.18", "avg_kill": "2.69", "avg_pick_seq": "0.0", "ban_cnt": "64", "gpm": "582", "hero_id": "182", "hero_name": "干将莫邪", "kda": "6.22", "pick_cnt": "71", "played": "71", "win_rate": "0.6197" },
    { "avg_assist": "4.68", "avg_ban_seq": "2.8", "avg_bekill": "2.51", "avg_kill": "1.58", "avg_pick_seq": "0.0", "ban_cnt": "132", "gpm": "587", "hero_id": "198", "hero_name": "梦奇", "kda": "3.58", "pick_cnt": "69", "played": "69", "win_rate": "0.5217" },
    { "avg_assist": "6.66", "avg_ban_seq": "7.1", "avg_bekill": "3.74", "avg_kill": "1.49", "avg_pick_seq": "0.0", "ban_cnt": "4", "gpm": "411", "hero_id": "187", "hero_name": "东皇太一", "kda": "3.28", "pick_cnt": "53", "played": "53", "win_rate": "0.6038" },
    { "avg_assist": "4.98", "avg_ban_seq": "7.9", "avg_bekill": "2.48", "avg_kill": "5.60", "avg_pick_seq": "0.0", "ban_cnt": "9", "gpm": "624", "hero_id": "162", "hero_name": "娜可露露", "kda": "6.03", "pick_cnt": "50", "played": "50", "win_rate": "0.5600" },
    { "avg_assist": "5.98", "avg_ban_seq": "7.6", "avg_bekill": "2.53", "avg_kill": "0.63", "avg_pick_seq": "0.0", "ban_cnt": "0", "gpm": "433", "hero_id": "171", "hero_name": "张飞", "kda": "4.12", "pick_cnt": "49", "played": "49", "win_rate": "0.4286" },
    { "avg_assist": "4.71", "avg_ban_seq": "7.5", "avg_bekill": "2.69", "avg_kill": "2.14", "avg_pick_seq": "0.0", "ban_cnt": "0", "gpm": "558", "hero_id": "178", "hero_name": "杨戬", "kda": "3.58", "pick_cnt": "49", "played": "49", "win_rate": "0.6122" },
    { "avg_assist": "8.09", "avg_ban_seq": "7.8", "avg_bekill": "1.84", "avg_kill": "2.80", "avg_pick_seq": "0.0", "ban_cnt": "0", "gpm": "557", "hero_id": "136", "hero_name": "武则天", "kda": "7.74", "pick_cnt": "45", "played": "45", "win_rate": "0.4889" },
    { "avg_assist": "3.55", "avg_ban_seq": "5.4", "avg_bekill": "1.94", "avg_kill": "3.30", "avg_pick_seq": "0.0", "ban_cnt": "29", "gpm": "549", "hero_id": "196", "hero_name": "百里守约", "kda": "4.45", "pick_cnt": "33", "played": "33", "win_rate": "0.2727" },
    { "avg_assist": "4.90", "avg_ban_seq": "8.4", "avg_bekill": "1.58", "avg_kill": "3.87", "avg_pick_seq": "0.0", "ban_cnt": "0", "gpm": "598", "hero_id": "190", "hero_name": "诸葛亮", "kda": "5.89", "pick_cnt": "31", "played": "31", "win_rate": "0.4516" },
    { "avg_assist": "5.12", "avg_ban_seq": "3.8", "avg_bekill": "1.96", "avg_kill": "3.38", "avg_pick_seq": "0.0", "ban_cnt": "177", "gpm": "591", "hero_id": "140", "hero_name": "关羽", "kda": "4.97", "pick_cnt": "26", "played": "26", "win_rate": "0.5000" },
    { "avg_assist": "6.33", "avg_ban_seq": "4.9", "avg_bekill": "1.88", "avg_kill": "1.17", "avg_pick_seq": "0.0", "ban_cnt": "68", "gpm": "443", "hero_id": "148", "hero_name": "姜子牙", "kda": "4.67", "pick_cnt": "24", "played": "24", "win_rate": "0.3333" },
    { "avg_assist": "5.67", "avg_ban_seq": "8.4", "avg_bekill": "2.21", "avg_kill": "2.04", "avg_pick_seq": "0.0", "ban_cnt": "0", "gpm": "535", "hero_id": "157", "hero_name": "不知火舞", "kda": "4.38", "pick_cnt": "24", "played": "24", "win_rate": "0.5000" },
    { "avg_assist": "3.59", "avg_ban_seq": "7.8", "avg_bekill": "2.59", "avg_kill": "1.59", "avg_pick_seq": "0.0", "ban_cnt": "0", "gpm": "559", "hero_id": "128", "hero_name": "曹操", "kda": "3.18", "pick_cnt": "22", "played": "22", "win_rate": "0.5000" },
    { "avg_assist": "5.95", "avg_ban_seq": "6.0", "avg_bekill": "3.57", "avg_kill": "3.10", "avg_pick_seq": "0.0", "ban_cnt": "10", "gpm": "535", "hero_id": "141", "hero_name": "貂蝉", "kda": "3.34", "pick_cnt": "21", "played": "21", "win_rate": "0.2381" },
    { "avg_assist": "3.83", "avg_ban_seq": "7.4", "avg_bekill": "3.22", "avg_kill": "2.83", "avg_pick_seq": "0.0", "ban_cnt": "0", "gpm": "540", "hero_id": "163", "hero_name": "橘右京", "kda": "3.09", "pick_cnt": "18", "played": "18", "win_rate": "0.2222" },
    { "avg_assist": "4.06", "avg_ban_seq": "4.2", "avg_bekill": "2.94", "avg_kill": "3.41", "avg_pick_seq": "0.0", "ban_cnt": "39", "gpm": "640", "hero_id": "146", "hero_name": "露娜", "kda": "4.09", "pick_cnt": "17", "played": "17", "win_rate": "0.4118" },
    { "avg_assist": "4.65", "avg_ban_seq": "5.9", "avg_bekill": "2.12", "avg_kill": "4.12", "avg_pick_seq": "0.0", "ban_cnt": "15", "gpm": "588", "hero_id": "195", "hero_name": "百里玄策", "kda": "5.43", "pick_cnt": "17", "played": "17", "win_rate": "0.4706" },
    { "avg_assist": "3.18", "avg_ban_seq": "8.2", "avg_bekill": "3.64", "avg_kill": "3.18", "avg_pick_seq": "0.0", "ban_cnt": "0", "gpm": "518", "hero_id": "107", "hero_name": "赵云", "kda": "2.09", "pick_cnt": "11", "played": "11", "win_rate": "0.1818" },
    { "avg_assist": "5.09", "avg_ban_seq": "9.2", "avg_bekill": "2.73", "avg_kill": "1.27", "avg_pick_seq": "0.0", "ban_cnt": "0", "gpm": "470", "hero_id": "113", "hero_name": "庄周", "kda": "3.23", "pick_cnt": "11", "played": "11", "win_rate": "0.6364" },
    { "avg_assist": "3.09", "avg_ban_seq": "7.5", "avg_bekill": "3.27", "avg_kill": "2.73", "avg_pick_seq": "0.0", "ban_cnt": "0", "gpm": "541", "hero_id": "180", "hero_name": "哪吒", "kda": "2.44", "pick_cnt": "11", "played": "11", "win_rate": "0.2727" },
    { "avg_assist": "2.70", "avg_ban_seq": "7.7", "avg_bekill": "3.00", "avg_kill": "2.00", "avg_pick_seq": "0.0", "ban_cnt": "0", "gpm": "589", "hero_id": "193", "hero_name": "铠", "kda": "2.26", "pick_cnt": "10", "played": "10", "win_rate": "0.4000" },
    { "avg_assist": "7.33", "avg_ban_seq": "2.7", "avg_bekill": "2.44", "avg_kill": "0.56", "avg_pick_seq": "0.0", "ban_cnt": "194", "gpm": "455", "hero_id": "501", "hero_name": "明世隐", "kda": "4.53", "pick_cnt": "9", "played": "9", "win_rate": "0.6667" },
    { "avg_assist": "6.86", "avg_ban_seq": "9.1", "avg_bekill": "3.57", "avg_kill": "1.00", "avg_pick_seq": "0.0", "ban_cnt": "0", "gpm": "430", "hero_id": "168", "hero_name": "牛魔", "kda": "3.14", "pick_cnt": "7", "played": "7", "win_rate": "0.5714" },
    { "avg_assist": "4.43", "avg_ban_seq": "7.1", "avg_bekill": "3.29", "avg_kill": "2.14", "avg_pick_seq": "0.0", "ban_cnt": "2", "gpm": "599", "hero_id": "144", "hero_name": "程咬金", "kda": "3.71", "pick_cnt": "7", "played": "7", "win_rate": "0.5714" },
    { "avg_assist": "2.29", "avg_ban_seq": "8.9", "avg_bekill": "2.86", "avg_kill": "1.43", "avg_pick_seq": "0.0", "ban_cnt": "0", "gpm": "598", "hero_id": "121", "hero_name": "芈月", "kda": "1.52", "pick_cnt": "7", "played": "7", "win_rate": "0.1429" },
    { "avg_assist": "2.17", "avg_ban_seq": "9.5", "avg_bekill": "2.83", "avg_kill": "3.17", "avg_pick_seq": "0.0", "ban_cnt": "0", "gpm": "517", "hero_id": "116", "hero_name": "阿轲", "kda": "2.50", "pick_cnt": "6", "played": "6", "win_rate": "0.3333" },
    { "avg_assist": "5.00", "avg_ban_seq": "7.8", "avg_bekill": "2.33", "avg_kill": "0.83", "avg_pick_seq": "0.0", "ban_cnt": "0", "gpm": "419", "hero_id": "118", "hero_name": "孙膑", "kda": "2.50", "pick_cnt": "6", "played": "6", "win_rate": "0.0000" },
    { "avg_assist": "4.00", "avg_ban_seq": "6.2", "avg_bekill": "2.50", "avg_kill": "2.00", "avg_pick_seq": "0.0", "ban_cnt": "2", "gpm": "600", "hero_id": "150", "hero_name": "韩信", "kda": "3.48", "pick_cnt": "4", "played": "4", "win_rate": "0.0000" },
    { "avg_assist": "5.67", "avg_ban_seq": "9.0", "avg_bekill": "2.33", "avg_kill": "2.67", "avg_pick_seq": "0.0", "ban_cnt": "0", "gpm": "571", "hero_id": "170", "hero_name": "刘备", "kda": "3.61", "pick_cnt": "3", "played": "3", "win_rate": "1.0000" },
    { "avg_assist": "4.67", "avg_ban_seq": "8.7", "avg_bekill": "2.67", "avg_kill": "4.33", "avg_pick_seq": "0.0", "ban_cnt": "0", "gpm": "686", "hero_id": "111", "hero_name": "孙尚香", "kda": "4.22", "pick_cnt": "3", "played": "3", "win_rate": "1.0000" },
    { "avg_assist": "8.67", "avg_ban_seq": "9.7", "avg_bekill": "1.33", "avg_kill": "3.67", "avg_pick_seq": "0.0", "ban_cnt": "0", "gpm": "611", "hero_id": "131", "hero_name": "李白", "kda": "9.89", "pick_cnt": "3", "played": "3", "win_rate": "1.0000" },
    { "avg_assist": "2.00", "avg_ban_seq": "10.0", "avg_bekill": "3.00", "avg_kill": "1.33", "avg_pick_seq": "0.0", "ban_cnt": "0", "gpm": "517", "hero_id": "183", "hero_name": "雅典娜", "kda": "2.08", "pick_cnt": "3", "played": "3", "win_rate": "0.0000" },
    { "avg_assist": "3.33", "avg_ban_seq": "6.3", "avg_bekill": "3.33", "avg_kill": "2.33", "avg_pick_seq": "0.0", "ban_cnt": "0", "gpm": "569", "hero_id": "123", "hero_name": "吕布", "kda": "1.91", "pick_cnt": "3", "played": "3", "win_rate": "0.3333" },
    { "avg_assist": "9.50", "avg_ban_seq": "10.0", "avg_bekill": "5.00", "avg_kill": "1.00", "avg_pick_seq": "0.0", "ban_cnt": "0", "gpm": "401", "hero_id": "175", "hero_name": "钟馗", "kda": "2.10", "pick_cnt": "2", "played": "2", "win_rate": "0.5000" },
    { "avg_assist": "7.00", "avg_ban_seq": "7.0", "avg_bekill": "5.00", "avg_kill": "2.50", "avg_pick_seq": "0.0", "ban_cnt": "0", "gpm": "562", "hero_id": "117", "hero_name": "钟无艳", "kda": "2.88", "pick_cnt": "2", "played": "2", "win_rate": "0.5000" },
    { "avg_assist": "6.00", "avg_ban_seq": "8.0", "avg_bekill": "4.00", "avg_kill": "2.00", "avg_pick_seq": "0.0", "ban_cnt": "0", "gpm": "568", "hero_id": "124", "hero_name": "周瑜", "kda": "2.00", "pick_cnt": "1", "played": "1", "win_rate": "1.0000" },
    { "avg_assist": "2.00", "avg_ban_seq": "10.0", "avg_bekill": "2.00", "avg_kill": "0.00", "avg_pick_seq": "0.0", "ban_cnt": "0", "gpm": "551", "hero_id": "130", "hero_name": "宫本武藏", "kda": "1.00", "pick_cnt": "1", "played": "1", "win_rate": "0.0000" },
    { "avg_assist": "3.00", "avg_ban_seq": "8.0", "avg_bekill": "2.00", "avg_kill": "0.00", "avg_pick_seq": "0.0", "ban_cnt": "0", "gpm": "524", "hero_id": "167", "hero_name": "孙悟空", "kda": "1.50", "pick_cnt": "1", "played": "1", "win_rate": "0.0000" },
    { "avg_assist": "9.00", "avg_ban_seq": "7.0", "avg_bekill": "5.00", "avg_kill": "0.00", "avg_pick_seq": "0.0", "ban_cnt": "0", "gpm": "489", "hero_id": "142", "hero_name": "安琪拉", "kda": "1.80", "pick_cnt": "1", "played": "1", "win_rate": "0.0000" }
]