[
    { "hero_id": "105", "hero_name": "廉颇" },
    { "hero_id": "106", "hero_name": "小乔" },
    { "hero_id": "108", "hero_name": "墨子" },
    { "hero_id": "109", "hero_name": "妲己" },
    { "hero_id": "112", "hero_name": "鲁班七号" },
    { "hero_id": "114", "hero_name": "刘禅" },
    { "hero_id": "115", "hero_name": "高渐离" },
    { "hero_id": "125", "hero_name": "元歌" },
    { "hero_id": "126", "hero_name": "夏侯惇" },
    { "hero_id": "127", "hero_name": "甄姬" },
    { "hero_id": "129", "hero_name": "典韦" },
    { "hero_id": "133", "hero_name": "狄仁杰" },
    { "hero_id": "135", "hero_name": "项羽" },
    { "hero_id": "137", "hero_name": "司马懿" },
    { "hero_id": "152", "hero_name": "王昭君" },
    { "hero_id": "153", "hero_name": "兰陵王" },
    { "hero_id": "155", "hero_name": "艾琳" },
    { "hero_id": "156", "hero_name": "张良" },
    { "hero_id": "166", "hero_name": "亚瑟" },
    { "hero_id": "169", "hero_name": "后羿" },
    { "hero_id": "174", "hero_name": "虞姬" },
    { "hero_id": "176", "hero_name": "杨玉环" },
    { "hero_id": "177", "hero_name": "成吉思汗" },
    { "hero_id": "179", "hero_name": "女娲" },
    { "hero_id": "184", "hero_name": "蔡文姬" },
    { "hero_id": "191", "hero_name": "大乔" },
    { "hero_id": "192", "hero_name": "黄忠" },
    { "hero_id": "197", "hero_name": "弈星" },
    { "hero_id": "199", "hero_name": "公孙离" },
    { "hero_id": "312", "hero_name": "沈梦溪" },
    { "hero_id": "502", "hero_name": "裴擒虎" },
    { "hero_id": "503", "hero_name": "狂铁" },
    { "hero_id": "504", "hero_name": "米莱狄" },
    { "hero_id": "505", "hero_name": "瑶" },
    { "hero_id": "506", "hero_name": "云中君" },
    { "hero_id": "507", "hero_name": "李信" },
    { "hero_id": "508", "hero_name": "伽罗" },
    { "hero_id": "509", "hero_name": "盾山" },
    { "hero_id": "510", "hero_name": "孙策" },
    { "hero_id": "511", "hero_name": "猪八戒" },
    { "hero_id": "513", "hero_name": "上官婉儿" },
    { "hero_id": "515", "hero_name": "嫦娥" },
    { "hero_id": "518", "hero_name": "马超" },
    { "hero_id": "522", "hero_name": "曜" },
    { "hero_id": "523", "hero_name": "西施" },
    { "hero_id": "525", "hero_name": "鲁班大师" },
    { "hero_id": "529", "hero_name": "盘古" }
]