[
    { "avg_assist": "4.00", "avg_bekill": "1.80", "avg_kill": "2.25", "gpm": "572", "kda": "4.29", "name": "RSG.子冰", "openid": "62CE5668BA0753119996D369EE266105", "played": "40", "rating": "5.60", "total_kill": "90", "win_rate": "0.5500", "xpm": "813" },
    { "avg_assist": "5.85", "avg_bekill": "1.57", "avg_kill": "3.38", "gpm": "602", "kda": "6.25", "name": "RSG.Seven", "openid": "56D6A9A8447B571595431D6F4BCE0EBE", "played": "40", "rating": "5.60", "total_kill": "135", "win_rate": "0.5500", "xpm": "821" },
    { "avg_assist": "5.58", "avg_bekill": "2.02", "avg_kill": "3.25", "gpm": "595", "kda": "5.81", "name": "RSG.萌神", "openid": "B9E6B6FFCA0BBA0CA6E6545799E4C83D", "played": "40", "rating": "5.60", "total_kill": "130", "win_rate": "0.5500", "xpm": "844" },
    { "avg_assist": "6.95", "avg_bekill": "3.45", "avg_kill": "0.85", "gpm": "457", "kda": "3.07", "name": "RSG.刺心", "openid": "0FB89F6923B16902F992E24AB7F54CC5", "played": "40", "rating": "5.60", "total_kill": "34", "win_rate": "0.5500", "xpm": "758" },
    { "avg_assist": "4.88", "avg_bekill": "2.60", "avg_kill": "2.08", "gpm": "576", "kda": "4.15", "name": "RSG.芜神", "openid": "9A78D9FF463E97C8E5DB93864F1D1F7A", "played": "40", "rating": "5.60", "total_kill": "83", "win_rate": "0.5500", "xpm": "818" },
    { "avg_assist": "6.26", "avg_bekill": "2.50", "avg_kill": "4.26", "gpm": "628", "kda": "5.67", "name": "YTG丶夏天", "openid": "7F7B2244B823795821247DD45B7572FD", "played": "38", "rating": "5.60", "total_kill": "162", "win_rate": "0.6316", "xpm": "768" },
    { "avg_assist": "8.03", "avg_bekill": "3.53", "avg_kill": "1.08", "gpm": "457", "kda": "3.96", "name": "YTG丶落幕", "openid": "9EABDFC2F259BCDBADECD4D3AFBAAB65", "played": "38", "rating": "5.60", "total_kill": "41", "win_rate": "0.6316", "xpm": "712" },
    { "avg_assist": "6.71", "avg_bekill": "1.84", "avg_kill": "3.74", "gpm": "614", "kda": "7.14", "name": "YTG丶橙汁", "openid": "92BAD4D1F8FF42AC86E91BA64A2BECCE", "played": "38", "rating": "5.60", "total_kill": "142", "win_rate": "0.6316", "xpm": "750" },
    { "avg_assist": "5.71", "avg_bekill": "2.45", "avg_kill": "2.42", "gpm": "532", "kda": "4.39", "name": "YTG丶小壳", "openid": "DC038568C171B98D6EC9EE60B2F0F657", "played": "38", "rating": "5.60", "total_kill": "92", "win_rate": "0.6316", "xpm": "743" },
    { "avg_assist": "4.89", "avg_bekill": "3.03", "avg_kill": "2.57", "gpm": "607", "kda": "3.63", "name": "YTG丶路西法", "openid": "B0CDF2F5F1199932608F6B65DC23DE54", "played": "37", "rating": "5.60", "total_kill": "95", "win_rate": "0.6486", "xpm": "753" },
    { "avg_assist": "6.00", "avg_bekill": "1.61", "avg_kill": "1.78", "gpm": "570", "kda": "5.58", "name": "BA黑凤梨.六点六", "openid": "38A1A5401569451A53BCA340154E5B3B", "played": "36", "rating": "5.60", "total_kill": "64", "win_rate": "0.6944", "xpm": "820" },
    { "avg_assist": "6.31", "avg_bekill": "1.53", "avg_kill": "3.19", "gpm": "590", "kda": "6.98", "name": "BA黑凤梨.居居", "openid": "9EF5FFA1B24C530E143325B3058D16C1", "played": "36", "rating": "5.60", "total_kill": "115", "win_rate": "0.6944", "xpm": "837" },
    { "avg_assist": "5.22", "avg_bekill": "1.75", "avg_kill": "4.58", "gpm": "618", "kda": "6.53", "name": "BA黑凤梨.小兽", "openid": "F3E08E1AC058EC52B27CFD04D7FD24A1", "played": "36", "rating": "5.60", "total_kill": "165", "win_rate": "0.6944", "xpm": "878" },
    { "avg_assist": "4.44", "avg_bekill": "1.53", "avg_kill": "2.42", "gpm": "599", "kda": "5.33", "name": "BA黑凤梨.小剑", "openid": "AE1143A24050713B348441573E740EC8", "played": "36", "rating": "5.60", "total_kill": "87", "win_rate": "0.6944", "xpm": "844" },
    { "avg_assist": "5.18", "avg_bekill": "1.47", "avg_kill": "3.24", "gpm": "588", "kda": "6.32", "name": "sViper.兰博", "openid": "0F2A0F2AA49BB736011577700791E3BA", "played": "34", "rating": "5.60", "total_kill": "110", "win_rate": "0.5294", "xpm": "839" },
    { "avg_assist": "4.74", "avg_bekill": "2.50", "avg_kill": "1.18", "gpm": "523", "kda": "3.21", "name": "sViper.潇洒", "openid": "C71DB3548688A4A066DE5B7365FAC9E6", "played": "34", "rating": "5.60", "total_kill": "40", "win_rate": "0.5294", "xpm": "815" },
    { "avg_assist": "8.41", "avg_bekill": "2.26", "avg_kill": "0.74", "gpm": "454", "kda": "5.39", "name": "BA黑凤梨.770", "openid": "646CAD1B629DD3DE2569986E43CA132E", "played": "34", "rating": "5.60", "total_kill": "25", "win_rate": "0.6765", "xpm": "765" },
    { "avg_assist": "6.09", "avg_bekill": "2.47", "avg_kill": "0.78", "gpm": "432", "kda": "3.78", "name": "sViper.阿灿", "openid": "61FB4978731530DB27226AB575EA1129", "played": "32", "rating": "5.60", "total_kill": "25", "win_rate": "0.5625", "xpm": "767" },
    { "avg_assist": "3.75", "avg_bekill": "1.84", "avg_kill": "2.53", "gpm": "617", "kda": "3.98", "name": "sViper.笑煮", "openid": "BF9DFCA9A5F4DECD44E62AF037E1E527", "played": "32", "rating": "5.60", "total_kill": "81", "win_rate": "0.5625", "xpm": "848" },
    { "avg_assist": "4.81", "avg_bekill": "2.32", "avg_kill": "2.48", "gpm": "553", "kda": "4.43", "name": "AS仙阁.神男", "openid": "25ED3F5BF20F451D25316874FC6AD823", "played": "31", "rating": "5.60", "total_kill": "77", "win_rate": "0.3871", "xpm": "788" },
    { "avg_assist": "3.13", "avg_bekill": "1.94", "avg_kill": "2.42", "gpm": "601", "kda": "3.67", "name": "AS仙阁.雨雨", "openid": "F87C373893FEE91FC263955B00CA3D0B", "played": "31", "rating": "5.60", "total_kill": "75", "win_rate": "0.3871", "xpm": "798" },
    { "avg_assist": "5.68", "avg_bekill": "2.48", "avg_kill": "0.94", "gpm": "443", "kda": "3.46", "name": "AS仙阁.辰鬼", "openid": "19E601CE35FD6E041F9A115B2306D38C", "played": "31", "rating": "5.60", "total_kill": "29", "win_rate": "0.3871", "xpm": "723" },
    { "avg_assist": "8.50", "avg_bekill": "2.60", "avg_kill": "0.97", "gpm": "443", "kda": "5.04", "name": "Ts.RX", "openid": "0719969AF5B0DF5925920D5C6A799B01", "played": "30", "rating": "5.60", "total_kill": "29", "win_rate": "0.5333", "xpm": "649" },
    { "avg_assist": "6.03", "avg_bekill": "2.33", "avg_kill": "4.63", "gpm": "612", "kda": "6.09", "name": "Ts.暖阳", "openid": "B61E31C87EB42BE852DEADE5273AB0DE", "played": "30", "rating": "5.60", "total_kill": "139", "win_rate": "0.5333", "xpm": "683" },
    { "avg_assist": "4.90", "avg_bekill": "0.97", "avg_kill": "3.00", "gpm": "564", "kda": "6.91", "name": "TG.金克酥", "openid": "D1B7C017167A9473B8C53A077331CAAB", "played": "30", "rating": "5.60", "total_kill": "90", "win_rate": "0.4000", "xpm": "841" },
    { "avg_assist": "6.00", "avg_bekill": "2.13", "avg_kill": "3.33", "gpm": "653", "kda": "5.27", "name": "Ts.十三", "openid": "FD70952C1A9B936EDDB00609A7440670", "played": "30", "rating": "5.60", "total_kill": "100", "win_rate": "0.5333", "xpm": "689" },
    { "avg_assist": "6.13", "avg_bekill": "2.30", "avg_kill": "2.10", "gpm": "546", "kda": "4.55", "name": "Ts.神人", "openid": "217E45134E48B0E55522590E23FFE479", "played": "30", "rating": "5.60", "total_kill": "63", "win_rate": "0.5333", "xpm": "678" },
    { "avg_assist": "5.10", "avg_bekill": "2.10", "avg_kill": "3.63", "gpm": "596", "kda": "5.64", "name": "TG.凉凉", "openid": "428A65B8C1EF07C796D206D9E777D651", "played": "30", "rating": "5.60", "total_kill": "109", "win_rate": "0.4000", "xpm": "882" },
    { "avg_assist": "6.66", "avg_bekill": "2.93", "avg_kill": "0.86", "gpm": "424", "kda": "3.63", "name": "EP.噩梦", "openid": "BB2AE73E2412C3145B44B86E0BB55C8E", "played": "29", "rating": "5.60", "total_kill": "25", "win_rate": "0.3103", "xpm": "636" },
    { "avg_assist": "4.66", "avg_bekill": "2.86", "avg_kill": "1.93", "gpm": "558", "kda": "3.43", "name": "EP.有梦", "openid": "961A6863B8E594DD4FC7E120890BF0BE", "played": "29", "rating": "5.60", "total_kill": "56", "win_rate": "0.3103", "xpm": "683" },
    { "avg_assist": "5.62", "avg_bekill": "1.17", "avg_kill": "2.83", "gpm": "577", "kda": "6.81", "name": "EP.阿楠", "openid": "F20A79CABDFBFD552C72E1E72379A885", "played": "29", "rating": "5.60", "total_kill": "82", "win_rate": "0.3103", "xpm": "688" },
    { "avg_assist": "4.86", "avg_bekill": "3.31", "avg_kill": "2.28", "gpm": "563", "kda": "3.08", "name": "EP.苏帝", "openid": "7F290E0A9187060C544DB344FF7A2167", "played": "29", "rating": "5.60", "total_kill": "66", "win_rate": "0.3103", "xpm": "680" },
    { "avg_assist": "5.04", "avg_bekill": "2.86", "avg_kill": "3.29", "gpm": "595", "kda": "4.07", "name": "SV.小怪兽", "openid": "07B4EDF3EDFFE6EAA8EE349D3BADB4CF", "played": "28", "rating": "5.60", "total_kill": "92", "win_rate": "0.4643", "xpm": "860" },
    { "avg_assist": "3.64", "avg_bekill": "2.50", "avg_kill": "2.32", "gpm": "570", "kda": "3.95", "name": "SV.阿威", "openid": "D61F54B45A940B186EEB5EF16ACE9DB2", "played": "28", "rating": "5.60", "total_kill": "65", "win_rate": "0.4643", "xpm": "824" },
    { "avg_assist": "4.32", "avg_bekill": "2.39", "avg_kill": "2.61", "gpm": "528", "kda": "3.65", "name": "Biu.仔仔", "openid": "78F944575A5F70C51789818A1618EC70", "played": "28", "rating": "5.60", "total_kill": "73", "win_rate": "0.3571", "xpm": "677" },
    { "avg_assist": "3.36", "avg_bekill": "3.29", "avg_kill": "1.75", "gpm": "568", "kda": "2.19", "name": "Biu.小强", "openid": "F2464203042463F40B9FA41A50B97841", "played": "28", "rating": "5.60", "total_kill": "49", "win_rate": "0.3571", "xpm": "691" },
    { "avg_assist": "5.36", "avg_bekill": "1.11", "avg_kill": "3.14", "gpm": "574", "kda": "7.84", "name": "SV.心醉", "openid": "03C692C2132AAF22135204F4A4F5B87F", "played": "28", "rating": "5.60", "total_kill": "88", "win_rate": "0.4643", "xpm": "811" },
    { "avg_assist": "5.82", "avg_bekill": "3.54", "avg_kill": "1.14", "gpm": "437", "kda": "3.09", "name": "SV.梦游神", "openid": "BF8D084E71D1BDE88F924F769BB5F4EB", "played": "28", "rating": "5.60", "total_kill": "32", "win_rate": "0.4643", "xpm": "761" },
    { "avg_assist": "5.61", "avg_bekill": "3.43", "avg_kill": "0.61", "gpm": "430", "kda": "2.27", "name": "Biu.恋择", "openid": "E52F52C32277735CE0D1A5A1960BB473", "played": "28", "rating": "5.60", "total_kill": "17", "win_rate": "0.3571", "xpm": "635" },
    { "avg_assist": "3.93", "avg_bekill": "2.61", "avg_kill": "1.50", "gpm": "538", "kda": "2.92", "name": "AS仙阁丶悍匪", "openid": "97C9B63B7AEF7B49E377B245E9051A92", "played": "28", "rating": "5.60", "total_kill": "42", "win_rate": "0.3929", "xpm": "776" },
    { "avg_assist": "5.18", "avg_bekill": "2.21", "avg_kill": "4.86", "gpm": "601", "kda": "5.81", "name": "CWG.冷瞳", "openid": "BA07B9138BB9894D2ADB1C2CD6B065C5", "played": "28", "rating": "5.60", "total_kill": "136", "win_rate": "0.4286", "xpm": "818" },
    { "avg_assist": "7.07", "avg_bekill": "3.18", "avg_kill": "0.89", "gpm": "400", "kda": "3.51", "name": "CWG.真情", "openid": "EC26F878D633B5936C08E4436FBB5546", "played": "28", "rating": "5.60", "total_kill": "25", "win_rate": "0.4286", "xpm": "711" },
    { "avg_assist": "5.43", "avg_bekill": "2.14", "avg_kill": "1.89", "gpm": "561", "kda": "5.44", "name": "SV.傲天", "openid": "B8199BF4F4DA06DE093E8496B8801697", "played": "28", "rating": "5.60", "total_kill": "53", "win_rate": "0.4643", "xpm": "810" },
    { "avg_assist": "4.54", "avg_bekill": "2.61", "avg_kill": "3.43", "gpm": "580", "kda": "4.40", "name": "Biu.Rua", "openid": "B856AF18D07A0ABDCA896D7CFFAE20AB", "played": "28", "rating": "5.60", "total_kill": "96", "win_rate": "0.3571", "xpm": "717" },
    { "avg_assist": "4.93", "avg_bekill": "2.75", "avg_kill": "1.93", "gpm": "586", "kda": "3.54", "name": "CWG.黎歌", "openid": "B84CBB9D4B54B0D0944ED2CE65EA1D98", "played": "28", "rating": "5.60", "total_kill": "54", "win_rate": "0.4286", "xpm": "797" },
    { "avg_assist": "4.36", "avg_bekill": "2.50", "avg_kill": "2.18", "gpm": "573", "kda": "3.79", "name": "CWG.play", "openid": "E86B8AFB124F4B05A76E8C7D3E74D732", "played": "28", "rating": "5.60", "total_kill": "61", "win_rate": "0.4286", "xpm": "797" },
    { "avg_assist": "3.07", "avg_bekill": "2.15", "avg_kill": "1.81", "gpm": "588", "kda": "3.05", "name": "Qin.X", "openid": "0F5F785FA86788091608DD6E027D3B0B", "played": "27", "rating": "5.60", "total_kill": "49", "win_rate": "0.2593", "xpm": "792" },
    { "avg_assist": "3.96", "avg_bekill": "1.48", "avg_kill": "2.19", "gpm": "620", "kda": "5.09", "name": "Hero.兮兮", "openid": "68346659D82EE54099EA1A1FAD4F6B9A", "played": "27", "rating": "5.60", "total_kill": "59", "win_rate": "0.8519", "xpm": "889" },
    { "avg_assist": "4.59", "avg_bekill": "1.41", "avg_kill": "1.67", "gpm": "633", "kda": "4.86", "name": "Hero.柠栀", "openid": "A7AAD11E26643813D72EFEBD3B0EBD28", "played": "27", "rating": "5.60", "total_kill": "45", "win_rate": "0.8519", "xpm": "893" },
    { "avg_assist": "6.15", "avg_bekill": "2.30", "avg_kill": "2.93", "gpm": "543", "kda": "5.03", "name": "CWG.亦久", "openid": "F861E74D52E523A5C9C53FBBF5C06B71", "played": "27", "rating": "5.60", "total_kill": "79", "win_rate": "0.4444", "xpm": "778" },
    { "avg_assist": "4.89", "avg_bekill": "2.78", "avg_kill": "1.15", "gpm": "520", "kda": "3.90", "name": "TG.浩", "openid": "55867A16767DA4420C31A2BDFD267265", "played": "27", "rating": "5.60", "total_kill": "31", "win_rate": "0.3704", "xpm": "844" },
    { "avg_assist": "3.74", "avg_bekill": "2.37", "avg_kill": "2.26", "gpm": "533", "kda": "3.06", "name": "Qin.April", "openid": "0AB43D11C416309D25A5F5AD95E0DB79", "played": "27", "rating": "5.60", "total_kill": "61", "win_rate": "0.2593", "xpm": "765" },
    { "avg_assist": "5.63", "avg_bekill": "0.93", "avg_kill": "3.07", "gpm": "655", "kda": "7.24", "name": "Hero.久诚", "openid": "919D5E5E2A9039A5E7393859C9B4E012", "played": "27", "rating": "5.60", "total_kill": "83", "win_rate": "0.8519", "xpm": "913" },
    { "avg_assist": "5.70", "avg_bekill": "2.59", "avg_kill": "0.70", "gpm": "404", "kda": "3.55", "name": "Qin.幻影", "openid": "068BEC4908A695801ED988780C071FD2", "played": "27", "rating": "5.60", "total_kill": "19", "win_rate": "0.2593", "xpm": "691" },
    { "avg_assist": "6.04", "avg_bekill": "2.41", "avg_kill": "1.37", "gpm": "450", "kda": "4.56", "name": "Hero.最初", "openid": "75A0E028EC2BF9D41710669411CD19F8", "played": "27", "rating": "5.60", "total_kill": "37", "win_rate": "0.8519", "xpm": "820" },
    { "avg_assist": "5.74", "avg_bekill": "1.48", "avg_kill": "2.85", "gpm": "606", "kda": "6.79", "name": "Hero.尘夏", "openid": "DBB1AA4588256E9DF8DEA01D8286A0CE", "played": "27", "rating": "5.60", "total_kill": "77", "win_rate": "0.8519", "xpm": "923" },
    { "avg_assist": "5.00", "avg_bekill": "1.92", "avg_kill": "3.73", "gpm": "612", "kda": "5.86", "name": "sViper.诺龙", "openid": "6A6EAB6AAA01CB1D15750744879A6BE6", "played": "26", "rating": "5.60", "total_kill": "97", "win_rate": "0.5385", "xpm": "860" },
    { "avg_assist": "7.64", "avg_bekill": "1.60", "avg_kill": "3.12", "gpm": "573", "kda": "7.47", "name": "Ts.破碎", "openid": "BEC56680808C6B082705E412637008B1", "played": "25", "rating": "5.60", "total_kill": "78", "win_rate": "0.4800", "xpm": "669" },
    { "avg_assist": "4.52", "avg_bekill": "2.78", "avg_kill": "3.22", "gpm": "600", "kda": "3.62", "name": "Qin.简单", "openid": "EA4DA2A94CAD689666BAF6DA79054D53", "played": "23", "rating": "5.60", "total_kill": "74", "win_rate": "0.3043", "xpm": "789" },
    { "avg_assist": "6.61", "avg_bekill": "3.96", "avg_kill": "0.83", "gpm": "400", "kda": "2.74", "name": "TG.二狗", "openid": "3173B46DB350E70EDF978720F3ADD35B", "played": "23", "rating": "5.60", "total_kill": "19", "win_rate": "0.4348", "xpm": "751" },
    { "avg_assist": "4.65", "avg_bekill": "2.87", "avg_kill": "3.35", "gpm": "547", "kda": "3.61", "name": "EP.摇热", "openid": "53DCEEA9E4B19A63BF21DD335CDDA488", "played": "23", "rating": "5.60", "total_kill": "77", "win_rate": "0.3478", "xpm": "658" },
    { "avg_assist": "3.74", "avg_bekill": "2.68", "avg_kill": "2.11", "gpm": "578", "kda": "3.19", "name": "TG.安稳", "openid": "50A826913785CD7330A4E359EF7CE4A0", "played": "19", "rating": "5.60", "total_kill": "40", "win_rate": "0.4737", "xpm": "856" },
    { "avg_assist": "5.22", "avg_bekill": "2.50", "avg_kill": "1.94", "gpm": "571", "kda": "3.25", "name": "AS仙阁丶酷酷", "openid": "139912C9D006D280322C3F5115E72581", "played": "18", "rating": "5.60", "total_kill": "35", "win_rate": "0.3889", "xpm": "832" },
    { "avg_assist": "3.75", "avg_bekill": "3.06", "avg_kill": "2.00", "gpm": "577", "kda": "2.38", "name": "AS仙阁.无痕", "openid": "48042210647B57C4BC3D6867F1934705", "played": "16", "rating": "5.60", "total_kill": "32", "win_rate": "0.3750", "xpm": "779" },
    { "avg_assist": "2.86", "avg_bekill": "2.79", "avg_kill": "2.00", "gpm": "566", "kda": "2.23", "name": "Qin.维森", "openid": "02145D08169B9D0F0F9DE7933A4B8470", "played": "14", "rating": "5.60", "total_kill": "28", "win_rate": "0.3571", "xpm": "830" },
    { "avg_assist": "4.43", "avg_bekill": "2.29", "avg_kill": "1.43", "gpm": "540", "kda": "3.42", "name": "TG.阿九", "openid": "5B49C57B2CB153A62A1914D2598E7987", "played": "14", "rating": "5.60", "total_kill": "20", "win_rate": "0.3571", "xpm": "854" },
    { "avg_assist": "3.71", "avg_bekill": "3.14", "avg_kill": "1.86", "gpm": "592", "kda": "2.15", "name": "Biu.望月", "openid": "775320E388BE1B290024E515E006F48C", "played": "14", "rating": "5.60", "total_kill": "26", "win_rate": "0.3571", "xpm": "654" },
    { "avg_assist": "3.29", "avg_bekill": "2.36", "avg_kill": "1.64", "gpm": "556", "kda": "2.86", "name": "Biu.拓海", "openid": "296E78F1161B4BCF80F6A97A8D77D95F", "played": "14", "rating": "5.60", "total_kill": "23", "win_rate": "0.3571", "xpm": "754" },
    { "avg_assist": "3.00", "avg_bekill": "3.31", "avg_kill": "2.15", "gpm": "543", "kda": "2.27", "name": "Qin.kaliki", "openid": "B2F508C0DA799CB18CBE1ECA6AD8DD58", "played": "13", "rating": "5.60", "total_kill": "28", "win_rate": "0.1538", "xpm": "724" },
    { "avg_assist": "4.80", "avg_bekill": "2.00", "avg_kill": "2.60", "gpm": "572", "kda": "4.47", "name": "sViper.余生", "openid": "EA554825F3FA2A7D6D89AC91A3FCEA31", "played": "10", "rating": "5.60", "total_kill": "26", "win_rate": "0.4000", "xpm": "896" },
    { "avg_assist": "4.29", "avg_bekill": "2.71", "avg_kill": "1.00", "gpm": "432", "kda": "2.45", "name": "TG.良仔", "openid": "8A5DC850AFD0A26D3C6B47FB04600F98", "played": "7", "rating": "5.60", "total_kill": "7", "win_rate": "0.2857", "xpm": "753" },
    { "avg_assist": "3.67", "avg_bekill": "2.17", "avg_kill": "1.83", "gpm": "544", "kda": "3.39", "name": "EP.車", "openid": "D6D57377C65D9F2D414329CC8F9F156C", "played": "6", "rating": "5.60", "total_kill": "11", "win_rate": "0.1667", "xpm": "790" },
    { "avg_assist": "7.80", "avg_bekill": "1.40", "avg_kill": "3.00", "gpm": "602", "kda": "7.03", "name": "Ts.阿豆", "openid": "6D54271544D17B374436D7189EEBC522", "played": "5", "rating": "5.60", "total_kill": "15", "win_rate": "0.8000", "xpm": "733" },
    { "avg_assist": "4.25", "avg_bekill": "3.00", "avg_kill": "2.25", "gpm": "499", "kda": "2.44", "name": "Qin.初夏", "openid": "52F70C91CA9ABE89052326A74DF8F6FC", "played": "4", "rating": "5.60", "total_kill": "9", "win_rate": "0.0000", "xpm": "846" },
    { "avg_assist": "5.50", "avg_bekill": "5.00", "avg_kill": "1.50", "gpm": "404", "kda": "1.38", "name": "sViper.百年", "openid": "B9D6764FA105D5EFBF130E0B57FA55DD", "played": "2", "rating": "5.60", "total_kill": "3", "win_rate": "0.0000", "xpm": "732" },
    { "avg_assist": "7.00", "avg_bekill": "4.50", "avg_kill": "2.00", "gpm": "493", "kda": "2.00", "name": "BA黑凤梨.初冬", "openid": "52DF02A577817ED601EF3229118935FA", "played": "2", "rating": "5.60", "total_kill": "4", "win_rate": "1.0000", "xpm": "897" },
    { "avg_assist": "1.00", "avg_bekill": "2.00", "avg_kill": "1.00", "gpm": "424", "kda": "1.00", "name": "CWG.雨轩", "openid": "E3621E64E2997E22F4150E7C937CD459", "played": "1", "rating": "5.60", "total_kill": "1", "win_rate": "0.0000", "xpm": "741" },
    { "avg_assist": "5.00", "avg_bekill": "2.00", "avg_kill": "4.00", "gpm": "530", "kda": "4.50", "name": "YTG丶小智", "openid": "F6F7F6E86FF0DF5B9B880A65672E2EC5", "played": "1", "rating": "5.60", "total_kill": "4", "win_rate": "0.0000", "xpm": "843" }
]