[
    { "ban_heros": "119|173|141", "camp": "1", "game_label": "118001", "game_time": "2018-01-01 12:30:05", "is_win": "1", "kill_cnt": "21", "pick_heros": "139|146|149|110|189", "team_id": "37", "team_name": "SV" },
    { "ban_heros": "140|501|198", "camp": "2", "game_label": "118001", "game_time": "2018-01-01 12:30:05", "is_win": "0", "kill_cnt": "9", "pick_heros": "196|182|120|187|154", "team_id": "42", "team_name": "RSG" },
    { "ban_heros": "119|501|173", "camp": "2", "game_label": "118001", "game_time": "2018-01-01 12:59:34", "is_win": "0", "kill_cnt": "10", "pick_heros": "149|139|148|141|162", "team_id": "37", "team_name": "SV" },
    { "ban_heros": "146|196|140", "camp": "1", "game_label": "118001", "game_time": "2018-01-01 12:59:34", "is_win": "1", "kill_cnt": "14", "pick_heros": "198|110|186|134|132", "team_id": "42", "team_name": "RSG" },
    { "ban_heros": "141|173|119", "camp": "1", "game_label": "118001", "game_time": "2018-01-01 13:25:44", "is_win": "1", "kill_cnt": "15", "pick_heros": "140|139|182|113|107", "team_id": "37", "team_name": "SV" },
    { "ban_heros": "501|198|146", "camp": "2", "game_label": "118001", "game_time": "2018-01-01 13:25:44", "is_win": "0", "kill_cnt": "8", "pick_heros": "149|110|120|189|132", "team_id": "42", "team_name": "RSG" },
    { "ban_heros": "189|198|120", "camp": "1", "game_label": "118002", "game_time": "2018-01-01 14:33:43", "is_win": "1", "kill_cnt": "12", "pick_heros": "139|173|119|186|194", "team_id": "31", "team_name": "YTG" },
    { "ban_heros": "501|196|140", "camp": "2", "game_label": "118002", "game_time": "2018-01-01 14:33:43", "is_win": "0", "kill_cnt": "3", "pick_heros": "154|149|132|110|171", "team_id": "43", "team_name": "TG" },
    { "ban_heros": "501|189|198", "camp": "2", "game_label": "118002", "game_time": "2018-01-01 14:55:26", "is_win": "0", "kill_cnt": "15", "pick_heros": "154|119|173|194|187", "team_id": "31", "team_name": "YTG" },
    { "ban_heros": "196|139|140", "camp": "1", "game_label": "118002", "game_time": "2018-01-01 14:55:26", "is_win": "1", "kill_cnt": "16", "pick_heros": "149|128|186|110|132", "team_id": "43", "team_name": "TG" },
    { "ban_heros": "189|198|132", "camp": "1", "game_label": "118002", "game_time": "2018-01-01 15:23:45", "is_win": "0", "kill_cnt": "11", "pick_heros": "139|186|173|110|194", "team_id": "31", "team_name": "YTG" },
    { "ban_heros": "501|140|196", "camp": "2", "game_label": "118002", "game_time": "2018-01-01 15:23:45", "is_win": "1", "kill_cnt": "23", "pick_heros": "149|119|187|120|195", "team_id": "43", "team_name": "TG" },
    { "ban_heros": "186|141|139", "camp": "1", "game_label": "118003", "game_time": "2018-01-01 16:04:28", "is_win": "1", "kill_cnt": "18", "pick_heros": "149|194|119|168|107", "team_id": "37", "team_name": "SV" },
    { "ban_heros": "146|501|140", "camp": "2", "game_label": "118003", "game_time": "2018-01-01 16:04:28", "is_win": "0", "kill_cnt": "8", "pick_heros": "173|198|154|189|136", "team_id": "41", "team_name": "Qin" },
    { "ban_heros": "501|140|139", "camp": "2", "game_label": "118004", "game_time": "2018-01-01 16:13:13", "is_win": "0", "kill_cnt": "14", "pick_heros": "186|198|120|110|162", "team_id": "18", "team_name": "sViper" },
    { "ban_heros": "173|148|182", "camp": "1", "game_label": "118004", "game_time": "2018-01-01 16:13:13", "is_win": "1", "kill_cnt": "12", "pick_heros": "149|119|194|154|132", "team_id": "22", "team_name": "AS仙阁" },
    { "ban_heros": "501|140|186", "camp": "2", "game_label": "118003", "game_time": "2018-01-01 16:35:21", "is_win": "1", "kill_cnt": "20", "pick_heros": "149|189|110|154|162", "team_id": "37", "team_name": "SV" },
    { "ban_heros": "146|198|148", "camp": "1", "game_label": "118003", "game_time": "2018-01-01 16:35:21", "is_win": "0", "kill_cnt": "11", "pick_heros": "139|119|173|194|171", "team_id": "41", "team_name": "Qin" },
    { "ban_heros": "198|194|149", "camp": "1", "game_label": "118004", "game_time": "2018-01-01 16:42:59", "is_win": "1", "kill_cnt": "15", "pick_heros": "140|120|132|182|189", "team_id": "18", "team_name": "sViper" },
    { "ban_heros": "501|173|148", "camp": "2", "game_label": "118004", "game_time": "2018-01-01 16:42:59", "is_win": "0", "kill_cnt": "1", "pick_heros": "139|119|186|154|116", "team_id": "22", "team_name": "AS仙阁" },
    { "ban_heros": "148|146|198", "camp": "1", "game_label": "118005", "game_time": "2018-01-01 17:15:44", "is_win": "0", "kill_cnt": "1", "pick_heros": "139|196|186|121|163", "team_id": "32", "team_name": "BA黑凤梨" },
    { "ban_heros": "501|140|173", "camp": "2", "game_label": "118005", "game_time": "2018-01-01 17:15:44", "is_win": "1", "kill_cnt": "14", "pick_heros": "189|149|110|154|132", "team_id": "44", "team_name": "Ts" },
    { "ban_heros": "501|140|149", "camp": "2", "game_label": "118004", "game_time": "2018-01-01 17:06:50", "is_win": "1", "kill_cnt": "16", "pick_heros": "139|120|110|189|178", "team_id": "18", "team_name": "sViper" },
    { "ban_heros": "173|148|182", "camp": "1", "game_label": "118004", "game_time": "2018-01-01 17:06:50", "is_win": "0", "kill_cnt": "11", "pick_heros": "198|186|119|163|194", "team_id": "22", "team_name": "AS仙阁" },
    { "ban_heros": "501|140|146", "camp": "2", "game_label": "118005", "game_time": "2018-01-01 17:40:16", "is_win": "1", "kill_cnt": "9", "pick_heros": "186|198|132|120|119", "team_id": "32", "team_name": "BA黑凤梨" },
    { "ban_heros": "189|173|149", "camp": "1", "game_label": "118005", "game_time": "2018-01-01 17:40:16", "is_win": "0", "kill_cnt": "3", "pick_heros": "139|163|110|154|148", "team_id": "44", "team_name": "Ts" },
    { "ban_heros": "501|140|198", "camp": "2", "game_label": "118006", "game_time": "2018-01-01 17:52:46", "is_win": "1", "kill_cnt": "19", "pick_heros": "149|119|186|132|178", "team_id": "31", "team_name": "YTG" },
    { "ban_heros": "182|139|196", "camp": "1", "game_label": "118006", "game_time": "2018-01-01 17:52:46", "is_win": "0", "kill_cnt": "7", "pick_heros": "173|194|120|110|168", "team_id": "42", "team_name": "RSG" },
    { "ban_heros": "146|198|149", "camp": "1", "game_label": "118005", "game_time": "2018-01-01 18:06:38", "is_win": "1", "kill_cnt": "11", "pick_heros": "189|134|196|178|182", "team_id": "32", "team_name": "BA黑凤梨" },
    { "ban_heros": "501|140|139", "camp": "2", "game_label": "118005", "game_time": "2018-01-01 18:06:38", "is_win": "0", "kill_cnt": "1", "pick_heros": "173|120|110|121|186", "team_id": "44", "team_name": "Ts" },
    { "ban_heros": "198|149|182", "camp": "1", "game_label": "118006", "game_time": "2018-01-01 18:23:06", "is_win": "1", "kill_cnt": "14", "pick_heros": "119|139|194|171|132", "team_id": "31", "team_name": "YTG" },
    { "ban_heros": "501|140|196", "camp": "2", "game_label": "118006", "game_time": "2018-01-01 18:23:06", "is_win": "0", "kill_cnt": "11", "pick_heros": "173|186|120|134|141", "team_id": "42", "team_name": "RSG" },
    { "ban_heros": "501|140|182", "camp": "2", "game_label": "118007", "game_time": "2018-01-01 18:43:49", "is_win": "1", "kill_cnt": "21", "pick_heros": "173|186|141|149|134", "team_id": "39", "team_name": "Biu" },
    { "ban_heros": "196|198|119", "camp": "1", "game_label": "118007", "game_time": "2018-01-01 18:43:50", "is_win": "0", "kill_cnt": "14", "pick_heros": "139|120|189|157|162", "team_id": "18", "team_name": "sViper" },
    { "ban_heros": "501|140|196", "camp": "2", "game_label": "118008", "game_time": "2018-01-01 19:05:19", "is_win": "0", "kill_cnt": "1", "pick_heros": "149|148|110|194|116", "team_id": "40", "team_name": "CWG" },
    { "ban_heros": "119|139|173", "camp": "1", "game_label": "118008", "game_time": "2018-01-01 19:05:19", "is_win": "1", "kill_cnt": "10", "pick_heros": "198|182|154|132|186", "team_id": "45", "team_name": "Hero久竞" },
    { "ban_heros": "501|140|196", "camp": "2", "game_label": "118007", "game_time": "2018-01-01 19:16:09", "is_win": "0", "kill_cnt": "4", "pick_heros": "173|120|149|189|190", "team_id": "18", "team_name": "sViper" },
    { "ban_heros": "139|182|148", "camp": "1", "game_label": "118007", "game_time": "2018-01-01 19:16:09", "is_win": "1", "kill_cnt": "5", "pick_heros": "198|119|186|132|154", "team_id": "39", "team_name": "Biu" },
    { "ban_heros": "196|198|182", "camp": "1", "game_label": "118008", "game_time": "2018-01-01 19:31:24", "is_win": "0", "kill_cnt": "6", "pick_heros": "140|186|136|132|120", "team_id": "40", "team_name": "CWG" },
    { "ban_heros": "501|119|173", "camp": "2", "game_label": "118008", "game_time": "2018-01-01 19:31:24", "is_win": "1", "kill_cnt": "10", "pick_heros": "139|149|110|187|170", "team_id": "45", "team_name": "Hero久竞" },
    { "ban_heros": "501|140|146", "camp": "2", "game_label": "118009", "game_time": "2018-01-01 20:10:29", "is_win": "0", "kill_cnt": "8", "pick_heros": "186|154|110|120|196", "team_id": "30", "team_name": "EP" },
    { "ban_heros": "198|173|149", "camp": "1", "game_label": "118009", "game_time": "2018-01-01 20:10:29", "is_win": "1", "kill_cnt": "19", "pick_heros": "139|189|132|136|134", "team_id": "44", "team_name": "Ts" },
    { "ban_heros": "139|146|198", "camp": "1", "game_label": "118009", "game_time": "2018-01-01 20:53:20", "is_win": "1", "kill_cnt": "14", "pick_heros": "189|154|110|132|134", "team_id": "30", "team_name": "EP" },
    { "ban_heros": "501|140|149", "camp": "2", "game_label": "118009", "game_time": "2018-01-01 20:53:20", "is_win": "0", "kill_cnt": "6", "pick_heros": "173|120|141|128|186", "team_id": "44", "team_name": "Ts" },
    { "ban_heros": "501|140|139", "camp": "2", "game_label": "118009", "game_time": "2018-01-01 21:29:18", "is_win": "1", "kill_cnt": "23", "pick_heros": "154|132|134|187|136", "team_id": "30", "team_name": "EP" },
    { "ban_heros": "110|149|198", "camp": "1", "game_label": "118009", "game_time": "2018-01-01 21:29:18", "is_win": "0", "kill_cnt": "20", "pick_heros": "189|146|163|162|120", "team_id": "44", "team_name": "Ts" },
    { "ban_heros": "141|189|198", "camp": "1", "game_label": "118010", "game_time": "2018-01-02 12:30:10", "is_win": "0", "kill_cnt": "7", "pick_heros": "139|146|180|187|196", "team_id": "37", "team_name": "SV" },
    { "ban_heros": "501|140|173", "camp": "2", "game_label": "118010", "game_time": "2018-01-02 12:30:10", "is_win": "1", "kill_cnt": "20", "pick_heros": "149|132|186|136|154", "team_id": "44", "team_name": "Ts" },
    { "ban_heros": "501|140|189", "camp": "2", "game_label": "118010", "game_time": "2018-01-02 13:01:57", "is_win": "0", "kill_cnt": "2", "pick_heros": "139|180|107|119|168", "team_id": "37", "team_name": "SV" },
    { "ban_heros": "141|198|173", "camp": "1", "game_label": "118010", "game_time": "2018-01-02 13:01:57", "is_win": "1", "kill_cnt": "14", "pick_heros": "149|132|146|163|148", "team_id": "44", "team_name": "Ts" },
    { "ban_heros": "182|501|140", "camp": "2", "game_label": "118011", "game_time": "2018-01-02 13:52:02", "is_win": "0", "kill_cnt": "9", "pick_heros": "173|180|190|154|148", "team_id": "31", "team_name": "YTG" },
    { "ban_heros": "119|139|149", "camp": "1", "game_label": "118011", "game_time": "2018-01-02 13:52:02", "is_win": "1", "kill_cnt": "7", "pick_heros": "198|186|110|194|132", "team_id": "45", "team_name": "Hero久竞" },
    { "ban_heros": "182|198|139", "camp": "1", "game_label": "118011", "game_time": "2018-01-02 14:23:15", "is_win": "0", "kill_cnt": "1", "pick_heros": "149|132|194|171|190", "team_id": "31", "team_name": "YTG" },
    { "ban_heros": "501|119|140", "camp": "2", "game_label": "118011", "game_time": "2018-01-02 14:23:15", "is_win": "1", "kill_cnt": "13", "pick_heros": "186|110|154|178|173", "team_id": "45", "team_name": "Hero久竞" },
    { "ban_heros": "198|148|140", "camp": "1", "game_label": "118012", "game_time": "2018-01-02 14:55:46", "is_win": "1", "kill_cnt": "9", "pick_heros": "149|119|139|132|171", "team_id": "32", "team_name": "BA黑凤梨" },
    { "ban_heros": "501|196|182", "camp": "2", "game_label": "118012", "game_time": "2018-01-02 14:55:46", "is_win": "0", "kill_cnt": "2", "pick_heros": "173|186|120|136|193", "team_id": "40", "team_name": "CWG" },
    { "ban_heros": "140|501|148", "camp": "2", "game_label": "118012", "game_time": "2018-01-02 15:17:56", "is_win": "1", "kill_cnt": "13", "pick_heros": "139|119|132|120|189", "team_id": "32", "team_name": "BA黑凤梨" },
    { "ban_heros": "182|149|196", "camp": "1", "game_label": "118012", "game_time": "2018-01-02 15:17:56", "is_win": "0", "kill_cnt": "8", "pick_heros": "198|173|186|154|110", "team_id": "40", "team_name": "CWG" },
    { "ban_heros": "173|139|189", "camp": "1", "game_label": "118014", "game_time": "2018-01-02 15:54:38", "is_win": "1", "kill_cnt": "18", "pick_heros": "198|149|119|132|144", "team_id": "30", "team_name": "EP" },
    { "ban_heros": "501|140|148", "camp": "2", "game_label": "118014", "game_time": "2018-01-02 15:54:38", "is_win": "0", "kill_cnt": "12", "pick_heros": "196|186|141|120|154", "team_id": "39", "team_name": "Biu" },
    { "ban_heros": "501|140|146", "camp": "2", "game_label": "118013", "game_time": "2018-01-02 16:20:15", "is_win": "1", "kill_cnt": "22", "pick_heros": "139|110|186|194|162", "team_id": "31", "team_name": "YTG" },
    { "ban_heros": "173|119|198", "camp": "1", "game_label": "118013", "game_time": "2018-01-02 16:20:15", "is_win": "0", "kill_cnt": "26", "pick_heros": "149|132|189|136|154", "team_id": "44", "team_name": "Ts" },
    { "ban_heros": "501|140|139", "camp": "2", "game_label": "118014", "game_time": "2018-01-02 16:41:18", "is_win": "0", "kill_cnt": "7", "pick_heros": "189|132|178|134|136", "team_id": "30", "team_name": "EP" },
    { "ban_heros": "149|144|198", "camp": "1", "game_label": "118014", "game_time": "2018-01-02 16:41:18", "is_win": "1", "kill_cnt": "10", "pick_heros": "119|154|186|194|196", "team_id": "39", "team_name": "Biu" },
    { "ban_heros": "189|146|149", "camp": "1", "game_label": "118013", "game_time": "2018-01-02 17:01:06", "is_win": "0", "kill_cnt": "3", "pick_heros": "198|132|186|193|110", "team_id": "31", "team_name": "YTG" },
    { "ban_heros": "501|140|173", "camp": "2", "game_label": "118013", "game_time": "2018-01-02 17:01:06", "is_win": "1", "kill_cnt": "18", "pick_heros": "119|139|171|194|162", "team_id": "44", "team_name": "Ts" },
    { "ban_heros": "119|196|198", "camp": "1", "game_label": "118014", "game_time": "2018-01-02 17:06:35", "is_win": "1", "kill_cnt": "31", "pick_heros": "140|189|132|128|110", "team_id": "30", "team_name": "EP" },
    { "ban_heros": "501|149|144", "camp": "2", "game_label": "118014", "game_time": "2018-01-02 17:06:35", "is_win": "0", "kill_cnt": "15", "pick_heros": "139|186|173|154|182", "team_id": "39", "team_name": "Biu" },
    { "ban_heros": "501|146|189", "camp": "2", "game_label": "118013", "game_time": "2018-01-02 17:27:09", "is_win": "0", "kill_cnt": "10", "pick_heros": "139|173|141|171|180", "team_id": "31", "team_name": "YTG" },
    { "ban_heros": "119|110|149", "camp": "1", "game_label": "118013", "game_time": "2018-01-02 17:27:10", "is_win": "1", "kill_cnt": "26", "pick_heros": "140|154|186|132|136", "team_id": "44", "team_name": "Ts" },
    { "ban_heros": "189|149|198", "camp": "1", "game_label": "118016", "game_time": "2018-01-02 18:13:44", "is_win": "1", "kill_cnt": "20", "pick_heros": "140|132|186|134|141", "team_id": "42", "team_name": "RSG" },
    { "ban_heros": "501|173|119", "camp": "2", "game_label": "118016", "game_time": "2018-01-02 18:13:44", "is_win": "0", "kill_cnt": "14", "pick_heros": "139|120|187|195|110", "team_id": "43", "team_name": "TG" },
    { "ban_heros": "501|140|148", "camp": "2", "game_label": "118015", "game_time": "2018-01-02 18:24:26", "is_win": "1", "kill_cnt": "14", "pick_heros": "186|139|173|110|134", "team_id": "32", "team_name": "BA黑凤梨" },
    { "ban_heros": "189|120|149", "camp": "1", "game_label": "118015", "game_time": "2018-01-02 18:24:26", "is_win": "0", "kill_cnt": "4", "pick_heros": "198|182|171|193|107", "team_id": "41", "team_name": "Qin" },
    { "ban_heros": "189|110|162", "camp": "2", "game_label": "118016", "game_time": "2018-01-02 18:43:44", "is_win": "1", "kill_cnt": "11", "pick_heros": "140|196|148|139|157", "team_id": "42", "team_name": "RSG" },
    { "ban_heros": "119|173|141", "camp": "1", "game_label": "118016", "game_time": "2018-01-02 18:43:44", "is_win": "0", "kill_cnt": "7", "pick_heros": "501|198|149|190|163", "team_id": "43", "team_name": "TG" },
    { "ban_heros": "150|198|140", "camp": "1", "game_label": "118015", "game_time": "2018-01-02 18:58:35", "is_win": "1", "kill_cnt": "11", "pick_heros": "149|132|171|134|182", "team_id": "32", "team_name": "BA黑凤梨" },
    { "ban_heros": "189|120|501", "camp": "2", "game_label": "118015", "game_time": "2018-01-02 18:58:35", "is_win": "0", "kill_cnt": "4", "pick_heros": "186|139|196|154|146", "team_id": "41", "team_name": "Qin" },
    { "ban_heros": "501|173|140", "camp": "2", "game_label": "118017", "game_time": "2018-01-02 19:33:54", "is_win": "0", "kill_cnt": "4", "pick_heros": "120|139|171|132|136", "team_id": "22", "team_name": "AS仙阁" },
    { "ban_heros": "119|186|149", "camp": "1", "game_label": "118017", "game_time": "2018-01-02 19:33:54", "is_win": "1", "kill_cnt": "12", "pick_heros": "198|110|194|189|162", "team_id": "40", "team_name": "CWG" },
    { "ban_heros": "173|189|140", "camp": "1", "game_label": "118017", "game_time": "2018-01-02 19:59:21", "is_win": "1", "kill_cnt": "25", "pick_heros": "149|186|120|132|136", "team_id": "22", "team_name": "AS仙阁" },
    { "ban_heros": "501|110|198", "camp": "2", "game_label": "118017", "game_time": "2018-01-02 19:59:21", "is_win": "0", "kill_cnt": "13", "pick_heros": "119|139|154|162|148", "team_id": "40", "team_name": "CWG" },
    { "ban_heros": "501|173|140", "camp": "2", "game_label": "118017", "game_time": "2018-01-02 20:32:23", "is_win": "0", "kill_cnt": "6", "pick_heros": "110|139|171|163|134", "team_id": "22", "team_name": "AS仙阁" },
    { "ban_heros": "119|186|149", "camp": "1", "game_label": "118017", "game_time": "2018-01-02 20:32:23", "is_win": "1", "kill_cnt": "16", "pick_heros": "198|194|189|136|162", "team_id": "40", "team_name": "CWG" },
    { "ban_heros": "501|140|198", "camp": "2", "game_label": "118018", "game_time": "2018-01-02 21:08:39", "is_win": "1", "kill_cnt": "9", "pick_heros": "132|154|186|119|194", "team_id": "18", "team_name": "sViper" },
    { "ban_heros": "148|182|139", "camp": "1", "game_label": "118018", "game_time": "2018-01-02 21:08:39", "is_win": "0", "kill_cnt": "6", "pick_heros": "149|189|141|173|134", "team_id": "30", "team_name": "EP" },
    { "ban_heros": "140|501|182", "camp": "2", "game_label": "118018", "game_time": "2018-01-02 21:35:20", "is_win": "0", "kill_cnt": "5", "pick_heros": "154|149|110|196|128", "team_id": "30", "team_name": "EP" },
    { "ban_heros": "132|198|134", "camp": "1", "game_label": "118018", "game_time": "2018-01-02 21:35:21", "is_win": "1", "kill_cnt": "10", "pick_heros": "139|173|186|194|190", "team_id": "18", "team_name": "sViper" },
    { "ban_heros": "186|196|154", "camp": "1", "game_label": "118019", "game_time": "2018-01-03 12:24:17", "is_win": "0", "kill_cnt": "6", "pick_heros": "149|141|173|171|134", "team_id": "42", "team_name": "RSG" },
    { "ban_heros": "501|140|148", "camp": "2", "game_label": "118019", "game_time": "2018-01-03 12:24:17", "is_win": "1", "kill_cnt": "17", "pick_heros": "139|198|182|187|132", "team_id": "45", "team_name": "Hero久竞" },
    { "ban_heros": "501|140|198", "camp": "2", "game_label": "118019", "game_time": "2018-01-03 12:44:36", "is_win": "0", "kill_cnt": "1", "pick_heros": "186|119|120|128|196", "team_id": "42", "team_name": "RSG" },
    { "ban_heros": "148|189|149", "camp": "1", "game_label": "118019", "game_time": "2018-01-03 12:44:36", "is_win": "1", "kill_cnt": "12", "pick_heros": "139|194|173|182|187", "team_id": "45", "team_name": "Hero久竞" },
    { "ban_heros": "186|182|149", "camp": "1", "game_label": "118020", "game_time": "2018-01-03 13:16:30", "is_win": "1", "kill_cnt": "10", "pick_heros": "501|139|154|111|119", "team_id": "40", "team_name": "CWG" },
    { "ban_heros": "194|198|162", "camp": "2", "game_label": "118020", "game_time": "2018-01-03 13:16:30", "is_win": "0", "kill_cnt": "10", "pick_heros": "140|110|189|163|134", "team_id": "41", "team_name": "Qin" },
    { "ban_heros": "501|186|182", "camp": "2", "game_label": "118020", "game_time": "2018-01-03 13:43:49", "is_win": "1", "kill_cnt": "16", "pick_heros": "149|189|162|136|193", "team_id": "40", "team_name": "CWG" },
    { "ban_heros": "194|198|139", "camp": "1", "game_label": "118020", "game_time": "2018-01-03 13:43:49", "is_win": "0", "kill_cnt": "6", "pick_heros": "140|110|154|150|171", "team_id": "41", "team_name": "Qin" },
    { "ban_heros": "139|148|196", "camp": "1", "game_label": "118021", "game_time": "2018-01-03 14:24:10", "is_win": "1", "kill_cnt": "11", "pick_heros": "149|189|119|134|132", "team_id": "30", "team_name": "EP" },
    { "ban_heros": "140|501|198", "camp": "2", "game_label": "118019", "game_time": "2018-01-03 14:24:10", "is_win": "0", "kill_cnt": "3", "pick_heros": "194|173|182|186|171", "team_id": "42", "team_name": "RSG" },
    { "ban_heros": "140|501|198", "camp": "2", "game_label": "118021", "game_time": "2018-01-03 14:24:10", "is_win": "0", "kill_cnt": "3", "pick_heros": "194|173|182|186|171", "team_id": "42", "team_name": "RSG" },
    { "ban_heros": "501|140|139", "camp": "2", "game_label": "118021", "game_time": "2018-01-03 14:54:50", "is_win": "0", "kill_cnt": "2", "pick_heros": "119|134|132|187|144", "team_id": "30", "team_name": "EP" },
    { "ban_heros": "189|149|198", "camp": "1", "game_label": "118019", "game_time": "2018-01-03 14:54:50", "is_win": "1", "kill_cnt": "15", "pick_heros": "196|154|186|120|110", "team_id": "42", "team_name": "RSG" },
    { "ban_heros": "189|149|198", "camp": "1", "game_label": "118021", "game_time": "2018-01-03 14:54:50", "is_win": "1", "kill_cnt": "15", "pick_heros": "196|154|186|120|110", "team_id": "42", "team_name": "RSG" },
    { "ban_heros": "196|148|139", "camp": "1", "game_label": "118021", "game_time": "2018-01-03 15:18:16", "is_win": "0", "kill_cnt": "11", "pick_heros": "149|134|189|163|190", "team_id": "30", "team_name": "EP" },
    { "ban_heros": "198|501|140", "camp": "2", "game_label": "118021", "game_time": "2018-01-03 15:18:16", "is_win": "1", "kill_cnt": "18", "pick_heros": "132|194|193|186|119", "team_id": "42", "team_name": "RSG" },
    { "ban_heros": "501|198|140", "camp": "2", "game_label": "118023", "game_time": "2018-01-03 15:52:51", "is_win": "0", "kill_cnt": "1", "pick_heros": "132|154|110|171|128", "team_id": "18", "team_name": "sViper" },
    { "ban_heros": "182|139|148", "camp": "1", "game_label": "118023", "game_time": "2018-01-03 15:52:51", "is_win": "1", "kill_cnt": "13", "pick_heros": "149|119|186|195|194", "team_id": "43", "team_name": "TG" },
    { "ban_heros": "198|189|195", "camp": "1", "game_label": "118023", "game_time": "2018-01-03 16:13:26", "is_win": "1", "kill_cnt": "17", "pick_heros": "139|186|182|173|194", "team_id": "18", "team_name": "sViper" },
    { "ban_heros": "501|140|148", "camp": "2", "game_label": "118023", "game_time": "2018-01-03 16:13:26", "is_win": "0", "kill_cnt": "7", "pick_heros": "132|149|110|154|187", "team_id": "43", "team_name": "TG" },
    { "ban_heros": "501|140|189", "camp": "2", "game_label": "118022", "game_time": "2018-01-03 16:15:03", "is_win": "0", "kill_cnt": "2", "pick_heros": "149|186|136|120|116", "team_id": "22", "team_name": "AS仙阁" },
    { "ban_heros": "198|119|132", "camp": "1", "game_label": "118022", "game_time": "2018-01-03 16:15:03", "is_win": "1", "kill_cnt": "11", "pick_heros": "139|154|110|113|146", "team_id": "37", "team_name": "SV" },
    { "ban_heros": "501|198|140", "camp": "2", "game_label": "118023", "game_time": "2018-01-03 16:35:31", "is_win": "1", "kill_cnt": "11", "pick_heros": "119|186|194|173|134", "team_id": "18", "team_name": "sViper" },
    { "ban_heros": "182|139|148", "camp": "1", "game_label": "118023", "game_time": "2018-01-03 16:35:31", "is_win": "0", "kill_cnt": "0", "pick_heros": "149|132|154|110|187", "team_id": "43", "team_name": "TG" },
    { "ban_heros": "189|148|139", "camp": "1", "game_label": "118022", "game_time": "2018-01-03 16:41:57", "is_win": "0", "kill_cnt": "5", "pick_heros": "198|186|119|193|163", "team_id": "22", "team_name": "AS仙阁" },
    { "ban_heros": "501|132|140", "camp": "2", "game_label": "118022", "game_time": "2018-01-03 16:41:57", "is_win": "1", "kill_cnt": "13", "pick_heros": "149|154|182|146|120", "team_id": "37", "team_name": "SV" },
    { "ban_heros": "182|501|140", "camp": "2", "game_label": "118025", "game_time": "2018-01-03 17:02:30", "is_win": "1", "kill_cnt": "13", "pick_heros": "198|110|187|154|132", "team_id": "31", "team_name": "YTG" },
    { "ban_heros": "148|119|139", "camp": "1", "game_label": "118025", "game_time": "2018-01-03 17:02:30", "is_win": "0", "kill_cnt": "11", "pick_heros": "149|186|173|120|136", "team_id": "32", "team_name": "BA黑凤梨" },
    { "ban_heros": "182|198|132", "camp": "1", "game_label": "118025", "game_time": "2018-01-03 17:31:57", "is_win": "1", "kill_cnt": "14", "pick_heros": "149|119|186|178|196", "team_id": "31", "team_name": "YTG" },
    { "ban_heros": "140|501|148", "camp": "2", "game_label": "118025", "game_time": "2018-01-03 17:31:57", "is_win": "0", "kill_cnt": "11", "pick_heros": "139|173|194|110|189", "team_id": "32", "team_name": "BA黑凤梨" },
    { "ban_heros": "146|139|149", "camp": "1", "game_label": "118024", "game_time": "2018-01-03 17:26:52", "is_win": "0", "kill_cnt": "6", "pick_heros": "198|110|154|196|118", "team_id": "39", "team_name": "Biu" },
    { "ban_heros": "501|140|119", "camp": "2", "game_label": "118024", "game_time": "2018-01-03 17:26:52", "is_win": "1", "kill_cnt": "7", "pick_heros": "186|132|134|180|136", "team_id": "44", "team_name": "Ts" },
    { "ban_heros": "501|140|146", "camp": "2", "game_label": "118024", "game_time": "2018-01-03 18:19:05", "is_win": "1", "kill_cnt": "16", "pick_heros": "132|139|186|134|190", "team_id": "39", "team_name": "Biu" },
    { "ban_heros": "110|119|173", "camp": "1", "game_label": "118024", "game_time": "2018-01-03 18:19:05", "is_win": "0", "kill_cnt": "18", "pick_heros": "149|154|189|196|136", "team_id": "44", "team_name": "Ts" },
    { "ban_heros": "146|149|189", "camp": "1", "game_label": "118024", "game_time": "2018-01-03 19:01:50", "is_win": "0", "kill_cnt": "4", "pick_heros": "119|118|198|196|134", "team_id": "39", "team_name": "Biu" },
    { "ban_heros": "501|140|139", "camp": "2", "game_label": "118024", "game_time": "2018-01-03 19:01:50", "is_win": "1", "kill_cnt": "12", "pick_heros": "186|132|154|194|110", "team_id": "44", "team_name": "Ts" },
    { "ban_heros": "501|140|198", "camp": "2", "game_label": "118026", "game_time": "2018-01-03 19:45:14", "is_win": "0", "kill_cnt": "9", "pick_heros": "186|182|120|173|134", "team_id": "18", "team_name": "sViper" },
    { "ban_heros": "148|194|139", "camp": "1", "game_label": "118026", "game_time": "2018-01-03 19:45:14", "is_win": "1", "kill_cnt": "11", "pick_heros": "149|132|154|110|187", "team_id": "45", "team_name": "Hero久竞" },
    { "ban_heros": "149|119|198", "camp": "1", "game_label": "118026", "game_time": "2018-01-03 20:17:35", "is_win": "0", "kill_cnt": "3", "pick_heros": "154|132|194|189|110", "team_id": "18", "team_name": "sViper" },
    { "ban_heros": "501|140|139", "camp": "2", "game_label": "118026", "game_time": "2018-01-03 20:17:35", "is_win": "1", "kill_cnt": "8", "pick_heros": "182|186|173|178|193", "team_id": "45", "team_name": "Hero久竞" },
    { "ban_heros": "198|195|189", "camp": "1", "game_label": "118027", "game_time": "2018-01-03 20:52:39", "is_win": "1", "kill_cnt": "11", "pick_heros": "149|139|132|182|171", "team_id": "32", "team_name": "BA黑凤梨" },
    { "ban_heros": "501|140|148", "camp": "2", "game_label": "118027", "game_time": "2018-01-03 20:52:39", "is_win": "0", "kill_cnt": "3", "pick_heros": "186|119|134|154|173", "team_id": "43", "team_name": "TG" },
    { "ban_heros": "195|140|501", "camp": "2", "game_label": "118027", "game_time": "2018-01-03 21:19:13", "is_win": "1", "kill_cnt": "14", "pick_heros": "132|189|120|134|136", "team_id": "32", "team_name": "BA黑凤梨" },
    { "ban_heros": "182|139|148", "camp": "1", "game_label": "118027", "game_time": "2018-01-03 21:19:13", "is_win": "0", "kill_cnt": "5", "pick_heros": "198|119|149|162|186", "team_id": "43", "team_name": "TG" },
    { "ban_heros": "198|182|139", "camp": "1", "game_label": "118028", "game_time": "2018-01-04 12:27:43", "is_win": "1", "kill_cnt": "13", "pick_heros": "149|173|178|119|171", "team_id": "32", "team_name": "BA黑凤梨" },
    { "ban_heros": "501|140|132", "camp": "2", "game_label": "118028", "game_time": "2018-01-04 12:27:43", "is_win": "0", "kill_cnt": "2", "pick_heros": "110|186|194|154|196", "team_id": "45", "team_name": "Hero久竞" },
    { "ban_heros": "198|501|148", "camp": "2", "game_label": "118028", "game_time": "2018-01-04 12:50:46", "is_win": "0", "kill_cnt": "12", "pick_heros": "149|173|171|178|110", "team_id": "32", "team_name": "BA黑凤梨" },
    { "ban_heros": "132|189|139", "camp": "1", "game_label": "118028", "game_time": "2018-01-04 12:50:46", "is_win": "1", "kill_cnt": "15", "pick_heros": "140|182|186|194|170", "team_id": "45", "team_name": "Hero久竞" },
    { "ban_heros": "198|186|187", "camp": "1", "game_label": "118028", "game_time": "2018-01-04 13:24:04", "is_win": "0", "kill_cnt": "11", "pick_heros": "149|182|171|120|107", "team_id": "32", "team_name": "BA黑凤梨" },
    { "ban_heros": "501|140|132", "camp": "2", "game_label": "118028", "game_time": "2018-01-04 13:24:04", "is_win": "1", "kill_cnt": "16", "pick_heros": "173|139|110|194|148", "team_id": "45", "team_name": "Hero久竞" },
    { "ban_heros": "186|198|150", "camp": "1", "game_label": "118029", "game_time": "2018-01-04 14:15:21", "is_win": "0", "kill_cnt": "7", "pick_heros": "139|132|134|148|157", "team_id": "30", "team_name": "EP" },
    { "ban_heros": "501|140|141", "camp": "2", "game_label": "118029", "game_time": "2018-01-04 14:15:21", "is_win": "1", "kill_cnt": "19", "pick_heros": "149|189|182|194|131", "team_id": "41", "team_name": "Qin" },
    { "ban_heros": "140|186|501", "camp": "2", "game_label": "118029", "game_time": "2018-01-04 14:52:40", "is_win": "0", "kill_cnt": "6", "pick_heros": "120|134|148|157|183", "team_id": "30", "team_name": "EP" },
    { "ban_heros": "189|198|149", "camp": "1", "game_label": "118029", "game_time": "2018-01-04 14:52:40", "is_win": "1", "kill_cnt": "6", "pick_heros": "139|171|110|144|162", "team_id": "41", "team_name": "Qin" },
    { "ban_heros": "189|132|186", "camp": "1", "game_label": "118030", "game_time": "2018-01-04 15:28:04", "is_win": "1", "kill_cnt": "17", "pick_heros": "139|187|119|120|162", "team_id": "40", "team_name": "CWG" },
    { "ban_heros": "501|140|173", "camp": "2", "game_label": "118030", "game_time": "2018-01-04 15:28:04", "is_win": "0", "kill_cnt": "12", "pick_heros": "149|198|195|194|190", "team_id": "43", "team_name": "TG" },
    { "ban_heros": "189|501|132", "camp": "2", "game_label": "118030", "game_time": "2018-01-04 15:54:00", "is_win": "0", "kill_cnt": "6", "pick_heros": "194|149|119|118|163", "team_id": "40", "team_name": "CWG" },
    { "ban_heros": "173|139|186", "camp": "1", "game_label": "118030", "game_time": "2018-01-04 15:54:00", "is_win": "1", "kill_cnt": "15", "pick_heros": "140|198|187|195|157", "team_id": "43", "team_name": "TG" },
    { "ban_heros": "189|186|132", "camp": "1", "game_label": "118030", "game_time": "2018-01-04 16:12:06", "is_win": "1", "kill_cnt": "17", "pick_heros": "198|149|119|148|162", "team_id": "40", "team_name": "CWG" },
    { "ban_heros": "501|140|173", "camp": "2", "game_label": "118030", "game_time": "2018-01-04 16:12:06", "is_win": "0", "kill_cnt": "6", "pick_heros": "139|187|195|154|157", "team_id": "43", "team_name": "TG" },
    { "ban_heros": "501|140|182", "camp": "2", "game_label": "118031", "game_time": "2018-01-04 16:13:57", "is_win": "0", "kill_cnt": "14", "pick_heros": "194|186|157|134|132", "team_id": "41", "team_name": "Qin" },
    { "ban_heros": "189|139|149", "camp": "1", "game_label": "118031", "game_time": "2018-01-04 16:13:57", "is_win": "1", "kill_cnt": "15", "pick_heros": "198|110|154|173|187", "team_id": "45", "team_name": "Hero久竞" },
    { "ban_heros": "198|194|182", "camp": "1", "game_label": "118031", "game_time": "2018-01-04 16:53:05", "is_win": "0", "kill_cnt": "7", "pick_heros": "149|171|154|173|141", "team_id": "41", "team_name": "Qin" },
    { "ban_heros": "501|140|139", "camp": "2", "game_label": "118031", "game_time": "2018-01-04 16:53:05", "is_win": "1", "kill_cnt": "9", "pick_heros": "186|110|178|132|134", "team_id": "45", "team_name": "Hero久竞" },
    { "ban_heros": "146|198|154", "camp": "1", "game_label": "118032", "game_time": "2018-01-04 16:50:08", "is_win": "1", "kill_cnt": "8", "pick_heros": "149|173|194|189|182", "team_id": "18", "team_name": "sViper" },
    { "ban_heros": "501|140|139", "camp": "2", "game_label": "118032", "game_time": "2018-01-04 16:50:08", "is_win": "0", "kill_cnt": "3", "pick_heros": "186|132|120|110|178", "team_id": "44", "team_name": "Ts" },
    { "ban_heros": "501|140|196", "camp": "2", "game_label": "118032", "game_time": "2018-01-04 17:21:02", "is_win": "1", "kill_cnt": "14", "pick_heros": "198|186|110|154|162", "team_id": "18", "team_name": "sViper" },
    { "ban_heros": "173|182|149", "camp": "1", "game_label": "118032", "game_time": "2018-01-04 17:21:02", "is_win": "0", "kill_cnt": "10", "pick_heros": "139|132|119|194|189", "team_id": "44", "team_name": "Ts" },
    { "ban_heros": "139|173|149", "camp": "2", "game_label": "118033", "game_time": "2018-01-04 17:29:43", "is_win": "0", "kill_cnt": "15", "pick_heros": "189|132|110|194|154", "team_id": "30", "team_name": "EP" },
    { "ban_heros": "148|198|501", "camp": "1", "game_label": "118033", "game_time": "2018-01-04 17:29:43", "is_win": "1", "kill_cnt": "17", "pick_heros": "140|186|120|182|196", "team_id": "32", "team_name": "BA黑凤梨" },
    { "ban_heros": "189|148|139", "camp": "1", "game_label": "118034", "game_time": "2018-01-04 18:05:04", "is_win": "1", "kill_cnt": "10", "pick_heros": "140|198|132|171|182", "team_id": "22", "team_name": "AS仙阁" },
    { "ban_heros": "501|149|194", "camp": "2", "game_label": "118034", "game_time": "2018-01-04 18:05:04", "is_win": "0", "kill_cnt": "6", "pick_heros": "119|186|173|154|134", "team_id": "39", "team_name": "Biu" },
    { "ban_heros": "182|149|132", "camp": "1", "game_label": "118033", "game_time": "2018-01-04 18:11:36", "is_win": "0", "kill_cnt": "2", "pick_heros": "198|189|134|136|195", "team_id": "30", "team_name": "EP" },
    { "ban_heros": "140|501|148", "camp": "2", "game_label": "118033", "game_time": "2018-01-04 18:11:36", "is_win": "1", "kill_cnt": "9", "pick_heros": "139|173|163|186|121", "team_id": "32", "team_name": "BA黑凤梨" },
    { "ban_heros": "501|140|139", "camp": "2", "game_label": "118034", "game_time": "2018-01-04 18:33:58", "is_win": "1", "kill_cnt": "9", "pick_heros": "154|132|182|194|113", "team_id": "22", "team_name": "AS仙阁" },
    { "ban_heros": "186|149|198", "camp": "1", "game_label": "118034", "game_time": "2018-01-04 18:33:58", "is_win": "0", "kill_cnt": "11", "pick_heros": "119|171|120|196|134", "team_id": "39", "team_name": "Biu" },
    { "ban_heros": "146|182|154", "camp": "1", "game_label": "118035", "game_time": "2018-01-04 18:50:07", "is_win": "1", "kill_cnt": "19", "pick_heros": "149|132|119|171|134", "team_id": "31", "team_name": "YTG" },
    { "ban_heros": "501|140|186", "camp": "2", "game_label": "118035", "game_time": "2018-01-04 18:50:07", "is_win": "0", "kill_cnt": "18", "pick_heros": "198|139|110|107|148", "team_id": "37", "team_name": "SV" },
    { "ban_heros": "501|140|146", "camp": "2", "game_label": "118035", "game_time": "2018-01-04 19:35:16", "is_win": "1", "kill_cnt": "13", "pick_heros": "154|173|186|194|190", "team_id": "31", "team_name": "YTG" },
    { "ban_heros": "119|132|198", "camp": "1", "game_label": "118035", "game_time": "2018-01-04 19:35:16", "is_win": "0", "kill_cnt": "3", "pick_heros": "149|189|139|107|182", "team_id": "37", "team_name": "SV" },
    { "ban_heros": "501|140|196", "camp": "2", "game_label": "118036", "game_time": "2018-01-04 20:13:41", "is_win": "1", "kill_cnt": "10", "pick_heros": "194|139|110|154|173", "team_id": "22", "team_name": "AS仙阁" },
    { "ban_heros": "119|182|198", "camp": "1", "game_label": "118036", "game_time": "2018-01-04 20:13:41", "is_win": "0", "kill_cnt": "3", "pick_heros": "149|132|186|134|190", "team_id": "42", "team_name": "RSG" },
    { "ban_heros": "148|196|139", "camp": "1", "game_label": "118036", "game_time": "2018-01-04 20:46:40", "is_win": "0", "kill_cnt": "1", "pick_heros": "149|132|186|128|110", "team_id": "22", "team_name": "AS仙阁" },
    { "ban_heros": "140|501|198", "camp": "2", "game_label": "118036", "game_time": "2018-01-04 20:46:40", "is_win": "1", "kill_cnt": "17", "pick_heros": "194|154|182|171|162", "team_id": "42", "team_name": "RSG" },
    { "ban_heros": "501|140|198", "camp": "2", "game_label": "118036", "game_time": "2018-01-04 21:11:14", "is_win": "0", "kill_cnt": "5", "pick_heros": "154|186|110|120|173", "team_id": "22", "team_name": "AS仙阁" },
    { "ban_heros": "149|194|139", "camp": "1", "game_label": "118036", "game_time": "2018-01-04 21:11:15", "is_win": "1", "kill_cnt": "10", "pick_heros": "182|134|132|113|189", "team_id": "42", "team_name": "RSG" },
    { "ban_heros": "195|189|139", "camp": "1", "game_label": "118037", "game_time": "2018-01-05 12:31:22", "is_win": "1", "kill_cnt": "9", "pick_heros": "149|182|132|128|171", "team_id": "37", "team_name": "SV" },
    { "ban_heros": "501|140|148", "camp": "2", "game_label": "118037", "game_time": "2018-01-05 12:31:22", "is_win": "0", "kill_cnt": "4", "pick_heros": "198|186|119|194|162", "team_id": "43", "team_name": "TG" },
    { "ban_heros": "501|140|195", "camp": "2", "game_label": "118037", "game_time": "2018-01-05 12:56:12", "is_win": "1", "kill_cnt": "14", "pick_heros": "132|149|182|128|171", "team_id": "37", "team_name": "SV" },
    { "ban_heros": "139|146|148", "camp": "1", "game_label": "118037", "game_time": "2018-01-05 12:56:12", "is_win": "0", "kill_cnt": "5", "pick_heros": "198|119|186|173|154", "team_id": "43", "team_name": "TG" },
    { "ban_heros": "149|110|154", "camp": "1", "game_label": "118038", "game_time": "2018-01-05 13:29:53", "is_win": "1", "kill_cnt": "13", "pick_heros": "198|132|186|190|120", "team_id": "18", "team_name": "sViper" },
    { "ban_heros": "140|501|148", "camp": "2", "game_label": "118038", "game_time": "2018-01-05 13:29:53", "is_win": "0", "kill_cnt": "10", "pick_heros": "182|139|194|189|162", "team_id": "41", "team_name": "Qin" },
    { "ban_heros": "501|140|148", "camp": "2", "game_label": "118038", "game_time": "2018-01-05 13:54:36", "is_win": "1", "kill_cnt": "10", "pick_heros": "189|198|194|182|173", "team_id": "18", "team_name": "sViper" },
    { "ban_heros": "149|154|186", "camp": "1", "game_label": "118038", "game_time": "2018-01-05 13:54:36", "is_win": "0", "kill_cnt": "9", "pick_heros": "139|132|171|120|110", "team_id": "41", "team_name": "Qin" },
    { "ban_heros": "501|140|148", "camp": "2", "game_label": "118039", "game_time": "2018-01-05 14:26:50", "is_win": "1", "kill_cnt": "18", "pick_heros": "139|189|173|154|182", "team_id": "30", "team_name": "EP" },
    { "ban_heros": "198|141|132", "camp": "1", "game_label": "118037", "game_time": "2018-01-05 14:26:50", "is_win": "0", "kill_cnt": "15", "pick_heros": "149|146|196|187|128", "team_id": "37", "team_name": "SV" },
    { "ban_heros": "198|141|132", "camp": "1", "game_label": "118039", "game_time": "2018-01-05 14:26:50", "is_win": "0", "kill_cnt": "15", "pick_heros": "149|146|196|187|128", "team_id": "37", "team_name": "SV" },
    { "ban_heros": "139|148|146", "camp": "1", "game_label": "118039", "game_time": "2018-01-05 15:04:29", "is_win": "1", "kill_cnt": "19", "pick_heros": "198|134|189|196|110", "team_id": "30", "team_name": "EP" },
    { "ban_heros": "501|149|140", "camp": "2", "game_label": "118039", "game_time": "2018-01-05 15:04:29", "is_win": "0", "kill_cnt": "12", "pick_heros": "132|128|178|182|171", "team_id": "37", "team_name": "SV" },
    { "ban_heros": "198|194|149", "camp": "1", "game_label": "118041", "game_time": "2018-01-05 15:54:47", "is_win": "0", "kill_cnt": "8", "pick_heros": "140|119|132|178|186", "team_id": "32", "team_name": "BA黑凤梨" },
    { "ban_heros": "182|501|189", "camp": "2", "game_label": "118041", "game_time": "2018-01-05 15:54:47", "is_win": "1", "kill_cnt": "17", "pick_heros": "139|154|173|141|148", "team_id": "42", "team_name": "RSG" },
    { "ban_heros": "140|198|141", "camp": "2", "game_label": "118041", "game_time": "2018-01-05 16:15:01", "is_win": "1", "kill_cnt": "21", "pick_heros": "149|173|136|189|120", "team_id": "32", "team_name": "BA黑凤梨" },
    { "ban_heros": "139|154|134", "camp": "1", "game_label": "118041", "game_time": "2018-01-05 16:15:01", "is_win": "0", "kill_cnt": "9", "pick_heros": "501|182|194|121|162", "team_id": "42", "team_name": "RSG" },
    { "ban_heros": "198|140|194", "camp": "1", "game_label": "118041", "game_time": "2018-01-05 16:46:55", "is_win": "1", "kill_cnt": "12", "pick_heros": "139|189|132|134|119", "team_id": "32", "team_name": "BA黑凤梨" },
    { "ban_heros": "501|148|196", "camp": "2", "game_label": "118041", "game_time": "2018-01-05 16:46:55", "is_win": "0", "kill_cnt": "0", "pick_heros": "149|154|182|171|173", "team_id": "42", "team_name": "RSG" },
    { "ban_heros": "148|139|173", "camp": "1", "game_label": "118040", "game_time": "2018-01-05 16:16:03", "is_win": "0", "kill_cnt": "19", "pick_heros": "198|132|154|190|118", "team_id": "41", "team_name": "Qin" },
    { "ban_heros": "501|140|189", "camp": "2", "game_label": "118040", "game_time": "2018-01-05 16:16:03", "is_win": "1", "kill_cnt": "24", "pick_heros": "149|186|146|163|162", "team_id": "44", "team_name": "Ts" },
    { "ban_heros": "148|139|140", "camp": "2", "game_label": "118040", "game_time": "2018-01-05 17:19:12", "is_win": "0", "kill_cnt": "5", "pick_heros": "154|186|146|196|130", "team_id": "41", "team_name": "Qin" },
    { "ban_heros": "173|198|501", "camp": "1", "game_label": "118040", "game_time": "2018-01-05 17:19:12", "is_win": "1", "kill_cnt": "12", "pick_heros": "149|132|110|134|189", "team_id": "44", "team_name": "Ts" },
    { "ban_heros": "501|140|162", "camp": "2", "game_label": "118042", "game_time": "2018-01-05 18:00:43", "is_win": "1", "kill_cnt": "21", "pick_heros": "139|189|132|194|136", "team_id": "18", "team_name": "sViper" },
    { "ban_heros": "182|149|186", "camp": "1", "game_label": "118042", "game_time": "2018-01-05 18:00:43", "is_win": "0", "kill_cnt": "16", "pick_heros": "198|173|154|187|119", "team_id": "40", "team_name": "CWG" },
    { "ban_heros": "198|162|501", "camp": "1", "game_label": "118042", "game_time": "2018-01-05 18:37:58", "is_win": "1", "kill_cnt": "13", "pick_heros": "149|186|119|194|132", "team_id": "18", "team_name": "sViper" },
    { "ban_heros": "182|139|140", "camp": "2", "game_label": "118042", "game_time": "2018-01-05 18:37:58", "is_win": "0", "kill_cnt": "2", "pick_heros": "173|120|163|189|121", "team_id": "40", "team_name": "CWG" },
    { "ban_heros": "501|140|182", "camp": "2", "game_label": "118043", "game_time": "2018-01-05 19:15:57", "is_win": "1", "kill_cnt": "17", "pick_heros": "198|132|154|157|171", "team_id": "22", "team_name": "AS仙阁" },
    { "ban_heros": "139|194|119", "camp": "1", "game_label": "118043", "game_time": "2018-01-05 19:15:57", "is_win": "0", "kill_cnt": "9", "pick_heros": "149|186|110|178|173", "team_id": "45", "team_name": "Hero久竞" },
    { "ban_heros": "182|189|139", "camp": "1", "game_label": "118043", "game_time": "2018-01-05 19:48:56", "is_win": "0", "kill_cnt": "7", "pick_heros": "198|154|110|150|171", "team_id": "22", "team_name": "AS仙阁" },
    { "ban_heros": "501|140|119", "camp": "2", "game_label": "118043", "game_time": "2018-01-05 19:48:56", "is_win": "1", "kill_cnt": "17", "pick_heros": "132|149|186|194|157", "team_id": "45", "team_name": "Hero久竞" },
    { "ban_heros": "501|140|182", "camp": "2", "game_label": "118043", "game_time": "2018-01-05 20:21:06", "is_win": "0", "kill_cnt": "8", "pick_heros": "149|194|157|154|146", "team_id": "22", "team_name": "AS仙阁" },
    { "ban_heros": "119|139|132", "camp": "1", "game_label": "118043", "game_time": "2018-01-05 20:21:07", "is_win": "1", "kill_cnt": "13", "pick_heros": "198|110|173|187|178", "team_id": "45", "team_name": "Hero久竞" },
    { "ban_heros": "501|196|140", "camp": "2", "game_label": "118044", "game_time": "2018-01-05 20:56:34", "is_win": "1", "kill_cnt": "18", "pick_heros": "186|119|194|178|162", "team_id": "31", "team_name": "YTG" },
    { "ban_heros": "148|149|139", "camp": "1", "game_label": "118044", "game_time": "2018-01-05 20:56:34", "is_win": "0", "kill_cnt": "6", "pick_heros": "198|132|154|136|171", "team_id": "39", "team_name": "Biu" },
    { "ban_heros": "196|198|149", "camp": "1", "game_label": "118044", "game_time": "2018-01-05 21:26:02", "is_win": "1", "kill_cnt": "15", "pick_heros": "119|132|154|187|194", "team_id": "31", "team_name": "YTG" },
    { "ban_heros": "501|140|148", "camp": "2", "game_label": "118044", "game_time": "2018-01-05 21:26:02", "is_win": "0", "kill_cnt": "4", "pick_heros": "186|139|120|173|182", "team_id": "39", "team_name": "Biu" },
    { "ban_heros": "162|198|148", "camp": "1", "game_label": "118045", "game_time": "2018-01-06 12:37:55", "is_win": "1", "kill_cnt": "14", "pick_heros": "501|139|173|178|110", "team_id": "31", "team_name": "YTG" },
    { "ban_heros": "119|194|196", "camp": "2", "game_label": "118045", "game_time": "2018-01-06 12:37:55", "is_win": "0", "kill_cnt": "15", "pick_heros": "140|149|136|189|107", "team_id": "40", "team_name": "CWG" },
    { "ban_heros": "501|140|139", "camp": "2", "game_label": "118045", "game_time": "2018-01-06 13:03:06", "is_win": "0", "kill_cnt": "8", "pick_heros": "110|154|186|178|132", "team_id": "31", "team_name": "YTG" },
    { "ban_heros": "119|149|198", "camp": "1", "game_label": "118045", "game_time": "2018-01-06 13:03:06", "is_win": "1", "kill_cnt": "13", "pick_heros": "194|189|162|182|128", "team_id": "40", "team_name": "CWG" },
    { "ban_heros": "162|198|501", "camp": "1", "game_label": "118045", "game_time": "2018-01-06 13:28:34", "is_win": "1", "kill_cnt": "20", "pick_heros": "149|110|178|187|132", "team_id": "31", "team_name": "YTG" },
    { "ban_heros": "119|194|140", "camp": "2", "game_label": "118045", "game_time": "2018-01-06 13:28:34", "is_win": "0", "kill_cnt": "16", "pick_heros": "139|186|154|173|141", "team_id": "40", "team_name": "CWG" },
    { "ban_heros": "501|140|148", "camp": "2", "game_label": "118046", "game_time": "2018-01-06 14:07:39", "is_win": "0", "kill_cnt": "2", "pick_heros": "149|119|132|154|118", "team_id": "39", "team_name": "Biu" },
    { "ban_heros": "196|134|198", "camp": "1", "game_label": "118046", "game_time": "2018-01-06 14:07:39", "is_win": "1", "kill_cnt": "11", "pick_heros": "139|194|186|136|173", "team_id": "42", "team_name": "RSG" },
    { "ban_heros": "119|149|186", "camp": "1", "game_label": "118046", "game_time": "2018-01-06 14:33:23", "is_win": "0", "kill_cnt": "10", "pick_heros": "140|141|144|157|187", "team_id": "39", "team_name": "Biu" },
    { "ban_heros": "501|139|148", "camp": "2", "game_label": "118046", "game_time": "2018-01-06 14:33:23", "is_win": "1", "kill_cnt": "28", "pick_heros": "198|194|154|162|190", "team_id": "42", "team_name": "RSG" },
    { "ban_heros": "186|182|501", "camp": "2", "game_label": "118047", "game_time": "2018-01-06 15:11:13", "is_win": "0", "kill_cnt": "10", "pick_heros": "154|189|136|173|123", "team_id": "30", "team_name": "EP" },
    { "ban_heros": "149|132|140", "camp": "1", "game_label": "118047", "game_time": "2018-01-06 15:11:13", "is_win": "1", "kill_cnt": "11", "pick_heros": "198|110|139|170|187", "team_id": "45", "team_name": "Hero久竞" },
    { "ban_heros": "186|182|139", "camp": "1", "game_label": "118047", "game_time": "2018-01-06 15:36:38", "is_win": "0", "kill_cnt": "5", "pick_heros": "149|110|187|154|173", "team_id": "30", "team_name": "EP" },
    { "ban_heros": "501|140|189", "camp": "2", "game_label": "118047", "game_time": "2018-01-06 15:36:38", "is_win": "1", "kill_cnt": "7", "pick_heros": "132|198|157|194|171", "team_id": "45", "team_name": "Hero久竞" },
    { "ban_heros": "146|149|198", "camp": "1", "game_label": "118048", "game_time": "2018-01-06 16:13:59", "is_win": "0", "kill_cnt": "8", "pick_heros": "154|194|182|189|116", "team_id": "18", "team_name": "sViper" },
    { "ban_heros": "501|140|139", "camp": "2", "game_label": "118048", "game_time": "2018-01-06 16:13:59", "is_win": "1", "kill_cnt": "13", "pick_heros": "132|186|110|134|180", "team_id": "37", "team_name": "SV" },
    { "ban_heros": "189|148|139", "camp": "1", "game_label": "118049", "game_time": "2018-01-06 16:29:19", "is_win": "1", "kill_cnt": "10", "pick_heros": "198|119|194|120|173", "team_id": "22", "team_name": "AS仙阁" },
    { "ban_heros": "501|140|154", "camp": "2", "game_label": "118049", "game_time": "2018-01-06 16:29:19", "is_win": "0", "kill_cnt": "1", "pick_heros": "186|149|132|182|178", "team_id": "41", "team_name": "Qin" },
    { "ban_heros": "501|140|146", "camp": "2", "game_label": "118048", "game_time": "2018-01-06 16:46:02", "is_win": "1", "kill_cnt": "26", "pick_heros": "182|139|189|194|162", "team_id": "18", "team_name": "sViper" },
    { "ban_heros": "198|149|132", "camp": "1", "game_label": "118048", "game_time": "2018-01-06 16:46:02", "is_win": "0", "kill_cnt": "7", "pick_heros": "186|173|134|110|180", "team_id": "37", "team_name": "SV" },
    { "ban_heros": "501|140|189", "camp": "2", "game_label": "118049", "game_time": "2018-01-06 16:48:46", "is_win": "1", "kill_cnt": "12", "pick_heros": "149|132|110|194|120", "team_id": "22", "team_name": "AS仙阁" },
    { "ban_heros": "119|198|154", "camp": "1", "game_label": "118049", "game_time": "2018-01-06 16:48:46", "is_win": "0", "kill_cnt": "8", "pick_heros": "139|134|186|173|190", "team_id": "41", "team_name": "Qin" },
    { "ban_heros": "146|149|198", "camp": "1", "game_label": "118048", "game_time": "2018-01-06 17:16:15", "is_win": "1", "kill_cnt": "12", "pick_heros": "186|154|173|110|134", "team_id": "18", "team_name": "sViper" },
    { "ban_heros": "501|140|139", "camp": "2", "game_label": "118048", "game_time": "2018-01-06 17:16:15", "is_win": "0", "kill_cnt": "5", "pick_heros": "194|182|132|180|171", "team_id": "37", "team_name": "SV" },
    { "ban_heros": "198|196|194", "camp": "1", "game_label": "118051", "game_time": "2018-01-06 17:22:50", "is_win": "1", "kill_cnt": "15", "pick_heros": "149|173|134|182|189", "team_id": "32", "team_name": "BA黑凤梨" },
    { "ban_heros": "501|140|139", "camp": "2", "game_label": "118051", "game_time": "2018-01-06 17:22:50", "is_win": "0", "kill_cnt": "2", "pick_heros": "186|132|154|193|110", "team_id": "39", "team_name": "Biu" },
    { "ban_heros": "140|501|198", "camp": "2", "game_label": "118051", "game_time": "2018-01-06 17:53:22", "is_win": "1", "kill_cnt": "18", "pick_heros": "132|134|178|182|168", "team_id": "32", "team_name": "BA黑凤梨" },
    { "ban_heros": "149|189|139", "camp": "1", "game_label": "118051", "game_time": "2018-01-06 17:53:22", "is_win": "0", "kill_cnt": "2", "pick_heros": "186|119|194|195|154", "team_id": "39", "team_name": "Biu" },
    { "ban_heros": "139|186|141", "camp": "1", "game_label": "118050", "game_time": "2018-01-06 17:56:12", "is_win": "0", "kill_cnt": "17", "pick_heros": "140|189|149|110|173", "team_id": "40", "team_name": "CWG" },
    { "ban_heros": "501|148|182", "camp": "2", "game_label": "118050", "game_time": "2018-01-06 17:56:12", "is_win": "1", "kill_cnt": "19", "pick_heros": "198|119|194|132|120", "team_id": "42", "team_name": "RSG" },
    { "ban_heros": "140|119|189", "camp": "2", "game_label": "118050", "game_time": "2018-01-06 18:41:11", "is_win": "0", "kill_cnt": "2", "pick_heros": "139|149|182|173|113", "team_id": "40", "team_name": "CWG" },
    { "ban_heros": "501|148|198", "camp": "1", "game_label": "118050", "game_time": "2018-01-06 18:41:11", "is_win": "1", "kill_cnt": "12", "pick_heros": "186|110|194|132|120", "team_id": "42", "team_name": "RSG" },
    { "ban_heros": "194|119|149", "camp": "1", "game_label": "118052", "game_time": "2018-01-06 19:18:40", "is_win": "0", "kill_cnt": "17", "pick_heros": "139|110|132|171|120", "team_id": "22", "team_name": "AS仙阁" },
    { "ban_heros": "501|140|198", "camp": "2", "game_label": "118052", "game_time": "2018-01-06 19:18:40", "is_win": "1", "kill_cnt": "17", "pick_heros": "186|154|178|173|190", "team_id": "31", "team_name": "YTG" },
    { "ban_heros": "501|140|186", "camp": "2", "game_label": "118052", "game_time": "2018-01-06 19:53:28", "is_win": "1", "kill_cnt": "12", "pick_heros": "139|194|154|182|173", "team_id": "22", "team_name": "AS仙阁" },
    { "ban_heros": "198|120|149", "camp": "1", "game_label": "118052", "game_time": "2018-01-06 19:53:28", "is_win": "0", "kill_cnt": "7", "pick_heros": "119|189|132|178|180", "team_id": "31", "team_name": "YTG" },
    { "ban_heros": "194|119|149", "camp": "1", "game_label": "118052", "game_time": "2018-01-06 20:19:58", "is_win": "0", "kill_cnt": "11", "pick_heros": "198|154|186|173|157", "team_id": "22", "team_name": "AS仙阁" },
    { "ban_heros": "501|140|182", "camp": "2", "game_label": "118052", "game_time": "2018-01-06 20:19:58", "is_win": "1", "kill_cnt": "17", "pick_heros": "110|139|187|178|162", "team_id": "31", "team_name": "YTG" },
    { "ban_heros": "501|140|146", "camp": "2", "game_label": "118053", "game_time": "2018-01-06 20:59:31", "is_win": "1", "kill_cnt": "21", "pick_heros": "132|186|120|154|190", "team_id": "43", "team_name": "TG" },
    { "ban_heros": "198|195|119", "camp": "1", "game_label": "118053", "game_time": "2018-01-06 20:59:31", "is_win": "0", "kill_cnt": "12", "pick_heros": "139|110|149|162|189", "team_id": "44", "team_name": "Ts" },
    { "ban_heros": "146|148|149", "camp": "1", "game_label": "118053", "game_time": "2018-01-06 21:29:51", "is_win": "1", "kill_cnt": "11", "pick_heros": "132|154|119|120|171", "team_id": "43", "team_name": "TG" },
    { "ban_heros": "501|140|139", "camp": "2", "game_label": "118053", "game_time": "2018-01-06 21:29:51", "is_win": "0", "kill_cnt": "13", "pick_heros": "186|198|134|173|182", "team_id": "44", "team_name": "Ts" },
    { "ban_heros": "186|501|140", "camp": "2", "game_label": "118054", "game_time": "2018-01-07 12:42:20", "is_win": "0", "kill_cnt": "11", "pick_heros": "139|132|134|171|110", "team_id": "30", "team_name": "EP" },
    { "ban_heros": "182|189|198", "camp": "1", "game_label": "118054", "game_time": "2018-01-07 12:42:20", "is_win": "1", "kill_cnt": "12", "pick_heros": "149|194|119|187|173", "team_id": "31", "team_name": "YTG" },
    { "ban_heros": "149|194|186", "camp": "1", "game_label": "118054", "game_time": "2018-01-07 13:10:31", "is_win": "0", "kill_cnt": "16", "pick_heros": "198|163|110|118|134", "team_id": "30", "team_name": "EP" },
    { "ban_heros": "501|140|182", "camp": "2", "game_label": "118054", "game_time": "2018-01-07 13:10:31", "is_win": "1", "kill_cnt": "24", "pick_heros": "154|139|136|189|116", "team_id": "31", "team_name": "YTG" },
    { "ban_heros": "120|173|140", "camp": "2", "game_label": "118055", "game_time": "2018-01-07 14:02:06", "is_win": "1", "kill_cnt": "18", "pick_heros": "132|186|154|134|182", "team_id": "41", "team_name": "Qin" },
    { "ban_heros": "139|198|501", "camp": "1", "game_label": "118055", "game_time": "2018-01-07 14:02:06", "is_win": "0", "kill_cnt": "9", "pick_heros": "149|110|194|189|196", "team_id": "42", "team_name": "RSG" },
    { "ban_heros": "120|173|132", "camp": "1", "game_label": "118055", "game_time": "2018-01-07 14:29:20", "is_win": "0", "kill_cnt": "5", "pick_heros": "149|196|194|146|148", "team_id": "41", "team_name": "Qin" },
    { "ban_heros": "501|140|139", "camp": "2", "game_label": "118055", "game_time": "2018-01-07 14:29:20", "is_win": "1", "kill_cnt": "16", "pick_heros": "198|186|154|110|162", "team_id": "42", "team_name": "RSG" },
    { "ban_heros": "173|198|140", "camp": "2", "game_label": "118055", "game_time": "2018-01-07 14:52:44", "is_win": "1", "kill_cnt": "26", "pick_heros": "132|149|134|190|175", "team_id": "41", "team_name": "Qin" },
    { "ban_heros": "186|182|501", "camp": "1", "game_label": "118055", "game_time": "2018-01-07 14:52:44", "is_win": "0", "kill_cnt": "16", "pick_heros": "139|154|148|141|196", "team_id": "42", "team_name": "RSG" },
    { "ban_heros": "148|139|198", "camp": "1", "game_label": "118056", "game_time": "2018-01-07 15:38:05", "is_win": "1", "kill_cnt": "23", "pick_heros": "149|134|173|141|187", "team_id": "39", "team_name": "Biu" },
    { "ban_heros": "501|140|189", "camp": "2", "game_label": "118056", "game_time": "2018-01-07 15:38:05", "is_win": "0", "kill_cnt": "23", "pick_heros": "119|186|194|178|162", "team_id": "40", "team_name": "CWG" },
    { "ban_heros": "501|140|139", "camp": "2", "game_label": "118057", "game_time": "2018-01-07 16:13:09", "is_win": "1", "kill_cnt": "17", "pick_heros": "120|182|173|186|154", "team_id": "18", "team_name": "sViper" },
    { "ban_heros": "198|194|149", "camp": "1", "game_label": "118057", "game_time": "2018-01-07 16:13:09", "is_win": "0", "kill_cnt": "12", "pick_heros": "189|134|132|119|178", "team_id": "32", "team_name": "BA黑凤梨" },
    { "ban_heros": "501|140|148", "camp": "2", "game_label": "118056", "game_time": "2018-01-07 16:17:29", "is_win": "1", "kill_cnt": "19", "pick_heros": "149|189|196|190|194", "team_id": "39", "team_name": "Biu" },
    { "ban_heros": "139|186|119", "camp": "1", "game_label": "118056", "game_time": "2018-01-07 16:17:29", "is_win": "0", "kill_cnt": "15", "pick_heros": "198|110|173|187|120", "team_id": "40", "team_name": "CWG" },
    { "ban_heros": "198|149|501", "camp": "1", "game_label": "118057", "game_time": "2018-01-07 16:42:30", "is_win": "0", "kill_cnt": "3", "pick_heros": "186|120|182|173|154", "team_id": "18", "team_name": "sViper" },
    { "ban_heros": "140|194|139", "camp": "2", "game_label": "118057", "game_time": "2018-01-07 16:42:30", "is_win": "1", "kill_cnt": "12", "pick_heros": "132|134|189|110|113", "team_id": "32", "team_name": "BA黑凤梨" },
    { "ban_heros": "501|140|186", "camp": "2", "game_label": "118058", "game_time": "2018-01-07 17:11:59", "is_win": "0", "kill_cnt": "5", "pick_heros": "194|110|107|171|180", "team_id": "37", "team_name": "SV" },
    { "ban_heros": "146|139|149", "camp": "1", "game_label": "118058", "game_time": "2018-01-07 17:11:59", "is_win": "1", "kill_cnt": "18", "pick_heros": "198|132|154|182|187", "team_id": "45", "team_name": "Hero久竞" },
    { "ban_heros": "501|140|139", "camp": "2", "game_label": "118057", "game_time": "2018-01-07 17:14:34", "is_win": "1", "kill_cnt": "23", "pick_heros": "132|134|186|182|128", "team_id": "18", "team_name": "sViper" },
    { "ban_heros": "194|198|149", "camp": "1", "game_label": "118057", "game_time": "2018-01-07 17:14:34", "is_win": "0", "kill_cnt": "13", "pick_heros": "189|120|173|163|121", "team_id": "32", "team_name": "BA黑凤梨" },
    { "ban_heros": "186|139|198", "camp": "1", "game_label": "118058", "game_time": "2018-01-07 17:38:30", "is_win": "0", "kill_cnt": "6", "pick_heros": "149|154|189|110|162", "team_id": "37", "team_name": "SV" },
    { "ban_heros": "501|146|140", "camp": "2", "game_label": "118058", "game_time": "2018-01-07 17:38:30", "is_win": "1", "kill_cnt": "11", "pick_heros": "132|194|182|187|134", "team_id": "45", "team_name": "Hero久竞" },
    { "ban_heros": "148|139|198", "camp": "1", "game_label": "118059", "game_time": "2018-01-07 17:54:11", "is_win": "1", "kill_cnt": "14", "pick_heros": "149|119|173|128|189", "team_id": "39", "team_name": "Biu" },
    { "ban_heros": "501|140|196", "camp": "2", "game_label": "118059", "game_time": "2018-01-07 17:54:11", "is_win": "0", "kill_cnt": "5", "pick_heros": "132|186|120|154|190", "team_id": "43", "team_name": "TG" },
    { "ban_heros": "501|140|148", "camp": "2", "game_label": "118059", "game_time": "2018-01-07 18:20:33", "is_win": "1", "kill_cnt": "20", "pick_heros": "139|189|141|132|178", "team_id": "39", "team_name": "Biu" },
    { "ban_heros": "196|149|186", "camp": "1", "game_label": "118059", "game_time": "2018-01-07 18:20:33", "is_win": "0", "kill_cnt": "19", "pick_heros": "198|154|119|171|195", "team_id": "43", "team_name": "TG" },
    { "ban_heros": "501|140|146", "camp": "2", "game_label": "118060", "game_time": "2018-01-07 19:03:54", "is_win": "0", "kill_cnt": "12", "pick_heros": "149|194|110|173|120", "team_id": "22", "team_name": "AS仙阁" },
    { "ban_heros": "119|198|186", "camp": "1", "game_label": "118060", "game_time": "2018-01-07 19:03:54", "is_win": "1", "kill_cnt": "12", "pick_heros": "139|154|132|136|189", "team_id": "44", "team_name": "Ts" },
    { "ban_heros": "148|146|149", "camp": "1", "game_label": "118060", "game_time": "2018-01-07 19:46:34", "is_win": "0", "kill_cnt": "4", "pick_heros": "198|154|194|182|195", "team_id": "22", "team_name": "AS仙阁" },
    { "ban_heros": "501|140|139", "camp": "2", "game_label": "118060", "game_time": "2018-01-07 19:46:34", "is_win": "1", "kill_cnt": "10", "pick_heros": "119|186|132|178|180", "team_id": "44", "team_name": "Ts" },
    { "ban_heros": "198|139|186", "camp": "1", "game_label": "118061", "game_time": "2018-01-07 20:20:28", "is_win": "0", "kill_cnt": "12", "pick_heros": "149|154|110|113|132", "team_id": "37", "team_name": "SV" },
    { "ban_heros": "501|146|140", "camp": "2", "game_label": "118061", "game_time": "2018-01-07 20:20:28", "is_win": "1", "kill_cnt": "17", "pick_heros": "189|194|136|162|128", "team_id": "40", "team_name": "CWG" },
    { "ban_heros": "501|140|149", "camp": "2", "game_label": "118061", "game_time": "2018-01-07 20:49:14", "is_win": "0", "kill_cnt": "7", "pick_heros": "162|154|148|178|182", "team_id": "37", "team_name": "SV" },
    { "ban_heros": "146|139|198", "camp": "1", "game_label": "118061", "game_time": "2018-01-07 20:49:14", "is_win": "1", "kill_cnt": "12", "pick_heros": "194|189|119|116|128", "team_id": "40", "team_name": "CWG" },
    { "ban_heros": "148|139|198", "camp": "1", "game_label": "118062", "game_time": "2018-01-08 12:42:17", "is_win": "0", "kill_cnt": "6", "pick_heros": "134|119|173|128|189", "team_id": "39", "team_name": "Biu" },
    { "ban_heros": "501|140|149", "camp": "2", "game_label": "118062", "game_time": "2018-01-08 12:42:17", "is_win": "1", "kill_cnt": "11", "pick_heros": "186|194|132|154|182", "team_id": "41", "team_name": "Qin" },
    { "ban_heros": "501|140|148", "camp": "2", "game_label": "118062", "game_time": "2018-01-08 13:07:29", "is_win": "1", "kill_cnt": "12", "pick_heros": "149|186|190|132|134", "team_id": "39", "team_name": "Biu" },
    { "ban_heros": "196|198|119", "camp": "1", "game_label": "118062", "game_time": "2018-01-08 13:07:29", "is_win": "0", "kill_cnt": "1", "pick_heros": "139|154|110|168|162", "team_id": "41", "team_name": "Qin" },
    { "ban_heros": "148|186|198", "camp": "1", "game_label": "118062", "game_time": "2018-01-08 13:30:09", "is_win": "0", "kill_cnt": "6", "pick_heros": "139|189|194|173|190", "team_id": "39", "team_name": "Biu" },
    { "ban_heros": "501|140|119", "camp": "2", "game_label": "118062", "game_time": "2018-01-08 13:30:09", "is_win": "1", "kill_cnt": "14", "pick_heros": "132|149|171|134|182", "team_id": "41", "team_name": "Qin" },
    { "ban_heros": "501|140|182", "camp": "2", "game_label": "118063", "game_time": "2018-01-08 14:08:44", "is_win": "0", "kill_cnt": "4", "pick_heros": "149|186|195|190|178", "team_id": "43", "team_name": "TG" },
    { "ban_heros": "119|132|139", "camp": "1", "game_label": "118063", "game_time": "2018-01-08 14:08:44", "is_win": "1", "kill_cnt": "8", "pick_heros": "198|154|110|173|187", "team_id": "45", "team_name": "Hero久竞" },
    { "ban_heros": "182|198|149", "camp": "1", "game_label": "118063", "game_time": "2018-01-08 14:26:53", "is_win": "0", "kill_cnt": "0", "pick_heros": "132|110|120|187|128", "team_id": "43", "team_name": "TG" },
    { "ban_heros": "501|140|139", "camp": "2", "game_label": "118063", "game_time": "2018-01-08 14:26:53", "is_win": "1", "kill_cnt": "11", "pick_heros": "186|154|173|194|157", "team_id": "45", "team_name": "Hero久竞" },
    { "ban_heros": "501|140|186", "camp": "2", "game_label": "118064", "game_time": "2018-01-08 14:53:51", "is_win": "1", "kill_cnt": "14", "pick_heros": "139|154|136|189|162", "team_id": "40", "team_name": "CWG" },
    { "ban_heros": "198|119|194", "camp": "1", "game_label": "118064", "game_time": "2018-01-08 14:53:51", "is_win": "0", "kill_cnt": "13", "pick_heros": "149|132|146|163|148", "team_id": "44", "team_name": "Ts" },
    { "ban_heros": "186|154|139", "camp": "1", "game_label": "118064", "game_time": "2018-01-08 15:23:47", "is_win": "0", "kill_cnt": "15", "pick_heros": "198|189|136|162|194", "team_id": "40", "team_name": "CWG" },
    { "ban_heros": "501|140|149", "camp": "2", "game_label": "118064", "game_time": "2018-01-08 15:23:47", "is_win": "1", "kill_cnt": "23", "pick_heros": "120|134|110|132|168", "team_id": "44", "team_name": "Ts" },
    { "ban_heros": "139|154|140", "camp": "2", "game_label": "118064", "game_time": "2018-01-08 15:50:48", "is_win": "0", "kill_cnt": "16", "pick_heros": "194|189|120|190|173", "team_id": "40", "team_name": "CWG" },
    { "ban_heros": "198|119|501", "camp": "1", "game_label": "118064", "game_time": "2018-01-08 15:50:48", "is_win": "1", "kill_cnt": "23", "pick_heros": "149|132|136|134|186", "team_id": "44", "team_name": "Ts" },
    { "ban_heros": "182|198|140", "camp": "1", "game_label": "118065", "game_time": "2018-01-08 16:14:31", "is_win": "1", "kill_cnt": "19", "pick_heros": "149|194|187|173|190", "team_id": "31", "team_name": "YTG" },
    { "ban_heros": "139|189|501", "camp": "2", "game_label": "118065", "game_time": "2018-01-08 16:14:31", "is_win": "0", "kill_cnt": "17", "pick_heros": "186|132|134|110|120", "team_id": "41", "team_name": "Qin" },
    { "ban_heros": "189|195|149", "camp": "1", "game_label": "118066", "game_time": "2018-01-08 16:39:40", "is_win": "1", "kill_cnt": "14", "pick_heros": "198|119|194|187|173", "team_id": "22", "team_name": "AS仙阁" },
    { "ban_heros": "501|140|186", "camp": "2", "game_label": "118063", "game_time": "2018-01-08 16:39:40", "is_win": "0", "kill_cnt": "7", "pick_heros": "132|139|157|154|148", "team_id": "43", "team_name": "TG" },
    { "ban_heros": "501|140|186", "camp": "2", "game_label": "118066", "game_time": "2018-01-08 16:39:40", "is_win": "0", "kill_cnt": "7", "pick_heros": "132|139|157|154|148", "team_id": "43", "team_name": "TG" },
    { "ban_heros": "140|501|182", "camp": "2", "game_label": "118065", "game_time": "2018-01-08 16:50:41", "is_win": "1", "kill_cnt": "9", "pick_heros": "149|119|187|178|132", "team_id": "31", "team_name": "YTG" },
    { "ban_heros": "194|198|186", "camp": "1", "game_label": "118065", "game_time": "2018-01-08 16:50:41", "is_win": "0", "kill_cnt": "3", "pick_heros": "139|173|154|189|136", "team_id": "41", "team_name": "Qin" },
    { "ban_heros": "140|501|189", "camp": "2", "game_label": "118066", "game_time": "2018-01-08 17:00:17", "is_win": "0", "kill_cnt": "9", "pick_heros": "119|132|194|178|134", "team_id": "22", "team_name": "AS仙阁" },
    { "ban_heros": "149|173|139", "camp": "1", "game_label": "118066", "game_time": "2018-01-08 17:00:17", "is_win": "1", "kill_cnt": "16", "pick_heros": "198|186|154|157|195", "team_id": "43", "team_name": "TG" },
    { "ban_heros": "189|195|149", "camp": "1", "game_label": "118066", "game_time": "2018-01-08 17:20:34", "is_win": "0", "kill_cnt": "7", "pick_heros": "139|119|154|173|113", "team_id": "22", "team_name": "AS仙阁" },
    { "ban_heros": "140|198|501", "camp": "2", "game_label": "118066", "game_time": "2018-01-08 17:20:34", "is_win": "1", "kill_cnt": "19", "pick_heros": "132|186|134|120|157", "team_id": "43", "team_name": "TG" },
    { "ban_heros": "146|140|501", "camp": "2", "game_label": "118067", "game_time": "2018-01-08 17:20:52", "is_win": "1", "kill_cnt": "9", "pick_heros": "186|134|110|178|173", "team_id": "32", "team_name": "BA黑凤梨" },
    { "ban_heros": "198|139|132", "camp": "1", "game_label": "118067", "game_time": "2018-01-08 17:20:52", "is_win": "0", "kill_cnt": "3", "pick_heros": "149|154|182|167|120", "team_id": "37", "team_name": "SV" },
    { "ban_heros": "146|148|140", "camp": "1", "game_label": "118067", "game_time": "2018-01-08 17:45:30", "is_win": "0", "kill_cnt": "8", "pick_heros": "149|182|186|162|194", "team_id": "32", "team_name": "BA黑凤梨" },
    { "ban_heros": "501|198|139", "camp": "2", "game_label": "118067", "game_time": "2018-01-08 17:45:30", "is_win": "1", "kill_cnt": "16", "pick_heros": "132|134|110|178|171", "team_id": "37", "team_name": "SV" },
    { "ban_heros": "198|182|110", "camp": "1", "game_label": "118064", "game_time": "2018-01-08 17:55:14", "is_win": "1", "kill_cnt": "15", "pick_heros": "139|194|186|162|148", "team_id": "44", "team_name": "Ts" },
    { "ban_heros": "198|182|110", "camp": "1", "game_label": "118068", "game_time": "2018-01-08 17:55:14", "is_win": "1", "kill_cnt": "15", "pick_heros": "139|194|186|162|148", "team_id": "44", "team_name": "Ts" },
    { "ban_heros": "140|501|146", "camp": "2", "game_label": "118068", "game_time": "2018-01-08 17:55:14", "is_win": "0", "kill_cnt": "4", "pick_heros": "149|132|136|187|154", "team_id": "45", "team_name": "Hero久竞" },
    { "ban_heros": "146|140|149", "camp": "2", "game_label": "118067", "game_time": "2018-01-08 18:12:24", "is_win": "0", "kill_cnt": "12", "pick_heros": "173|134|189|136|120", "team_id": "32", "team_name": "BA黑凤梨" },
    { "ban_heros": "198|132|139", "camp": "1", "game_label": "118067", "game_time": "2018-01-08 18:12:24", "is_win": "1", "kill_cnt": "14", "pick_heros": "501|178|110|111|194", "team_id": "37", "team_name": "SV" },
    { "ban_heros": "501|182|198", "camp": "2", "game_label": "118068", "game_time": "2018-01-08 18:18:16", "is_win": "0", "kill_cnt": "4", "pick_heros": "110|139|189|194|107", "team_id": "44", "team_name": "Ts" },
    { "ban_heros": "146|132|149", "camp": "1", "game_label": "118068", "game_time": "2018-01-08 18:18:16", "is_win": "1", "kill_cnt": "14", "pick_heros": "140|148|173|154|157", "team_id": "45", "team_name": "Hero久竞" },
    { "ban_heros": "198|182|110", "camp": "1", "game_label": "118068", "game_time": "2018-01-08 18:43:52", "is_win": "1", "kill_cnt": "20", "pick_heros": "139|186|154|162|136", "team_id": "44", "team_name": "Ts" },
    { "ban_heros": "501|140|148", "camp": "2", "game_label": "118068", "game_time": "2018-01-08 18:43:52", "is_win": "0", "kill_cnt": "5", "pick_heros": "132|149|187|194|157", "team_id": "45", "team_name": "Hero久竞" },
    { "ban_heros": "501|140|198", "camp": "2", "game_label": "118069", "game_time": "2018-01-08 18:53:18", "is_win": "0", "kill_cnt": "12", "pick_heros": "186|149|110|132|178", "team_id": "18", "team_name": "sViper" },
    { "ban_heros": "182|139|194", "camp": "1", "game_label": "118069", "game_time": "2018-01-08 18:53:18", "is_win": "1", "kill_cnt": "19", "pick_heros": "119|134|154|162|168", "team_id": "42", "team_name": "RSG" },
    { "ban_heros": "134|162|198", "camp": "1", "game_label": "118069", "game_time": "2018-01-08 19:25:43", "is_win": "0", "kill_cnt": "9", "pick_heros": "140|132|194|182|171", "team_id": "18", "team_name": "sViper" },
    { "ban_heros": "501|189|173", "camp": "2", "game_label": "118069", "game_time": "2018-01-08 19:25:43", "is_win": "1", "kill_cnt": "11", "pick_heros": "139|186|136|154|131", "team_id": "42", "team_name": "RSG" },
    { "ban_heros": "501|140|198", "camp": "2", "game_label": "118066", "game_time": "2018-01-08 20:11:32", "is_win": "1", "kill_cnt": "15", "pick_heros": "149|119|187|154|195", "team_id": "22", "team_name": "AS仙阁" },
    { "ban_heros": "501|140|198", "camp": "2", "game_label": "118070", "game_time": "2018-01-08 20:11:32", "is_win": "1", "kill_cnt": "15", "pick_heros": "149|119|187|154|195", "team_id": "22", "team_name": "AS仙阁" },
    { "ban_heros": "186|173|139", "camp": "1", "game_label": "118070", "game_time": "2018-01-08 20:11:32", "is_win": "0", "kill_cnt": "6", "pick_heros": "189|194|132|146|110", "team_id": "30", "team_name": "EP" },
    { "ban_heros": "189|148|139", "camp": "1", "game_label": "118070", "game_time": "2018-01-08 20:40:54", "is_win": "0", "kill_cnt": "9", "pick_heros": "140|154|194|110|132", "team_id": "22", "team_name": "AS仙阁" },
    { "ban_heros": "186|501|149", "camp": "2", "game_label": "118070", "game_time": "2018-01-08 20:40:54", "is_win": "1", "kill_cnt": "17", "pick_heros": "198|119|144|187|162", "team_id": "30", "team_name": "EP" },
    { "ban_heros": "501|140|198", "camp": "2", "game_label": "118070", "game_time": "2018-01-08 21:21:43", "is_win": "1", "kill_cnt": "13", "pick_heros": "154|194|136|187|195", "team_id": "22", "team_name": "AS仙阁" },
    { "ban_heros": "186|149|119", "camp": "1", "game_label": "118070", "game_time": "2018-01-08 21:21:43", "is_win": "0", "kill_cnt": "6", "pick_heros": "139|134|182|189|162", "team_id": "30", "team_name": "EP" },
    { "ban_heros": "148|189|146", "camp": "2", "game_label": "118071", "game_time": "2018-01-09 12:43:08", "is_win": "1", "kill_cnt": "15", "pick_heros": "139|186|119|162|113", "team_id": "42", "team_name": "RSG" },
    { "ban_heros": "198|173|501", "camp": "1", "game_label": "118071", "game_time": "2018-01-09 12:43:08", "is_win": "0", "kill_cnt": "18", "pick_heros": "140|149|194|132|136", "team_id": "44", "team_name": "Ts" },
    { "ban_heros": "146|148|139", "camp": "1", "game_label": "118071", "game_time": "2018-01-09 13:11:07", "is_win": "1", "kill_cnt": "15", "pick_heros": "194|182|132|189|120", "team_id": "42", "team_name": "RSG" },
    { "ban_heros": "501|140|198", "camp": "2", "game_label": "118071", "game_time": "2018-01-09 13:11:07", "is_win": "0", "kill_cnt": "8", "pick_heros": "186|149|154|110|162", "team_id": "44", "team_name": "Ts" },
    { "ban_heros": "198|189|139", "camp": "1", "game_label": "118072", "game_time": "2018-01-09 13:51:04", "is_win": "1", "kill_cnt": "19", "pick_heros": "149|120|132|194|146", "team_id": "37", "team_name": "SV" },
    { "ban_heros": "501|140|148", "camp": "2", "game_label": "118072", "game_time": "2018-01-09 13:51:04", "is_win": "0", "kill_cnt": "3", "pick_heros": "119|186|154|173|183", "team_id": "39", "team_name": "Biu" },
    { "ban_heros": "501|198|140", "camp": "2", "game_label": "118072", "game_time": "2018-01-09 14:09:36", "is_win": "0", "kill_cnt": "14", "pick_heros": "196|193|117|142|141", "team_id": "37", "team_name": "SV" },
    { "ban_heros": "148|146|139", "camp": "1", "game_label": "118072", "game_time": "2018-01-09 14:09:36", "is_win": "1", "kill_cnt": "25", "pick_heros": "149|119|186|144|132", "team_id": "39", "team_name": "Biu" },
    { "ban_heros": "198|139|189", "camp": "1", "game_label": "118072", "game_time": "2018-01-09 14:37:41", "is_win": "1", "kill_cnt": "21", "pick_heros": "149|146|132|134|194", "team_id": "37", "team_name": "SV" },
    { "ban_heros": "501|140|148", "camp": "2", "game_label": "118072", "game_time": "2018-01-09 14:37:41", "is_win": "0", "kill_cnt": "10", "pick_heros": "119|123|141|178|113", "team_id": "39", "team_name": "Biu" },
    { "ban_heros": "148|195|173", "camp": "2", "game_label": "118073", "game_time": "2018-01-09 15:21:04", "is_win": "0", "kill_cnt": "7", "pick_heros": "149|140|182|150|175", "team_id": "41", "team_name": "Qin" },
    { "ban_heros": "198|139|186", "camp": "1", "game_label": "118073", "game_time": "2018-01-09 15:21:04", "is_win": "1", "kill_cnt": "21", "pick_heros": "501|154|136|162|120", "team_id": "43", "team_name": "TG" },
    { "ban_heros": "198|195|120", "camp": "1", "game_label": "118073", "game_time": "2018-01-09 15:46:16", "is_win": "1", "kill_cnt": "18", "pick_heros": "149|189|134|124|131", "team_id": "41", "team_name": "Qin" },
    { "ban_heros": "501|139|140", "camp": "2", "game_label": "118073", "game_time": "2018-01-09 15:46:16", "is_win": "0", "kill_cnt": "11", "pick_heros": "186|132|194|119|146", "team_id": "43", "team_name": "TG" },
    { "ban_heros": "501|140|139", "camp": "2", "game_label": "118073", "game_time": "2018-01-09 16:09:24", "is_win": "0", "kill_cnt": "7", "pick_heros": "132|134|189|194|157", "team_id": "41", "team_name": "Qin" },
    { "ban_heros": "198|149|186", "camp": "1", "game_label": "118073", "game_time": "2018-01-09 16:09:24", "is_win": "1", "kill_cnt": "18", "pick_heros": "154|187|120|195|190", "team_id": "43", "team_name": "TG" },
    { "ban_heros": "148|139|154", "camp": "1", "game_label": "118074", "game_time": "2018-01-09 16:14:12", "is_win": "0", "kill_cnt": "11", "pick_heros": "149|189|194|141|196", "team_id": "39", "team_name": "Biu" },
    { "ban_heros": "501|140|198", "camp": "2", "game_label": "118074", "game_time": "2018-01-09 16:14:12", "is_win": "1", "kill_cnt": "15", "pick_heros": "186|132|182|178|134", "team_id": "45", "team_name": "Hero久竞" },
    { "ban_heros": "501|140|148", "camp": "2", "game_label": "118074", "game_time": "2018-01-09 16:45:59", "is_win": "0", "kill_cnt": "3", "pick_heros": "149|186|141|134|196", "team_id": "39", "team_name": "Biu" },
    { "ban_heros": "189|132|139", "camp": "1", "game_label": "118074", "game_time": "2018-01-09 16:45:59", "is_win": "1", "kill_cnt": "13", "pick_heros": "198|182|194|187|173", "team_id": "45", "team_name": "Hero久竞" },
    { "ban_heros": "186|173|501", "camp": "2", "game_label": "118075", "game_time": "2018-01-09 16:41:21", "is_win": "0", "kill_cnt": "5", "pick_heros": "198|139|182|196|194", "team_id": "30", "team_name": "EP" },
    { "ban_heros": "110|134|189", "camp": "1", "game_label": "118075", "game_time": "2018-01-09 16:41:21", "is_win": "1", "kill_cnt": "21", "pick_heros": "140|190|148|162|149", "team_id": "40", "team_name": "CWG" },
    { "ban_heros": "173|149|139", "camp": "1", "game_label": "118075", "game_time": "2018-01-09 17:12:00", "is_win": "0", "kill_cnt": "4", "pick_heros": "198|128|190|187|178", "team_id": "30", "team_name": "EP" },
    { "ban_heros": "132|501|140", "camp": "2", "game_label": "118075", "game_time": "2018-01-09 17:12:00", "is_win": "1", "kill_cnt": "18", "pick_heros": "189|194|123|119|163", "team_id": "40", "team_name": "CWG" },
    { "ban_heros": "140|501|139", "camp": "2", "game_label": "118076", "game_time": "2018-01-09 17:20:59", "is_win": "0", "kill_cnt": "7", "pick_heros": "119|186|154|134|173", "team_id": "22", "team_name": "AS仙阁" },
    { "ban_heros": "195|149|198", "camp": "1", "game_label": "118076", "game_time": "2018-01-09 17:20:59", "is_win": "1", "kill_cnt": "18", "pick_heros": "132|182|178|120|189", "team_id": "32", "team_name": "BA黑凤梨" },
    { "ban_heros": "189|134|149", "camp": "1", "game_label": "118076", "game_time": "2018-01-09 17:55:03", "is_win": "0", "kill_cnt": "5", "pick_heros": "198|119|154|187|173", "team_id": "22", "team_name": "AS仙阁" },
    { "ban_heros": "140|501|195", "camp": "2", "game_label": "118076", "game_time": "2018-01-09 17:55:03", "is_win": "1", "kill_cnt": "19", "pick_heros": "139|132|186|178|182", "team_id": "32", "team_name": "BA黑凤梨" },
    { "ban_heros": "501|140|139", "camp": "2", "game_label": "118077", "game_time": "2018-01-09 18:34:44", "is_win": "1", "kill_cnt": "14", "pick_heros": "186|119|132|134|120", "team_id": "18", "team_name": "sViper" },
    { "ban_heros": "182|198|162", "camp": "1", "game_label": "118077", "game_time": "2018-01-09 18:34:44", "is_win": "0", "kill_cnt": "15", "pick_heros": "149|173|194|187|110", "team_id": "31", "team_name": "YTG" },
    { "ban_heros": "194|198|140", "camp": "1", "game_label": "118077", "game_time": "2018-01-09 19:04:03", "is_win": "1", "kill_cnt": "10", "pick_heros": "139|186|132|120|136", "team_id": "18", "team_name": "sViper" },
    { "ban_heros": "182|162|501", "camp": "2", "game_label": "118077", "game_time": "2018-01-09 19:04:03", "is_win": "0", "kill_cnt": "9", "pick_heros": "149|119|173|178|187", "team_id": "31", "team_name": "YTG" },
    { "ban_heros": "195|139|119", "camp": "2", "game_label": "118075", "game_time": "2018-01-09 19:38:07", "is_win": "1", "kill_cnt": "17", "pick_heros": "140|194|189|196|182", "team_id": "30", "team_name": "EP" },
    { "ban_heros": "195|139|119", "camp": "2", "game_label": "118078", "game_time": "2018-01-09 19:38:07", "is_win": "1", "kill_cnt": "17", "pick_heros": "140|194|189|196|182", "team_id": "30", "team_name": "EP" },
    { "ban_heros": "198|186|149", "camp": "1", "game_label": "118073", "game_time": "2018-01-09 19:38:07", "is_win": "0", "kill_cnt": "3", "pick_heros": "501|132|154|136|120", "team_id": "43", "team_name": "TG" },
    { "ban_heros": "198|186|149", "camp": "1", "game_label": "118078", "game_time": "2018-01-09 19:38:07", "is_win": "0", "kill_cnt": "3", "pick_heros": "501|132|154|136|120", "team_id": "43", "team_name": "TG" },
    { "ban_heros": "195|186|139", "camp": "1", "game_label": "118075", "game_time": "2018-01-09 20:11:19", "is_win": "0", "kill_cnt": "11", "pick_heros": "198|189|119|150|144", "team_id": "30", "team_name": "EP" },
    { "ban_heros": "195|186|139", "camp": "1", "game_label": "118078", "game_time": "2018-01-09 20:11:19", "is_win": "0", "kill_cnt": "11", "pick_heros": "198|189|119|150|144", "team_id": "30", "team_name": "EP" },
    { "ban_heros": "501|140|196", "camp": "2", "game_label": "118073", "game_time": "2018-01-09 20:11:19", "is_win": "1", "kill_cnt": "15", "pick_heros": "132|149|187|154|157", "team_id": "43", "team_name": "TG" },
    { "ban_heros": "501|140|196", "camp": "2", "game_label": "118078", "game_time": "2018-01-09 20:11:19", "is_win": "1", "kill_cnt": "15", "pick_heros": "132|149|187|154|157", "team_id": "43", "team_name": "TG" },
    { "ban_heros": "195|139|501", "camp": "2", "game_label": "118078", "game_time": "2018-01-09 20:41:38", "is_win": "0", "kill_cnt": "6", "pick_heros": "186|154|110|134|183", "team_id": "30", "team_name": "EP" },
    { "ban_heros": "198|182|140", "camp": "1", "game_label": "118078", "game_time": "2018-01-09 20:41:38", "is_win": "1", "kill_cnt": "13", "pick_heros": "149|132|119|117|171", "team_id": "43", "team_name": "TG" },
    { "ban_heros": "198|134|139", "camp": "1", "game_label": "118079", "game_time": "2018-01-10 19:03:08", "is_win": "0", "kill_cnt": "4", "pick_heros": "186|154|162|110|120", "team_id": "18", "team_name": "sViper" },
    { "ban_heros": "189|501|140", "camp": "2", "game_label": "118079", "game_time": "2018-01-10 19:03:08", "is_win": "1", "kill_cnt": "11", "pick_heros": "194|182|173|128|187", "team_id": "42", "team_name": "RSG" },
    { "ban_heros": "501|140|154", "camp": "2", "game_label": "118079", "game_time": "2018-01-10 19:29:13", "is_win": "0", "kill_cnt": "7", "pick_heros": "139|198|173|189|190", "team_id": "18", "team_name": "sViper" },
    { "ban_heros": "194|149|148", "camp": "1", "game_label": "118079", "game_time": "2018-01-10 19:29:13", "is_win": "1", "kill_cnt": "12", "pick_heros": "182|134|186|120|132", "team_id": "42", "team_name": "RSG" },
    { "ban_heros": "154|194|140", "camp": "1", "game_label": "118079", "game_time": "2018-01-10 20:04:59", "is_win": "0", "kill_cnt": "5", "pick_heros": "139|173|134|189|136", "team_id": "18", "team_name": "sViper" },
    { "ban_heros": "198|182|501", "camp": "2", "game_label": "118079", "game_time": "2018-01-10 20:04:59", "is_win": "1", "kill_cnt": "14", "pick_heros": "186|119|120|193|132", "team_id": "42", "team_name": "RSG" },
    { "ban_heros": "182|501|139", "camp": "2", "game_label": "118080", "game_time": "2018-01-10 20:40:56", "is_win": "0", "kill_cnt": "15", "pick_heros": "110|186|194|154|196", "team_id": "31", "team_name": "YTG" },
    { "ban_heros": "187|119|140", "camp": "1", "game_label": "118080", "game_time": "2018-01-10 20:40:56", "is_win": "1", "kill_cnt": "21", "pick_heros": "198|149|132|189|157", "team_id": "32", "team_name": "BA黑凤梨" },
    { "ban_heros": "182|132|198", "camp": "1", "game_label": "118080", "game_time": "2018-01-10 21:30:42", "is_win": "0", "kill_cnt": "22", "pick_heros": "139|186|173|136|154", "team_id": "31", "team_name": "YTG" },
    { "ban_heros": "140|194|501", "camp": "2", "game_label": "118080", "game_time": "2018-01-10 21:30:42", "is_win": "1", "kill_cnt": "20", "pick_heros": "149|119|171|178|195", "team_id": "32", "team_name": "BA黑凤梨" },
    { "ban_heros": "182|198|501", "camp": "2", "game_label": "118080", "game_time": "2018-01-10 22:14:32", "is_win": "0", "kill_cnt": "13", "pick_heros": "149|132|194|189|136", "team_id": "31", "team_name": "YTG" },
    { "ban_heros": "187|119|140", "camp": "1", "game_label": "118080", "game_time": "2018-01-10 22:14:32", "is_win": "1", "kill_cnt": "18", "pick_heros": "139|110|186|154|162", "team_id": "32", "team_name": "BA黑凤梨" },
    { "ban_heros": "194|198|140", "camp": "1", "game_label": "118081", "game_time": "2018-01-11 18:15:16", "is_win": "0", "kill_cnt": "11", "pick_heros": "139|171|132|136|134", "team_id": "18", "team_name": "sViper" },
    { "ban_heros": "182|189|501", "camp": "2", "game_label": "118081", "game_time": "2018-01-11 18:15:16", "is_win": "1", "kill_cnt": "21", "pick_heros": "186|119|178|149|173", "team_id": "31", "team_name": "YTG" },
    { "ban_heros": "501|140|198", "camp": "2", "game_label": "118081", "game_time": "2018-01-11 18:52:03", "is_win": "0", "kill_cnt": "1", "pick_heros": "189|194|157|134|162", "team_id": "18", "team_name": "sViper" },
    { "ban_heros": "139|182|186", "camp": "1", "game_label": "118081", "game_time": "2018-01-11 18:52:03", "is_win": "1", "kill_cnt": "15", "pick_heros": "119|132|149|178|187", "team_id": "31", "team_name": "YTG" },
    { "ban_heros": "187|119|194", "camp": "1", "game_label": "118081", "game_time": "2018-01-11 19:17:19", "is_win": "0", "kill_cnt": "18", "pick_heros": "140|173|198|148|190", "team_id": "18", "team_name": "sViper" },
    { "ban_heros": "182|189|149", "camp": "2", "game_label": "118081", "game_time": "2018-01-11 19:17:19", "is_win": "1", "kill_cnt": "14", "pick_heros": "501|139|134|110|111", "team_id": "31", "team_name": "YTG" },
    { "ban_heros": "194|140|501", "camp": "1", "game_label": "118082", "game_time": "2018-01-11 20:02:07", "is_win": "1", "kill_cnt": "17", "pick_heros": "132|171|134|119|178", "team_id": "32", "team_name": "BA黑凤梨" },
    { "ban_heros": "139|189|198", "camp": "2", "game_label": "118082", "game_time": "2018-01-11 20:02:07", "is_win": "0", "kill_cnt": "9", "pick_heros": "149|186|154|173|182", "team_id": "42", "team_name": "RSG" },
    { "ban_heros": "140|501|182", "camp": "2", "game_label": "118082", "game_time": "2018-01-11 20:38:12", "is_win": "0", "kill_cnt": "4", "pick_heros": "119|186|154|149|195", "team_id": "32", "team_name": "BA黑凤梨" },
    { "ban_heros": "132|189|139", "camp": "1", "game_label": "118082", "game_time": "2018-01-11 20:38:12", "is_win": "1", "kill_cnt": "9", "pick_heros": "198|194|173|128|110", "team_id": "42", "team_name": "RSG" },
    { "ban_heros": "194|140|189", "camp": "1", "game_label": "118082", "game_time": "2018-01-11 21:04:09", "is_win": "1", "kill_cnt": "13", "pick_heros": "501|110|173|120|198", "team_id": "32", "team_name": "BA黑凤梨" },
    { "ban_heros": "132|139|182", "camp": "2", "game_label": "118082", "game_time": "2018-01-11 21:04:09", "is_win": "0", "kill_cnt": "6", "pick_heros": "134|154|190|107|148", "team_id": "42", "team_name": "RSG" },
    { "ban_heros": "194|140|148", "camp": "2", "game_label": "118082", "game_time": "2018-01-11 21:33:06", "is_win": "1", "kill_cnt": "13", "pick_heros": "198|132|182|171|113", "team_id": "32", "team_name": "BA黑凤梨" },
    { "ban_heros": "149|501|189", "camp": "1", "game_label": "118082", "game_time": "2018-01-11 21:33:06", "is_win": "0", "kill_cnt": "4", "pick_heros": "139|186|119|162|120", "team_id": "42", "team_name": "RSG" },
    { "ban_heros": "182|198|139", "camp": "1", "game_label": "118083", "game_time": "2018-01-12 18:16:50", "is_win": "1", "kill_cnt": "11", "pick_heros": "194|149|186|173|190", "team_id": "31", "team_name": "YTG" },
    { "ban_heros": "119|501|140", "camp": "2", "game_label": "118083", "game_time": "2018-01-12 18:16:50", "is_win": "0", "kill_cnt": "5", "pick_heros": "110|132|134|120|171", "team_id": "42", "team_name": "RSG" },
    { "ban_heros": "182|198|140", "camp": "2", "game_label": "118083", "game_time": "2018-01-12 18:44:51", "is_win": "0", "kill_cnt": "13", "pick_heros": "110|149|132|178|187", "team_id": "31", "team_name": "YTG" },
    { "ban_heros": "119|194|501", "camp": "1", "game_label": "118083", "game_time": "2018-01-12 18:44:51", "is_win": "1", "kill_cnt": "19", "pick_heros": "139|186|173|157|134", "team_id": "42", "team_name": "RSG" },
    { "ban_heros": "182|198|139", "camp": "1", "game_label": "118083", "game_time": "2018-01-12 19:15:32", "is_win": "1", "kill_cnt": "15", "pick_heros": "194|110|187|173|178", "team_id": "31", "team_name": "YTG" },
    { "ban_heros": "119|501|140", "camp": "2", "game_label": "118083", "game_time": "2018-01-12 19:15:32", "is_win": "0", "kill_cnt": "19", "pick_heros": "149|186|196|162|121", "team_id": "42", "team_name": "RSG" },
    { "ban_heros": "182|198|134", "camp": "2", "game_label": "118083", "game_time": "2018-01-12 19:54:54", "is_win": "1", "kill_cnt": "18", "pick_heros": "119|186|149|178|132", "team_id": "31", "team_name": "YTG" },
    { "ban_heros": "194|501|139", "camp": "1", "game_label": "118083", "game_time": "2018-01-12 19:54:54", "is_win": "0", "kill_cnt": "14", "pick_heros": "140|173|148|141|128", "team_id": "42", "team_name": "RSG" }
]