[
    { "avg_assist": "3.32", "avg_ban_seq": "5.2", "avg_bekill": "2.12", "avg_kill": "2.04", "avg_pick_seq": "0.0", "ban_cnt": "55", "gpm": "661", "hero_id": "128", "hero_name": "曹操", "kda": "3.44", "pick_cnt": "173", "played": "173", "win_rate": "0.5145" },
    { "avg_assist": "4.27", "avg_ban_seq": "3.0", "avg_bekill": "1.51", "avg_kill": "3.22", "avg_pick_seq": "0.0", "ban_cnt": "171", "gpm": "680", "hero_id": "502", "hero_name": "裴擒虎", "kda": "5.58", "pick_cnt": "169", "played": "169", "win_rate": "0.5858" },
    { "avg_assist": "4.31", "avg_ban_seq": "2.9", "avg_bekill": "1.78", "avg_kill": "1.97", "avg_pick_seq": "0.0", "ban_cnt": "168", "gpm": "605", "hero_id": "123", "hero_name": "吕布", "kda": "4.11", "pick_cnt": "167", "played": "168", "win_rate": "0.4881" },
    { "avg_assist": "3.71", "avg_ban_seq": "4.4", "avg_bekill": "1.81", "avg_kill": "3.09", "avg_pick_seq": "0.0", "ban_cnt": "58", "gpm": "667", "hero_id": "199", "hero_name": "公孙离", "kda": "4.63", "pick_cnt": "162", "played": "162", "win_rate": "0.4383" },
    { "avg_assist": "5.71", "avg_ban_seq": "5.0", "avg_bekill": "2.29", "avg_kill": "0.79", "avg_pick_seq": "0.0", "ban_cnt": "35", "gpm": "473", "hero_id": "194", "hero_name": "苏烈", "kda": "4.03", "pick_cnt": "160", "played": "161", "win_rate": "0.4969" },
    { "avg_assist": "6.62", "avg_ban_seq": "5.7", "avg_bekill": "1.82", "avg_kill": "0.52", "avg_pick_seq": "0.0", "ban_cnt": "41", "gpm": "421", "hero_id": "171", "hero_name": "张飞", "kda": "5.01", "pick_cnt": "159", "played": "159", "win_rate": "0.5283" },
    { "avg_assist": "3.26", "avg_ban_seq": "4.1", "avg_bekill": "1.97", "avg_kill": "2.08", "avg_pick_seq": "0.0", "ban_cnt": "135", "gpm": "702", "hero_id": "507", "hero_name": "李信", "kda": "3.40", "pick_cnt": "155", "played": "155", "win_rate": "0.4774" },
    { "avg_assist": "6.17", "avg_ban_seq": "4.1", "avg_bekill": "2.67", "avg_kill": "0.53", "avg_pick_seq": "0.0", "ban_cnt": "80", "gpm": "429", "hero_id": "186", "hero_name": "太乙真人", "kda": "3.56", "pick_cnt": "152", "played": "153", "win_rate": "0.4575" },
    { "avg_assist": "4.24", "avg_ban_seq": "3.3", "avg_bekill": "2.17", "avg_kill": "2.40", "avg_pick_seq": "0.0", "ban_cnt": "114", "gpm": "642", "hero_id": "163", "hero_name": "橘右京", "kda": "4.18", "pick_cnt": "143", "played": "144", "win_rate": "0.5208" },
    { "avg_assist": "6.44", "avg_ban_seq": "5.9", "avg_bekill": "2.16", "avg_kill": "0.56", "avg_pick_seq": "0.0", "ban_cnt": "36", "gpm": "393", "hero_id": "168", "hero_name": "牛魔", "kda": "4.50", "pick_cnt": "133", "played": "133", "win_rate": "0.4511" },
    { "avg_assist": "5.87", "avg_ban_seq": "3.2", "avg_bekill": "2.03", "avg_kill": "1.33", "avg_pick_seq": "0.0", "ban_cnt": "178", "gpm": "552", "hero_id": "511", "hero_name": "猪八戒", "kda": "4.72", "pick_cnt": "132", "played": "134", "win_rate": "0.5597" },
    { "avg_assist": "3.89", "avg_ban_seq": "3.5", "avg_bekill": "2.36", "avg_kill": "4.30", "avg_pick_seq": "0.0", "ban_cnt": "147", "gpm": "673", "hero_id": "162", "hero_name": "娜可露露", "kda": "4.72", "pick_cnt": "132", "played": "132", "win_rate": "0.5379" },
    { "avg_assist": "5.81", "avg_ban_seq": "2.7", "avg_bekill": "2.96", "avg_kill": "0.49", "avg_pick_seq": "0.0", "ban_cnt": "283", "gpm": "443", "hero_id": "509", "hero_name": "盾山", "kda": "3.15", "pick_cnt": "129", "played": "130", "win_rate": "0.5615" },
    { "avg_assist": "3.76", "avg_ban_seq": "5.8", "avg_bekill": "1.72", "avg_kill": "2.19", "avg_pick_seq": "0.0", "ban_cnt": "66", "gpm": "649", "hero_id": "140", "hero_name": "关羽", "kda": "4.20", "pick_cnt": "125", "played": "125", "win_rate": "0.5440" },
    { "avg_assist": "3.97", "avg_ban_seq": "5.8", "avg_bekill": "2.38", "avg_kill": "1.78", "avg_pick_seq": "0.0", "ban_cnt": "33", "gpm": "614", "hero_id": "510", "hero_name": "孙策", "kda": "3.34", "pick_cnt": "124", "played": "124", "win_rate": "0.4677" },
    { "avg_assist": "5.56", "avg_ban_seq": "5.7", "avg_bekill": "1.74", "avg_kill": "2.47", "avg_pick_seq": "0.0", "ban_cnt": "123", "gpm": "609", "hero_id": "152", "hero_name": "王昭君", "kda": "5.56", "pick_cnt": "121", "played": "121", "win_rate": "0.4876" },
    { "avg_assist": "5.40", "avg_ban_seq": "6.7", "avg_bekill": "0.96", "avg_kill": "3.05", "avg_pick_seq": "0.0", "ban_cnt": "55", "gpm": "630", "hero_id": "312", "hero_name": "沈梦溪", "kda": "7.22", "pick_cnt": "113", "played": "114", "win_rate": "0.5000" },
    { "avg_assist": "4.29", "avg_ban_seq": "5.9", "avg_bekill": "2.21", "avg_kill": "1.36", "avg_pick_seq": "0.0", "ban_cnt": "64", "gpm": "644", "hero_id": "144", "hero_name": "程咬金", "kda": "3.49", "pick_cnt": "107", "played": "107", "win_rate": "0.5888" },
    { "avg_assist": "3.15", "avg_ban_seq": "3.7", "avg_bekill": "1.83", "avg_kill": "3.33", "avg_pick_seq": "0.0", "ban_cnt": "83", "gpm": "723", "hero_id": "111", "hero_name": "孙尚香", "kda": "4.42", "pick_cnt": "103", "played": "103", "win_rate": "0.4854" },
    { "avg_assist": "4.10", "avg_ban_seq": "5.3", "avg_bekill": "2.06", "avg_kill": "1.05", "avg_pick_seq": "0.0", "ban_cnt": "11", "gpm": "509", "hero_id": "126", "hero_name": "夏侯惇", "kda": "3.39", "pick_cnt": "103", "played": "103", "win_rate": "0.3689" },
    { "avg_assist": "7.01", "avg_ban_seq": "4.2", "avg_bekill": "1.38", "avg_kill": "0.87", "avg_pick_seq": "0.0", "ban_cnt": "100", "gpm": "447", "hero_id": "118", "hero_name": "孙膑", "kda": "6.18", "pick_cnt": "103", "played": "103", "win_rate": "0.5437" },
    { "avg_assist": "8.03", "avg_ban_seq": "5.8", "avg_bekill": "2.67", "avg_kill": "0.69", "avg_pick_seq": "0.0", "ban_cnt": "88", "gpm": "394", "hero_id": "189", "hero_name": "鬼谷子", "kda": "4.64", "pick_cnt": "99", "played": "99", "win_rate": "0.5051" },
    { "avg_assist": "4.34", "avg_ban_seq": "4.9", "avg_bekill": "1.46", "avg_kill": "3.36", "avg_pick_seq": "0.0", "ban_cnt": "45", "gpm": "693", "hero_id": "132", "hero_name": "马可波罗", "kda": "5.81", "pick_cnt": "95", "played": "97", "win_rate": "0.4948" },
    { "avg_assist": "4.33", "avg_ban_seq": "2.8", "avg_bekill": "2.15", "avg_kill": "2.41", "avg_pick_seq": "0.0", "ban_cnt": "220", "gpm": "660", "hero_id": "529", "hero_name": "盘古", "kda": "4.40", "pick_cnt": "92", "played": "94", "win_rate": "0.6277" },
    { "avg_assist": "4.91", "avg_ban_seq": "5.9", "avg_bekill": "2.43", "avg_kill": "4.24", "avg_pick_seq": "0.0", "ban_cnt": "145", "gpm": "626", "hero_id": "513", "hero_name": "上官婉儿", "kda": "5.22", "pick_cnt": "86", "played": "86", "win_rate": "0.5116" },
    { "avg_assist": "3.95", "avg_ban_seq": "6.6", "avg_bekill": "1.56", "avg_kill": "2.63", "avg_pick_seq": "0.0", "ban_cnt": "97", "gpm": "658", "hero_id": "515", "hero_name": "嫦娥", "kda": "4.78", "pick_cnt": "78", "played": "78", "win_rate": "0.5128" },
    { "avg_assist": "5.19", "avg_ban_seq": "3.1", "avg_bekill": "1.35", "avg_kill": "1.79", "avg_pick_seq": "0.0", "ban_cnt": "245", "gpm": "519", "hero_id": "148", "hero_name": "姜子牙", "kda": "5.23", "pick_cnt": "76", "played": "78", "win_rate": "0.5256" },
    { "avg_assist": "4.32", "avg_ban_seq": "5.0", "avg_bekill": "1.68", "avg_kill": "2.80", "avg_pick_seq": "0.0", "ban_cnt": "53", "gpm": "705", "hero_id": "133", "hero_name": "狄仁杰", "kda": "5.16", "pick_cnt": "75", "played": "76", "win_rate": "0.5263" },
    { "avg_assist": "2.70", "avg_ban_seq": "6.7", "avg_bekill": "2.01", "avg_kill": "1.84", "avg_pick_seq": "0.0", "ban_cnt": "35", "gpm": "657", "hero_id": "193", "hero_name": "铠", "kda": "2.78", "pick_cnt": "75", "played": "76", "win_rate": "0.4342" },
    { "avg_assist": "3.78", "avg_ban_seq": "5.5", "avg_bekill": "2.12", "avg_kill": "3.07", "avg_pick_seq": "0.0", "ban_cnt": "33", "gpm": "676", "hero_id": "195", "hero_name": "百里玄策", "kda": "4.40", "pick_cnt": "71", "played": "72", "win_rate": "0.4306" },
    { "avg_assist": "4.58", "avg_ban_seq": "7.1", "avg_bekill": "1.92", "avg_kill": "2.75", "avg_pick_seq": "0.0", "ban_cnt": "77", "gpm": "613", "hero_id": "157", "hero_name": "不知火舞", "kda": "4.94", "pick_cnt": "71", "played": "71", "win_rate": "0.5211" },
    { "avg_assist": "4.76", "avg_ban_seq": "6.7", "avg_bekill": "1.93", "avg_kill": "2.82", "avg_pick_seq": "0.0", "ban_cnt": "116", "gpm": "652", "hero_id": "141", "hero_name": "貂蝉", "kda": "5.18", "pick_cnt": "71", "played": "71", "win_rate": "0.5775" },
    { "avg_assist": "4.81", "avg_ban_seq": "6.1", "avg_bekill": "2.12", "avg_kill": "1.45", "avg_pick_seq": "0.0", "ban_cnt": "40", "gpm": "633", "hero_id": "139", "hero_name": "老夫子", "kda": "3.91", "pick_cnt": "64", "played": "64", "win_rate": "0.5625" },
    { "avg_assist": "5.83", "avg_ban_seq": "5.5", "avg_bekill": "1.92", "avg_kill": "1.02", "avg_pick_seq": "0.0", "ban_cnt": "50", "gpm": "503", "hero_id": "113", "hero_name": "庄周", "kda": "4.28", "pick_cnt": "59", "played": "59", "win_rate": "0.5932" },
    { "avg_assist": "5.00", "avg_ban_seq": "6.8", "avg_bekill": "2.87", "avg_kill": "2.57", "avg_pick_seq": "0.0", "ban_cnt": "16", "gpm": "589", "hero_id": "107", "hero_name": "赵云", "kda": "3.79", "pick_cnt": "53", "played": "53", "win_rate": "0.4151" },
    { "avg_assist": "5.53", "avg_ban_seq": "6.9", "avg_bekill": "2.14", "avg_kill": "1.47", "avg_pick_seq": "0.0", "ban_cnt": "52", "gpm": "532", "hero_id": "120", "hero_name": "白起", "kda": "4.14", "pick_cnt": "49", "played": "49", "win_rate": "0.3878" },
    { "avg_assist": "3.91", "avg_ban_seq": "7.0", "avg_bekill": "1.52", "avg_kill": "2.70", "avg_pick_seq": "0.0", "ban_cnt": "29", "gpm": "667", "hero_id": "182", "hero_name": "干将莫邪", "kda": "4.67", "pick_cnt": "46", "played": "46", "win_rate": "0.4348" },
    { "avg_assist": "2.85", "avg_ban_seq": "6.9", "avg_bekill": "2.15", "avg_kill": "1.15", "avg_pick_seq": "0.0", "ban_cnt": "41", "gpm": "674", "hero_id": "121", "hero_name": "芈月", "kda": "2.32", "pick_cnt": "46", "played": "46", "win_rate": "0.5435" },
    { "avg_assist": "3.48", "avg_ban_seq": "6.5", "avg_bekill": "1.55", "avg_kill": "3.16", "avg_pick_seq": "0.0", "ban_cnt": "39", "gpm": "614", "hero_id": "196", "hero_name": "百里守约", "kda": "4.26", "pick_cnt": "44", "played": "44", "win_rate": "0.5455" },
    { "avg_assist": "5.74", "avg_ban_seq": "6.8", "avg_bekill": "3.10", "avg_kill": "1.41", "avg_pick_seq": "0.0", "ban_cnt": "56", "gpm": "501", "hero_id": "156", "hero_name": "张良", "kda": "3.81", "pick_cnt": "39", "played": "39", "win_rate": "0.4103" },
    { "avg_assist": "2.95", "avg_ban_seq": "8.2", "avg_bekill": "2.18", "avg_kill": "2.18", "avg_pick_seq": "0.0", "ban_cnt": "5", "gpm": "659", "hero_id": "154", "hero_name": "花木兰", "kda": "3.27", "pick_cnt": "38", "played": "38", "win_rate": "0.4211" },
    { "avg_assist": "4.81", "avg_ban_seq": "7.5", "avg_bekill": "1.57", "avg_kill": "1.70", "avg_pick_seq": "0.0", "ban_cnt": "20", "gpm": "577", "hero_id": "108", "hero_name": "墨子", "kda": "5.09", "pick_cnt": "37", "played": "37", "win_rate": "0.4865" },
    { "avg_assist": "4.14", "avg_ban_seq": "7.4", "avg_bekill": "1.68", "avg_kill": "2.43", "avg_pick_seq": "0.0", "ban_cnt": "53", "gpm": "623", "hero_id": "125", "hero_name": "元歌", "kda": "4.88", "pick_cnt": "37", "played": "37", "win_rate": "0.4595" },
    { "avg_assist": "4.23", "avg_ban_seq": "7.6", "avg_bekill": "1.06", "avg_kill": "1.80", "avg_pick_seq": "0.0", "ban_cnt": "17", "gpm": "676", "hero_id": "110", "hero_name": "嬴政", "kda": "4.98", "pick_cnt": "35", "played": "35", "win_rate": "0.4857" },
    { "avg_assist": "4.86", "avg_ban_seq": "7.5", "avg_bekill": "1.14", "avg_kill": "2.51", "avg_pick_seq": "0.0", "ban_cnt": "44", "gpm": "631", "hero_id": "119", "hero_name": "扁鹊", "kda": "5.57", "pick_cnt": "34", "played": "35", "win_rate": "0.5714" },
    { "avg_assist": "7.29", "avg_ban_seq": "7.6", "avg_bekill": "2.76", "avg_kill": "0.56", "avg_pick_seq": "0.0", "ban_cnt": "6", "gpm": "402", "hero_id": "105", "hero_name": "廉颇", "kda": "4.24", "pick_cnt": "33", "played": "34", "win_rate": "0.4706" },
    { "avg_assist": "4.55", "avg_ban_seq": "6.9", "avg_bekill": "3.39", "avg_kill": "2.42", "avg_pick_seq": "0.0", "ban_cnt": "5", "gpm": "546", "hero_id": "178", "hero_name": "杨戬", "kda": "2.76", "pick_cnt": "33", "played": "33", "win_rate": "0.4848" },
    { "avg_assist": "5.50", "avg_ban_seq": "6.9", "avg_bekill": "3.66", "avg_kill": "3.53", "avg_pick_seq": "0.0", "ban_cnt": "55", "gpm": "502", "hero_id": "153", "hero_name": "兰陵王", "kda": "4.22", "pick_cnt": "32", "played": "32", "win_rate": "0.5938" },
    { "avg_assist": "7.23", "avg_ban_seq": "7.6", "avg_bekill": "4.23", "avg_kill": "1.67", "avg_pick_seq": "0.0", "ban_cnt": "10", "gpm": "403", "hero_id": "187", "hero_name": "东皇太一", "kda": "2.44", "pick_cnt": "30", "played": "30", "win_rate": "0.5667" },
    { "avg_assist": "5.11", "avg_ban_seq": "8.2", "avg_bekill": "2.00", "avg_kill": "2.81", "avg_pick_seq": "0.0", "ban_cnt": "8", "gpm": "628", "hero_id": "106", "hero_name": "小乔", "kda": "5.29", "pick_cnt": "27", "played": "27", "win_rate": "0.4815" },
    { "avg_assist": "4.11", "avg_ban_seq": "7.9", "avg_bekill": "1.59", "avg_kill": "1.89", "avg_pick_seq": "0.0", "ban_cnt": "15", "gpm": "633", "hero_id": "176", "hero_name": "杨玉环", "kda": "4.17", "pick_cnt": "27", "played": "27", "win_rate": "0.4444" },
    { "avg_assist": "4.30", "avg_ban_seq": "8.3", "avg_bekill": "1.43", "avg_kill": "2.26", "avg_pick_seq": "0.0", "ban_cnt": "2", "gpm": "619", "hero_id": "124", "hero_name": "周瑜", "kda": "4.92", "pick_cnt": "23", "played": "23", "win_rate": "0.3913" },
    { "avg_assist": "3.74", "avg_ban_seq": "8.3", "avg_bekill": "1.61", "avg_kill": "2.87", "avg_pick_seq": "0.0", "ban_cnt": "3", "gpm": "679", "hero_id": "190", "hero_name": "诸葛亮", "kda": "5.13", "pick_cnt": "23", "played": "23", "win_rate": "0.4783" },
    { "avg_assist": "3.04", "avg_ban_seq": "7.8", "avg_bekill": "3.13", "avg_kill": "2.70", "avg_pick_seq": "0.0", "ban_cnt": "8", "gpm": "652", "hero_id": "129", "hero_name": "典韦", "kda": "1.98", "pick_cnt": "23", "played": "23", "win_rate": "0.3478" },
    { "avg_assist": "4.00", "avg_ban_seq": "7.7", "avg_bekill": "1.91", "avg_kill": "2.73", "avg_pick_seq": "0.0", "ban_cnt": "2", "gpm": "676", "hero_id": "174", "hero_name": "虞姬", "kda": "4.67", "pick_cnt": "22", "played": "22", "win_rate": "0.4545" },
    { "avg_assist": "6.71", "avg_ban_seq": "7.8", "avg_bekill": "2.76", "avg_kill": "0.19", "avg_pick_seq": "0.0", "ban_cnt": "5", "gpm": "410", "hero_id": "184", "hero_name": "蔡文姬", "kda": "3.25", "pick_cnt": "21", "played": "21", "win_rate": "0.3333" },
    { "avg_assist": "3.81", "avg_ban_seq": "7.0", "avg_bekill": "1.76", "avg_kill": "0.57", "avg_pick_seq": "0.0", "ban_cnt": "1", "gpm": "515", "hero_id": "135", "hero_name": "项羽", "kda": "2.86", "pick_cnt": "21", "played": "21", "win_rate": "0.3333" },
    { "avg_assist": "4.94", "avg_ban_seq": "6.4", "avg_bekill": "2.11", "avg_kill": "1.22", "avg_pick_seq": "0.0", "ban_cnt": "5", "gpm": "595", "hero_id": "149", "hero_name": "刘邦", "kda": "4.22", "pick_cnt": "18", "played": "18", "win_rate": "0.4444" },
    { "avg_assist": "5.67", "avg_ban_seq": "7.4", "avg_bekill": "1.17", "avg_kill": "3.22", "avg_pick_seq": "0.0", "ban_cnt": "2", "gpm": "661", "hero_id": "173", "hero_name": "李元芳", "kda": "6.73", "pick_cnt": "18", "played": "18", "win_rate": "0.5000" },
    { "avg_assist": "2.59", "avg_ban_seq": "7.1", "avg_bekill": "2.41", "avg_kill": "1.41", "avg_pick_seq": "0.0", "ban_cnt": "2", "gpm": "626", "hero_id": "503", "hero_name": "狂铁", "kda": "2.46", "pick_cnt": "16", "played": "17", "win_rate": "0.3529" },
    { "avg_assist": "5.73", "avg_ban_seq": "7.6", "avg_bekill": "2.87", "avg_kill": "3.13", "avg_pick_seq": "0.0", "ban_cnt": "5", "gpm": "624", "hero_id": "131", "hero_name": "李白", "kda": "4.56", "pick_cnt": "15", "played": "15", "win_rate": "0.3333" },
    { "avg_assist": "4.43", "avg_ban_seq": "6.7", "avg_bekill": "1.07", "avg_kill": "4.50", "avg_pick_seq": "0.0", "ban_cnt": "35", "gpm": "695", "hero_id": "508", "hero_name": "伽罗", "kda": "7.24", "pick_cnt": "14", "played": "14", "win_rate": "0.5714" },
    { "avg_assist": "3.00", "avg_ban_seq": "7.7", "avg_bekill": "3.00", "avg_kill": "1.86", "avg_pick_seq": "0.0", "ban_cnt": "5", "gpm": "587", "hero_id": "134", "hero_name": "达摩", "kda": "2.20", "pick_cnt": "14", "played": "14", "win_rate": "0.4286" },
    { "avg_assist": "6.36", "avg_ban_seq": "8.1", "avg_bekill": "0.71", "avg_kill": "2.93", "avg_pick_seq": "0.0", "ban_cnt": "6", "gpm": "620", "hero_id": "127", "hero_name": "甄姬", "kda": "8.40", "pick_cnt": "14", "played": "14", "win_rate": "0.5714" },
    { "avg_assist": "3.62", "avg_ban_seq": "8.9", "avg_bekill": "1.08", "avg_kill": "2.85", "avg_pick_seq": "0.0", "ban_cnt": "1", "gpm": "702", "hero_id": "169", "hero_name": "后羿", "kda": "5.26", "pick_cnt": "13", "played": "13", "win_rate": "0.3846" },
    { "avg_assist": "6.08", "avg_ban_seq": "6.4", "avg_bekill": "2.38", "avg_kill": "0.31", "avg_pick_seq": "0.0", "ban_cnt": "15", "gpm": "474", "hero_id": "191", "hero_name": "大乔", "kda": "3.49", "pick_cnt": "13", "played": "13", "win_rate": "0.2308" },
    { "avg_assist": "4.27", "avg_ban_seq": "7.9", "avg_bekill": "2.64", "avg_kill": "3.18", "avg_pick_seq": "0.0", "ban_cnt": "5", "gpm": "613", "hero_id": "137", "hero_name": "司马懿", "kda": "4.33", "pick_cnt": "11", "played": "11", "win_rate": "0.5455" },
    { "avg_assist": "10.00", "avg_ban_seq": "7.7", "avg_bekill": "1.20", "avg_kill": "2.40", "avg_pick_seq": "0.0", "ban_cnt": "5", "gpm": "659", "hero_id": "136", "hero_name": "武则天", "kda": "10.22", "pick_cnt": "10", "played": "10", "win_rate": "0.7000" },
    { "avg_assist": "3.56", "avg_ban_seq": "7.2", "avg_bekill": "2.00", "avg_kill": "1.11", "avg_pick_seq": "0.0", "ban_cnt": "5", "gpm": "583", "hero_id": "198", "hero_name": "梦奇", "kda": "3.04", "pick_cnt": "9", "played": "9", "win_rate": "0.2222" },
    { "avg_assist": "4.88", "avg_ban_seq": "7.4", "avg_bekill": "3.38", "avg_kill": "2.62", "avg_pick_seq": "0.0", "ban_cnt": "2", "gpm": "613", "hero_id": "167", "hero_name": "孙悟空", "kda": "2.62", "pick_cnt": "8", "played": "8", "win_rate": "0.2500" },
    { "avg_assist": "7.50", "avg_ban_seq": "8.5", "avg_bekill": "15.38", "avg_kill": "0.38", "avg_pick_seq": "0.0", "ban_cnt": "4", "gpm": "488", "hero_id": "183", "hero_name": "雅典娜", "kda": "0.51", "pick_cnt": "8", "played": "8", "win_rate": "0.5000" },
    { "avg_assist": "3.62", "avg_ban_seq": "6.7", "avg_bekill": "1.25", "avg_kill": "3.50", "avg_pick_seq": "0.0", "ban_cnt": "6", "gpm": "721", "hero_id": "192", "hero_name": "黄忠", "kda": "6.21", "pick_cnt": "8", "played": "8", "win_rate": "0.5000" },
    { "avg_assist": "3.40", "avg_ban_seq": "7.4", "avg_bekill": "1.80", "avg_kill": "2.80", "avg_pick_seq": "0.0", "ban_cnt": "0", "gpm": "724", "hero_id": "112", "hero_name": "鲁班七号", "kda": "4.25", "pick_cnt": "5", "played": "5", "win_rate": "0.2000" },
    { "avg_assist": "5.40", "avg_ban_seq": "7.4", "avg_bekill": "1.80", "avg_kill": "3.00", "avg_pick_seq": "0.0", "ban_cnt": "3", "gpm": "553", "hero_id": "130", "hero_name": "宫本武藏", "kda": "6.07", "pick_cnt": "5", "played": "5", "win_rate": "0.6000" },
    { "avg_assist": "3.20", "avg_ban_seq": "5.6", "avg_bekill": "1.60", "avg_kill": "4.80", "avg_pick_seq": "0.0", "ban_cnt": "3", "gpm": "670", "hero_id": "506", "hero_name": "云中君", "kda": "5.90", "pick_cnt": "5", "played": "5", "win_rate": "0.4000" },
    { "avg_assist": "3.67", "avg_ban_seq": "7.4", "avg_bekill": "1.67", "avg_kill": "4.33", "avg_pick_seq": "0.0", "ban_cnt": "2", "gpm": "771", "hero_id": "150", "hero_name": "韩信", "kda": "5.25", "pick_cnt": "3", "played": "3", "win_rate": "1.0000" },
    { "avg_assist": "3.67", "avg_ban_seq": "8.8", "avg_bekill": "1.33", "avg_kill": "1.33", "avg_pick_seq": "0.0", "ban_cnt": "1", "gpm": "596", "hero_id": "504", "hero_name": "米莱狄", "kda": "3.83", "pick_cnt": "3", "played": "3", "win_rate": "0.3333" },
    { "avg_assist": "4.33", "avg_ban_seq": "9.3", "avg_bekill": "3.33", "avg_kill": "3.67", "avg_pick_seq": "0.0", "ban_cnt": "0", "gpm": "587", "hero_id": "180", "hero_name": "哪吒", "kda": "3.08", "pick_cnt": "3", "played": "3", "win_rate": "0.6667" },
    { "avg_assist": "6.00", "avg_ban_seq": "10.0", "avg_bekill": "2.50", "avg_kill": "4.00", "avg_pick_seq": "0.0", "ban_cnt": "0", "gpm": "650", "hero_id": "115", "hero_name": "高渐离", "kda": "4.58", "pick_cnt": "2", "played": "2", "win_rate": "0.5000" },
    { "avg_assist": "2.00", "avg_ban_seq": "7.5", "avg_bekill": "2.00", "avg_kill": "2.00", "avg_pick_seq": "0.0", "ban_cnt": "0", "gpm": "655", "hero_id": "166", "hero_name": "亚瑟", "kda": "3.67", "pick_cnt": "2", "played": "2", "win_rate": "0.5000" },
    { "avg_assist": "8.00", "avg_ban_seq": "6.6", "avg_bekill": "0.00", "avg_kill": "1.00", "avg_pick_seq": "0.0", "ban_cnt": "4", "gpm": "665", "hero_id": "170", "hero_name": "刘备", "kda": "9.00", "pick_cnt": "1", "played": "1", "win_rate": "1.0000" },
    { "avg_assist": "10.00", "avg_ban_seq": "9.0", "avg_bekill": "1.00", "avg_kill": "0.00", "avg_pick_seq": "0.0", "ban_cnt": "0", "gpm": "428", "hero_id": "505", "hero_name": "瑶", "kda": "10.00", "pick_cnt": "1", "played": "1", "win_rate": "1.0000" },
    { "avg_assist": "0.00", "avg_ban_seq": "10.0", "avg_bekill": "0.00", "avg_kill": "0.00", "avg_pick_seq": "0.0", "ban_cnt": "0", "gpm": "585", "hero_id": "179", "hero_name": "女娲", "kda": "0.00", "pick_cnt": "1", "played": "1", "win_rate": "0.0000" }
]