[
    { "hero_id": "109", "hero_name": "妲己" },
    { "hero_id": "114", "hero_name": "刘禅" },
    { "hero_id": "116", "hero_name": "阿轲" },
    { "hero_id": "117", "hero_name": "钟无艳" },
    { "hero_id": "142", "hero_name": "安琪拉" },
    { "hero_id": "146", "hero_name": "露娜" },
    { "hero_id": "155", "hero_name": "艾琳" },
    { "hero_id": "175", "hero_name": "钟馗" },
    { "hero_id": "177", "hero_name": "成吉思汗" },
    { "hero_id": "197", "hero_name": "弈星" },
    { "hero_id": "501", "hero_name": "明世隐" },
    { "hero_id": "518", "hero_name": "马超" },
    { "hero_id": "522", "hero_name": "曜" },
    { "hero_id": "523", "hero_name": "西施" },
    { "hero_id": "525", "hero_name": "鲁班大师" }
]