[
    { "avg_assist": "4.91", "avg_bekill": "2.05", "avg_kill": "2.95", "gpm": "648", "kda": "5.12", "name": "eStarPro.Cat", "openid": "A25A35A18EE5DC93117789871D929E83", "played": "81", "rating": "5.60", "total_kill": "239", "win_rate": "0.6173", "xpm": "813" },
    { "avg_assist": "4.20", "avg_bekill": "1.44", "avg_kill": "3.60", "gpm": "706", "kda": "5.59", "name": "eStarPro.花海", "openid": "6317ACA4810A9CE2501FA24B0050C02F", "played": "81", "rating": "5.60", "total_kill": "292", "win_rate": "0.6173", "xpm": "843" },
    { "avg_assist": "3.98", "avg_bekill": "1.90", "avg_kill": "2.04", "gpm": "668", "kda": "4.04", "name": "eStarPro.诺言", "openid": "CFD5FB9589587760CD3C44425C336E21", "played": "81", "rating": "5.60", "total_kill": "165", "win_rate": "0.6173", "xpm": "816" },
    { "avg_assist": "3.33", "avg_bekill": "1.86", "avg_kill": "2.58", "gpm": "682", "kda": "3.96", "name": "GK.迷神", "openid": "5023AD9F6841811669BD74413DDD8A60", "played": "76", "rating": "5.60", "total_kill": "196", "win_rate": "0.5921", "xpm": "734" },
    { "avg_assist": "7.26", "avg_bekill": "2.32", "avg_kill": "0.78", "gpm": "406", "kda": "4.80", "name": "GK.胖墩", "openid": "D524EC63CD87275ED44EFB2C898E0360", "played": "76", "rating": "5.60", "total_kill": "59", "win_rate": "0.5921", "xpm": "687" },
    { "avg_assist": "5.39", "avg_bekill": "1.79", "avg_kill": "1.50", "gpm": "566", "kda": "4.67", "name": "GK.阿改", "openid": "1D9FE3C27E1D59E8DAC386A9962F0955", "played": "76", "rating": "5.60", "total_kill": "114", "win_rate": "0.5921", "xpm": "720" },
    { "avg_assist": "5.63", "avg_bekill": "1.63", "avg_kill": "2.67", "gpm": "626", "kda": "5.82", "name": "GK.青枫", "openid": "5E31B5644BB92B93CAE202FDBF8CCD5B", "played": "76", "rating": "5.60", "total_kill": "203", "win_rate": "0.5921", "xpm": "733" },
    { "avg_assist": "7.45", "avg_bekill": "2.12", "avg_kill": "0.52", "gpm": "406", "kda": "5.37", "name": "eStarPro.无铭", "openid": "BB176EBA5A040011260420E47F5D8D6C", "played": "75", "rating": "5.60", "total_kill": "39", "win_rate": "0.6267", "xpm": "748" },
    { "avg_assist": "4.20", "avg_bekill": "2.12", "avg_kill": "3.80", "gpm": "676", "kda": "5.12", "name": "GK.鹏鹏", "openid": "D218F9422931A172DFE2B9160C646C4B", "played": "74", "rating": "5.60", "total_kill": "281", "win_rate": "0.6081", "xpm": "748" },
    { "avg_assist": "3.41", "avg_bekill": "1.68", "avg_kill": "1.81", "gpm": "640", "kda": "3.65", "name": "QGhappy.Fly", "openid": "81AEA3A32BA205D61F400FA612808490", "played": "74", "rating": "5.60", "total_kill": "134", "win_rate": "0.4595", "xpm": "746" },
    { "avg_assist": "3.86", "avg_bekill": "1.54", "avg_kill": "3.01", "gpm": "715", "kda": "5.50", "name": "QGhappy.Hurt", "openid": "B8982198AC67B048D317C07DE73F4962", "played": "71", "rating": "5.60", "total_kill": "214", "win_rate": "0.4648", "xpm": "763" },
    { "avg_assist": "4.64", "avg_bekill": "1.50", "avg_kill": "4.03", "gpm": "728", "kda": "6.56", "name": "RNGM.虔诚", "openid": "F1BCCA006C3701F765FD5D8AE9DC349F", "played": "70", "rating": "5.60", "total_kill": "282", "win_rate": "0.6143", "xpm": "789" },
    { "avg_assist": "7.53", "avg_bekill": "2.67", "avg_kill": "0.70", "gpm": "398", "kda": "4.33", "name": "RNGM.Zero", "openid": "558B8536033B16FEC1FF02F3E02FC1D1", "played": "70", "rating": "5.60", "total_kill": "49", "win_rate": "0.6143", "xpm": "725" },
    { "avg_assist": "5.93", "avg_bekill": "2.04", "avg_kill": "0.62", "gpm": "430", "kda": "4.26", "name": "Ts.阿豆", "openid": "6D54271544D17B374436D7189EEBC522", "played": "68", "rating": "5.60", "total_kill": "42", "win_rate": "0.5441", "xpm": "714" },
    { "avg_assist": "3.63", "avg_bekill": "1.72", "avg_kill": "2.69", "gpm": "716", "kda": "4.29", "name": "Ts.十三", "openid": "FD70952C1A9B936EDDB00609A7440670", "played": "68", "rating": "5.60", "total_kill": "183", "win_rate": "0.5441", "xpm": "757" },
    { "avg_assist": "4.88", "avg_bekill": "2.21", "avg_kill": "1.68", "gpm": "588", "kda": "4.34", "name": "eStarPro.Alan", "openid": "E5D1C89DE8A875B1187141E8BF55764B", "played": "68", "rating": "5.60", "total_kill": "114", "win_rate": "0.6324", "xpm": "823" },
    { "avg_assist": "4.62", "avg_bekill": "2.22", "avg_kill": "3.16", "gpm": "642", "kda": "4.57", "name": "WE.绑兔", "openid": "45542A4391B5BE4A0240153385EE51AD", "played": "68", "rating": "5.60", "total_kill": "215", "win_rate": "0.5735", "xpm": "777" },
    { "avg_assist": "4.47", "avg_bekill": "1.56", "avg_kill": "3.10", "gpm": "677", "kda": "5.35", "name": "WE.762", "openid": "EB48CF52432EABB8A847A1EA8CA6C7F8", "played": "68", "rating": "5.60", "total_kill": "211", "win_rate": "0.5735", "xpm": "769" },
    { "avg_assist": "5.62", "avg_bekill": "1.53", "avg_kill": "2.97", "gpm": "608", "kda": "6.39", "name": "WE.DogRan", "openid": "CAE449FCECAA014CB9B6C3CD335A9A69", "played": "68", "rating": "5.60", "total_kill": "202", "win_rate": "0.5735", "xpm": "755" },
    { "avg_assist": "3.88", "avg_bekill": "1.65", "avg_kill": "1.35", "gpm": "588", "kda": "3.75", "name": "Ts.神人", "openid": "217E45134E48B0E55522590E23FFE479", "played": "68", "rating": "5.60", "total_kill": "92", "win_rate": "0.5441", "xpm": "735" },
    { "avg_assist": "3.99", "avg_bekill": "2.19", "avg_kill": "3.01", "gpm": "666", "kda": "4.56", "name": "Ts.暖阳", "openid": "B61E31C87EB42BE852DEADE5273AB0DE", "played": "68", "rating": "5.60", "total_kill": "205", "win_rate": "0.5441", "xpm": "752" },
    { "avg_assist": "5.13", "avg_bekill": "2.22", "avg_kill": "1.60", "gpm": "596", "kda": "3.90", "name": "WE.OoZ", "openid": "80C8A576D7AF6A697FD29087E60398F1", "played": "68", "rating": "5.60", "total_kill": "109", "win_rate": "0.5735", "xpm": "748" },
    { "avg_assist": "8.00", "avg_bekill": "2.16", "avg_kill": "0.46", "gpm": "442", "kda": "5.37", "name": "WE.994", "openid": "FFE0641C557DBC5BD95896C0C4CE9346", "played": "68", "rating": "5.60", "total_kill": "31", "win_rate": "0.5735", "xpm": "719" },
    { "avg_assist": "5.15", "avg_bekill": "2.13", "avg_kill": "1.69", "gpm": "581", "kda": "4.08", "name": "RNGM.凉晨", "openid": "5BD6D8E9DEB9362CC60A568244A18625", "played": "67", "rating": "5.60", "total_kill": "113", "win_rate": "0.5970", "xpm": "758" },
    { "avg_assist": "4.61", "avg_bekill": "1.57", "avg_kill": "2.43", "gpm": "610", "kda": "5.21", "name": "QGhappy.Mojo", "openid": "73D09DF6368EAA1198B9B43DCDCA8536", "played": "67", "rating": "5.60", "total_kill": "163", "win_rate": "0.4776", "xpm": "733" },
    { "avg_assist": "6.72", "avg_bekill": "3.09", "avg_kill": "0.89", "gpm": "389", "kda": "3.78", "name": "Hero.最初", "openid": "75A0E028EC2BF9D41710669411CD19F8", "played": "65", "rating": "5.60", "total_kill": "58", "win_rate": "0.5692", "xpm": "707" },
    { "avg_assist": "4.63", "avg_bekill": "2.18", "avg_kill": "1.42", "gpm": "553", "kda": "3.96", "name": "QGhappy.Giao", "openid": "A3E0E22D1318A29370AF1C850A5BD45B", "played": "65", "rating": "5.60", "total_kill": "92", "win_rate": "0.5077", "xpm": "760" },
    { "avg_assist": "3.55", "avg_bekill": "1.71", "avg_kill": "2.20", "gpm": "693", "kda": "4.39", "name": "Hero.柠栀", "openid": "A7AAD11E26643813D72EFEBD3B0EBD28", "played": "65", "rating": "5.60", "total_kill": "143", "win_rate": "0.5692", "xpm": "761" },
    { "avg_assist": "4.88", "avg_bekill": "2.45", "avg_kill": "2.72", "gpm": "585", "kda": "4.37", "name": "Hero.尘夏", "openid": "DBB1AA4588256E9DF8DEA01D8286A0CE", "played": "65", "rating": "5.60", "total_kill": "177", "win_rate": "0.5692", "xpm": "753" },
    { "avg_assist": "5.36", "avg_bekill": "1.17", "avg_kill": "2.89", "gpm": "650", "kda": "6.80", "name": "RW侠.Yguo", "openid": "F20A79CABDFBFD552C72E1E72379A885", "played": "64", "rating": "5.60", "total_kill": "185", "win_rate": "0.6250", "xpm": "775" },
    { "avg_assist": "5.20", "avg_bekill": "1.95", "avg_kill": "2.84", "gpm": "668", "kda": "5.55", "name": "Hero.久诚", "openid": "919D5E5E2A9039A5E7393859C9B4E012", "played": "64", "rating": "5.60", "total_kill": "182", "win_rate": "0.5781", "xpm": "758" },
    { "avg_assist": "4.20", "avg_bekill": "2.56", "avg_kill": "2.64", "gpm": "684", "kda": "3.53", "name": "RW侠.Djie", "openid": "8DE9AA986DBA66F6F9D813357E61D7C3", "played": "64", "rating": "5.60", "total_kill": "169", "win_rate": "0.6250", "xpm": "781" },
    { "avg_assist": "4.17", "avg_bekill": "2.29", "avg_kill": "3.52", "gpm": "663", "kda": "4.16", "name": "YTG丶夏天", "openid": "7F7B2244B823795821247DD45B7572FD", "played": "63", "rating": "5.60", "total_kill": "222", "win_rate": "0.4603", "xpm": "818" },
    { "avg_assist": "6.41", "avg_bekill": "3.40", "avg_kill": "0.56", "gpm": "413", "kda": "3.30", "name": "YTG丶落幕", "openid": "9EABDFC2F259BCDBADECD4D3AFBAAB65", "played": "63", "rating": "5.60", "total_kill": "35", "win_rate": "0.4603", "xpm": "739" },
    { "avg_assist": "4.54", "avg_bekill": "2.27", "avg_kill": "1.86", "gpm": "625", "kda": "3.99", "name": "YTG.沽沽", "openid": "84D734C7C7990CE6518DAED05C25C8DF", "played": "63", "rating": "5.60", "total_kill": "117", "win_rate": "0.4603", "xpm": "789" },
    { "avg_assist": "3.87", "avg_bekill": "1.46", "avg_kill": "3.69", "gpm": "674", "kda": "5.76", "name": "EDGM.初晨", "openid": "65907C634614595853DF76D9708F0E04", "played": "61", "rating": "5.60", "total_kill": "225", "win_rate": "0.4262", "xpm": "772" },
    { "avg_assist": "4.95", "avg_bekill": "1.74", "avg_kill": "2.48", "gpm": "607", "kda": "5.24", "name": "EDGM.浪浪", "openid": "B58E5BEB1CAC18ADF1300F9877348CA4", "played": "61", "rating": "5.60", "total_kill": "151", "win_rate": "0.4262", "xpm": "750" },
    { "avg_assist": "6.70", "avg_bekill": "1.84", "avg_kill": "0.89", "gpm": "429", "kda": "5.20", "name": "QGhappy.Ian", "openid": "1ADE7C65DFA7373C8DEC4B7477E636A1", "played": "61", "rating": "5.60", "total_kill": "54", "win_rate": "0.5246", "xpm": "713" },
    { "avg_assist": "4.64", "avg_bekill": "2.20", "avg_kill": "1.30", "gpm": "595", "kda": "3.65", "name": "RW侠.Dnan", "openid": "1B21D19644EBED5C05E13E37C648697D", "played": "61", "rating": "5.60", "total_kill": "79", "win_rate": "0.6557", "xpm": "766" },
    { "avg_assist": "6.75", "avg_bekill": "2.62", "avg_kill": "0.84", "gpm": "416", "kda": "3.68", "name": "RW侠.Chengkun", "openid": "9D87D9863D32421E8C9F6249E76CC60B", "played": "61", "rating": "5.60", "total_kill": "51", "win_rate": "0.6557", "xpm": "722" },
    { "avg_assist": "3.11", "avg_bekill": "2.08", "avg_kill": "2.07", "gpm": "632", "kda": "3.14", "name": "YTG丶小壳", "openid": "DC038568C171B98D6EC9EE60B2F0F657", "played": "61", "rating": "5.60", "total_kill": "126", "win_rate": "0.4754", "xpm": "794" },
    { "avg_assist": "6.41", "avg_bekill": "2.33", "avg_kill": "0.56", "gpm": "401", "kda": "4.16", "name": "EDGM.koko", "openid": "91C65C11C1BA16F63A59C4E571394E18", "played": "61", "rating": "5.60", "total_kill": "34", "win_rate": "0.4262", "xpm": "699" },
    { "avg_assist": "5.93", "avg_bekill": "1.31", "avg_kill": "3.26", "gpm": "632", "kda": "7.32", "name": "RNGM.暴风锐", "openid": "C33F4D32C03321DF09F884E61C01394E", "played": "61", "rating": "5.60", "total_kill": "199", "win_rate": "0.6066", "xpm": "759" },
    { "avg_assist": "4.12", "avg_bekill": "2.93", "avg_kill": "1.48", "gpm": "583", "kda": "2.64", "name": "Jc丶怼怼", "openid": "09059D196CF06A3C755C2E0393E899B6", "played": "60", "rating": "5.60", "total_kill": "89", "win_rate": "0.4000", "xpm": "745" },
    { "avg_assist": "4.68", "avg_bekill": "2.00", "avg_kill": "1.07", "gpm": "559", "kda": "3.92", "name": "VG.Tgod", "openid": "C49BCF9F5A17F680042924470DDA58C6", "played": "60", "rating": "5.60", "total_kill": "64", "win_rate": "0.4167", "xpm": "777" },
    { "avg_assist": "5.64", "avg_bekill": "2.36", "avg_kill": "0.66", "gpm": "401", "kda": "3.80", "name": "VG.趴趴熊", "openid": "B9E6B6FFCA0BBA0CA6E6545799E4C83D", "played": "59", "rating": "5.60", "total_kill": "39", "win_rate": "0.4237", "xpm": "736" },
    { "avg_assist": "4.19", "avg_bekill": "1.46", "avg_kill": "2.51", "gpm": "630", "kda": "5.37", "name": "Jc丶青浪", "openid": "6EF57E102F9A23CC825DDC1ED5D55F3B", "played": "57", "rating": "5.60", "total_kill": "143", "win_rate": "0.4035", "xpm": "764" },
    { "avg_assist": "5.04", "avg_bekill": "1.58", "avg_kill": "2.02", "gpm": "589", "kda": "5.10", "name": "BA黑凤梨.小剑", "openid": "AE1143A24050713B348441573E740EC8", "played": "57", "rating": "5.60", "total_kill": "115", "win_rate": "0.4035", "xpm": "739" },
    { "avg_assist": "4.39", "avg_bekill": "1.77", "avg_kill": "3.02", "gpm": "615", "kda": "4.88", "name": "XQ.九尾", "openid": "5CAC8191AF8F3503F7D7C9B3A3D5D171", "played": "57", "rating": "5.60", "total_kill": "172", "win_rate": "0.3860", "xpm": "677" },
    { "avg_assist": "4.81", "avg_bekill": "2.21", "avg_kill": "1.44", "gpm": "532", "kda": "3.78", "name": "XQ.晨羽", "openid": "90CB31CB3488C2247942B6D1EB24891F", "played": "57", "rating": "5.60", "total_kill": "82", "win_rate": "0.3860", "xpm": "665" },
    { "avg_assist": "4.65", "avg_bekill": "2.09", "avg_kill": "1.26", "gpm": "576", "kda": "3.79", "name": "BA黑凤梨.六点六", "openid": "38A1A5401569451A53BCA340154E5B3B", "played": "57", "rating": "5.60", "total_kill": "72", "win_rate": "0.4035", "xpm": "735" },
    { "avg_assist": "3.96", "avg_bekill": "1.89", "avg_kill": "2.46", "gpm": "651", "kda": "4.09", "name": "XQ.钎城", "openid": "B85FF8B85DEC3E142B8FD38CF06AE36F", "played": "57", "rating": "5.60", "total_kill": "140", "win_rate": "0.3860", "xpm": "681" },
    { "avg_assist": "3.49", "avg_bekill": "2.02", "avg_kill": "2.81", "gpm": "710", "kda": "3.91", "name": "BA黑凤梨.一诺", "openid": "924F7C93F262FC99443B7C27E9A3D6AA", "played": "57", "rating": "5.60", "total_kill": "160", "win_rate": "0.4035", "xpm": "762" },
    { "avg_assist": "4.29", "avg_bekill": "1.96", "avg_kill": "2.89", "gpm": "653", "kda": "4.77", "name": "RW侠.Hmanlou", "openid": "B35B984A6AB21068B8FB77267735F93A", "played": "56", "rating": "5.60", "total_kill": "162", "win_rate": "0.6250", "xpm": "787" },
    { "avg_assist": "5.14", "avg_bekill": "2.14", "avg_kill": "2.88", "gpm": "625", "kda": "4.87", "name": "YTG.晴一", "openid": "98929994F40F4FD99F36F1749214844B", "played": "56", "rating": "5.60", "total_kill": "161", "win_rate": "0.5000", "xpm": "794" },
    { "avg_assist": "5.13", "avg_bekill": "2.33", "avg_kill": "2.24", "gpm": "629", "kda": "4.51", "name": "Hero.久龙", "openid": "5DE81E7A60330EC8E695CF286441E468", "played": "54", "rating": "5.60", "total_kill": "121", "win_rate": "0.6111", "xpm": "773" },
    { "avg_assist": "3.85", "avg_bekill": "1.69", "avg_kill": "2.13", "gpm": "647", "kda": "4.21", "name": "VG.空", "openid": "EF8CCE6EB505E1AC11E743C31364F038", "played": "54", "rating": "5.60", "total_kill": "115", "win_rate": "0.4444", "xpm": "811" },
    { "avg_assist": "2.47", "avg_bekill": "1.74", "avg_kill": "2.28", "gpm": "666", "kda": "3.34", "name": "VG.易瞳", "openid": "11B1E4A5877119E38789702C7BCAECEE", "played": "53", "rating": "5.60", "total_kill": "121", "win_rate": "0.4340", "xpm": "797" },
    { "avg_assist": "4.00", "avg_bekill": "1.17", "avg_kill": "2.47", "gpm": "618", "kda": "5.12", "name": "TOPM.心醉", "openid": "03C692C2132AAF22135204F4A4F5B87F", "played": "53", "rating": "5.60", "total_kill": "131", "win_rate": "0.2830", "xpm": "771" },
    { "avg_assist": "3.49", "avg_bekill": "1.98", "avg_kill": "3.18", "gpm": "651", "kda": "4.02", "name": "BA黑凤梨.139", "openid": "9F5F22A0D3101ED7B3AA6D637D5B4348", "played": "51", "rating": "5.60", "total_kill": "162", "win_rate": "0.4118", "xpm": "754" },
    { "avg_assist": "4.94", "avg_bekill": "1.84", "avg_kill": "2.49", "gpm": "626", "kda": "4.91", "name": "Ts.破碎", "openid": "BEC56680808C6B082705E412637008B1", "played": "49", "rating": "5.60", "total_kill": "122", "win_rate": "0.5510", "xpm": "729" },
    { "avg_assist": "3.92", "avg_bekill": "2.04", "avg_kill": "1.37", "gpm": "564", "kda": "3.36", "name": "TOPM.酒孺", "openid": "7220305557867928F17515C424392336", "played": "49", "rating": "5.60", "total_kill": "67", "win_rate": "0.2449", "xpm": "765" },
    { "avg_assist": "4.21", "avg_bekill": "1.26", "avg_kill": "2.68", "gpm": "621", "kda": "5.58", "name": "VG.笑", "openid": "EBEFAF54423F49235FE48C34A3BD9722", "played": "47", "rating": "5.60", "total_kill": "126", "win_rate": "0.4681", "xpm": "798" },
    { "avg_assist": "4.30", "avg_bekill": "2.23", "avg_kill": "1.72", "gpm": "610", "kda": "3.75", "name": "EDGM.阿澈", "openid": "BDA5D3D8B600DC8ACD800F77FFE41BE0", "played": "47", "rating": "5.60", "total_kill": "81", "win_rate": "0.4468", "xpm": "759" },
    { "avg_assist": "3.52", "avg_bekill": "2.48", "avg_kill": "0.98", "gpm": "574", "kda": "2.59", "name": "EDGM.无痕", "openid": "48042210647B57C4BC3D6867F1934705", "played": "42", "rating": "5.60", "total_kill": "41", "win_rate": "0.4286", "xpm": "750" },
    { "avg_assist": "3.59", "avg_bekill": "1.63", "avg_kill": "1.78", "gpm": "671", "kda": "3.74", "name": "RNGM.雨雨", "openid": "F87C373893FEE91FC263955B00CA3D0B", "played": "41", "rating": "5.60", "total_kill": "73", "win_rate": "0.6341", "xpm": "766" },
    { "avg_assist": "3.41", "avg_bekill": "2.34", "avg_kill": "2.80", "gpm": "635", "kda": "3.94", "name": "Jc丶纵情", "openid": "253E4A1FC4BABC9E6563A23D93070F4C", "played": "41", "rating": "5.60", "total_kill": "115", "win_rate": "0.4634", "xpm": "775" },
    { "avg_assist": "7.46", "avg_bekill": "2.23", "avg_kill": "0.59", "gpm": "405", "kda": "5.50", "name": "JC.南木", "openid": "F71BD305400A18F0C7B2BFE582889D04", "played": "39", "rating": "5.60", "total_kill": "23", "win_rate": "0.5128", "xpm": "712" },
    { "avg_assist": "3.77", "avg_bekill": "2.26", "avg_kill": "2.23", "gpm": "637", "kda": "3.81", "name": "JC丶Evildoer", "openid": "372D6C9C98009EDA40C3965ED57B369E", "played": "39", "rating": "5.60", "total_kill": "87", "win_rate": "0.4615", "xpm": "758" },
    { "avg_assist": "6.65", "avg_bekill": "2.57", "avg_kill": "0.54", "gpm": "409", "kda": "3.85", "name": "XQ.芥蒂", "openid": "2AF9487E40B2C8A5C22DA0D9F8160902", "played": "37", "rating": "5.60", "total_kill": "20", "win_rate": "0.3243", "xpm": "626" },
    { "avg_assist": "5.44", "avg_bekill": "2.59", "avg_kill": "0.53", "gpm": "391", "kda": "3.49", "name": "TOPM.惜言", "openid": "A299DD910EA76FAC72345B9983BFE912", "played": "34", "rating": "5.60", "total_kill": "18", "win_rate": "0.3235", "xpm": "672" },
    { "avg_assist": "3.94", "avg_bekill": "2.12", "avg_kill": "3.09", "gpm": "638", "kda": "4.30", "name": "XQ.1987", "openid": "B856AF18D07A0ABDCA896D7CFFAE20AB", "played": "33", "rating": "5.60", "total_kill": "102", "win_rate": "0.3636", "xpm": "660" },
    { "avg_assist": "2.67", "avg_bekill": "2.07", "avg_kill": "1.30", "gpm": "631", "kda": "2.54", "name": "TOPM.逍遥", "openid": "ED0728CC570F35D891889943C42E3548", "played": "30", "rating": "5.60", "total_kill": "39", "win_rate": "0.3333", "xpm": "793" },
    { "avg_assist": "3.83", "avg_bekill": "1.48", "avg_kill": "1.79", "gpm": "607", "kda": "3.91", "name": "TOPM.江陵", "openid": "A86D19684F08DF651C04716DC326C1B9", "played": "29", "rating": "5.60", "total_kill": "52", "win_rate": "0.2414", "xpm": "790" },
    { "avg_assist": "3.96", "avg_bekill": "2.18", "avg_kill": "3.25", "gpm": "620", "kda": "4.21", "name": "TOPM.道尔", "openid": "8A491271360DEC38D65B61BC5936A664", "played": "28", "rating": "5.60", "total_kill": "91", "win_rate": "0.3929", "xpm": "791" },
    { "avg_assist": "3.62", "avg_bekill": "2.69", "avg_kill": "2.15", "gpm": "667", "kda": "2.89", "name": "RNGM.初心", "openid": "D54C8398557919DC2A1588AE1FE5AB63", "played": "26", "rating": "5.60", "total_kill": "56", "win_rate": "0.5385", "xpm": "805" },
    { "avg_assist": "4.75", "avg_bekill": "3.12", "avg_kill": "0.71", "gpm": "420", "kda": "2.85", "name": "Jc丶老王", "openid": "1C794E7920EBA8B92C81BC5FA9E4C864", "played": "24", "rating": "5.60", "total_kill": "17", "win_rate": "0.2083", "xpm": "694" },
    { "avg_assist": "3.13", "avg_bekill": "2.83", "avg_kill": "2.22", "gpm": "629", "kda": "2.93", "name": "TOPM.Zed", "openid": "716AD9D880907191722DBB595381CDCB", "played": "23", "rating": "5.60", "total_kill": "51", "win_rate": "0.2174", "xpm": "750" },
    { "avg_assist": "4.09", "avg_bekill": "2.00", "avg_kill": "1.52", "gpm": "631", "kda": "3.53", "name": "EDGM.堪阳", "openid": "535BD1907263AF9B9E282ED925E0BDD4", "played": "23", "rating": "5.60", "total_kill": "35", "win_rate": "0.3478", "xpm": "738" },
    { "avg_assist": "2.61", "avg_bekill": "1.96", "avg_kill": "2.91", "gpm": "665", "kda": "3.49", "name": "JC丶易峥", "openid": "E2DA8DAFB90822DA6DA39C6FC40C4172", "played": "23", "rating": "5.60", "total_kill": "67", "win_rate": "0.2609", "xpm": "802" },
    { "avg_assist": "7.20", "avg_bekill": "2.40", "avg_kill": "0.85", "gpm": "444", "kda": "5.05", "name": "BA黑凤梨.Top", "openid": "6365F7AD0112A91FB9C5F8796FD95C3A", "played": "20", "rating": "5.60", "total_kill": "17", "win_rate": "0.4500", "xpm": "686" },
    { "avg_assist": "6.50", "avg_bekill": "5.40", "avg_kill": "0.45", "gpm": "482", "kda": "3.24", "name": "BA黑凤梨.九月", "openid": "55833AAED46B1045AFE756BA8C0B4F07", "played": "20", "rating": "5.60", "total_kill": "9", "win_rate": "0.5000", "xpm": "716" },
    { "avg_assist": "7.25", "avg_bekill": "1.75", "avg_kill": "0.70", "gpm": "447", "kda": "5.31", "name": "XQ丶Ku", "openid": "6690B40363495C6F757FF7B87B2E8631", "played": "20", "rating": "5.60", "total_kill": "14", "win_rate": "0.5000", "xpm": "682" },
    { "avg_assist": "5.26", "avg_bekill": "2.79", "avg_kill": "0.58", "gpm": "390", "kda": "2.98", "name": "TOPM.特特", "openid": "121F371C9EE058CAE7089851F7A45F8F", "played": "19", "rating": "5.60", "total_kill": "11", "win_rate": "0.2105", "xpm": "714" },
    { "avg_assist": "3.21", "avg_bekill": "1.47", "avg_kill": "1.95", "gpm": "661", "kda": "3.54", "name": "TS.诗酒", "openid": "5D73362D8689CDE756564426B11DF410", "played": "19", "rating": "5.60", "total_kill": "37", "win_rate": "0.5263", "xpm": "795" },
    { "avg_assist": "4.75", "avg_bekill": "2.62", "avg_kill": "0.44", "gpm": "384", "kda": "3.21", "name": "BA黑凤梨.洛阳", "openid": "3B5BEC2216BE2997B83ABAB7D5CF7EEE", "played": "16", "rating": "5.60", "total_kill": "7", "win_rate": "0.2500", "xpm": "715" },
    { "avg_assist": "3.53", "avg_bekill": "2.07", "avg_kill": "1.73", "gpm": "676", "kda": "3.09", "name": "XQ丶7Kill", "openid": "7FE605FBDCC926A0693240C7F397E6EA", "played": "15", "rating": "5.60", "total_kill": "26", "win_rate": "0.5333", "xpm": "721" },
    { "avg_assist": "4.07", "avg_bekill": "2.29", "avg_kill": "2.00", "gpm": "611", "kda": "3.65", "name": "VG.JueKing", "openid": "266AEF44E79032783D720F7709D50BEB", "played": "14", "rating": "5.60", "total_kill": "28", "win_rate": "0.2143", "xpm": "765" },
    { "avg_assist": "2.50", "avg_bekill": "2.14", "avg_kill": "1.29", "gpm": "598", "kda": "2.35", "name": "Jc丶倾城", "openid": "C9370DD54FF93F6FC7FFB078FDC7CD17", "played": "14", "rating": "5.60", "total_kill": "18", "win_rate": "0.2857", "xpm": "785" },
    { "avg_assist": "4.92", "avg_bekill": "2.77", "avg_kill": "1.85", "gpm": "607", "kda": "2.98", "name": "eStarPro.小怪兽", "openid": "07B4EDF3EDFFE6EAA8EE349D3BADB4CF", "played": "13", "rating": "5.60", "total_kill": "24", "win_rate": "0.5385", "xpm": "720" },
    { "avg_assist": "3.08", "avg_bekill": "2.15", "avg_kill": "0.38", "gpm": "397", "kda": "2.22", "name": "QGhappy.Snow", "openid": "9C0EBC8C5FDAB2B947FE66D477F1F683", "played": "13", "rating": "5.60", "total_kill": "5", "win_rate": "0.1538", "xpm": "614" },
    { "avg_assist": "3.45", "avg_bekill": "2.73", "avg_kill": "1.36", "gpm": "594", "kda": "2.38", "name": "Hero.七年", "openid": "B55D06F690915809C40AF962152BE477", "played": "11", "rating": "5.60", "total_kill": "15", "win_rate": "0.3636", "xpm": "645" },
    { "avg_assist": "5.30", "avg_bekill": "3.20", "avg_kill": "2.60", "gpm": "638", "kda": "4.48", "name": "EDGM.轩泽", "openid": "D7DB5C8BF6162962050BC9E35CD000FA", "played": "10", "rating": "5.60", "total_kill": "26", "win_rate": "0.5000", "xpm": "677" },
    { "avg_assist": "5.56", "avg_bekill": "1.00", "avg_kill": "2.00", "gpm": "648", "kda": "6.72", "name": "RNGM.星宇", "openid": "8B242820C3F35C0DEFB9F257D4020BC4", "played": "9", "rating": "5.60", "total_kill": "18", "win_rate": "0.6667", "xpm": "856" },
    { "avg_assist": "2.11", "avg_bekill": "2.00", "avg_kill": "0.56", "gpm": "481", "kda": "1.23", "name": "QGhappy.Song", "openid": "72AC547EDBDD6A0E0D6FE07DBB816D59", "played": "9", "rating": "5.60", "total_kill": "5", "win_rate": "0.1111", "xpm": "593" },
    { "avg_assist": "3.00", "avg_bekill": "1.67", "avg_kill": "2.00", "gpm": "677", "kda": "3.87", "name": "VG.OvO", "openid": "978A761694D113E6353AC26C2B4CA160", "played": "9", "rating": "5.60", "total_kill": "18", "win_rate": "0.2222", "xpm": "821" },
    { "avg_assist": "3.00", "avg_bekill": "3.56", "avg_kill": "1.67", "gpm": "612", "kda": "1.45", "name": "XQ丶Orange", "openid": "0821DA9D795FCD36B7EDA6E78EAAC2B0", "played": "9", "rating": "5.60", "total_kill": "15", "win_rate": "0.2222", "xpm": "720" },
    { "avg_assist": "4.88", "avg_bekill": "2.50", "avg_kill": "3.00", "gpm": "619", "kda": "4.94", "name": "RW侠.Huayun", "openid": "E20DC214C3065406F4162B17E37030F4", "played": "8", "rating": "5.60", "total_kill": "24", "win_rate": "0.6250", "xpm": "778" },
    { "avg_assist": "3.29", "avg_bekill": "2.14", "avg_kill": "2.43", "gpm": "656", "kda": "3.14", "name": "VG.冷瞳", "openid": "BA07B9138BB9894D2ADB1C2CD6B065C5", "played": "7", "rating": "5.60", "total_kill": "17", "win_rate": "0.1429", "xpm": "810" },
    { "avg_assist": "3.57", "avg_bekill": "2.00", "avg_kill": "1.43", "gpm": "578", "kda": "3.26", "name": "YTG丶茶", "openid": "54079F360AAF7A740D4B8E3C87689841", "played": "7", "rating": "5.60", "total_kill": "10", "win_rate": "0.1429", "xpm": "772" },
    { "avg_assist": "2.00", "avg_bekill": "1.57", "avg_kill": "1.86", "gpm": "584", "kda": "2.50", "name": "QGhappy.Best", "openid": "3DB7CBEEB6F80096A052005A0F1762F2", "played": "7", "rating": "5.60", "total_kill": "13", "win_rate": "0.2857", "xpm": "876" },
    { "avg_assist": "6.50", "avg_bekill": "1.83", "avg_kill": "0.83", "gpm": "406", "kda": "5.91", "name": "eStarPro.Mc", "openid": "09532532EF6D94EC800C92CE68540CC5", "played": "6", "rating": "5.60", "total_kill": "5", "win_rate": "0.5000", "xpm": "759" },
    { "avg_assist": "2.67", "avg_bekill": "2.33", "avg_kill": "2.50", "gpm": "627", "kda": "2.50", "name": "BA黑凤梨.M", "openid": "F2FA495E4C353EFFBABAE92BA4B5F360", "played": "6", "rating": "5.60", "total_kill": "15", "win_rate": "0.3333", "xpm": "898" },
    { "avg_assist": "2.00", "avg_bekill": "3.00", "avg_kill": "2.00", "gpm": "616", "kda": "1.58", "name": "RW侠.Wuchen", "openid": "DC6F288387907EEFC37653693AC6C56B", "played": "3", "rating": "5.60", "total_kill": "6", "win_rate": "0.0000", "xpm": "623" },
    { "avg_assist": "1.00", "avg_bekill": "1.33", "avg_kill": "2.00", "gpm": "675", "kda": "3.00", "name": "QGhappy.Hico", "openid": "1C77895A57EEE438D8E366DD45E79F62", "played": "3", "rating": "5.60", "total_kill": "6", "win_rate": "0.3333", "xpm": "983" },
    { "avg_assist": "3.67", "avg_bekill": "1.00", "avg_kill": "1.67", "gpm": "563", "kda": "4.50", "name": "RNGM.白羽", "openid": "A049E8AD4D0DADA9666712ECAD02197A", "played": "3", "rating": "5.60", "total_kill": "5", "win_rate": "1.0000", "xpm": "817" },
    { "avg_assist": "3.67", "avg_bekill": "3.33", "avg_kill": "1.00", "gpm": "364", "kda": "1.77", "name": "RW侠.De", "openid": "51C3A4979ADDE9E23CE73E176DE64319", "played": "3", "rating": "5.60", "total_kill": "3", "win_rate": "0.0000", "xpm": "675" },
    { "avg_assist": "4.33", "avg_bekill": "2.67", "avg_kill": "1.33", "gpm": "534", "kda": "4.60", "name": "JC.深海", "openid": "4DBB3B39E509B45F972B2DDF9DCDC306", "played": "3", "rating": "5.60", "total_kill": "4", "win_rate": "0.3333", "xpm": "723" },
    { "avg_assist": "10.00", "avg_bekill": "3.00", "avg_kill": "3.33", "gpm": "654", "kda": "7.08", "name": "RNGM.阿斗", "openid": "7503ED3251B5BC34300A633DA95F7070", "played": "3", "rating": "5.60", "total_kill": "10", "win_rate": "1.0000", "xpm": "584" },
    { "avg_assist": "3.00", "avg_bekill": "5.00", "avg_kill": "1.50", "gpm": "374", "kda": "0.92", "name": "VG.逸", "openid": "D8A37B566B65664A129D64E50557029E", "played": "2", "rating": "5.60", "total_kill": "3", "win_rate": "0.0000", "xpm": "515" },
    { "avg_assist": "0.00", "avg_bekill": "2.50", "avg_kill": "1.00", "gpm": "593", "kda": "0.42", "name": "GK.未央", "openid": "FF015A729A354D88C932FB379A94F347", "played": "2", "rating": "5.60", "total_kill": "2", "win_rate": "0.0000", "xpm": "720" },
    { "avg_assist": "1.00", "avg_bekill": "3.00", "avg_kill": "0.00", "gpm": "354", "kda": "0.33", "name": "BA黑凤梨.初冬", "openid": "52DF02A577817ED601EF3229118935FA", "played": "1", "rating": "5.60", "total_kill": "0", "win_rate": "0.0000", "xpm": "573" },
    { "avg_assist": "0.00", "avg_bekill": "2.00", "avg_kill": "4.00", "gpm": "599", "kda": "2.00", "name": "Hero.暮色", "openid": "3B71649AB0EDA28C7B72C8FB31D37EBF", "played": "1", "rating": "5.60", "total_kill": "4", "win_rate": "0.0000", "xpm": "917" },
    { "avg_assist": "3.00", "avg_bekill": "3.00", "avg_kill": "0.00", "gpm": "617", "kda": "1.00", "name": "YTG.一天 ", "openid": "2B22DF37705868ED5752EFE472790D8C", "played": "1", "rating": "5.60", "total_kill": "0", "win_rate": "0.0000", "xpm": "862" },
    { "avg_assist": "4.00", "avg_bekill": "3.00", "avg_kill": "4.00", "gpm": "549", "kda": "2.67", "name": "YTG丶路西法", "openid": "B0CDF2F5F1199932608F6B65DC23DE54", "played": "1", "rating": "5.60", "total_kill": "4", "win_rate": "0.0000", "xpm": "537" }
]